clip_name,video_name,operation_type,true_state,baseline_prediction,enhanced_prediction,baseline_correct,enhanced_correct,comparison_category
v10_s0001_c001_idle_setup_000042000_000043500.mp4,v10.mp4,COLLAR,IDLE_SETUP,IDLE_SETUP,IDLE_SETUP,True,True,BOTH_CORRECT
v10_s0001_c002_idle_setup_000043500_000045000.mp4,v10.mp4,COLLAR,IDLE_SETUP,IDLE_SETUP,IDLE_SETUP,True,True,BOTH_CORRECT
v10_s0001_c003_idle_setup_000045000_000046500.mp4,v10.mp4,COLLAR,IDLE_SETUP,IDLE_SETUP,IDLE_SETUP,True,True,BOTH_CORRECT
v10_s0001_c004_idle_setup_000046500_000048000.mp4,v10.mp4,COLLAR,IDLE_SETUP,IDLE_SETUP,IDLE_SETUP,True,True,BOTH_CORRECT
v10_s0001_c005_idle_setup_000048000_000049500.mp4,v10.mp4,COLLAR,IDLE_SETUP,IDLE_SETUP,IDLE_SETUP,True,True,BOTH_CORRECT
v10_s0001_c006_idle_setup_000049500_000051000.mp4,v10.mp4,COLLAR,IDLE_SETUP,IDLE_SETUP,IDLE_SETUP,True,True,BOTH_CORRECT
v10_s0001_c007_idle_setup_000051000_000052500.mp4,v10.mp4,COLLAR,IDLE_SETUP,IDLE_SETUP,IDLE_SETUP,True,True,BOTH_CORRECT
v10_s0001_c008_idle_setup_000052500_000054000.mp4,v10.mp4,COLLAR,IDLE_SETUP,IDLE_SETUP,IDLE_SETUP,True,True,BOTH_CORRECT
v10_s0001_c009_idle_setup_000054000_000055500.mp4,v10.mp4,COLLAR,IDLE_SETUP,IDLE_SETUP,IDLE_SETUP,True,True,BOTH_CORRECT
v10_s0002_c001_sewing_000056000_000057500.mp4,v10.mp4,COLLAR,SEWING,SEWING,SEWING,True,True,BOTH_CORRECT
v10_s0002_c002_sewing_000057500_000059000.mp4,v10.mp4,COLLAR,SEWING,SEWING,SEWING,True,True,BOTH_CORRECT
v10_s0002_c003_sewing_000059000_000060500.mp4,v10.mp4,COLLAR,SEWING,SEWING,SEWING,True,True,BOTH_CORRECT
v10_s0002_c004_sewing_000060500_000062000.mp4,v10.mp4,COLLAR,SEWING,SEWING,SEWING,True,True,BOTH_CORRECT
v10_s0002_c005_sewing_000062000_000063500.mp4,v10.mp4,COLLAR,SEWING,SEWING,SEWING,True,True,BOTH_CORRECT
v10_s0002_c006_sewing_000063500_000065000.mp4,v10.mp4,COLLAR,SEWING,SEWING,SEWING,True,True,BOTH_CORRECT
v10_s0002_c007_sewing_000065000_000066500.mp4,v10.mp4,COLLAR,SEWING,SEWING,SEWING,True,True,BOTH_CORRECT
v10_s0002_c008_sewing_000066500_000068000.mp4,v10.mp4,COLLAR,SEWING,SEWING,SEWING,True,True,BOTH_CORRECT
v10_s0002_c009_sewing_000068000_000069500.mp4,v10.mp4,COLLAR,SEWING,SEWING,SEWING,True,True,BOTH_CORRECT
v10_s0002_c010_sewing_000069500_000071000.mp4,v10.mp4,COLLAR,SEWING,SEWING,SEWING,True,True,BOTH_CORRECT
v10_s0002_c011_sewing_000071000_000072500.mp4,v10.mp4,COLLAR,SEWING,SEWING,SEWING,True,True,BOTH_CORRECT
v10_s0002_c012_sewing_000072500_000074000.mp4,v10.mp4,COLLAR,SEWING,SEWING,SEWING,True,True,BOTH_CORRECT
v10_s0002_c013_sewing_000074000_000075500.mp4,v10.mp4,COLLAR,SEWING,SEWING,SEWING,True,True,BOTH_CORRECT
v10_s0002_c014_sewing_000075500_000077000.mp4,v10.mp4,COLLAR,SEWING,SEWING,SEWING,True,True,BOTH_CORRECT
v10_s0002_c015_sewing_000077000_000078500.mp4,v10.mp4,COLLAR,SEWING,SEWING,SEWING,True,True,BOTH_CORRECT
v10_s0003_c001_idle_setup_000079500_000081000.mp4,v10.mp4,COLLAR,IDLE_SETUP,IDLE_SETUP,IDLE_SETUP,True,True,BOTH_CORRECT
v10_s0003_c002_idle_setup_000081000_000082500.mp4,v10.mp4,COLLAR,IDLE_SETUP,IDLE_SETUP,IDLE_SETUP,True,True,BOTH_CORRECT
v10_s0003_c003_idle_setup_000082500_000084000.mp4,v10.mp4,COLLAR,IDLE_SETUP,IDLE_SETUP,IDLE_SETUP,True,True,BOTH_CORRECT
v10_s0003_c004_idle_setup_000084000_000085500.mp4,v10.mp4,COLLAR,IDLE_SETUP,IDLE_SETUP,IDLE_SETUP,True,True,BOTH_CORRECT
v10_s0003_c005_idle_setup_000085500_000087000.mp4,v10.mp4,COLLAR,IDLE_SETUP,IDLE_SETUP,IDLE_SETUP,True,True,BOTH_CORRECT
v10_s0003_c006_idle_setup_000087000_000088500.mp4,v10.mp4,COLLAR,IDLE_SETUP,IDLE_SETUP,IDLE_SETUP,True,True,BOTH_CORRECT
v10_s0004_c001_sewing_000089000_000090500.mp4,v10.mp4,COLLAR,SEWING,SEWING,SEWING,True,True,BOTH_CORRECT
v10_s0004_c002_sewing_000090500_000092000.mp4,v10.mp4,COLLAR,SEWING,SEWING,SEWING,True,True,BOTH_CORRECT
v10_s0004_c003_sewing_000092000_000093500.mp4,v10.mp4,COLLAR,SEWING,SEWING,SEWING,True,True,BOTH_CORRECT
v10_s0004_c004_sewing_000093500_000095000.mp4,v10.mp4,COLLAR,SEWING,SEWING,SEWING,True,True,BOTH_CORRECT
v10_s0004_c005_sewing_000095000_000096500.mp4,v10.mp4,COLLAR,SEWING,SEWING,SEWING,True,True,BOTH_CORRECT
v10_s0004_c006_sewing_000096500_000098000.mp4,v10.mp4,COLLAR,SEWING,SEWING,SEWING,True,True,BOTH_CORRECT
v10_s0004_c007_sewing_000098000_000099500.mp4,v10.mp4,COLLAR,SEWING,SEWING,SEWING,True,True,BOTH_CORRECT
v10_s0004_c008_sewing_000099500_000101000.mp4,v10.mp4,COLLAR,SEWING,SEWING,SEWING,True,True,BOTH_CORRECT
v10_s0004_c009_sewing_000101000_000102500.mp4,v10.mp4,COLLAR,SEWING,SEWING,SEWING,True,True,BOTH_CORRECT
v10_s0004_c010_sewing_000102500_000104000.mp4,v10.mp4,COLLAR,SEWING,SEWING,SEWING,True,True,BOTH_CORRECT
v10_s0004_c011_sewing_000104000_000105500.mp4,v10.mp4,COLLAR,SEWING,SEWING,SEWING,True,True,BOTH_CORRECT
v10_s0004_c012_sewing_000105500_000107000.mp4,v10.mp4,COLLAR,SEWING,SEWING,SEWING,True,True,BOTH_CORRECT
v10_s0004_c013_sewing_000107000_000108500.mp4,v10.mp4,COLLAR,SEWING,SEWING,SEWING,True,True,BOTH_CORRECT
v10_s0004_c014_sewing_000108500_000110000.mp4,v10.mp4,COLLAR,SEWING,SEWING,SEWING,True,True,BOTH_CORRECT
v10_s0004_c015_sewing_000110000_000111500.mp4,v10.mp4,COLLAR,SEWING,SEWING,SEWING,True,True,BOTH_CORRECT
v10_s0005_c001_idle_setup_000111500_000113000.mp4,v10.mp4,COLLAR,IDLE_SETUP,IDLE_SETUP,IDLE_SETUP,True,True,BOTH_CORRECT
v10_s0005_c002_idle_setup_000113000_000114500.mp4,v10.mp4,COLLAR,IDLE_SETUP,IDLE_SETUP,IDLE_SETUP,True,True,BOTH_CORRECT
v10_s0005_c003_idle_setup_000114500_000116000.mp4,v10.mp4,COLLAR,IDLE_SETUP,IDLE_SETUP,IDLE_SETUP,True,True,BOTH_CORRECT
v10_s0005_c004_idle_setup_000116000_000117500.mp4,v10.mp4,COLLAR,IDLE_SETUP,IDLE_SETUP,IDLE_SETUP,True,True,BOTH_CORRECT
v10_s0005_c005_idle_setup_000117500_000119000.mp4,v10.mp4,COLLAR,IDLE_SETUP,IDLE_SETUP,IDLE_SETUP,True,True,BOTH_CORRECT
v10_s0005_c006_idle_setup_000119000_000120500.mp4,v10.mp4,COLLAR,IDLE_SETUP,IDLE_SETUP,IDLE_SETUP,True,True,BOTH_CORRECT
v10_s0005_c007_idle_setup_000120500_000122000.mp4,v10.mp4,COLLAR,IDLE_SETUP,IDLE_SETUP,IDLE_SETUP,True,True,BOTH_CORRECT
v10_s0005_c008_idle_setup_000122000_000123500.mp4,v10.mp4,COLLAR,IDLE_SETUP,IDLE_SETUP,IDLE_SETUP,True,True,BOTH_CORRECT
v10_s0006_c001_sewing_000124000_000125500.mp4,v10.mp4,COLLAR,SEWING,SEWING,SEWING,True,True,BOTH_CORRECT
v10_s0006_c002_sewing_000125500_000127000.mp4,v10.mp4,COLLAR,SEWING,SEWING,SEWING,True,True,BOTH_CORRECT
v10_s0006_c003_sewing_000127000_000128500.mp4,v10.mp4,COLLAR,SEWING,SEWING,SEWING,True,True,BOTH_CORRECT
v10_s0006_c004_sewing_000128500_000130000.mp4,v10.mp4,COLLAR,SEWING,SEWING,SEWING,True,True,BOTH_CORRECT
v10_s0006_c005_sewing_000130000_000131500.mp4,v10.mp4,COLLAR,SEWING,SEWING,SEWING,True,True,BOTH_CORRECT
v10_s0006_c006_sewing_000131500_000133000.mp4,v10.mp4,COLLAR,SEWING,SEWING,SEWING,True,True,BOTH_CORRECT
v10_s0006_c007_sewing_000133000_000134500.mp4,v10.mp4,COLLAR,SEWING,SEWING,SEWING,True,True,BOTH_CORRECT
v10_s0006_c008_sewing_000134500_000136000.mp4,v10.mp4,COLLAR,SEWING,SEWING,SEWING,True,True,BOTH_CORRECT
v10_s0006_c009_sewing_000136000_000137500.mp4,v10.mp4,COLLAR,SEWING,SEWING,SEWING,True,True,BOTH_CORRECT
v10_s0006_c010_sewing_000137500_000139000.mp4,v10.mp4,COLLAR,SEWING,SEWING,SEWING,True,True,BOTH_CORRECT
v10_s0006_c011_sewing_000139000_000140500.mp4,v10.mp4,COLLAR,SEWING,SEWING,SEWING,True,True,BOTH_CORRECT
v10_s0006_c012_sewing_000140500_000142000.mp4,v10.mp4,COLLAR,SEWING,SEWING,SEWING,True,True,BOTH_CORRECT
v10_s0006_c013_sewing_000142000_000143500.mp4,v10.mp4,COLLAR,SEWING,SEWING,SEWING,True,True,BOTH_CORRECT
v10_s0006_c014_sewing_000143500_000145000.mp4,v10.mp4,COLLAR,SEWING,SEWING,IDLE_SETUP,True,False,BASELINE_ONLY_CORRECT
v10_s0007_c001_idle_setup_000145000_000146500.mp4,v10.mp4,COLLAR,IDLE_SETUP,IDLE_SETUP,IDLE_SETUP,True,True,BOTH_CORRECT
v10_s0007_c002_idle_setup_000146500_000148000.mp4,v10.mp4,COLLAR,IDLE_SETUP,IDLE_SETUP,IDLE_SETUP,True,True,BOTH_CORRECT
v10_s0007_c003_idle_setup_000148000_000149500.mp4,v10.mp4,COLLAR,IDLE_SETUP,IDLE_SETUP,IDLE_SETUP,True,True,BOTH_CORRECT
v10_s0007_c004_idle_setup_000149500_000151000.mp4,v10.mp4,COLLAR,IDLE_SETUP,IDLE_SETUP,IDLE_SETUP,True,True,BOTH_CORRECT
v10_s0007_c005_idle_setup_000151000_000152500.mp4,v10.mp4,COLLAR,IDLE_SETUP,IDLE_SETUP,IDLE_SETUP,True,True,BOTH_CORRECT
v10_s0007_c006_idle_setup_000152500_000154000.mp4,v10.mp4,COLLAR,IDLE_SETUP,IDLE_SETUP,IDLE_SETUP,True,True,BOTH_CORRECT
v10_s0007_c007_idle_setup_000154000_000155500.mp4,v10.mp4,COLLAR,IDLE_SETUP,IDLE_SETUP,IDLE_SETUP,True,True,BOTH_CORRECT
v10_s0008_c001_sewing_000156000_000157500.mp4,v10.mp4,COLLAR,SEWING,SEWING,SEWING,True,True,BOTH_CORRECT
v10_s0008_c002_sewing_000157500_000159000.mp4,v10.mp4,COLLAR,SEWING,SEWING,SEWING,True,True,BOTH_CORRECT
v10_s0008_c003_sewing_000159000_000160500.mp4,v10.mp4,COLLAR,SEWING,SEWING,SEWING,True,True,BOTH_CORRECT
v10_s0008_c004_sewing_000160500_000162000.mp4,v10.mp4,COLLAR,SEWING,SEWING,SEWING,True,True,BOTH_CORRECT
v10_s0008_c005_sewing_000162000_000163500.mp4,v10.mp4,COLLAR,SEWING,SEWING,SEWING,True,True,BOTH_CORRECT
v10_s0008_c006_sewing_000163500_000165000.mp4,v10.mp4,COLLAR,SEWING,SEWING,SEWING,True,True,BOTH_CORRECT
v10_s0008_c007_sewing_000165000_000166500.mp4,v10.mp4,COLLAR,SEWING,SEWING,SEWING,True,True,BOTH_CORRECT
v10_s0008_c008_sewing_000166500_000168000.mp4,v10.mp4,COLLAR,SEWING,SEWING,SEWING,True,True,BOTH_CORRECT
v10_s0008_c009_sewing_000168000_000169500.mp4,v10.mp4,COLLAR,SEWING,SEWING,SEWING,True,True,BOTH_CORRECT
v10_s0008_c010_sewing_000169500_000171000.mp4,v10.mp4,COLLAR,SEWING,SEWING,SEWING,True,True,BOTH_CORRECT
v10_s0008_c011_sewing_000171000_000172500.mp4,v10.mp4,COLLAR,SEWING,SEWING,SEWING,True,True,BOTH_CORRECT
v10_s0008_c012_sewing_000172500_000174000.mp4,v10.mp4,COLLAR,SEWING,SEWING,SEWING,True,True,BOTH_CORRECT
v10_s0008_c013_sewing_000174000_000175500.mp4,v10.mp4,COLLAR,SEWING,SEWING,SEWING,True,True,BOTH_CORRECT
v10_s0008_c014_sewing_000175500_000177000.mp4,v10.mp4,COLLAR,SEWING,SEWING,SEWING,True,True,BOTH_CORRECT
v10_s0009_c001_idle_setup_000178000_000179500.mp4,v10.mp4,COLLAR,IDLE_SETUP,IDLE_SETUP,IDLE_SETUP,True,True,BOTH_CORRECT
v10_s0009_c002_idle_setup_000179500_000181000.mp4,v10.mp4,COLLAR,IDLE_SETUP,IDLE_SETUP,IDLE_SETUP,True,True,BOTH_CORRECT
v10_s0009_c003_idle_setup_000181000_000182500.mp4,v10.mp4,COLLAR,IDLE_SETUP,IDLE_SETUP,IDLE_SETUP,True,True,BOTH_CORRECT
v10_s0009_c004_idle_setup_000182500_000184000.mp4,v10.mp4,COLLAR,IDLE_SETUP,IDLE_SETUP,IDLE_SETUP,True,True,BOTH_CORRECT
v10_s0009_c005_idle_setup_000184000_000185500.mp4,v10.mp4,COLLAR,IDLE_SETUP,IDLE_SETUP,IDLE_SETUP,True,True,BOTH_CORRECT
v10_s0009_c006_idle_setup_000185500_000187000.mp4,v10.mp4,COLLAR,IDLE_SETUP,IDLE_SETUP,IDLE_SETUP,True,True,BOTH_CORRECT
v10_s0010_c001_sewing_000188000_000189500.mp4,v10.mp4,COLLAR,SEWING,SEWING,SEWING,True,True,BOTH_CORRECT
v10_s0010_c002_sewing_000189500_000191000.mp4,v10.mp4,COLLAR,SEWING,SEWING,SEWING,True,True,BOTH_CORRECT
v10_s0010_c003_sewing_000191000_000192500.mp4,v10.mp4,COLLAR,SEWING,SEWING,SEWING,True,True,BOTH_CORRECT
v10_s0010_c004_sewing_000192500_000194000.mp4,v10.mp4,COLLAR,SEWING,SEWING,SEWING,True,True,BOTH_CORRECT
v10_s0010_c005_sewing_000194000_000195500.mp4,v10.mp4,COLLAR,SEWING,SEWING,SEWING,True,True,BOTH_CORRECT
v10_s0010_c006_sewing_000195500_000197000.mp4,v10.mp4,COLLAR,SEWING,SEWING,SEWING,True,True,BOTH_CORRECT
v10_s0010_c007_sewing_000197000_000198500.mp4,v10.mp4,COLLAR,SEWING,SEWING,SEWING,True,True,BOTH_CORRECT
v10_s0010_c008_sewing_000198500_000200000.mp4,v10.mp4,COLLAR,SEWING,SEWING,SEWING,True,True,BOTH_CORRECT
v10_s0010_c009_sewing_000200000_000201500.mp4,v10.mp4,COLLAR,SEWING,SEWING,SEWING,True,True,BOTH_CORRECT
v10_s0010_c010_sewing_000201500_000203000.mp4,v10.mp4,COLLAR,SEWING,SEWING,SEWING,True,True,BOTH_CORRECT
v10_s0010_c011_sewing_000203000_000204500.mp4,v10.mp4,COLLAR,SEWING,SEWING,SEWING,True,True,BOTH_CORRECT
v10_s0010_c012_sewing_000204500_000206000.mp4,v10.mp4,COLLAR,SEWING,SEWING,SEWING,True,True,BOTH_CORRECT
v10_s0010_c013_sewing_000206000_000207500.mp4,v10.mp4,COLLAR,SEWING,SEWING,SEWING,True,True,BOTH_CORRECT
v12_s0001_c001_idle_setup_000002669_000004169.mp4,v12.mp4,SLEEVE,IDLE_SETUP,IDLE_SETUP,IDLE_SETUP,True,True,BOTH_CORRECT
v12_s0001_c002_idle_setup_000004169_000005669.mp4,v12.mp4,SLEEVE,IDLE_SETUP,IDLE_SETUP,IDLE_SETUP,True,True,BOTH_CORRECT
v12_s0001_c003_idle_setup_000005669_000007169.mp4,v12.mp4,SLEEVE,IDLE_SETUP,IDLE_SETUP,IDLE_SETUP,True,True,BOTH_CORRECT
v12_s0002_c001_sewing_000007305_000008805.mp4,v12.mp4,SLEEVE,SEWING,SEWING,SEWING,True,True,BOTH_CORRECT
v12_s0002_c002_sewing_000008805_000010305.mp4,v12.mp4,SLEEVE,SEWING,SEWING,SEWING,True,True,BOTH_CORRECT
v12_s0002_c003_sewing_000010305_000011805.mp4,v12.mp4,SLEEVE,SEWING,SEWING,SEWING,True,True,BOTH_CORRECT
v12_s0002_c004_sewing_000011805_000013305.mp4,v12.mp4,SLEEVE,SEWING,SEWING,SEWING,True,True,BOTH_CORRECT
v12_s0002_c005_sewing_000013305_000014805.mp4,v12.mp4,SLEEVE,SEWING,SEWING,SEWING,True,True,BOTH_CORRECT
v12_s0002_c006_sewing_000014805_000016305.mp4,v12.mp4,SLEEVE,SEWING,SEWING,SEWING,True,True,BOTH_CORRECT
v12_s0002_c007_sewing_000016305_000017805.mp4,v12.mp4,SLEEVE,SEWING,IDLE_SETUP,IDLE_SETUP,False,False,BOTH_WRONG
v12_s0003_c001_idle_setup_000018013_000019513.mp4,v12.mp4,SLEEVE,IDLE_SETUP,IDLE_SETUP,IDLE_SETUP,True,True,BOTH_CORRECT
v12_s0003_c002_idle_setup_000019513_000021013.mp4,v12.mp4,SLEEVE,IDLE_SETUP,IDLE_SETUP,IDLE_SETUP,True,True,BOTH_CORRECT
v12_s0003_c003_idle_setup_000021013_000022513.mp4,v12.mp4,SLEEVE,IDLE_SETUP,IDLE_SETUP,IDLE_SETUP,True,True,BOTH_CORRECT
v12_s0004_c001_sewing_000022516_000024016.mp4,v12.mp4,SLEEVE,SEWING,SEWING,SEWING,True,True,BOTH_CORRECT
v12_s0004_c002_sewing_000024016_000025516.mp4,v12.mp4,SLEEVE,SEWING,SEWING,SEWING,True,True,BOTH_CORRECT
v12_s0004_c003_sewing_000025516_000027016.mp4,v12.mp4,SLEEVE,SEWING,SEWING,SEWING,True,True,BOTH_CORRECT
v12_s0004_c004_sewing_000027016_000028516.mp4,v12.mp4,SLEEVE,SEWING,SEWING,SEWING,True,True,BOTH_CORRECT
v12_s0004_c005_sewing_000028516_000030016.mp4,v12.mp4,SLEEVE,SEWING,SEWING,SEWING,True,True,BOTH_CORRECT
v12_s0004_c006_sewing_000030016_000031516.mp4,v12.mp4,SLEEVE,SEWING,SEWING,SEWING,True,True,BOTH_CORRECT
v12_s0004_c007_sewing_000031516_000033016.mp4,v12.mp4,SLEEVE,SEWING,SEWING,SEWING,True,True,BOTH_CORRECT
v12_s0005_c001_idle_setup_000033424_000034924.mp4,v12.mp4,SLEEVE,IDLE_SETUP,IDLE_SETUP,IDLE_SETUP,True,True,BOTH_CORRECT
v12_s0005_c002_idle_setup_000034924_000036424.mp4,v12.mp4,SLEEVE,IDLE_SETUP,IDLE_SETUP,IDLE_SETUP,True,True,BOTH_CORRECT
v12_s0005_c003_idle_setup_000036424_000037924.mp4,v12.mp4,SLEEVE,IDLE_SETUP,IDLE_SETUP,IDLE_SETUP,True,True,BOTH_CORRECT
v12_s0006_c001_sewing_000038261_000039761.mp4,v12.mp4,SLEEVE,SEWING,SEWING,SEWING,True,True,BOTH_CORRECT
v12_s0006_c002_sewing_000039761_000041261.mp4,v12.mp4,SLEEVE,SEWING,SEWING,SEWING,True,True,BOTH_CORRECT
v12_s0006_c003_sewing_000041261_000042761.mp4,v12.mp4,SLEEVE,SEWING,SEWING,SEWING,True,True,BOTH_CORRECT
v12_s0006_c004_sewing_000042761_000044261.mp4,v12.mp4,SLEEVE,SEWING,SEWING,SEWING,True,True,BOTH_CORRECT
v12_s0006_c005_sewing_000044261_000045761.mp4,v12.mp4,SLEEVE,SEWING,SEWING,SEWING,True,True,BOTH_CORRECT
v12_s0006_c006_sewing_000045761_000047261.mp4,v12.mp4,SLEEVE,SEWING,SEWING,SEWING,True,True,BOTH_CORRECT
v12_s0006_c007_sewing_000047261_000048761.mp4,v12.mp4,SLEEVE,SEWING,SEWING,SEWING,True,True,BOTH_CORRECT
v12_s0007_c001_idle_setup_000048836_000050336.mp4,v12.mp4,SLEEVE,IDLE_SETUP,IDLE_SETUP,IDLE_SETUP,True,True,BOTH_CORRECT
v12_s0007_c002_idle_setup_000050336_000051836.mp4,v12.mp4,SLEEVE,IDLE_SETUP,IDLE_SETUP,IDLE_SETUP,True,True,BOTH_CORRECT
v12_s0007_c003_idle_setup_000051836_000053336.mp4,v12.mp4,SLEEVE,IDLE_SETUP,IDLE_SETUP,IDLE_SETUP,True,True,BOTH_CORRECT
v12_s0008_c001_sewing_000053672_000055172.mp4,v12.mp4,SLEEVE,SEWING,SEWING,SEWING,True,True,BOTH_CORRECT
v12_s0008_c002_sewing_000055172_000056672.mp4,v12.mp4,SLEEVE,SEWING,SEWING,SEWING,True,True,BOTH_CORRECT
v12_s0008_c003_sewing_000056672_000058172.mp4,v12.mp4,SLEEVE,SEWING,SEWING,SEWING,True,True,BOTH_CORRECT
v12_s0008_c004_sewing_000058172_000059672.mp4,v12.mp4,SLEEVE,SEWING,SEWING,SEWING,True,True,BOTH_CORRECT
v12_s0008_c005_sewing_000059672_000061172.mp4,v12.mp4,SLEEVE,SEWING,SEWING,SEWING,True,True,BOTH_CORRECT
v12_s0008_c006_sewing_000061172_000062672.mp4,v12.mp4,SLEEVE,SEWING,SEWING,SEWING,True,True,BOTH_CORRECT
v12_s0008_c007_sewing_000062672_000064172.mp4,v12.mp4,SLEEVE,SEWING,SEWING,SEWING,True,True,BOTH_CORRECT
v12_s0009_c001_idle_setup_000065214_000066714.mp4,v12.mp4,SLEEVE,IDLE_SETUP,IDLE_SETUP,IDLE_SETUP,True,True,BOTH_CORRECT
v12_s0009_c002_idle_setup_000066714_000068214.mp4,v12.mp4,SLEEVE,IDLE_SETUP,IDLE_SETUP,IDLE_SETUP,True,True,BOTH_CORRECT
v12_s0009_c003_idle_setup_000068214_000069714.mp4,v12.mp4,SLEEVE,IDLE_SETUP,IDLE_SETUP,IDLE_SETUP,True,True,BOTH_CORRECT
v12_s0010_c001_sewing_000069784_000071284.mp4,v12.mp4,SLEEVE,SEWING,SEWING,SEWING,True,True,BOTH_CORRECT
v12_s0010_c002_sewing_000071284_000072784.mp4,v12.mp4,SLEEVE,SEWING,SEWING,SEWING,True,True,BOTH_CORRECT
v12_s0010_c003_sewing_000072784_000074284.mp4,v12.mp4,SLEEVE,SEWING,SEWING,SEWING,True,True,BOTH_CORRECT
v12_s0010_c004_sewing_000074284_000075784.mp4,v12.mp4,SLEEVE,SEWING,SEWING,SEWING,True,True,BOTH_CORRECT
v12_s0010_c005_sewing_000075784_000077284.mp4,v12.mp4,SLEEVE,SEWING,SEWING,SEWING,True,True,BOTH_CORRECT
v12_s0010_c006_sewing_000077284_000078784.mp4,v12.mp4,SLEEVE,SEWING,SEWING,SEWING,True,True,BOTH_CORRECT
v12_s0011_c001_idle_setup_000080192_000081692.mp4,v12.mp4,SLEEVE,IDLE_SETUP,IDLE_SETUP,IDLE_SETUP,True,True,BOTH_CORRECT
v12_s0011_c002_idle_setup_000081692_000083192.mp4,v12.mp4,SLEEVE,IDLE_SETUP,IDLE_SETUP,IDLE_SETUP,True,True,BOTH_CORRECT
v12_s0011_c003_idle_setup_000083192_000084692.mp4,v12.mp4,SLEEVE,IDLE_SETUP,IDLE_SETUP,IDLE_SETUP,True,True,BOTH_CORRECT
v12_s0011_c004_idle_setup_000084692_000086192.mp4,v12.mp4,SLEEVE,IDLE_SETUP,IDLE_SETUP,IDLE_SETUP,True,True,BOTH_CORRECT
v12_s0012_c001_sewing_000086463_000087963.mp4,v12.mp4,SLEEVE,SEWING,SEWING,SEWING,True,True,BOTH_CORRECT
v12_s0012_c002_sewing_000087963_000089463.mp4,v12.mp4,SLEEVE,SEWING,SEWING,SEWING,True,True,BOTH_CORRECT
v12_s0012_c003_sewing_000089463_000090963.mp4,v12.mp4,SLEEVE,SEWING,SEWING,SEWING,True,True,BOTH_CORRECT
v12_s0012_c004_sewing_000090963_000092463.mp4,v12.mp4,SLEEVE,SEWING,SEWING,SEWING,True,True,BOTH_CORRECT
v12_s0012_c005_sewing_000092463_000093963.mp4,v12.mp4,SLEEVE,SEWING,SEWING,SEWING,True,True,BOTH_CORRECT
v12_s0012_c006_sewing_000093963_000095463.mp4,v12.mp4,SLEEVE,SEWING,SEWING,SEWING,True,True,BOTH_CORRECT
v12_s0012_c007_sewing_000095463_000096963.mp4,v12.mp4,SLEEVE,SEWING,SEWING,SEWING,True,True,BOTH_CORRECT
v12_s0013_c001_idle_setup_000097771_000099271.mp4,v12.mp4,SLEEVE,IDLE_SETUP,IDLE_SETUP,IDLE_SETUP,True,True,BOTH_CORRECT
v12_s0013_c002_idle_setup_000099271_000100771.mp4,v12.mp4,SLEEVE,IDLE_SETUP,IDLE_SETUP,IDLE_SETUP,True,True,BOTH_CORRECT
v12_s0013_c003_idle_setup_000100771_000102271.mp4,v12.mp4,SLEEVE,IDLE_SETUP,IDLE_SETUP,IDLE_SETUP,True,True,BOTH_CORRECT
v12_s0014_c001_sewing_000103709_000105209.mp4,v12.mp4,SLEEVE,SEWING,SEWING,SEWING,True,True,BOTH_CORRECT
v12_s0014_c002_sewing_000105209_000106709.mp4,v12.mp4,SLEEVE,SEWING,SEWING,SEWING,True,True,BOTH_CORRECT
v12_s0014_c003_sewing_000106709_000108209.mp4,v12.mp4,SLEEVE,SEWING,SEWING,SEWING,True,True,BOTH_CORRECT
v12_s0014_c004_sewing_000108209_000109709.mp4,v12.mp4,SLEEVE,SEWING,SEWING,SEWING,True,True,BOTH_CORRECT
v12_s0014_c005_sewing_000109709_000111209.mp4,v12.mp4,SLEEVE,SEWING,SEWING,SEWING,True,True,BOTH_CORRECT
v12_s0014_c006_sewing_000111209_000112709.mp4,v12.mp4,SLEEVE,SEWING,SEWING,SEWING,True,True,BOTH_CORRECT
v12_s0015_c001_idle_setup_000113583_000115083.mp4,v12.mp4,SLEEVE,IDLE_SETUP,IDLE_SETUP,IDLE_SETUP,True,True,BOTH_CORRECT
v12_s0015_c002_idle_setup_000115083_000116583.mp4,v12.mp4,SLEEVE,IDLE_SETUP,IDLE_SETUP,IDLE_SETUP,True,True,BOTH_CORRECT
v12_s0015_c003_idle_setup_000116583_000118083.mp4,v12.mp4,SLEEVE,IDLE_SETUP,IDLE_SETUP,IDLE_SETUP,True,True,BOTH_CORRECT
v12_s0016_c001_sewing_000118320_000119820.mp4,v12.mp4,SLEEVE,SEWING,SEWING,SEWING,True,True,BOTH_CORRECT
v12_s0016_c002_sewing_000119820_000121320.mp4,v12.mp4,SLEEVE,SEWING,SEWING,SEWING,True,True,BOTH_CORRECT
v12_s0016_c003_sewing_000121320_000122820.mp4,v12.mp4,SLEEVE,SEWING,SEWING,SEWING,True,True,BOTH_CORRECT
v12_s0016_c004_sewing_000122820_000124320.mp4,v12.mp4,SLEEVE,SEWING,SEWING,SEWING,True,True,BOTH_CORRECT
v12_s0016_c005_sewing_000124320_000125820.mp4,v12.mp4,SLEEVE,SEWING,SEWING,SEWING,True,True,BOTH_CORRECT
v12_s0016_c006_sewing_000125820_000127320.mp4,v12.mp4,SLEEVE,SEWING,SEWING,SEWING,True,True,BOTH_CORRECT
v12_s0016_c007_sewing_000127320_000128820.mp4,v12.mp4,SLEEVE,SEWING,SEWING,SEWING,True,True,BOTH_CORRECT
v18_s0001_c001_idle_setup_000000000_000001500.mp4,v18.mp4,POCKET,IDLE_SETUP,IDLE_SETUP,IDLE_SETUP,True,True,BOTH_CORRECT
v18_s0001_c002_idle_setup_000001500_000003000.mp4,v18.mp4,POCKET,IDLE_SETUP,IDLE_SETUP,IDLE_SETUP,True,True,BOTH_CORRECT
v18_s0001_c003_idle_setup_000003000_000004500.mp4,v18.mp4,POCKET,IDLE_SETUP,IDLE_SETUP,IDLE_SETUP,True,True,BOTH_CORRECT
v18_s0002_c001_sewing_000005604_000007104.mp4,v18.mp4,POCKET,SEWING,SEWING,SEWING,True,True,BOTH_CORRECT
v18_s0002_c002_sewing_000007104_000008604.mp4,v18.mp4,POCKET,SEWING,SEWING,SEWING,True,True,BOTH_CORRECT
v18_s0002_c003_sewing_000008604_000010104.mp4,v18.mp4,POCKET,SEWING,SEWING,SEWING,True,True,BOTH_CORRECT
v18_s0002_c004_sewing_000010104_000011604.mp4,v18.mp4,POCKET,SEWING,SEWING,SEWING,True,True,BOTH_CORRECT
v18_s0002_c005_sewing_000011604_000013104.mp4,v18.mp4,POCKET,SEWING,SEWING,SEWING,True,True,BOTH_CORRECT
v18_s0002_c006_sewing_000013104_000014604.mp4,v18.mp4,POCKET,SEWING,SEWING,SEWING,True,True,BOTH_CORRECT
v18_s0002_c007_sewing_000014604_000016104.mp4,v18.mp4,POCKET,SEWING,SEWING,SEWING,True,True,BOTH_CORRECT
v18_s0002_c008_sewing_000016104_000017604.mp4,v18.mp4,POCKET,SEWING,SEWING,SEWING,True,True,BOTH_CORRECT
v18_s0002_c009_sewing_000017604_000019104.mp4,v18.mp4,POCKET,SEWING,SEWING,SEWING,True,True,BOTH_CORRECT
v18_s0002_c010_sewing_000019104_000020604.mp4,v18.mp4,POCKET,SEWING,SEWING,SEWING,True,True,BOTH_CORRECT
v18_s0002_c011_sewing_000020604_000022104.mp4,v18.mp4,POCKET,SEWING,SEWING,SEWING,True,True,BOTH_CORRECT
v18_s0002_c012_sewing_000022104_000023604.mp4,v18.mp4,POCKET,SEWING,SEWING,SEWING,True,True,BOTH_CORRECT
v18_s0002_c013_sewing_000023604_000025104.mp4,v18.mp4,POCKET,SEWING,SEWING,SEWING,True,True,BOTH_CORRECT
v18_s0002_c014_sewing_000025104_000026604.mp4,v18.mp4,POCKET,SEWING,SEWING,SEWING,True,True,BOTH_CORRECT
v18_s0002_c015_sewing_000026604_000028104.mp4,v18.mp4,POCKET,SEWING,SEWING,SEWING,True,True,BOTH_CORRECT
v18_s0002_c016_sewing_000028104_000029604.mp4,v18.mp4,POCKET,SEWING,SEWING,SEWING,True,True,BOTH_CORRECT
v18_s0003_c001_idle_setup_000030823_000032323.mp4,v18.mp4,POCKET,IDLE_SETUP,IDLE_SETUP,IDLE_SETUP,True,True,BOTH_CORRECT
v18_s0003_c002_idle_setup_000032323_000033823.mp4,v18.mp4,POCKET,IDLE_SETUP,IDLE_SETUP,IDLE_SETUP,True,True,BOTH_CORRECT
v18_s0003_c003_idle_setup_000033823_000035323.mp4,v18.mp4,POCKET,IDLE_SETUP,IDLE_SETUP,IDLE_SETUP,True,True,BOTH_CORRECT
v18_s0003_c004_idle_setup_000035323_000036823.mp4,v18.mp4,POCKET,IDLE_SETUP,IDLE_SETUP,IDLE_SETUP,True,True,BOTH_CORRECT
v18_s0003_c005_idle_setup_000036823_000038323.mp4,v18.mp4,POCKET,IDLE_SETUP,IDLE_SETUP,IDLE_SETUP,True,True,BOTH_CORRECT
v18_s0003_c006_idle_setup_000038323_000039823.mp4,v18.mp4,POCKET,IDLE_SETUP,IDLE_SETUP,IDLE_SETUP,True,True,BOTH_CORRECT
v18_s0004_c001_sewing_000040663_000042163.mp4,v18.mp4,POCKET,SEWING,SEWING,SEWING,True,True,BOTH_CORRECT
v18_s0004_c002_sewing_000042163_000043663.mp4,v18.mp4,POCKET,SEWING,SEWING,SEWING,True,True,BOTH_CORRECT
v18_s0004_c003_sewing_000043663_000045163.mp4,v18.mp4,POCKET,SEWING,SEWING,SEWING,True,True,BOTH_CORRECT
v18_s0004_c004_sewing_000045163_000046663.mp4,v18.mp4,POCKET,SEWING,SEWING,SEWING,True,True,BOTH_CORRECT
v18_s0004_c005_sewing_000046663_000048163.mp4,v18.mp4,POCKET,SEWING,SEWING,SEWING,True,True,BOTH_CORRECT
v18_s0004_c006_sewing_000048163_000049663.mp4,v18.mp4,POCKET,SEWING,SEWING,SEWING,True,True,BOTH_CORRECT
v18_s0004_c007_sewing_000049663_000051163.mp4,v18.mp4,POCKET,SEWING,SEWING,SEWING,True,True,BOTH_CORRECT
v18_s0004_c008_sewing_000051163_000052663.mp4,v18.mp4,POCKET,SEWING,SEWING,SEWING,True,True,BOTH_CORRECT
v18_s0004_c009_sewing_000052663_000054163.mp4,v18.mp4,POCKET,SEWING,SEWING,SEWING,True,True,BOTH_CORRECT
v18_s0004_c010_sewing_000054163_000055663.mp4,v18.mp4,POCKET,SEWING,SEWING,SEWING,True,True,BOTH_CORRECT
v18_s0004_c011_sewing_000055663_000057163.mp4,v18.mp4,POCKET,SEWING,SEWING,SEWING,True,True,BOTH_CORRECT
v18_s0004_c012_sewing_000057163_000058663.mp4,v18.mp4,POCKET,SEWING,SEWING,SEWING,True,True,BOTH_CORRECT
v18_s0004_c013_sewing_000058663_000060163.mp4,v18.mp4,POCKET,SEWING,SEWING,SEWING,True,True,BOTH_CORRECT
v18_s0004_c014_sewing_000060163_000061663.mp4,v18.mp4,POCKET,SEWING,SEWING,SEWING,True,True,BOTH_CORRECT
v18_s0004_c015_sewing_000061663_000063163.mp4,v18.mp4,POCKET,SEWING,SEWING,SEWING,True,True,BOTH_CORRECT
v18_s0005_c001_idle_setup_000063346_000064846.mp4,v18.mp4,POCKET,IDLE_SETUP,IDLE_SETUP,IDLE_SETUP,True,True,BOTH_CORRECT
v18_s0005_c002_idle_setup_000064846_000066346.mp4,v18.mp4,POCKET,IDLE_SETUP,IDLE_SETUP,IDLE_SETUP,True,True,BOTH_CORRECT
v18_s0005_c003_idle_setup_000066346_000067846.mp4,v18.mp4,POCKET,IDLE_SETUP,SEWING,SEWING,False,False,BOTH_WRONG
v18_s0005_c004_idle_setup_000067846_000069346.mp4,v18.mp4,POCKET,IDLE_SETUP,IDLE_SETUP,IDLE_SETUP,True,True,BOTH_CORRECT
v18_s0005_c005_idle_setup_000069346_000070846.mp4,v18.mp4,POCKET,IDLE_SETUP,IDLE_SETUP,IDLE_SETUP,True,True,BOTH_CORRECT
v18_s0005_c006_idle_setup_000070846_000072346.mp4,v18.mp4,POCKET,IDLE_SETUP,IDLE_SETUP,IDLE_SETUP,True,True,BOTH_CORRECT
v18_s0005_c007_idle_setup_000072346_000073846.mp4,v18.mp4,POCKET,IDLE_SETUP,IDLE_SETUP,IDLE_SETUP,True,True,BOTH_CORRECT
v18_s0006_c001_sewing_000074254_000075754.mp4,v18.mp4,POCKET,SEWING,SEWING,SEWING,True,True,BOTH_CORRECT
v18_s0006_c002_sewing_000075754_000077254.mp4,v18.mp4,POCKET,SEWING,SEWING,SEWING,True,True,BOTH_CORRECT
v18_s0006_c003_sewing_000077254_000078754.mp4,v18.mp4,POCKET,SEWING,SEWING,SEWING,True,True,BOTH_CORRECT
v18_s0006_c004_sewing_000078754_000080254.mp4,v18.mp4,POCKET,SEWING,SEWING,SEWING,True,True,BOTH_CORRECT
v18_s0006_c005_sewing_000080254_000081754.mp4,v18.mp4,POCKET,SEWING,SEWING,SEWING,True,True,BOTH_CORRECT
v18_s0006_c006_sewing_000081754_000083254.mp4,v18.mp4,POCKET,SEWING,SEWING,SEWING,True,True,BOTH_CORRECT
v18_s0006_c007_sewing_000083254_000084754.mp4,v18.mp4,POCKET,SEWING,SEWING,SEWING,True,True,BOTH_CORRECT
v18_s0006_c008_sewing_000084754_000086254.mp4,v18.mp4,POCKET,SEWING,SEWING,SEWING,True,True,BOTH_CORRECT
v18_s0006_c009_sewing_000086254_000087754.mp4,v18.mp4,POCKET,SEWING,SEWING,SEWING,True,True,BOTH_CORRECT
v18_s0006_c010_sewing_000087754_000089254.mp4,v18.mp4,POCKET,SEWING,SEWING,SEWING,True,True,BOTH_CORRECT
v18_s0006_c011_sewing_000089254_000090754.mp4,v18.mp4,POCKET,SEWING,SEWING,SEWING,True,True,BOTH_CORRECT
v18_s0006_c012_sewing_000090754_000092254.mp4,v18.mp4,POCKET,SEWING,SEWING,SEWING,True,True,BOTH_CORRECT
v18_s0006_c013_sewing_000092254_000093754.mp4,v18.mp4,POCKET,SEWING,SEWING,SEWING,True,True,BOTH_CORRECT
v18_s0006_c014_sewing_000093754_000095254.mp4,v18.mp4,POCKET,SEWING,SEWING,SEWING,True,True,BOTH_CORRECT
v18_s0006_c015_sewing_000095254_000096754.mp4,v18.mp4,POCKET,SEWING,SEWING,SEWING,True,True,BOTH_CORRECT
v18_s0006_c016_sewing_000096754_000098254.mp4,v18.mp4,POCKET,SEWING,SEWING,SEWING,True,True,BOTH_CORRECT
v18_s0006_c017_sewing_000098254_000099754.mp4,v18.mp4,POCKET,SEWING,SEWING,SEWING,True,True,BOTH_CORRECT
v18_s0006_c018_sewing_000099754_000101254.mp4,v18.mp4,POCKET,SEWING,SEWING,SEWING,True,True,BOTH_CORRECT
v18_s0007_c001_idle_setup_000101808_000103308.mp4,v18.mp4,POCKET,IDLE_SETUP,IDLE_SETUP,IDLE_SETUP,True,True,BOTH_CORRECT
v18_s0007_c002_idle_setup_000103308_000104808.mp4,v18.mp4,POCKET,IDLE_SETUP,IDLE_SETUP,IDLE_SETUP,True,True,BOTH_CORRECT
v18_s0007_c003_idle_setup_000104808_000106308.mp4,v18.mp4,POCKET,IDLE_SETUP,SEWING,SEWING,False,False,BOTH_WRONG
v18_s0007_c004_idle_setup_000106308_000107808.mp4,v18.mp4,POCKET,IDLE_SETUP,SEWING,IDLE_SETUP,False,True,ENHANCED_ONLY_CORRECT
v18_s0007_c005_idle_setup_000107808_000109308.mp4,v18.mp4,POCKET,IDLE_SETUP,SEWING,SEWING,False,False,BOTH_WRONG
v18_s0007_c006_idle_setup_000109308_000110808.mp4,v18.mp4,POCKET,IDLE_SETUP,IDLE_SETUP,IDLE_SETUP,True,True,BOTH_CORRECT
v18_s0008_c001_sewing_000111615_000113115.mp4,v18.mp4,POCKET,SEWING,IDLE_SETUP,IDLE_SETUP,False,False,BOTH_WRONG
v18_s0008_c002_sewing_000113115_000114615.mp4,v18.mp4,POCKET,SEWING,SEWING,SEWING,True,True,BOTH_CORRECT
v18_s0008_c003_sewing_000114615_000116115.mp4,v18.mp4,POCKET,SEWING,SEWING,SEWING,True,True,BOTH_CORRECT
v18_s0008_c004_sewing_000116115_000117615.mp4,v18.mp4,POCKET,SEWING,SEWING,SEWING,True,True,BOTH_CORRECT
v18_s0008_c005_sewing_000117615_000119115.mp4,v18.mp4,POCKET,SEWING,SEWING,SEWING,True,True,BOTH_CORRECT
v18_s0008_c006_sewing_000119115_000120615.mp4,v18.mp4,POCKET,SEWING,SEWING,SEWING,True,True,BOTH_CORRECT
v18_s0008_c007_sewing_000120615_000122115.mp4,v18.mp4,POCKET,SEWING,SEWING,SEWING,True,True,BOTH_CORRECT
v18_s0008_c008_sewing_000122115_000123615.mp4,v18.mp4,POCKET,SEWING,SEWING,SEWING,True,True,BOTH_CORRECT
v18_s0008_c009_sewing_000123615_000125115.mp4,v18.mp4,POCKET,SEWING,SEWING,SEWING,True,True,BOTH_CORRECT
v18_s0008_c010_sewing_000125115_000126615.mp4,v18.mp4,POCKET,SEWING,SEWING,SEWING,True,True,BOTH_CORRECT
v18_s0008_c011_sewing_000126615_000128115.mp4,v18.mp4,POCKET,SEWING,SEWING,SEWING,True,True,BOTH_CORRECT
v18_s0008_c012_sewing_000128115_000129615.mp4,v18.mp4,POCKET,SEWING,SEWING,SEWING,True,True,BOTH_CORRECT
v18_s0008_c013_sewing_000129615_000131115.mp4,v18.mp4,POCKET,SEWING,SEWING,SEWING,True,True,BOTH_CORRECT
v18_s0008_c014_sewing_000131115_000132615.mp4,v18.mp4,POCKET,SEWING,SEWING,SEWING,True,True,BOTH_CORRECT
v18_s0008_c015_sewing_000132615_000134115.mp4,v18.mp4,POCKET,SEWING,SEWING,SEWING,True,True,BOTH_CORRECT
v18_s0008_c016_sewing_000134115_000135615.mp4,v18.mp4,POCKET,SEWING,SEWING,SEWING,True,True,BOTH_CORRECT
v18_s0008_c017_sewing_000135615_000137115.mp4,v18.mp4,POCKET,SEWING,SEWING,SEWING,True,True,BOTH_CORRECT
v18_s0008_c018_sewing_000137115_000138615.mp4,v18.mp4,POCKET,SEWING,SEWING,IDLE_SETUP,True,False,BASELINE_ONLY_CORRECT
v18_s0009_c001_idle_setup_000139635_000141135.mp4,v18.mp4,POCKET,IDLE_SETUP,IDLE_SETUP,IDLE_SETUP,True,True,BOTH_CORRECT
v18_s0009_c002_idle_setup_000141135_000142635.mp4,v18.mp4,POCKET,IDLE_SETUP,IDLE_SETUP,IDLE_SETUP,True,True,BOTH_CORRECT
v18_s0009_c003_idle_setup_000142635_000144135.mp4,v18.mp4,POCKET,IDLE_SETUP,IDLE_SETUP,IDLE_SETUP,True,True,BOTH_CORRECT
v18_s0009_c004_idle_setup_000144135_000145635.mp4,v18.mp4,POCKET,IDLE_SETUP,IDLE_SETUP,IDLE_SETUP,True,True,BOTH_CORRECT
v18_s0009_c005_idle_setup_000145635_000147135.mp4,v18.mp4,POCKET,IDLE_SETUP,IDLE_SETUP,IDLE_SETUP,True,True,BOTH_CORRECT
v18_s0010_c001_sewing_000148008_000149508.mp4,v18.mp4,POCKET,SEWING,SEWING,SEWING,True,True,BOTH_CORRECT
v18_s0010_c002_sewing_000149508_000151008.mp4,v18.mp4,POCKET,SEWING,SEWING,SEWING,True,True,BOTH_CORRECT
v18_s0010_c003_sewing_000151008_000152508.mp4,v18.mp4,POCKET,SEWING,SEWING,SEWING,True,True,BOTH_CORRECT
v18_s0010_c004_sewing_000152508_000154008.mp4,v18.mp4,POCKET,SEWING,SEWING,SEWING,True,True,BOTH_CORRECT
v18_s0010_c005_sewing_000154008_000155508.mp4,v18.mp4,POCKET,SEWING,SEWING,SEWING,True,True,BOTH_CORRECT
v18_s0010_c006_sewing_000155508_000157008.mp4,v18.mp4,POCKET,SEWING,SEWING,SEWING,True,True,BOTH_CORRECT
v18_s0010_c007_sewing_000157008_000158508.mp4,v18.mp4,POCKET,SEWING,SEWING,SEWING,True,True,BOTH_CORRECT
v18_s0010_c008_sewing_000158508_000160008.mp4,v18.mp4,POCKET,SEWING,SEWING,SEWING,True,True,BOTH_CORRECT
v18_s0010_c009_sewing_000160008_000161508.mp4,v18.mp4,POCKET,SEWING,SEWING,SEWING,True,True,BOTH_CORRECT
v18_s0010_c010_sewing_000161508_000163008.mp4,v18.mp4,POCKET,SEWING,SEWING,SEWING,True,True,BOTH_CORRECT
v18_s0010_c011_sewing_000163008_000164508.mp4,v18.mp4,POCKET,SEWING,SEWING,SEWING,True,True,BOTH_CORRECT
v18_s0010_c012_sewing_000164508_000166008.mp4,v18.mp4,POCKET,SEWING,SEWING,SEWING,True,True,BOTH_CORRECT
v18_s0010_c013_sewing_000166008_000167508.mp4,v18.mp4,POCKET,SEWING,SEWING,SEWING,True,True,BOTH_CORRECT
v18_s0010_c014_sewing_000167508_000169008.mp4,v18.mp4,POCKET,SEWING,SEWING,SEWING,True,True,BOTH_CORRECT
v18_s0010_c015_sewing_000169008_000170508.mp4,v18.mp4,POCKET,SEWING,SEWING,SEWING,True,True,BOTH_CORRECT
v18_s0010_c016_sewing_000170508_000172008.mp4,v18.mp4,POCKET,SEWING,SEWING,SEWING,True,True,BOTH_CORRECT
v18_s0010_c017_sewing_000172008_000173508.mp4,v18.mp4,POCKET,SEWING,SEWING,SEWING,True,True,BOTH_CORRECT
v18_s0011_c001_idle_setup_000174928_000176428.mp4,v18.mp4,POCKET,IDLE_SETUP,IDLE_SETUP,IDLE_SETUP,True,True,BOTH_CORRECT
v18_s0011_c002_idle_setup_000176428_000177928.mp4,v18.mp4,POCKET,IDLE_SETUP,IDLE_SETUP,IDLE_SETUP,True,True,BOTH_CORRECT
v18_s0011_c003_idle_setup_000177928_000179428.mp4,v18.mp4,POCKET,IDLE_SETUP,IDLE_SETUP,IDLE_SETUP,True,True,BOTH_CORRECT
v18_s0011_c004_idle_setup_000179428_000180928.mp4,v18.mp4,POCKET,IDLE_SETUP,IDLE_SETUP,IDLE_SETUP,True,True,BOTH_CORRECT
v18_s0011_c005_idle_setup_000180928_000182428.mp4,v18.mp4,POCKET,IDLE_SETUP,IDLE_SETUP,IDLE_SETUP,True,True,BOTH_CORRECT
v18_s0012_c001_sewing_000183267_000184767.mp4,v18.mp4,POCKET,SEWING,SEWING,SEWING,True,True,BOTH_CORRECT
v18_s0012_c002_sewing_000184767_000186267.mp4,v18.mp4,POCKET,SEWING,SEWING,IDLE_SETUP,True,False,BASELINE_ONLY_CORRECT
v18_s0012_c003_sewing_000186267_000187767.mp4,v18.mp4,POCKET,SEWING,SEWING,SEWING,True,True,BOTH_CORRECT
v18_s0012_c004_sewing_000187767_000189267.mp4,v18.mp4,POCKET,SEWING,SEWING,SEWING,True,True,BOTH_CORRECT
v18_s0012_c005_sewing_000189267_000190767.mp4,v18.mp4,POCKET,SEWING,SEWING,SEWING,True,True,BOTH_CORRECT
v18_s0012_c006_sewing_000190767_000192267.mp4,v18.mp4,POCKET,SEWING,SEWING,SEWING,True,True,BOTH_CORRECT
v18_s0012_c007_sewing_000192267_000193767.mp4,v18.mp4,POCKET,SEWING,SEWING,SEWING,True,True,BOTH_CORRECT
v18_s0012_c008_sewing_000193767_000195267.mp4,v18.mp4,POCKET,SEWING,SEWING,SEWING,True,True,BOTH_CORRECT
v18_s0012_c009_sewing_000195267_000196767.mp4,v18.mp4,POCKET,SEWING,SEWING,SEWING,True,True,BOTH_CORRECT
v18_s0012_c010_sewing_000196767_000198267.mp4,v18.mp4,POCKET,SEWING,SEWING,SEWING,True,True,BOTH_CORRECT
v18_s0012_c011_sewing_000198267_000199767.mp4,v18.mp4,POCKET,SEWING,SEWING,SEWING,True,True,BOTH_CORRECT
v18_s0012_c012_sewing_000199767_000201267.mp4,v18.mp4,POCKET,SEWING,SEWING,SEWING,True,True,BOTH_CORRECT
v18_s0012_c013_sewing_000201267_000202767.mp4,v18.mp4,POCKET,SEWING,SEWING,SEWING,True,True,BOTH_CORRECT
v18_s0012_c014_sewing_000202767_000204267.mp4,v18.mp4,POCKET,SEWING,SEWING,SEWING,True,True,BOTH_CORRECT
v18_s0012_c015_sewing_000204267_000205767.mp4,v18.mp4,POCKET,SEWING,SEWING,SEWING,True,True,BOTH_CORRECT
v18_s0012_c016_sewing_000205767_000207267.mp4,v18.mp4,POCKET,SEWING,SEWING,SEWING,True,True,BOTH_CORRECT
v18_s0012_c017_sewing_000207267_000208767.mp4,v18.mp4,POCKET,SEWING,SEWING,SEWING,True,True,BOTH_CORRECT
v18_s0012_c018_sewing_000208767_000210267.mp4,v18.mp4,POCKET,SEWING,SEWING,SEWING,True,True,BOTH_CORRECT
v18_s0012_c019_sewing_000210267_000211767.mp4,v18.mp4,POCKET,SEWING,IDLE_SETUP,IDLE_SETUP,False,False,BOTH_WRONG
v18_s0013_c001_idle_setup_000212122_000213622.mp4,v18.mp4,POCKET,IDLE_SETUP,SEWING,SEWING,False,False,BOTH_WRONG
v18_s0013_c002_idle_setup_000213622_000215122.mp4,v18.mp4,POCKET,IDLE_SETUP,IDLE_SETUP,IDLE_SETUP,True,True,BOTH_CORRECT
v18_s0013_c003_idle_setup_000215122_000216622.mp4,v18.mp4,POCKET,IDLE_SETUP,IDLE_SETUP,IDLE_SETUP,True,True,BOTH_CORRECT
v18_s0013_c004_idle_setup_000216622_000218122.mp4,v18.mp4,POCKET,IDLE_SETUP,IDLE_SETUP,IDLE_SETUP,True,True,BOTH_CORRECT
v18_s0013_c005_idle_setup_000218122_000219622.mp4,v18.mp4,POCKET,IDLE_SETUP,SEWING,SEWING,False,False,BOTH_WRONG
v18_s0014_c001_sewing_000219827_000221327.mp4,v18.mp4,POCKET,SEWING,SEWING,SEWING,True,True,BOTH_CORRECT
v18_s0014_c002_sewing_000221327_000222827.mp4,v18.mp4,POCKET,SEWING,SEWING,SEWING,True,True,BOTH_CORRECT
v18_s0014_c003_sewing_000222827_000224327.mp4,v18.mp4,POCKET,SEWING,SEWING,SEWING,True,True,BOTH_CORRECT
v18_s0014_c004_sewing_000224327_000225827.mp4,v18.mp4,POCKET,SEWING,SEWING,SEWING,True,True,BOTH_CORRECT
v18_s0014_c005_sewing_000225827_000227327.mp4,v18.mp4,POCKET,SEWING,SEWING,SEWING,True,True,BOTH_CORRECT
v18_s0014_c006_sewing_000227327_000228827.mp4,v18.mp4,POCKET,SEWING,SEWING,SEWING,True,True,BOTH_CORRECT
v18_s0014_c007_sewing_000228827_000230327.mp4,v18.mp4,POCKET,SEWING,SEWING,SEWING,True,True,BOTH_CORRECT
v18_s0014_c008_sewing_000230327_000231827.mp4,v18.mp4,POCKET,SEWING,SEWING,SEWING,True,True,BOTH_CORRECT
v18_s0014_c009_sewing_000231827_000233327.mp4,v18.mp4,POCKET,SEWING,SEWING,SEWING,True,True,BOTH_CORRECT
v18_s0014_c010_sewing_000233327_000234827.mp4,v18.mp4,POCKET,SEWING,SEWING,SEWING,True,True,BOTH_CORRECT
v18_s0014_c011_sewing_000234827_000236327.mp4,v18.mp4,POCKET,SEWING,SEWING,SEWING,True,True,BOTH_CORRECT
v18_s0014_c012_sewing_000236327_000237827.mp4,v18.mp4,POCKET,SEWING,SEWING,SEWING,True,True,BOTH_CORRECT
v18_s0014_c013_sewing_000237827_000239327.mp4,v18.mp4,POCKET,SEWING,SEWING,SEWING,True,True,BOTH_CORRECT
v18_s0014_c014_sewing_000239327_000240827.mp4,v18.mp4,POCKET,SEWING,SEWING,SEWING,True,True,BOTH_CORRECT
v18_s0014_c015_sewing_000240827_000242327.mp4,v18.mp4,POCKET,SEWING,SEWING,SEWING,True,True,BOTH_CORRECT
v18_s0014_c016_sewing_000242327_000243827.mp4,v18.mp4,POCKET,SEWING,SEWING,SEWING,True,True,BOTH_CORRECT
v18_s0014_c017_sewing_000243827_000245327.mp4,v18.mp4,POCKET,SEWING,SEWING,SEWING,True,True,BOTH_CORRECT
v22_s0001_c001_sewing_000004000_000005500.mp4,v22.mp4,COLLAR,SEWING,SEWING,SEWING,True,True,BOTH_CORRECT
v22_s0001_c002_sewing_000005500_000007000.mp4,v22.mp4,COLLAR,SEWING,SEWING,SEWING,True,True,BOTH_CORRECT
v22_s0001_c003_sewing_000007000_000008500.mp4,v22.mp4,COLLAR,SEWING,SEWING,SEWING,True,True,BOTH_CORRECT
v22_s0001_c004_sewing_000008500_000010000.mp4,v22.mp4,COLLAR,SEWING,SEWING,SEWING,True,True,BOTH_CORRECT
v22_s0001_c005_sewing_000010000_000011500.mp4,v22.mp4,COLLAR,SEWING,SEWING,SEWING,True,True,BOTH_CORRECT
v22_s0001_c006_sewing_000011500_000013000.mp4,v22.mp4,COLLAR,SEWING,SEWING,SEWING,True,True,BOTH_CORRECT
v22_s0001_c007_sewing_000013000_000014500.mp4,v22.mp4,COLLAR,SEWING,SEWING,SEWING,True,True,BOTH_CORRECT
v22_s0001_c008_sewing_000014500_000016000.mp4,v22.mp4,COLLAR,SEWING,SEWING,SEWING,True,True,BOTH_CORRECT
v22_s0001_c009_sewing_000016000_000017500.mp4,v22.mp4,COLLAR,SEWING,SEWING,SEWING,True,True,BOTH_CORRECT
v22_s0001_c010_sewing_000017500_000019000.mp4,v22.mp4,COLLAR,SEWING,SEWING,SEWING,True,True,BOTH_CORRECT
v22_s0001_c011_sewing_000019000_000020500.mp4,v22.mp4,COLLAR,SEWING,SEWING,SEWING,True,True,BOTH_CORRECT
v22_s0001_c012_sewing_000020500_000022000.mp4,v22.mp4,COLLAR,SEWING,SEWING,SEWING,True,True,BOTH_CORRECT
v22_s0001_c013_sewing_000022000_000023500.mp4,v22.mp4,COLLAR,SEWING,SEWING,SEWING,True,True,BOTH_CORRECT
v22_s0001_c014_sewing_000023500_000025000.mp4,v22.mp4,COLLAR,SEWING,SEWING,SEWING,True,True,BOTH_CORRECT
v22_s0001_c015_sewing_000025000_000026500.mp4,v22.mp4,COLLAR,SEWING,SEWING,SEWING,True,True,BOTH_CORRECT
v22_s0001_c016_sewing_000026500_000028000.mp4,v22.mp4,COLLAR,SEWING,SEWING,SEWING,True,True,BOTH_CORRECT
v22_s0001_c017_sewing_000028000_000029500.mp4,v22.mp4,COLLAR,SEWING,SEWING,SEWING,True,True,BOTH_CORRECT
v22_s0002_c001_idle_setup_000030000_000031500.mp4,v22.mp4,COLLAR,IDLE_SETUP,IDLE_SETUP,IDLE_SETUP,True,True,BOTH_CORRECT
v22_s0002_c002_idle_setup_000031500_000033000.mp4,v22.mp4,COLLAR,IDLE_SETUP,IDLE_SETUP,IDLE_SETUP,True,True,BOTH_CORRECT
v22_s0002_c003_idle_setup_000033000_000034500.mp4,v22.mp4,COLLAR,IDLE_SETUP,IDLE_SETUP,IDLE_SETUP,True,True,BOTH_CORRECT
v22_s0002_c004_idle_setup_000034500_000036000.mp4,v22.mp4,COLLAR,IDLE_SETUP,IDLE_SETUP,IDLE_SETUP,True,True,BOTH_CORRECT
v22_s0002_c005_idle_setup_000036000_000037500.mp4,v22.mp4,COLLAR,IDLE_SETUP,IDLE_SETUP,IDLE_SETUP,True,True,BOTH_CORRECT
v22_s0002_c006_idle_setup_000037500_000039000.mp4,v22.mp4,COLLAR,IDLE_SETUP,IDLE_SETUP,IDLE_SETUP,True,True,BOTH_CORRECT
v22_s0003_c001_sewing_000040000_000041500.mp4,v22.mp4,COLLAR,SEWING,SEWING,SEWING,True,True,BOTH_CORRECT
v22_s0003_c002_sewing_000041500_000043000.mp4,v22.mp4,COLLAR,SEWING,SEWING,SEWING,True,True,BOTH_CORRECT
v22_s0003_c003_sewing_000043000_000044500.mp4,v22.mp4,COLLAR,SEWING,SEWING,SEWING,True,True,BOTH_CORRECT
v22_s0003_c004_sewing_000044500_000046000.mp4,v22.mp4,COLLAR,SEWING,SEWING,SEWING,True,True,BOTH_CORRECT
v22_s0003_c005_sewing_000046000_000047500.mp4,v22.mp4,COLLAR,SEWING,SEWING,SEWING,True,True,BOTH_CORRECT
v22_s0003_c006_sewing_000047500_000049000.mp4,v22.mp4,COLLAR,SEWING,SEWING,SEWING,True,True,BOTH_CORRECT
v22_s0003_c007_sewing_000049000_000050500.mp4,v22.mp4,COLLAR,SEWING,SEWING,SEWING,True,True,BOTH_CORRECT
v22_s0003_c008_sewing_000050500_000052000.mp4,v22.mp4,COLLAR,SEWING,SEWING,SEWING,True,True,BOTH_CORRECT
v22_s0003_c009_sewing_000052000_000053500.mp4,v22.mp4,COLLAR,SEWING,SEWING,SEWING,True,True,BOTH_CORRECT
v22_s0003_c010_sewing_000053500_000055000.mp4,v22.mp4,COLLAR,SEWING,SEWING,SEWING,True,True,BOTH_CORRECT
v22_s0003_c011_sewing_000055000_000056500.mp4,v22.mp4,COLLAR,SEWING,SEWING,SEWING,True,True,BOTH_CORRECT
v22_s0003_c012_sewing_000056500_000058000.mp4,v22.mp4,COLLAR,SEWING,SEWING,SEWING,True,True,BOTH_CORRECT
v22_s0003_c013_sewing_000058000_000059500.mp4,v22.mp4,COLLAR,SEWING,SEWING,SEWING,True,True,BOTH_CORRECT
v22_s0003_c014_sewing_000059500_000061000.mp4,v22.mp4,COLLAR,SEWING,SEWING,SEWING,True,True,BOTH_CORRECT
v22_s0003_c015_sewing_000061000_000062500.mp4,v22.mp4,COLLAR,SEWING,SEWING,SEWING,True,True,BOTH_CORRECT
v22_s0003_c016_sewing_000062500_000064000.mp4,v22.mp4,COLLAR,SEWING,SEWING,SEWING,True,True,BOTH_CORRECT
v22_s0003_c017_sewing_000064000_000065500.mp4,v22.mp4,COLLAR,SEWING,SEWING,SEWING,True,True,BOTH_CORRECT
v22_s0003_c018_sewing_000065500_000067000.mp4,v22.mp4,COLLAR,SEWING,SEWING,SEWING,True,True,BOTH_CORRECT
v22_s0003_c019_sewing_000067000_000068500.mp4,v22.mp4,COLLAR,SEWING,SEWING,SEWING,True,True,BOTH_CORRECT
v22_s0003_c020_sewing_000068500_000070000.mp4,v22.mp4,COLLAR,SEWING,SEWING,SEWING,True,True,BOTH_CORRECT
v22_s0003_c021_sewing_000070000_000071500.mp4,v22.mp4,COLLAR,SEWING,SEWING,SEWING,True,True,BOTH_CORRECT
v22_s0003_c022_sewing_000071500_000073000.mp4,v22.mp4,COLLAR,SEWING,SEWING,SEWING,True,True,BOTH_CORRECT
v22_s0004_c001_idle_setup_000074000_000075500.mp4,v22.mp4,COLLAR,IDLE_SETUP,IDLE_SETUP,IDLE_SETUP,True,True,BOTH_CORRECT
v22_s0004_c002_idle_setup_000075500_000077000.mp4,v22.mp4,COLLAR,IDLE_SETUP,IDLE_SETUP,IDLE_SETUP,True,True,BOTH_CORRECT
v22_s0004_c003_idle_setup_000077000_000078500.mp4,v22.mp4,COLLAR,IDLE_SETUP,IDLE_SETUP,IDLE_SETUP,True,True,BOTH_CORRECT
v22_s0004_c004_idle_setup_000078500_000080000.mp4,v22.mp4,COLLAR,IDLE_SETUP,IDLE_SETUP,IDLE_SETUP,True,True,BOTH_CORRECT
v22_s0005_c001_sewing_000080000_000081500.mp4,v22.mp4,COLLAR,SEWING,SEWING,SEWING,True,True,BOTH_CORRECT
v22_s0005_c002_sewing_000081500_000083000.mp4,v22.mp4,COLLAR,SEWING,SEWING,SEWING,True,True,BOTH_CORRECT
v22_s0005_c003_sewing_000083000_000084500.mp4,v22.mp4,COLLAR,SEWING,SEWING,SEWING,True,True,BOTH_CORRECT
v22_s0005_c004_sewing_000084500_000086000.mp4,v22.mp4,COLLAR,SEWING,SEWING,SEWING,True,True,BOTH_CORRECT
v22_s0005_c005_sewing_000086000_000087500.mp4,v22.mp4,COLLAR,SEWING,SEWING,SEWING,True,True,BOTH_CORRECT
v22_s0005_c006_sewing_000087500_000089000.mp4,v22.mp4,COLLAR,SEWING,SEWING,SEWING,True,True,BOTH_CORRECT
v22_s0005_c007_sewing_000089000_000090500.mp4,v22.mp4,COLLAR,SEWING,SEWING,SEWING,True,True,BOTH_CORRECT
v22_s0005_c008_sewing_000090500_000092000.mp4,v22.mp4,COLLAR,SEWING,SEWING,SEWING,True,True,BOTH_CORRECT
v22_s0005_c009_sewing_000092000_000093500.mp4,v22.mp4,COLLAR,SEWING,SEWING,SEWING,True,True,BOTH_CORRECT
v22_s0005_c010_sewing_000093500_000095000.mp4,v22.mp4,COLLAR,SEWING,SEWING,SEWING,True,True,BOTH_CORRECT
v22_s0005_c011_sewing_000095000_000096500.mp4,v22.mp4,COLLAR,SEWING,SEWING,SEWING,True,True,BOTH_CORRECT
v22_s0005_c012_sewing_000096500_000098000.mp4,v22.mp4,COLLAR,SEWING,SEWING,SEWING,True,True,BOTH_CORRECT
v22_s0005_c013_sewing_000098000_000099500.mp4,v22.mp4,COLLAR,SEWING,SEWING,SEWING,True,True,BOTH_CORRECT
v22_s0005_c014_sewing_000099500_000101000.mp4,v22.mp4,COLLAR,SEWING,SEWING,SEWING,True,True,BOTH_CORRECT
v22_s0005_c015_sewing_000101000_000102500.mp4,v22.mp4,COLLAR,SEWING,SEWING,SEWING,True,True,BOTH_CORRECT
v22_s0005_c016_sewing_000102500_000104000.mp4,v22.mp4,COLLAR,SEWING,SEWING,IDLE_SETUP,True,False,BASELINE_ONLY_CORRECT
v22_s0006_c001_idle_setup_000104500_000106000.mp4,v22.mp4,COLLAR,IDLE_SETUP,IDLE_SETUP,IDLE_SETUP,True,True,BOTH_CORRECT
v22_s0006_c002_idle_setup_000106000_000107500.mp4,v22.mp4,COLLAR,IDLE_SETUP,IDLE_SETUP,IDLE_SETUP,True,True,BOTH_CORRECT
v22_s0006_c003_idle_setup_000107500_000109000.mp4,v22.mp4,COLLAR,IDLE_SETUP,IDLE_SETUP,IDLE_SETUP,True,True,BOTH_CORRECT
v22_s0006_c004_idle_setup_000109000_000110500.mp4,v22.mp4,COLLAR,IDLE_SETUP,IDLE_SETUP,IDLE_SETUP,True,True,BOTH_CORRECT
v22_s0007_c001_sewing_000111000_000112500.mp4,v22.mp4,COLLAR,SEWING,SEWING,SEWING,True,True,BOTH_CORRECT
v22_s0007_c002_sewing_000112500_000114000.mp4,v22.mp4,COLLAR,SEWING,SEWING,SEWING,True,True,BOTH_CORRECT
v22_s0007_c003_sewing_000114000_000115500.mp4,v22.mp4,COLLAR,SEWING,SEWING,SEWING,True,True,BOTH_CORRECT
v22_s0007_c004_sewing_000115500_000117000.mp4,v22.mp4,COLLAR,SEWING,SEWING,SEWING,True,True,BOTH_CORRECT
v22_s0007_c005_sewing_000117000_000118500.mp4,v22.mp4,COLLAR,SEWING,SEWING,SEWING,True,True,BOTH_CORRECT
v22_s0007_c006_sewing_000118500_000120000.mp4,v22.mp4,COLLAR,SEWING,SEWING,SEWING,True,True,BOTH_CORRECT
v22_s0007_c007_sewing_000120000_000121500.mp4,v22.mp4,COLLAR,SEWING,SEWING,IDLE_SETUP,True,False,BASELINE_ONLY_CORRECT
v22_s0007_c008_sewing_000121500_000123000.mp4,v22.mp4,COLLAR,SEWING,SEWING,SEWING,True,True,BOTH_CORRECT
v22_s0007_c009_sewing_000123000_000124500.mp4,v22.mp4,COLLAR,SEWING,SEWING,SEWING,True,True,BOTH_CORRECT
v22_s0007_c010_sewing_000124500_000126000.mp4,v22.mp4,COLLAR,SEWING,SEWING,SEWING,True,True,BOTH_CORRECT
v22_s0007_c011_sewing_000126000_000127500.mp4,v22.mp4,COLLAR,SEWING,SEWING,SEWING,True,True,BOTH_CORRECT
v22_s0007_c012_sewing_000127500_000129000.mp4,v22.mp4,COLLAR,SEWING,SEWING,SEWING,True,True,BOTH_CORRECT
v22_s0007_c013_sewing_000129000_000130500.mp4,v22.mp4,COLLAR,SEWING,SEWING,SEWING,True,True,BOTH_CORRECT
v22_s0007_c014_sewing_000130500_000132000.mp4,v22.mp4,COLLAR,SEWING,SEWING,SEWING,True,True,BOTH_CORRECT
v22_s0007_c015_sewing_000132000_000133500.mp4,v22.mp4,COLLAR,SEWING,SEWING,SEWING,True,True,BOTH_CORRECT
v22_s0007_c016_sewing_000133500_000135000.mp4,v22.mp4,COLLAR,SEWING,SEWING,SEWING,True,True,BOTH_CORRECT
v22_s0007_c017_sewing_000135000_000136500.mp4,v22.mp4,COLLAR,SEWING,IDLE_SETUP,IDLE_SETUP,False,False,BOTH_WRONG
v22_s0008_c001_idle_setup_000136500_000138000.mp4,v22.mp4,COLLAR,IDLE_SETUP,IDLE_SETUP,IDLE_SETUP,True,True,BOTH_CORRECT
v22_s0008_c002_idle_setup_000138000_000139500.mp4,v22.mp4,COLLAR,IDLE_SETUP,IDLE_SETUP,IDLE_SETUP,True,True,BOTH_CORRECT
v22_s0008_c003_idle_setup_000139500_000141000.mp4,v22.mp4,COLLAR,IDLE_SETUP,IDLE_SETUP,IDLE_SETUP,True,True,BOTH_CORRECT
v22_s0008_c004_idle_setup_000141000_000142500.mp4,v22.mp4,COLLAR,IDLE_SETUP,IDLE_SETUP,IDLE_SETUP,True,True,BOTH_CORRECT
v22_s0008_c005_idle_setup_000142500_000144000.mp4,v22.mp4,COLLAR,IDLE_SETUP,IDLE_SETUP,IDLE_SETUP,True,True,BOTH_CORRECT
v22_s0008_c006_idle_setup_000144000_000145500.mp4,v22.mp4,COLLAR,IDLE_SETUP,IDLE_SETUP,IDLE_SETUP,True,True,BOTH_CORRECT
v22_s0008_c007_idle_setup_000145500_000147000.mp4,v22.mp4,COLLAR,IDLE_SETUP,IDLE_SETUP,IDLE_SETUP,True,True,BOTH_CORRECT
v22_s0009_c001_sewing_000147000_000148500.mp4,v22.mp4,COLLAR,SEWING,SEWING,SEWING,True,True,BOTH_CORRECT
v22_s0009_c002_sewing_000148500_000150000.mp4,v22.mp4,COLLAR,SEWING,SEWING,SEWING,True,True,BOTH_CORRECT
v22_s0009_c003_sewing_000150000_000151500.mp4,v22.mp4,COLLAR,SEWING,SEWING,SEWING,True,True,BOTH_CORRECT
v22_s0009_c004_sewing_000151500_000153000.mp4,v22.mp4,COLLAR,SEWING,SEWING,SEWING,True,True,BOTH_CORRECT
v22_s0009_c005_sewing_000153000_000154500.mp4,v22.mp4,COLLAR,SEWING,SEWING,SEWING,True,True,BOTH_CORRECT
v22_s0009_c006_sewing_000154500_000156000.mp4,v22.mp4,COLLAR,SEWING,SEWING,SEWING,True,True,BOTH_CORRECT
v22_s0009_c007_sewing_000156000_000157500.mp4,v22.mp4,COLLAR,SEWING,SEWING,SEWING,True,True,BOTH_CORRECT
v22_s0009_c008_sewing_000157500_000159000.mp4,v22.mp4,COLLAR,SEWING,SEWING,SEWING,True,True,BOTH_CORRECT
v22_s0009_c009_sewing_000159000_000160500.mp4,v22.mp4,COLLAR,SEWING,SEWING,SEWING,True,True,BOTH_CORRECT
v22_s0009_c010_sewing_000160500_000162000.mp4,v22.mp4,COLLAR,SEWING,SEWING,SEWING,True,True,BOTH_CORRECT
v22_s0009_c011_sewing_000162000_000163500.mp4,v22.mp4,COLLAR,SEWING,SEWING,SEWING,True,True,BOTH_CORRECT
v22_s0009_c012_sewing_000163500_000165000.mp4,v22.mp4,COLLAR,SEWING,SEWING,SEWING,True,True,BOTH_CORRECT
v22_s0009_c013_sewing_000165000_000166500.mp4,v22.mp4,COLLAR,SEWING,SEWING,SEWING,True,True,BOTH_CORRECT
v22_s0009_c014_sewing_000166500_000168000.mp4,v22.mp4,COLLAR,SEWING,IDLE_SETUP,IDLE_SETUP,False,False,BOTH_WRONG
v22_s0010_c001_idle_setup_000169000_000170500.mp4,v22.mp4,COLLAR,IDLE_SETUP,IDLE_SETUP,IDLE_SETUP,True,True,BOTH_CORRECT
v22_s0010_c002_idle_setup_000170500_000172000.mp4,v22.mp4,COLLAR,IDLE_SETUP,IDLE_SETUP,IDLE_SETUP,True,True,BOTH_CORRECT
v22_s0010_c003_idle_setup_000172000_000173500.mp4,v22.mp4,COLLAR,IDLE_SETUP,IDLE_SETUP,IDLE_SETUP,True,True,BOTH_CORRECT
v22_s0010_c004_idle_setup_000173500_000175000.mp4,v22.mp4,COLLAR,IDLE_SETUP,IDLE_SETUP,IDLE_SETUP,True,True,BOTH_CORRECT
v22_s0010_c005_idle_setup_000175000_000176500.mp4,v22.mp4,COLLAR,IDLE_SETUP,IDLE_SETUP,IDLE_SETUP,True,True,BOTH_CORRECT
v22_s0011_c001_sewing_000177000_000178500.mp4,v22.mp4,COLLAR,SEWING,SEWING,SEWING,True,True,BOTH_CORRECT
v22_s0011_c002_sewing_000178500_000180000.mp4,v22.mp4,COLLAR,SEWING,SEWING,SEWING,True,True,BOTH_CORRECT
v22_s0011_c003_sewing_000180000_000181500.mp4,v22.mp4,COLLAR,SEWING,SEWING,SEWING,True,True,BOTH_CORRECT
v22_s0011_c004_sewing_000181500_000183000.mp4,v22.mp4,COLLAR,SEWING,SEWING,SEWING,True,True,BOTH_CORRECT
v22_s0011_c005_sewing_000183000_000184500.mp4,v22.mp4,COLLAR,SEWING,SEWING,SEWING,True,True,BOTH_CORRECT
v22_s0011_c006_sewing_000184500_000186000.mp4,v22.mp4,COLLAR,SEWING,SEWING,SEWING,True,True,BOTH_CORRECT
v22_s0011_c007_sewing_000186000_000187500.mp4,v22.mp4,COLLAR,SEWING,SEWING,SEWING,True,True,BOTH_CORRECT
v22_s0011_c008_sewing_000187500_000189000.mp4,v22.mp4,COLLAR,SEWING,SEWING,SEWING,True,True,BOTH_CORRECT
v22_s0011_c009_sewing_000189000_000190500.mp4,v22.mp4,COLLAR,SEWING,SEWING,SEWING,True,True,BOTH_CORRECT
v22_s0011_c010_sewing_000190500_000192000.mp4,v22.mp4,COLLAR,SEWING,SEWING,SEWING,True,True,BOTH_CORRECT
v22_s0011_c011_sewing_000192000_000193500.mp4,v22.mp4,COLLAR,SEWING,SEWING,SEWING,True,True,BOTH_CORRECT
v22_s0011_c012_sewing_000193500_000195000.mp4,v22.mp4,COLLAR,SEWING,SEWING,SEWING,True,True,BOTH_CORRECT
v22_s0011_c013_sewing_000195000_000196500.mp4,v22.mp4,COLLAR,SEWING,SEWING,SEWING,True,True,BOTH_CORRECT
v26_s0001_c001_idle_setup_000000000_000001500.mp4,v26.mp4,SLEEVE,IDLE_SETUP,IDLE_SETUP,IDLE_SETUP,True,True,BOTH_CORRECT
v26_s0001_c002_idle_setup_000001500_000003000.mp4,v26.mp4,SLEEVE,IDLE_SETUP,IDLE_SETUP,IDLE_SETUP,True,True,BOTH_CORRECT
v26_s0002_c001_sewing_000004270_000005770.mp4,v26.mp4,SLEEVE,SEWING,SEWING,SEWING,True,True,BOTH_CORRECT
v26_s0002_c002_sewing_000005770_000007270.mp4,v26.mp4,SLEEVE,SEWING,SEWING,SEWING,True,True,BOTH_CORRECT
v26_s0002_c003_sewing_000007270_000008770.mp4,v26.mp4,SLEEVE,SEWING,SEWING,SEWING,True,True,BOTH_CORRECT
v26_s0002_c004_sewing_000008770_000010270.mp4,v26.mp4,SLEEVE,SEWING,SEWING,SEWING,True,True,BOTH_CORRECT
v26_s0002_c005_sewing_000010270_000011770.mp4,v26.mp4,SLEEVE,SEWING,SEWING,SEWING,True,True,BOTH_CORRECT
v26_s0002_c006_sewing_000011770_000013270.mp4,v26.mp4,SLEEVE,SEWING,SEWING,SEWING,True,True,BOTH_CORRECT
v26_s0002_c007_sewing_000013270_000014770.mp4,v26.mp4,SLEEVE,SEWING,SEWING,SEWING,True,True,BOTH_CORRECT
v26_s0002_c008_sewing_000014770_000016270.mp4,v26.mp4,SLEEVE,SEWING,SEWING,SEWING,True,True,BOTH_CORRECT
v26_s0003_c001_idle_setup_000017146_000018646.mp4,v26.mp4,SLEEVE,IDLE_SETUP,IDLE_SETUP,IDLE_SETUP,True,True,BOTH_CORRECT
v26_s0003_c002_idle_setup_000018646_000020146.mp4,v26.mp4,SLEEVE,IDLE_SETUP,IDLE_SETUP,IDLE_SETUP,True,True,BOTH_CORRECT
v26_s0003_c003_idle_setup_000020146_000021646.mp4,v26.mp4,SLEEVE,IDLE_SETUP,IDLE_SETUP,IDLE_SETUP,True,True,BOTH_CORRECT
v26_s0003_c004_idle_setup_000021646_000023146.mp4,v26.mp4,SLEEVE,IDLE_SETUP,IDLE_SETUP,IDLE_SETUP,True,True,BOTH_CORRECT
v26_s0004_c001_sewing_000023484_000024984.mp4,v26.mp4,SLEEVE,SEWING,SEWING,SEWING,True,True,BOTH_CORRECT
v26_s0004_c002_sewing_000024984_000026484.mp4,v26.mp4,SLEEVE,SEWING,SEWING,SEWING,True,True,BOTH_CORRECT
v26_s0004_c003_sewing_000026484_000027984.mp4,v26.mp4,SLEEVE,SEWING,SEWING,SEWING,True,True,BOTH_CORRECT
v26_s0004_c004_sewing_000027984_000029484.mp4,v26.mp4,SLEEVE,SEWING,SEWING,SEWING,True,True,BOTH_CORRECT
v26_s0004_c005_sewing_000029484_000030984.mp4,v26.mp4,SLEEVE,SEWING,SEWING,SEWING,True,True,BOTH_CORRECT
v26_s0004_c006_sewing_000030984_000032484.mp4,v26.mp4,SLEEVE,SEWING,SEWING,SEWING,True,True,BOTH_CORRECT
v26_s0005_c001_idle_setup_000033691_000035191.mp4,v26.mp4,SLEEVE,IDLE_SETUP,IDLE_SETUP,IDLE_SETUP,True,True,BOTH_CORRECT
v26_s0005_c002_idle_setup_000035191_000036691.mp4,v26.mp4,SLEEVE,IDLE_SETUP,IDLE_SETUP,IDLE_SETUP,True,True,BOTH_CORRECT
v26_s0005_c003_idle_setup_000036691_000038191.mp4,v26.mp4,SLEEVE,IDLE_SETUP,IDLE_SETUP,IDLE_SETUP,True,True,BOTH_CORRECT
v26_s0006_c001_sewing_000038728_000040228.mp4,v26.mp4,SLEEVE,SEWING,SEWING,SEWING,True,True,BOTH_CORRECT
v26_s0006_c002_sewing_000040228_000041728.mp4,v26.mp4,SLEEVE,SEWING,SEWING,SEWING,True,True,BOTH_CORRECT
v26_s0006_c003_sewing_000041728_000043228.mp4,v26.mp4,SLEEVE,SEWING,SEWING,SEWING,True,True,BOTH_CORRECT
v26_s0006_c004_sewing_000043228_000044728.mp4,v26.mp4,SLEEVE,SEWING,SEWING,SEWING,True,True,BOTH_CORRECT
v26_s0006_c005_sewing_000044728_000046228.mp4,v26.mp4,SLEEVE,SEWING,SEWING,SEWING,True,True,BOTH_CORRECT
v26_s0006_c006_sewing_000046228_000047728.mp4,v26.mp4,SLEEVE,SEWING,SEWING,SEWING,True,True,BOTH_CORRECT
v26_s0007_c001_idle_setup_000048802_000050302.mp4,v26.mp4,SLEEVE,IDLE_SETUP,IDLE_SETUP,IDLE_SETUP,True,True,BOTH_CORRECT
v26_s0007_c002_idle_setup_000050302_000051802.mp4,v26.mp4,SLEEVE,IDLE_SETUP,IDLE_SETUP,IDLE_SETUP,True,True,BOTH_CORRECT
v26_s0007_c003_idle_setup_000051802_000053302.mp4,v26.mp4,SLEEVE,IDLE_SETUP,IDLE_SETUP,IDLE_SETUP,True,True,BOTH_CORRECT
v26_s0008_c001_sewing_000054173_000055673.mp4,v26.mp4,SLEEVE,SEWING,SEWING,SEWING,True,True,BOTH_CORRECT
v26_s0008_c002_sewing_000055673_000057173.mp4,v26.mp4,SLEEVE,SEWING,SEWING,SEWING,True,True,BOTH_CORRECT
v26_s0008_c003_sewing_000057173_000058673.mp4,v26.mp4,SLEEVE,SEWING,SEWING,SEWING,True,True,BOTH_CORRECT
v26_s0008_c004_sewing_000058673_000060173.mp4,v26.mp4,SLEEVE,SEWING,SEWING,SEWING,True,True,BOTH_CORRECT
v26_s0008_c005_sewing_000060173_000061673.mp4,v26.mp4,SLEEVE,SEWING,SEWING,SEWING,True,True,BOTH_CORRECT
v26_s0008_c006_sewing_000061673_000063173.mp4,v26.mp4,SLEEVE,SEWING,SEWING,SEWING,True,True,BOTH_CORRECT
v26_s0008_c007_sewing_000063173_000064673.mp4,v26.mp4,SLEEVE,SEWING,SEWING,SEWING,True,True,BOTH_CORRECT
v26_s0009_c001_idle_setup_000064880_000066380.mp4,v26.mp4,SLEEVE,IDLE_SETUP,IDLE_SETUP,IDLE_SETUP,True,True,BOTH_CORRECT
v26_s0009_c002_idle_setup_000066380_000067880.mp4,v26.mp4,SLEEVE,IDLE_SETUP,IDLE_SETUP,IDLE_SETUP,True,True,BOTH_CORRECT
v26_s0009_c003_idle_setup_000067880_000069380.mp4,v26.mp4,SLEEVE,IDLE_SETUP,IDLE_SETUP,IDLE_SETUP,True,True,BOTH_CORRECT
v26_s0009_c004_idle_setup_000069380_000070880.mp4,v26.mp4,SLEEVE,IDLE_SETUP,IDLE_SETUP,IDLE_SETUP,True,True,BOTH_CORRECT
v26_s0010_c001_sewing_000071318_000072818.mp4,v26.mp4,SLEEVE,SEWING,SEWING,SEWING,True,True,BOTH_CORRECT
v26_s0010_c002_sewing_000072818_000074318.mp4,v26.mp4,SLEEVE,SEWING,SEWING,SEWING,True,True,BOTH_CORRECT
v26_s0010_c003_sewing_000074318_000075818.mp4,v26.mp4,SLEEVE,SEWING,SEWING,SEWING,True,True,BOTH_CORRECT
v26_s0010_c004_sewing_000075818_000077318.mp4,v26.mp4,SLEEVE,SEWING,SEWING,SEWING,True,True,BOTH_CORRECT
v26_s0010_c005_sewing_000077318_000078818.mp4,v26.mp4,SLEEVE,SEWING,SEWING,SEWING,True,True,BOTH_CORRECT
v26_s0010_c006_sewing_000078818_000080318.mp4,v26.mp4,SLEEVE,SEWING,SEWING,SEWING,True,True,BOTH_CORRECT
v26_s0011_c001_idle_setup_000081192_000082692.mp4,v26.mp4,SLEEVE,IDLE_SETUP,IDLE_SETUP,IDLE_SETUP,True,True,BOTH_CORRECT
v26_s0011_c002_idle_setup_000082692_000084192.mp4,v26.mp4,SLEEVE,IDLE_SETUP,IDLE_SETUP,IDLE_SETUP,True,True,BOTH_CORRECT
v26_s0011_c003_idle_setup_000084192_000085692.mp4,v26.mp4,SLEEVE,IDLE_SETUP,IDLE_SETUP,IDLE_SETUP,True,True,BOTH_CORRECT
v26_s0012_c001_sewing_000086529_000088029.mp4,v26.mp4,SLEEVE,SEWING,SEWING,SEWING,True,True,BOTH_CORRECT
v26_s0012_c002_sewing_000088029_000089529.mp4,v26.mp4,SLEEVE,SEWING,SEWING,SEWING,True,True,BOTH_CORRECT
v26_s0012_c003_sewing_000089529_000091029.mp4,v26.mp4,SLEEVE,SEWING,SEWING,SEWING,True,True,BOTH_CORRECT
v26_s0012_c004_sewing_000091029_000092529.mp4,v26.mp4,SLEEVE,SEWING,SEWING,SEWING,True,True,BOTH_CORRECT
v26_s0012_c005_sewing_000092529_000094029.mp4,v26.mp4,SLEEVE,SEWING,SEWING,SEWING,True,True,BOTH_CORRECT
v26_s0012_c006_sewing_000094029_000095529.mp4,v26.mp4,SLEEVE,SEWING,SEWING,SEWING,True,True,BOTH_CORRECT
v26_s0012_c007_sewing_000095529_000097029.mp4,v26.mp4,SLEEVE,SEWING,SEWING,SEWING,True,True,BOTH_CORRECT
v39_s0001_c001_idle_setup_000000000_000001500.mp4,v39.mp4,POCKET,IDLE_SETUP,IDLE_SETUP,IDLE_SETUP,True,True,BOTH_CORRECT
v39_s0001_c002_idle_setup_000001500_000003000.mp4,v39.mp4,POCKET,IDLE_SETUP,IDLE_SETUP,IDLE_SETUP,True,True,BOTH_CORRECT
v39_s0002_c001_sewing_000004036_000005536.mp4,v39.mp4,POCKET,SEWING,IDLE_SETUP,IDLE_SETUP,False,False,BOTH_WRONG
v39_s0002_c002_sewing_000005536_000007036.mp4,v39.mp4,POCKET,SEWING,SEWING,SEWING,True,True,BOTH_CORRECT
v39_s0002_c003_sewing_000007036_000008536.mp4,v39.mp4,POCKET,SEWING,SEWING,SEWING,True,True,BOTH_CORRECT
v39_s0002_c004_sewing_000008536_000010036.mp4,v39.mp4,POCKET,SEWING,SEWING,SEWING,True,True,BOTH_CORRECT
v39_s0002_c005_sewing_000010036_000011536.mp4,v39.mp4,POCKET,SEWING,SEWING,SEWING,True,True,BOTH_CORRECT
v39_s0002_c006_sewing_000011536_000013036.mp4,v39.mp4,POCKET,SEWING,SEWING,SEWING,True,True,BOTH_CORRECT
v39_s0002_c007_sewing_000013036_000014536.mp4,v39.mp4,POCKET,SEWING,SEWING,SEWING,True,True,BOTH_CORRECT
v39_s0002_c008_sewing_000014536_000016036.mp4,v39.mp4,POCKET,SEWING,SEWING,SEWING,True,True,BOTH_CORRECT
v39_s0002_c009_sewing_000016036_000017536.mp4,v39.mp4,POCKET,SEWING,SEWING,SEWING,True,True,BOTH_CORRECT
v39_s0002_c010_sewing_000017536_000019036.mp4,v39.mp4,POCKET,SEWING,SEWING,SEWING,True,True,BOTH_CORRECT
v39_s0002_c011_sewing_000019036_000020536.mp4,v39.mp4,POCKET,SEWING,SEWING,SEWING,True,True,BOTH_CORRECT
v39_s0002_c012_sewing_000020536_000022036.mp4,v39.mp4,POCKET,SEWING,SEWING,SEWING,True,True,BOTH_CORRECT
v39_s0002_c013_sewing_000022036_000023536.mp4,v39.mp4,POCKET,SEWING,SEWING,SEWING,True,True,BOTH_CORRECT
v39_s0002_c014_sewing_000023536_000025036.mp4,v39.mp4,POCKET,SEWING,SEWING,SEWING,True,True,BOTH_CORRECT
v39_s0002_c015_sewing_000025036_000026536.mp4,v39.mp4,POCKET,SEWING,SEWING,SEWING,True,True,BOTH_CORRECT
v39_s0002_c016_sewing_000026536_000028036.mp4,v39.mp4,POCKET,SEWING,SEWING,SEWING,True,True,BOTH_CORRECT
v39_s0003_c001_idle_setup_000028689_000030189.mp4,v39.mp4,POCKET,IDLE_SETUP,IDLE_SETUP,IDLE_SETUP,True,True,BOTH_CORRECT
v39_s0003_c002_idle_setup_000030189_000031689.mp4,v39.mp4,POCKET,IDLE_SETUP,IDLE_SETUP,IDLE_SETUP,True,True,BOTH_CORRECT
v39_s0003_c003_idle_setup_000031689_000033189.mp4,v39.mp4,POCKET,IDLE_SETUP,IDLE_SETUP,IDLE_SETUP,True,True,BOTH_CORRECT
v39_s0003_c004_idle_setup_000033189_000034689.mp4,v39.mp4,POCKET,IDLE_SETUP,IDLE_SETUP,IDLE_SETUP,True,True,BOTH_CORRECT
v39_s0003_c005_idle_setup_000034689_000036189.mp4,v39.mp4,POCKET,IDLE_SETUP,IDLE_SETUP,IDLE_SETUP,True,True,BOTH_CORRECT
v39_s0003_c006_idle_setup_000036189_000037689.mp4,v39.mp4,POCKET,IDLE_SETUP,IDLE_SETUP,IDLE_SETUP,True,True,BOTH_CORRECT
v39_s0004_c001_sewing_000037729_000039229.mp4,v39.mp4,POCKET,SEWING,SEWING,SEWING,True,True,BOTH_CORRECT
v39_s0004_c002_sewing_000039229_000040729.mp4,v39.mp4,POCKET,SEWING,SEWING,SEWING,True,True,BOTH_CORRECT
v39_s0004_c003_sewing_000040729_000042229.mp4,v39.mp4,POCKET,SEWING,SEWING,SEWING,True,True,BOTH_CORRECT
v39_s0004_c004_sewing_000042229_000043729.mp4,v39.mp4,POCKET,SEWING,SEWING,SEWING,True,True,BOTH_CORRECT
v39_s0004_c005_sewing_000043729_000045229.mp4,v39.mp4,POCKET,SEWING,SEWING,SEWING,True,True,BOTH_CORRECT
v39_s0004_c006_sewing_000045229_000046729.mp4,v39.mp4,POCKET,SEWING,SEWING,SEWING,True,True,BOTH_CORRECT
v39_s0004_c007_sewing_000046729_000048229.mp4,v39.mp4,POCKET,SEWING,SEWING,SEWING,True,True,BOTH_CORRECT
v39_s0004_c008_sewing_000048229_000049729.mp4,v39.mp4,POCKET,SEWING,SEWING,SEWING,True,True,BOTH_CORRECT
v39_s0004_c009_sewing_000049729_000051229.mp4,v39.mp4,POCKET,SEWING,SEWING,SEWING,True,True,BOTH_CORRECT
v39_s0004_c010_sewing_000051229_000052729.mp4,v39.mp4,POCKET,SEWING,SEWING,SEWING,True,True,BOTH_CORRECT
v39_s0004_c011_sewing_000052729_000054229.mp4,v39.mp4,POCKET,SEWING,SEWING,SEWING,True,True,BOTH_CORRECT
v39_s0004_c012_sewing_000054229_000055729.mp4,v39.mp4,POCKET,SEWING,SEWING,SEWING,True,True,BOTH_CORRECT
v39_s0004_c013_sewing_000055729_000057229.mp4,v39.mp4,POCKET,SEWING,SEWING,SEWING,True,True,BOTH_CORRECT
v39_s0004_c014_sewing_000057229_000058729.mp4,v39.mp4,POCKET,SEWING,SEWING,SEWING,True,True,BOTH_CORRECT
v39_s0004_c015_sewing_000058729_000060229.mp4,v39.mp4,POCKET,SEWING,SEWING,SEWING,True,True,BOTH_CORRECT
v39_s0005_c001_idle_setup_000061414_000062914.mp4,v39.mp4,POCKET,IDLE_SETUP,IDLE_SETUP,IDLE_SETUP,True,True,BOTH_CORRECT
v39_s0005_c002_idle_setup_000062914_000064414.mp4,v39.mp4,POCKET,IDLE_SETUP,IDLE_SETUP,IDLE_SETUP,True,True,BOTH_CORRECT
v39_s0005_c003_idle_setup_000064414_000065914.mp4,v39.mp4,POCKET,IDLE_SETUP,IDLE_SETUP,IDLE_SETUP,True,True,BOTH_CORRECT
v39_s0005_c004_idle_setup_000065914_000067414.mp4,v39.mp4,POCKET,IDLE_SETUP,IDLE_SETUP,IDLE_SETUP,True,True,BOTH_CORRECT
v39_s0005_c005_idle_setup_000067414_000068914.mp4,v39.mp4,POCKET,IDLE_SETUP,IDLE_SETUP,IDLE_SETUP,True,True,BOTH_CORRECT
v39_s0005_c006_idle_setup_000068914_000070414.mp4,v39.mp4,POCKET,IDLE_SETUP,SEWING,SEWING,False,False,BOTH_WRONG
v39_s0006_c001_sewing_000071155_000072655.mp4,v39.mp4,POCKET,SEWING,SEWING,SEWING,True,True,BOTH_CORRECT
v39_s0006_c002_sewing_000072655_000074155.mp4,v39.mp4,POCKET,SEWING,SEWING,SEWING,True,True,BOTH_CORRECT
v39_s0006_c003_sewing_000074155_000075655.mp4,v39.mp4,POCKET,SEWING,SEWING,SEWING,True,True,BOTH_CORRECT
v39_s0006_c004_sewing_000075655_000077155.mp4,v39.mp4,POCKET,SEWING,SEWING,SEWING,True,True,BOTH_CORRECT
v39_s0006_c005_sewing_000077155_000078655.mp4,v39.mp4,POCKET,SEWING,SEWING,SEWING,True,True,BOTH_CORRECT
v39_s0006_c006_sewing_000078655_000080155.mp4,v39.mp4,POCKET,SEWING,SEWING,SEWING,True,True,BOTH_CORRECT
v39_s0006_c007_sewing_000080155_000081655.mp4,v39.mp4,POCKET,SEWING,SEWING,SEWING,True,True,BOTH_CORRECT
v39_s0006_c008_sewing_000081655_000083155.mp4,v39.mp4,POCKET,SEWING,SEWING,SEWING,True,True,BOTH_CORRECT
v39_s0006_c009_sewing_000083155_000084655.mp4,v39.mp4,POCKET,SEWING,SEWING,SEWING,True,True,BOTH_CORRECT
v39_s0006_c010_sewing_000084655_000086155.mp4,v39.mp4,POCKET,SEWING,SEWING,SEWING,True,True,BOTH_CORRECT
v39_s0006_c011_sewing_000086155_000087655.mp4,v39.mp4,POCKET,SEWING,SEWING,SEWING,True,True,BOTH_CORRECT
v39_s0006_c012_sewing_000087655_000089155.mp4,v39.mp4,POCKET,SEWING,SEWING,SEWING,True,True,BOTH_CORRECT
v39_s0006_c013_sewing_000089155_000090655.mp4,v39.mp4,POCKET,SEWING,SEWING,SEWING,True,True,BOTH_CORRECT
v39_s0006_c014_sewing_000090655_000092155.mp4,v39.mp4,POCKET,SEWING,SEWING,SEWING,True,True,BOTH_CORRECT
v39_s0006_c015_sewing_000092155_000093655.mp4,v39.mp4,POCKET,SEWING,SEWING,SEWING,True,True,BOTH_CORRECT
v39_s0007_c001_idle_setup_000094506_000096006.mp4,v39.mp4,POCKET,IDLE_SETUP,IDLE_SETUP,IDLE_SETUP,True,True,BOTH_CORRECT
v39_s0007_c002_idle_setup_000096006_000097506.mp4,v39.mp4,POCKET,IDLE_SETUP,IDLE_SETUP,IDLE_SETUP,True,True,BOTH_CORRECT
v39_s0007_c003_idle_setup_000097506_000099006.mp4,v39.mp4,POCKET,IDLE_SETUP,IDLE_SETUP,IDLE_SETUP,True,True,BOTH_CORRECT
v39_s0007_c004_idle_setup_000099006_000100506.mp4,v39.mp4,POCKET,IDLE_SETUP,IDLE_SETUP,IDLE_SETUP,True,True,BOTH_CORRECT
v39_s0008_c001_sewing_000101645_000103145.mp4,v39.mp4,POCKET,SEWING,SEWING,SEWING,True,True,BOTH_CORRECT
v39_s0008_c002_sewing_000103145_000104645.mp4,v39.mp4,POCKET,SEWING,SEWING,SEWING,True,True,BOTH_CORRECT
v39_s0008_c003_sewing_000104645_000106145.mp4,v39.mp4,POCKET,SEWING,SEWING,SEWING,True,True,BOTH_CORRECT
v39_s0008_c004_sewing_000106145_000107645.mp4,v39.mp4,POCKET,SEWING,SEWING,SEWING,True,True,BOTH_CORRECT
v39_s0008_c005_sewing_000107645_000109145.mp4,v39.mp4,POCKET,SEWING,SEWING,SEWING,True,True,BOTH_CORRECT
v39_s0008_c006_sewing_000109145_000110645.mp4,v39.mp4,POCKET,SEWING,SEWING,SEWING,True,True,BOTH_CORRECT
v39_s0008_c007_sewing_000110645_000112145.mp4,v39.mp4,POCKET,SEWING,SEWING,SEWING,True,True,BOTH_CORRECT
v39_s0008_c008_sewing_000112145_000113645.mp4,v39.mp4,POCKET,SEWING,SEWING,SEWING,True,True,BOTH_CORRECT
v39_s0008_c009_sewing_000113645_000115145.mp4,v39.mp4,POCKET,SEWING,SEWING,SEWING,True,True,BOTH_CORRECT
v39_s0008_c010_sewing_000115145_000116645.mp4,v39.mp4,POCKET,SEWING,SEWING,SEWING,True,True,BOTH_CORRECT
v39_s0008_c011_sewing_000116645_000118145.mp4,v39.mp4,POCKET,SEWING,SEWING,SEWING,True,True,BOTH_CORRECT
v39_s0008_c012_sewing_000118145_000119645.mp4,v39.mp4,POCKET,SEWING,SEWING,SEWING,True,True,BOTH_CORRECT
v39_s0008_c013_sewing_000119645_000121145.mp4,v39.mp4,POCKET,SEWING,SEWING,SEWING,True,True,BOTH_CORRECT
v39_s0008_c014_sewing_000121145_000122645.mp4,v39.mp4,POCKET,SEWING,SEWING,SEWING,True,True,BOTH_CORRECT
v39_s0008_c015_sewing_000122645_000124145.mp4,v39.mp4,POCKET,SEWING,SEWING,SEWING,True,True,BOTH_CORRECT
v39_s0008_c016_sewing_000124145_000125645.mp4,v39.mp4,POCKET,SEWING,SEWING,SEWING,True,True,BOTH_CORRECT
v39_s0009_c001_idle_setup_000125830_000127330.mp4,v39.mp4,POCKET,IDLE_SETUP,IDLE_SETUP,IDLE_SETUP,True,True,BOTH_CORRECT
v39_s0009_c002_idle_setup_000127330_000128830.mp4,v39.mp4,POCKET,IDLE_SETUP,IDLE_SETUP,IDLE_SETUP,True,True,BOTH_CORRECT
v39_s0009_c003_idle_setup_000128830_000130330.mp4,v39.mp4,POCKET,IDLE_SETUP,IDLE_SETUP,IDLE_SETUP,True,True,BOTH_CORRECT
v39_s0009_c004_idle_setup_000130330_000131830.mp4,v39.mp4,POCKET,IDLE_SETUP,IDLE_SETUP,IDLE_SETUP,True,True,BOTH_CORRECT
v39_s0009_c005_idle_setup_000131830_000133330.mp4,v39.mp4,POCKET,IDLE_SETUP,IDLE_SETUP,IDLE_SETUP,True,True,BOTH_CORRECT
v39_s0010_c001_sewing_000133803_000135303.mp4,v39.mp4,POCKET,SEWING,SEWING,SEWING,True,True,BOTH_CORRECT
v39_s0010_c002_sewing_000135303_000136803.mp4,v39.mp4,POCKET,SEWING,IDLE_SETUP,IDLE_SETUP,False,False,BOTH_WRONG
v39_s0010_c003_sewing_000136803_000138303.mp4,v39.mp4,POCKET,SEWING,SEWING,SEWING,True,True,BOTH_CORRECT
v39_s0010_c004_sewing_000138303_000139803.mp4,v39.mp4,POCKET,SEWING,SEWING,SEWING,True,True,BOTH_CORRECT
v39_s0010_c005_sewing_000139803_000141303.mp4,v39.mp4,POCKET,SEWING,SEWING,SEWING,True,True,BOTH_CORRECT
v39_s0010_c006_sewing_000141303_000142803.mp4,v39.mp4,POCKET,SEWING,SEWING,SEWING,True,True,BOTH_CORRECT
v39_s0010_c007_sewing_000142803_000144303.mp4,v39.mp4,POCKET,SEWING,SEWING,SEWING,True,True,BOTH_CORRECT
v39_s0010_c008_sewing_000144303_000145803.mp4,v39.mp4,POCKET,SEWING,SEWING,SEWING,True,True,BOTH_CORRECT
v39_s0010_c009_sewing_000145803_000147303.mp4,v39.mp4,POCKET,SEWING,SEWING,SEWING,True,True,BOTH_CORRECT
v39_s0010_c010_sewing_000147303_000148803.mp4,v39.mp4,POCKET,SEWING,SEWING,SEWING,True,True,BOTH_CORRECT
v39_s0010_c011_sewing_000148803_000150303.mp4,v39.mp4,POCKET,SEWING,SEWING,SEWING,True,True,BOTH_CORRECT
v39_s0010_c012_sewing_000150303_000151803.mp4,v39.mp4,POCKET,SEWING,SEWING,SEWING,True,True,BOTH_CORRECT
v39_s0010_c013_sewing_000151803_000153303.mp4,v39.mp4,POCKET,SEWING,SEWING,SEWING,True,True,BOTH_CORRECT
v39_s0010_c014_sewing_000153303_000154803.mp4,v39.mp4,POCKET,SEWING,SEWING,SEWING,True,True,BOTH_CORRECT
v39_s0010_c015_sewing_000154803_000156303.mp4,v39.mp4,POCKET,SEWING,SEWING,SEWING,True,True,BOTH_CORRECT
v39_s0010_c016_sewing_000156303_000157803.mp4,v39.mp4,POCKET,SEWING,SEWING,SEWING,True,True,BOTH_CORRECT
v39_s0010_c017_sewing_000157803_000159303.mp4,v39.mp4,POCKET,SEWING,SEWING,SEWING,True,True,BOTH_CORRECT
v39_s0011_c001_idle_setup_000160424_000161924.mp4,v39.mp4,POCKET,IDLE_SETUP,IDLE_SETUP,IDLE_SETUP,True,True,BOTH_CORRECT
v39_s0011_c002_idle_setup_000161924_000163424.mp4,v39.mp4,POCKET,IDLE_SETUP,IDLE_SETUP,IDLE_SETUP,True,True,BOTH_CORRECT
v39_s0011_c003_idle_setup_000163424_000164924.mp4,v39.mp4,POCKET,IDLE_SETUP,IDLE_SETUP,IDLE_SETUP,True,True,BOTH_CORRECT
v39_s0011_c004_idle_setup_000164924_000166424.mp4,v39.mp4,POCKET,IDLE_SETUP,IDLE_SETUP,IDLE_SETUP,True,True,BOTH_CORRECT
v39_s0011_c005_idle_setup_000166424_000167924.mp4,v39.mp4,POCKET,IDLE_SETUP,IDLE_SETUP,IDLE_SETUP,True,True,BOTH_CORRECT
v39_s0012_c001_sewing_000169297_000170797.mp4,v39.mp4,POCKET,SEWING,SEWING,SEWING,True,True,BOTH_CORRECT
v39_s0012_c002_sewing_000170797_000172297.mp4,v39.mp4,POCKET,SEWING,SEWING,SEWING,True,True,BOTH_CORRECT
v39_s0012_c003_sewing_000172297_000173797.mp4,v39.mp4,POCKET,SEWING,SEWING,SEWING,True,True,BOTH_CORRECT
v39_s0012_c004_sewing_000173797_000175297.mp4,v39.mp4,POCKET,SEWING,SEWING,SEWING,True,True,BOTH_CORRECT
v39_s0012_c005_sewing_000175297_000176797.mp4,v39.mp4,POCKET,SEWING,SEWING,SEWING,True,True,BOTH_CORRECT
v39_s0012_c006_sewing_000176797_000178297.mp4,v39.mp4,POCKET,SEWING,SEWING,SEWING,True,True,BOTH_CORRECT
v39_s0012_c007_sewing_000178297_000179797.mp4,v39.mp4,POCKET,SEWING,SEWING,SEWING,True,True,BOTH_CORRECT
v39_s0012_c008_sewing_000179797_000181297.mp4,v39.mp4,POCKET,SEWING,SEWING,SEWING,True,True,BOTH_CORRECT
v39_s0012_c009_sewing_000181297_000182797.mp4,v39.mp4,POCKET,SEWING,SEWING,SEWING,True,True,BOTH_CORRECT
v39_s0012_c010_sewing_000182797_000184297.mp4,v39.mp4,POCKET,SEWING,SEWING,SEWING,True,True,BOTH_CORRECT
v39_s0012_c011_sewing_000184297_000185797.mp4,v39.mp4,POCKET,SEWING,SEWING,SEWING,True,True,BOTH_CORRECT
v39_s0012_c012_sewing_000185797_000187297.mp4,v39.mp4,POCKET,SEWING,SEWING,SEWING,True,True,BOTH_CORRECT
v39_s0012_c013_sewing_000187297_000188797.mp4,v39.mp4,POCKET,SEWING,SEWING,SEWING,True,True,BOTH_CORRECT
v39_s0012_c014_sewing_000188797_000190297.mp4,v39.mp4,POCKET,SEWING,SEWING,SEWING,True,True,BOTH_CORRECT
v39_s0012_c015_sewing_000190297_000191797.mp4,v39.mp4,POCKET,SEWING,SEWING,SEWING,True,True,BOTH_CORRECT
v39_s0012_c016_sewing_000191797_000193297.mp4,v39.mp4,POCKET,SEWING,SEWING,SEWING,True,True,BOTH_CORRECT
v39_s0012_c017_sewing_000193297_000194797.mp4,v39.mp4,POCKET,SEWING,SEWING,SEWING,True,True,BOTH_CORRECT
v39_s0012_c018_sewing_000194797_000196297.mp4,v39.mp4,POCKET,SEWING,SEWING,SEWING,True,True,BOTH_CORRECT
v39_s0012_c019_sewing_000196297_000197797.mp4,v39.mp4,POCKET,SEWING,SEWING,SEWING,True,True,BOTH_CORRECT
v39_s0013_c001_idle_setup_000197819_000199319.mp4,v39.mp4,POCKET,IDLE_SETUP,IDLE_SETUP,IDLE_SETUP,True,True,BOTH_CORRECT
v39_s0013_c002_idle_setup_000199319_000200819.mp4,v39.mp4,POCKET,IDLE_SETUP,IDLE_SETUP,IDLE_SETUP,True,True,BOTH_CORRECT
v39_s0013_c003_idle_setup_000200819_000202319.mp4,v39.mp4,POCKET,IDLE_SETUP,IDLE_SETUP,IDLE_SETUP,True,True,BOTH_CORRECT
v39_s0013_c004_idle_setup_000202319_000203819.mp4,v39.mp4,POCKET,IDLE_SETUP,IDLE_SETUP,IDLE_SETUP,True,True,BOTH_CORRECT
v39_s0013_c005_idle_setup_000203819_000205319.mp4,v39.mp4,POCKET,IDLE_SETUP,IDLE_SETUP,IDLE_SETUP,True,True,BOTH_CORRECT
v39_s0013_c006_idle_setup_000205319_000206819.mp4,v39.mp4,POCKET,IDLE_SETUP,IDLE_SETUP,IDLE_SETUP,True,True,BOTH_CORRECT
v39_s0013_c007_idle_setup_000206819_000208319.mp4,v39.mp4,POCKET,IDLE_SETUP,IDLE_SETUP,IDLE_SETUP,True,True,BOTH_CORRECT
v39_s0013_c008_idle_setup_000208319_000209819.mp4,v39.mp4,POCKET,IDLE_SETUP,IDLE_SETUP,IDLE_SETUP,True,True,BOTH_CORRECT
v39_s0013_c009_idle_setup_000209819_000211319.mp4,v39.mp4,POCKET,IDLE_SETUP,IDLE_SETUP,IDLE_SETUP,True,True,BOTH_CORRECT
v39_s0014_c001_sewing_000211730_000213230.mp4,v39.mp4,POCKET,SEWING,SEWING,SEWING,True,True,BOTH_CORRECT
v39_s0014_c002_sewing_000213230_000214730.mp4,v39.mp4,POCKET,SEWING,SEWING,SEWING,True,True,BOTH_CORRECT
v39_s0014_c003_sewing_000214730_000216230.mp4,v39.mp4,POCKET,SEWING,SEWING,SEWING,True,True,BOTH_CORRECT
v39_s0014_c004_sewing_000216230_000217730.mp4,v39.mp4,POCKET,SEWING,SEWING,SEWING,True,True,BOTH_CORRECT
v39_s0014_c005_sewing_000217730_000219230.mp4,v39.mp4,POCKET,SEWING,SEWING,SEWING,True,True,BOTH_CORRECT
v39_s0014_c006_sewing_000219230_000220730.mp4,v39.mp4,POCKET,SEWING,SEWING,SEWING,True,True,BOTH_CORRECT
v39_s0014_c007_sewing_000220730_000222230.mp4,v39.mp4,POCKET,SEWING,SEWING,SEWING,True,True,BOTH_CORRECT
v39_s0014_c008_sewing_000222230_000223730.mp4,v39.mp4,POCKET,SEWING,SEWING,SEWING,True,True,BOTH_CORRECT
v39_s0014_c009_sewing_000223730_000225230.mp4,v39.mp4,POCKET,SEWING,SEWING,SEWING,True,True,BOTH_CORRECT
v39_s0014_c010_sewing_000225230_000226730.mp4,v39.mp4,POCKET,SEWING,SEWING,SEWING,True,True,BOTH_CORRECT
v39_s0014_c011_sewing_000226730_000228230.mp4,v39.mp4,POCKET,SEWING,SEWING,SEWING,True,True,BOTH_CORRECT
v39_s0014_c012_sewing_000228230_000229730.mp4,v39.mp4,POCKET,SEWING,SEWING,SEWING,True,True,BOTH_CORRECT
v39_s0014_c013_sewing_000229730_000231230.mp4,v39.mp4,POCKET,SEWING,SEWING,SEWING,True,True,BOTH_CORRECT
v39_s0014_c014_sewing_000231230_000232730.mp4,v39.mp4,POCKET,SEWING,SEWING,SEWING,True,True,BOTH_CORRECT
v39_s0014_c015_sewing_000232730_000234230.mp4,v39.mp4,POCKET,SEWING,SEWING,SEWING,True,True,BOTH_CORRECT
v39_s0014_c016_sewing_000234230_000235730.mp4,v39.mp4,POCKET,SEWING,SEWING,SEWING,True,True,BOTH_CORRECT
v39_s0015_c001_idle_setup_000235848_000237348.mp4,v39.mp4,POCKET,IDLE_SETUP,IDLE_SETUP,IDLE_SETUP,True,True,BOTH_CORRECT
v39_s0015_c002_idle_setup_000237348_000238848.mp4,v39.mp4,POCKET,IDLE_SETUP,IDLE_SETUP,IDLE_SETUP,True,True,BOTH_CORRECT
v39_s0015_c003_idle_setup_000238848_000240348.mp4,v39.mp4,POCKET,IDLE_SETUP,IDLE_SETUP,IDLE_SETUP,True,True,BOTH_CORRECT
v39_s0015_c004_idle_setup_000240348_000241848.mp4,v39.mp4,POCKET,IDLE_SETUP,IDLE_SETUP,IDLE_SETUP,True,True,BOTH_CORRECT
v39_s0016_c001_sewing_000242653_000244153.mp4,v39.mp4,POCKET,SEWING,SEWING,SEWING,True,True,BOTH_CORRECT
v39_s0016_c002_sewing_000244153_000245653.mp4,v39.mp4,POCKET,SEWING,SEWING,SEWING,True,True,BOTH_CORRECT
v39_s0016_c003_sewing_000245653_000247153.mp4,v39.mp4,POCKET,SEWING,SEWING,SEWING,True,True,BOTH_CORRECT
v39_s0016_c004_sewing_000247153_000248653.mp4,v39.mp4,POCKET,SEWING,SEWING,SEWING,True,True,BOTH_CORRECT
v39_s0016_c005_sewing_000248653_000250153.mp4,v39.mp4,POCKET,SEWING,SEWING,SEWING,True,True,BOTH_CORRECT
v39_s0016_c006_sewing_000250153_000251653.mp4,v39.mp4,POCKET,SEWING,SEWING,SEWING,True,True,BOTH_CORRECT
v39_s0016_c007_sewing_000251653_000253153.mp4,v39.mp4,POCKET,SEWING,SEWING,SEWING,True,True,BOTH_CORRECT
v39_s0016_c008_sewing_000253153_000254653.mp4,v39.mp4,POCKET,SEWING,SEWING,SEWING,True,True,BOTH_CORRECT
v39_s0016_c009_sewing_000254653_000256153.mp4,v39.mp4,POCKET,SEWING,SEWING,SEWING,True,True,BOTH_CORRECT
v39_s0016_c010_sewing_000256153_000257653.mp4,v39.mp4,POCKET,SEWING,SEWING,SEWING,True,True,BOTH_CORRECT
v39_s0016_c011_sewing_000257653_000259153.mp4,v39.mp4,POCKET,SEWING,SEWING,SEWING,True,True,BOTH_CORRECT
v39_s0016_c012_sewing_000259153_000260653.mp4,v39.mp4,POCKET,SEWING,SEWING,SEWING,True,True,BOTH_CORRECT
v39_s0016_c013_sewing_000260653_000262153.mp4,v39.mp4,POCKET,SEWING,SEWING,SEWING,True,True,BOTH_CORRECT
v39_s0016_c014_sewing_000262153_000263653.mp4,v39.mp4,POCKET,SEWING,SEWING,SEWING,True,True,BOTH_CORRECT
v39_s0016_c015_sewing_000263653_000265153.mp4,v39.mp4,POCKET,SEWING,SEWING,SEWING,True,True,BOTH_CORRECT
v49_s0001_c001_sewing_000002001_000003501.mp4,v49.mp4,SLEEVE,SEWING,SEWING,SEWING,True,True,BOTH_CORRECT
v49_s0001_c002_sewing_000003501_000005001.mp4,v49.mp4,SLEEVE,SEWING,SEWING,SEWING,True,True,BOTH_CORRECT
v49_s0001_c003_sewing_000005001_000006501.mp4,v49.mp4,SLEEVE,SEWING,SEWING,SEWING,True,True,BOTH_CORRECT
v49_s0001_c004_sewing_000006501_000008001.mp4,v49.mp4,SLEEVE,SEWING,SEWING,SEWING,True,True,BOTH_CORRECT
v49_s0001_c005_sewing_000008001_000009501.mp4,v49.mp4,SLEEVE,SEWING,SEWING,SEWING,True,True,BOTH_CORRECT
v49_s0002_c001_idle_setup_000010507_000012007.mp4,v49.mp4,SLEEVE,IDLE_SETUP,IDLE_SETUP,IDLE_SETUP,True,True,BOTH_CORRECT
v49_s0002_c002_idle_setup_000012007_000013507.mp4,v49.mp4,SLEEVE,IDLE_SETUP,IDLE_SETUP,IDLE_SETUP,True,True,BOTH_CORRECT
v49_s0002_c003_idle_setup_000013507_000015007.mp4,v49.mp4,SLEEVE,IDLE_SETUP,IDLE_SETUP,IDLE_SETUP,True,True,BOTH_CORRECT
v49_s0002_c004_idle_setup_000015007_000016507.mp4,v49.mp4,SLEEVE,IDLE_SETUP,IDLE_SETUP,IDLE_SETUP,True,True,BOTH_CORRECT
v49_s0003_c001_sewing_000017412_000018912.mp4,v49.mp4,SLEEVE,SEWING,SEWING,SEWING,True,True,BOTH_CORRECT
v49_s0003_c002_sewing_000018912_000020412.mp4,v49.mp4,SLEEVE,SEWING,SEWING,SEWING,True,True,BOTH_CORRECT
v49_s0003_c003_sewing_000020412_000021912.mp4,v49.mp4,SLEEVE,SEWING,SEWING,SEWING,True,True,BOTH_CORRECT
v49_s0003_c004_sewing_000021912_000023412.mp4,v49.mp4,SLEEVE,SEWING,SEWING,SEWING,True,True,BOTH_CORRECT
v49_s0003_c005_sewing_000023412_000024912.mp4,v49.mp4,SLEEVE,SEWING,SEWING,SEWING,True,True,BOTH_CORRECT
v49_s0004_c001_idle_setup_000026151_000027651.mp4,v49.mp4,SLEEVE,IDLE_SETUP,IDLE_SETUP,IDLE_SETUP,True,True,BOTH_CORRECT
v49_s0004_c002_idle_setup_000027651_000029151.mp4,v49.mp4,SLEEVE,IDLE_SETUP,IDLE_SETUP,IDLE_SETUP,True,True,BOTH_CORRECT
v49_s0004_c003_idle_setup_000029151_000030651.mp4,v49.mp4,SLEEVE,IDLE_SETUP,IDLE_SETUP,IDLE_SETUP,True,True,BOTH_CORRECT
v49_s0005_c001_sewing_000031655_000033155.mp4,v49.mp4,SLEEVE,SEWING,SEWING,SEWING,True,True,BOTH_CORRECT
v49_s0005_c002_sewing_000033155_000034655.mp4,v49.mp4,SLEEVE,SEWING,SEWING,SEWING,True,True,BOTH_CORRECT
v49_s0005_c003_sewing_000034655_000036155.mp4,v49.mp4,SLEEVE,SEWING,SEWING,SEWING,True,True,BOTH_CORRECT
v49_s0005_c004_sewing_000036155_000037655.mp4,v49.mp4,SLEEVE,SEWING,SEWING,SEWING,True,True,BOTH_CORRECT
v49_s0005_c005_sewing_000037655_000039155.mp4,v49.mp4,SLEEVE,SEWING,SEWING,SEWING,True,True,BOTH_CORRECT
v49_s0006_c001_idle_setup_000039260_000040760.mp4,v49.mp4,SLEEVE,IDLE_SETUP,IDLE_SETUP,IDLE_SETUP,True,True,BOTH_CORRECT
v49_s0006_c002_idle_setup_000040760_000042260.mp4,v49.mp4,SLEEVE,IDLE_SETUP,IDLE_SETUP,IDLE_SETUP,True,True,BOTH_CORRECT
v49_s0006_c003_idle_setup_000042260_000043760.mp4,v49.mp4,SLEEVE,IDLE_SETUP,IDLE_SETUP,IDLE_SETUP,True,True,BOTH_CORRECT
v49_s0006_c004_idle_setup_000043760_000045260.mp4,v49.mp4,SLEEVE,IDLE_SETUP,IDLE_SETUP,IDLE_SETUP,True,True,BOTH_CORRECT
v49_s0007_c001_sewing_000045798_000047298.mp4,v49.mp4,SLEEVE,SEWING,SEWING,SEWING,True,True,BOTH_CORRECT
v49_s0007_c002_sewing_000047298_000048798.mp4,v49.mp4,SLEEVE,SEWING,SEWING,SEWING,True,True,BOTH_CORRECT
v49_s0007_c003_sewing_000048798_000050298.mp4,v49.mp4,SLEEVE,SEWING,SEWING,SEWING,True,True,BOTH_CORRECT
v49_s0007_c004_sewing_000050298_000051798.mp4,v49.mp4,SLEEVE,SEWING,SEWING,SEWING,True,True,BOTH_CORRECT
v49_s0007_c005_sewing_000051798_000053298.mp4,v49.mp4,SLEEVE,SEWING,SEWING,SEWING,True,True,BOTH_CORRECT
v49_s0008_c001_idle_setup_000053603_000055103.mp4,v49.mp4,SLEEVE,IDLE_SETUP,IDLE_SETUP,IDLE_SETUP,True,True,BOTH_CORRECT
v49_s0008_c002_idle_setup_000055103_000056603.mp4,v49.mp4,SLEEVE,IDLE_SETUP,IDLE_SETUP,IDLE_SETUP,True,True,BOTH_CORRECT
v49_s0008_c003_idle_setup_000056603_000058103.mp4,v49.mp4,SLEEVE,IDLE_SETUP,IDLE_SETUP,IDLE_SETUP,True,True,BOTH_CORRECT
v49_s0009_c001_sewing_000058606_000060106.mp4,v49.mp4,SLEEVE,SEWING,SEWING,SEWING,True,True,BOTH_CORRECT
v49_s0009_c002_sewing_000060106_000061606.mp4,v49.mp4,SLEEVE,SEWING,SEWING,SEWING,True,True,BOTH_CORRECT
v49_s0009_c003_sewing_000061606_000063106.mp4,v49.mp4,SLEEVE,SEWING,SEWING,SEWING,True,True,BOTH_CORRECT
v49_s0009_c004_sewing_000063106_000064606.mp4,v49.mp4,SLEEVE,SEWING,SEWING,SEWING,True,True,BOTH_CORRECT
v49_s0009_c005_sewing_000064606_000066106.mp4,v49.mp4,SLEEVE,SEWING,SEWING,SEWING,True,True,BOTH_CORRECT
v49_s0010_c001_idle_setup_000066211_000067711.mp4,v49.mp4,SLEEVE,IDLE_SETUP,IDLE_SETUP,IDLE_SETUP,True,True,BOTH_CORRECT
v49_s0010_c002_idle_setup_000067711_000069211.mp4,v49.mp4,SLEEVE,IDLE_SETUP,IDLE_SETUP,IDLE_SETUP,True,True,BOTH_CORRECT
v49_s0010_c003_idle_setup_000069211_000070711.mp4,v49.mp4,SLEEVE,IDLE_SETUP,IDLE_SETUP,IDLE_SETUP,True,True,BOTH_CORRECT
v49_s0010_c004_idle_setup_000070711_000072211.mp4,v49.mp4,SLEEVE,IDLE_SETUP,IDLE_SETUP,IDLE_SETUP,True,True,BOTH_CORRECT
v49_s0011_c001_sewing_000072282_000073782.mp4,v49.mp4,SLEEVE,SEWING,SEWING,SEWING,True,True,BOTH_CORRECT
v49_s0011_c002_sewing_000073782_000075282.mp4,v49.mp4,SLEEVE,SEWING,SEWING,SEWING,True,True,BOTH_CORRECT
v49_s0011_c003_sewing_000075282_000076782.mp4,v49.mp4,SLEEVE,SEWING,SEWING,SEWING,True,True,BOTH_CORRECT
v49_s0011_c004_sewing_000076782_000078282.mp4,v49.mp4,SLEEVE,SEWING,SEWING,SEWING,True,True,BOTH_CORRECT
v49_s0012_c001_idle_setup_000079554_000081054.mp4,v49.mp4,SLEEVE,IDLE_SETUP,IDLE_SETUP,IDLE_SETUP,True,True,BOTH_CORRECT
v49_s0012_c002_idle_setup_000081054_000082554.mp4,v49.mp4,SLEEVE,IDLE_SETUP,IDLE_SETUP,IDLE_SETUP,True,True,BOTH_CORRECT
v49_s0012_c003_idle_setup_000082554_000084054.mp4,v49.mp4,SLEEVE,IDLE_SETUP,IDLE_SETUP,IDLE_SETUP,True,True,BOTH_CORRECT
v49_s0012_c004_idle_setup_000084054_000085554.mp4,v49.mp4,SLEEVE,IDLE_SETUP,IDLE_SETUP,IDLE_SETUP,True,True,BOTH_CORRECT
v49_s0013_c001_sewing_000086425_000087925.mp4,v49.mp4,SLEEVE,SEWING,SEWING,SEWING,True,True,BOTH_CORRECT
v49_s0013_c002_sewing_000087925_000089425.mp4,v49.mp4,SLEEVE,SEWING,SEWING,SEWING,True,True,BOTH_CORRECT
v49_s0013_c003_sewing_000089425_000090925.mp4,v49.mp4,SLEEVE,SEWING,SEWING,SEWING,True,True,BOTH_CORRECT
v49_s0013_c004_sewing_000090925_000092425.mp4,v49.mp4,SLEEVE,SEWING,SEWING,SEWING,True,True,BOTH_CORRECT
v49_s0013_c005_sewing_000092425_000093925.mp4,v49.mp4,SLEEVE,SEWING,SEWING,SEWING,True,True,BOTH_CORRECT
v49_s0014_c001_idle_setup_000094230_000095730.mp4,v49.mp4,SLEEVE,IDLE_SETUP,SEWING,SEWING,False,False,BOTH_WRONG
v49_s0014_c002_idle_setup_000095730_000097230.mp4,v49.mp4,SLEEVE,IDLE_SETUP,IDLE_SETUP,IDLE_SETUP,True,True,BOTH_CORRECT
v49_s0014_c003_idle_setup_000097230_000098730.mp4,v49.mp4,SLEEVE,IDLE_SETUP,IDLE_SETUP,IDLE_SETUP,True,True,BOTH_CORRECT
v49_s0014_c004_idle_setup_000098730_000100230.mp4,v49.mp4,SLEEVE,IDLE_SETUP,IDLE_SETUP,IDLE_SETUP,True,True,BOTH_CORRECT
v49_s0014_c005_idle_setup_000100230_000101730.mp4,v49.mp4,SLEEVE,IDLE_SETUP,IDLE_SETUP,IDLE_SETUP,True,True,BOTH_CORRECT
v49_s0015_c001_sewing_000102169_000103669.mp4,v49.mp4,SLEEVE,SEWING,SEWING,SEWING,True,True,BOTH_CORRECT
v49_s0015_c002_sewing_000103669_000105169.mp4,v49.mp4,SLEEVE,SEWING,SEWING,SEWING,True,True,BOTH_CORRECT
v49_s0015_c003_sewing_000105169_000106669.mp4,v49.mp4,SLEEVE,SEWING,SEWING,SEWING,True,True,BOTH_CORRECT
v49_s0015_c004_sewing_000106669_000108169.mp4,v49.mp4,SLEEVE,SEWING,SEWING,SEWING,True,True,BOTH_CORRECT
v49_s0016_c001_idle_setup_000109374_000110874.mp4,v49.mp4,SLEEVE,IDLE_SETUP,IDLE_SETUP,IDLE_SETUP,True,True,BOTH_CORRECT
v49_s0016_c002_idle_setup_000110874_000112374.mp4,v49.mp4,SLEEVE,IDLE_SETUP,IDLE_SETUP,IDLE_SETUP,True,True,BOTH_CORRECT
v49_s0016_c003_idle_setup_000112374_000113874.mp4,v49.mp4,SLEEVE,IDLE_SETUP,IDLE_SETUP,IDLE_SETUP,True,True,BOTH_CORRECT
v49_s0016_c004_idle_setup_000113874_000115374.mp4,v49.mp4,SLEEVE,IDLE_SETUP,IDLE_SETUP,IDLE_SETUP,True,True,BOTH_CORRECT
v49_s0017_c001_sewing_000116845_000118345.mp4,v49.mp4,SLEEVE,SEWING,SEWING,SEWING,True,True,BOTH_CORRECT
v49_s0017_c002_sewing_000118345_000119845.mp4,v49.mp4,SLEEVE,SEWING,SEWING,SEWING,True,True,BOTH_CORRECT
v49_s0017_c003_sewing_000119845_000121345.mp4,v49.mp4,SLEEVE,SEWING,SEWING,SEWING,True,True,BOTH_CORRECT
v49_s0017_c004_sewing_000121345_000122845.mp4,v49.mp4,SLEEVE,SEWING,SEWING,SEWING,True,True,BOTH_CORRECT
v49_s0017_c005_sewing_000122845_000124345.mp4,v49.mp4,SLEEVE,SEWING,SEWING,SEWING,True,True,BOTH_CORRECT
v49_s0017_c006_sewing_000124345_000125845.mp4,v49.mp4,SLEEVE,SEWING,SEWING,SEWING,True,True,BOTH_CORRECT
v49_s0017_c007_sewing_000125845_000127345.mp4,v49.mp4,SLEEVE,SEWING,SEWING,SEWING,True,True,BOTH_CORRECT
v49_s0018_c001_idle_setup_000128120_000129620.mp4,v49.mp4,SLEEVE,IDLE_SETUP,IDLE_SETUP,IDLE_SETUP,True,True,BOTH_CORRECT
v49_s0018_c002_idle_setup_000129620_000131120.mp4,v49.mp4,SLEEVE,IDLE_SETUP,IDLE_SETUP,IDLE_SETUP,True,True,BOTH_CORRECT
v49_s0018_c003_idle_setup_000131120_000132620.mp4,v49.mp4,SLEEVE,IDLE_SETUP,IDLE_SETUP,IDLE_SETUP,True,True,BOTH_CORRECT
v49_s0018_c004_idle_setup_000132620_000134120.mp4,v49.mp4,SLEEVE,IDLE_SETUP,IDLE_SETUP,IDLE_SETUP,True,True,BOTH_CORRECT
v49_s0019_c001_sewing_000134324_000135824.mp4,v49.mp4,SLEEVE,SEWING,SEWING,SEWING,True,True,BOTH_CORRECT
v49_s0019_c002_sewing_000135824_000137324.mp4,v49.mp4,SLEEVE,SEWING,SEWING,SEWING,True,True,BOTH_CORRECT
v49_s0019_c003_sewing_000137324_000138824.mp4,v49.mp4,SLEEVE,SEWING,SEWING,SEWING,True,True,BOTH_CORRECT
v49_s0019_c004_sewing_000138824_000140324.mp4,v49.mp4,SLEEVE,SEWING,SEWING,SEWING,True,True,BOTH_CORRECT
v49_s0019_c005_sewing_000140324_000141824.mp4,v49.mp4,SLEEVE,SEWING,SEWING,SEWING,True,True,BOTH_CORRECT
v49_s0020_c001_idle_setup_000142763_000144263.mp4,v49.mp4,SLEEVE,IDLE_SETUP,IDLE_SETUP,IDLE_SETUP,True,True,BOTH_CORRECT
v49_s0020_c002_idle_setup_000144263_000145763.mp4,v49.mp4,SLEEVE,IDLE_SETUP,IDLE_SETUP,IDLE_SETUP,True,True,BOTH_CORRECT
v49_s0020_c003_idle_setup_000145763_000147263.mp4,v49.mp4,SLEEVE,IDLE_SETUP,IDLE_SETUP,IDLE_SETUP,True,True,BOTH_CORRECT
v49_s0020_c004_idle_setup_000147263_000148763.mp4,v49.mp4,SLEEVE,IDLE_SETUP,IDLE_SETUP,IDLE_SETUP,True,True,BOTH_CORRECT
v49_s0021_c001_sewing_000148867_000150367.mp4,v49.mp4,SLEEVE,SEWING,SEWING,SEWING,True,True,BOTH_CORRECT
v49_s0021_c002_sewing_000150367_000151867.mp4,v49.mp4,SLEEVE,SEWING,SEWING,SEWING,True,True,BOTH_CORRECT
v49_s0021_c003_sewing_000151867_000153367.mp4,v49.mp4,SLEEVE,SEWING,SEWING,SEWING,True,True,BOTH_CORRECT
v49_s0021_c004_sewing_000153367_000154867.mp4,v49.mp4,SLEEVE,SEWING,SEWING,SEWING,True,True,BOTH_CORRECT
v49_s0021_c005_sewing_000154867_000156367.mp4,v49.mp4,SLEEVE,SEWING,SEWING,SEWING,True,True,BOTH_CORRECT
v49_s0022_c001_idle_setup_000157139_000158639.mp4,v49.mp4,SLEEVE,IDLE_SETUP,IDLE_SETUP,IDLE_SETUP,True,True,BOTH_CORRECT
v49_s0022_c002_idle_setup_000158639_000160139.mp4,v49.mp4,SLEEVE,IDLE_SETUP,IDLE_SETUP,IDLE_SETUP,True,True,BOTH_CORRECT
v49_s0022_c003_idle_setup_000160139_000161639.mp4,v49.mp4,SLEEVE,IDLE_SETUP,IDLE_SETUP,IDLE_SETUP,True,True,BOTH_CORRECT
v49_s0023_c001_sewing_000162509_000164009.mp4,v49.mp4,SLEEVE,SEWING,SEWING,SEWING,True,True,BOTH_CORRECT
v49_s0023_c002_sewing_000164009_000165509.mp4,v49.mp4,SLEEVE,SEWING,SEWING,SEWING,True,True,BOTH_CORRECT
v49_s0023_c003_sewing_000165509_000167009.mp4,v49.mp4,SLEEVE,SEWING,SEWING,SEWING,True,True,BOTH_CORRECT
v49_s0023_c004_sewing_000167009_000168509.mp4,v49.mp4,SLEEVE,SEWING,SEWING,SEWING,True,True,BOTH_CORRECT
v49_s0023_c005_sewing_000168509_000170009.mp4,v49.mp4,SLEEVE,SEWING,SEWING,SEWING,True,True,BOTH_CORRECT
v51_s0001_c001_idle_setup_000023000_000024500.mp4,v51.mp4,COLLAR,IDLE_SETUP,IDLE_SETUP,IDLE_SETUP,True,True,BOTH_CORRECT
v51_s0001_c002_idle_setup_000024500_000026000.mp4,v51.mp4,COLLAR,IDLE_SETUP,IDLE_SETUP,IDLE_SETUP,True,True,BOTH_CORRECT
v51_s0001_c003_idle_setup_000026000_000027500.mp4,v51.mp4,COLLAR,IDLE_SETUP,IDLE_SETUP,IDLE_SETUP,True,True,BOTH_CORRECT
v51_s0001_c004_idle_setup_000027500_000029000.mp4,v51.mp4,COLLAR,IDLE_SETUP,IDLE_SETUP,IDLE_SETUP,True,True,BOTH_CORRECT
v51_s0001_c005_idle_setup_000029000_000030500.mp4,v51.mp4,COLLAR,IDLE_SETUP,IDLE_SETUP,IDLE_SETUP,True,True,BOTH_CORRECT
v51_s0001_c006_idle_setup_000030500_000032000.mp4,v51.mp4,COLLAR,IDLE_SETUP,IDLE_SETUP,IDLE_SETUP,True,True,BOTH_CORRECT
v51_s0002_c001_sewing_000032000_000033500.mp4,v51.mp4,COLLAR,SEWING,SEWING,SEWING,True,True,BOTH_CORRECT
v51_s0002_c002_sewing_000033500_000035000.mp4,v51.mp4,COLLAR,SEWING,SEWING,SEWING,True,True,BOTH_CORRECT
v51_s0002_c003_sewing_000035000_000036500.mp4,v51.mp4,COLLAR,SEWING,SEWING,SEWING,True,True,BOTH_CORRECT
v51_s0002_c004_sewing_000036500_000038000.mp4,v51.mp4,COLLAR,SEWING,SEWING,SEWING,True,True,BOTH_CORRECT
v51_s0002_c005_sewing_000038000_000039500.mp4,v51.mp4,COLLAR,SEWING,SEWING,SEWING,True,True,BOTH_CORRECT
v51_s0002_c006_sewing_000039500_000041000.mp4,v51.mp4,COLLAR,SEWING,SEWING,SEWING,True,True,BOTH_CORRECT
v51_s0002_c007_sewing_000041000_000042500.mp4,v51.mp4,COLLAR,SEWING,SEWING,SEWING,True,True,BOTH_CORRECT
v51_s0002_c008_sewing_000042500_000044000.mp4,v51.mp4,COLLAR,SEWING,SEWING,SEWING,True,True,BOTH_CORRECT
v51_s0002_c009_sewing_000044000_000045500.mp4,v51.mp4,COLLAR,SEWING,SEWING,SEWING,True,True,BOTH_CORRECT
v51_s0002_c010_sewing_000045500_000047000.mp4,v51.mp4,COLLAR,SEWING,SEWING,SEWING,True,True,BOTH_CORRECT
v51_s0002_c011_sewing_000047000_000048500.mp4,v51.mp4,COLLAR,SEWING,SEWING,SEWING,True,True,BOTH_CORRECT
v51_s0002_c012_sewing_000048500_000050000.mp4,v51.mp4,COLLAR,SEWING,SEWING,SEWING,True,True,BOTH_CORRECT
v51_s0002_c013_sewing_000050000_000051500.mp4,v51.mp4,COLLAR,SEWING,SEWING,SEWING,True,True,BOTH_CORRECT
v51_s0002_c014_sewing_000051500_000053000.mp4,v51.mp4,COLLAR,SEWING,IDLE_SETUP,IDLE_SETUP,False,False,BOTH_WRONG
v51_s0003_c001_idle_setup_000053000_000054500.mp4,v51.mp4,COLLAR,IDLE_SETUP,IDLE_SETUP,IDLE_SETUP,True,True,BOTH_CORRECT
v51_s0003_c002_idle_setup_000054500_000056000.mp4,v51.mp4,COLLAR,IDLE_SETUP,IDLE_SETUP,IDLE_SETUP,True,True,BOTH_CORRECT
v51_s0003_c003_idle_setup_000056000_000057500.mp4,v51.mp4,COLLAR,IDLE_SETUP,IDLE_SETUP,IDLE_SETUP,True,True,BOTH_CORRECT
v51_s0003_c004_idle_setup_000057500_000059000.mp4,v51.mp4,COLLAR,IDLE_SETUP,IDLE_SETUP,IDLE_SETUP,True,True,BOTH_CORRECT
v51_s0003_c005_idle_setup_000059000_000060500.mp4,v51.mp4,COLLAR,IDLE_SETUP,IDLE_SETUP,IDLE_SETUP,True,True,BOTH_CORRECT
v51_s0004_c001_sewing_000061000_000062500.mp4,v51.mp4,COLLAR,SEWING,SEWING,SEWING,True,True,BOTH_CORRECT
v51_s0004_c002_sewing_000062500_000064000.mp4,v51.mp4,COLLAR,SEWING,SEWING,SEWING,True,True,BOTH_CORRECT
v51_s0004_c003_sewing_000064000_000065500.mp4,v51.mp4,COLLAR,SEWING,SEWING,SEWING,True,True,BOTH_CORRECT
v51_s0004_c004_sewing_000065500_000067000.mp4,v51.mp4,COLLAR,SEWING,SEWING,SEWING,True,True,BOTH_CORRECT
v51_s0004_c005_sewing_000067000_000068500.mp4,v51.mp4,COLLAR,SEWING,SEWING,SEWING,True,True,BOTH_CORRECT
v51_s0004_c006_sewing_000068500_000070000.mp4,v51.mp4,COLLAR,SEWING,SEWING,SEWING,True,True,BOTH_CORRECT
v51_s0004_c007_sewing_000070000_000071500.mp4,v51.mp4,COLLAR,SEWING,SEWING,SEWING,True,True,BOTH_CORRECT
v51_s0004_c008_sewing_000071500_000073000.mp4,v51.mp4,COLLAR,SEWING,SEWING,SEWING,True,True,BOTH_CORRECT
v51_s0004_c009_sewing_000073000_000074500.mp4,v51.mp4,COLLAR,SEWING,SEWING,SEWING,True,True,BOTH_CORRECT
v51_s0004_c010_sewing_000074500_000076000.mp4,v51.mp4,COLLAR,SEWING,SEWING,SEWING,True,True,BOTH_CORRECT
v51_s0004_c011_sewing_000076000_000077500.mp4,v51.mp4,COLLAR,SEWING,SEWING,SEWING,True,True,BOTH_CORRECT
v51_s0004_c012_sewing_000077500_000079000.mp4,v51.mp4,COLLAR,SEWING,SEWING,SEWING,True,True,BOTH_CORRECT
v51_s0004_c013_sewing_000079000_000080500.mp4,v51.mp4,COLLAR,SEWING,SEWING,SEWING,True,True,BOTH_CORRECT
v51_s0005_c001_idle_setup_000081000_000082500.mp4,v51.mp4,COLLAR,IDLE_SETUP,IDLE_SETUP,IDLE_SETUP,True,True,BOTH_CORRECT
v51_s0005_c002_idle_setup_000082500_000084000.mp4,v51.mp4,COLLAR,IDLE_SETUP,IDLE_SETUP,IDLE_SETUP,True,True,BOTH_CORRECT
v51_s0005_c003_idle_setup_000084000_000085500.mp4,v51.mp4,COLLAR,IDLE_SETUP,IDLE_SETUP,IDLE_SETUP,True,True,BOTH_CORRECT
v51_s0005_c004_idle_setup_000085500_000087000.mp4,v51.mp4,COLLAR,IDLE_SETUP,IDLE_SETUP,IDLE_SETUP,True,True,BOTH_CORRECT
v51_s0005_c005_idle_setup_000087000_000088500.mp4,v51.mp4,COLLAR,IDLE_SETUP,IDLE_SETUP,IDLE_SETUP,True,True,BOTH_CORRECT
v51_s0005_c006_idle_setup_000088500_000090000.mp4,v51.mp4,COLLAR,IDLE_SETUP,IDLE_SETUP,IDLE_SETUP,True,True,BOTH_CORRECT
v51_s0006_c001_sewing_000090000_000091500.mp4,v51.mp4,COLLAR,SEWING,SEWING,SEWING,True,True,BOTH_CORRECT
v51_s0006_c002_sewing_000091500_000093000.mp4,v51.mp4,COLLAR,SEWING,SEWING,SEWING,True,True,BOTH_CORRECT
v51_s0006_c003_sewing_000093000_000094500.mp4,v51.mp4,COLLAR,SEWING,SEWING,SEWING,True,True,BOTH_CORRECT
v51_s0006_c004_sewing_000094500_000096000.mp4,v51.mp4,COLLAR,SEWING,SEWING,SEWING,True,True,BOTH_CORRECT
v51_s0006_c005_sewing_000096000_000097500.mp4,v51.mp4,COLLAR,SEWING,SEWING,SEWING,True,True,BOTH_CORRECT
v51_s0006_c006_sewing_000097500_000099000.mp4,v51.mp4,COLLAR,SEWING,SEWING,SEWING,True,True,BOTH_CORRECT
v51_s0006_c007_sewing_000099000_000100500.mp4,v51.mp4,COLLAR,SEWING,SEWING,SEWING,True,True,BOTH_CORRECT
v51_s0006_c008_sewing_000100500_000102000.mp4,v51.mp4,COLLAR,SEWING,SEWING,SEWING,True,True,BOTH_CORRECT
v51_s0006_c009_sewing_000102000_000103500.mp4,v51.mp4,COLLAR,SEWING,SEWING,SEWING,True,True,BOTH_CORRECT
v51_s0006_c010_sewing_000103500_000105000.mp4,v51.mp4,COLLAR,SEWING,SEWING,SEWING,True,True,BOTH_CORRECT
v51_s0006_c011_sewing_000105000_000106500.mp4,v51.mp4,COLLAR,SEWING,SEWING,SEWING,True,True,BOTH_CORRECT
v51_s0006_c012_sewing_000106500_000108000.mp4,v51.mp4,COLLAR,SEWING,SEWING,SEWING,True,True,BOTH_CORRECT
v51_s0007_c001_idle_setup_000109000_000110500.mp4,v51.mp4,COLLAR,IDLE_SETUP,IDLE_SETUP,IDLE_SETUP,True,True,BOTH_CORRECT
v51_s0007_c002_idle_setup_000110500_000112000.mp4,v51.mp4,COLLAR,IDLE_SETUP,IDLE_SETUP,IDLE_SETUP,True,True,BOTH_CORRECT
v51_s0007_c003_idle_setup_000112000_000113500.mp4,v51.mp4,COLLAR,IDLE_SETUP,IDLE_SETUP,IDLE_SETUP,True,True,BOTH_CORRECT
v51_s0007_c004_idle_setup_000113500_000115000.mp4,v51.mp4,COLLAR,IDLE_SETUP,IDLE_SETUP,IDLE_SETUP,True,True,BOTH_CORRECT
v51_s0007_c005_idle_setup_000115000_000116500.mp4,v51.mp4,COLLAR,IDLE_SETUP,IDLE_SETUP,IDLE_SETUP,True,True,BOTH_CORRECT
v51_s0007_c006_idle_setup_000116500_000118000.mp4,v51.mp4,COLLAR,IDLE_SETUP,IDLE_SETUP,IDLE_SETUP,True,True,BOTH_CORRECT
v51_s0008_c001_sewing_000119000_000120500.mp4,v51.mp4,COLLAR,SEWING,SEWING,SEWING,True,True,BOTH_CORRECT
v51_s0008_c002_sewing_000120500_000122000.mp4,v51.mp4,COLLAR,SEWING,SEWING,SEWING,True,True,BOTH_CORRECT
v51_s0008_c003_sewing_000122000_000123500.mp4,v51.mp4,COLLAR,SEWING,SEWING,SEWING,True,True,BOTH_CORRECT
v51_s0008_c004_sewing_000123500_000125000.mp4,v51.mp4,COLLAR,SEWING,SEWING,SEWING,True,True,BOTH_CORRECT
v51_s0008_c005_sewing_000125000_000126500.mp4,v51.mp4,COLLAR,SEWING,SEWING,SEWING,True,True,BOTH_CORRECT
v51_s0008_c006_sewing_000126500_000128000.mp4,v51.mp4,COLLAR,SEWING,SEWING,SEWING,True,True,BOTH_CORRECT
v51_s0008_c007_sewing_000128000_000129500.mp4,v51.mp4,COLLAR,SEWING,SEWING,SEWING,True,True,BOTH_CORRECT
v51_s0008_c008_sewing_000129500_000131000.mp4,v51.mp4,COLLAR,SEWING,SEWING,SEWING,True,True,BOTH_CORRECT
v51_s0008_c009_sewing_000131000_000132500.mp4,v51.mp4,COLLAR,SEWING,SEWING,SEWING,True,True,BOTH_CORRECT
v51_s0008_c010_sewing_000132500_000134000.mp4,v51.mp4,COLLAR,SEWING,SEWING,SEWING,True,True,BOTH_CORRECT
v51_s0008_c011_sewing_000134000_000135500.mp4,v51.mp4,COLLAR,SEWING,SEWING,SEWING,True,True,BOTH_CORRECT
v51_s0008_c012_sewing_000135500_000137000.mp4,v51.mp4,COLLAR,SEWING,SEWING,SEWING,True,True,BOTH_CORRECT
v51_s0009_c001_idle_setup_000138000_000139500.mp4,v51.mp4,COLLAR,IDLE_SETUP,SEWING,SEWING,False,False,BOTH_WRONG
v51_s0009_c002_idle_setup_000139500_000141000.mp4,v51.mp4,COLLAR,IDLE_SETUP,IDLE_SETUP,IDLE_SETUP,True,True,BOTH_CORRECT
v51_s0009_c003_idle_setup_000141000_000142500.mp4,v51.mp4,COLLAR,IDLE_SETUP,IDLE_SETUP,IDLE_SETUP,True,True,BOTH_CORRECT
v51_s0009_c004_idle_setup_000142500_000144000.mp4,v51.mp4,COLLAR,IDLE_SETUP,IDLE_SETUP,IDLE_SETUP,True,True,BOTH_CORRECT
v51_s0009_c005_idle_setup_000144000_000145500.mp4,v51.mp4,COLLAR,IDLE_SETUP,IDLE_SETUP,IDLE_SETUP,True,True,BOTH_CORRECT
v51_s0009_c006_idle_setup_000145500_000147000.mp4,v51.mp4,COLLAR,IDLE_SETUP,IDLE_SETUP,IDLE_SETUP,True,True,BOTH_CORRECT
v51_s0009_c007_idle_setup_000147000_000148500.mp4,v51.mp4,COLLAR,IDLE_SETUP,IDLE_SETUP,IDLE_SETUP,True,True,BOTH_CORRECT
v51_s0010_c001_sewing_000149000_000150500.mp4,v51.mp4,COLLAR,SEWING,SEWING,SEWING,True,True,BOTH_CORRECT
v51_s0010_c002_sewing_000150500_000152000.mp4,v51.mp4,COLLAR,SEWING,SEWING,SEWING,True,True,BOTH_CORRECT
v51_s0010_c003_sewing_000152000_000153500.mp4,v51.mp4,COLLAR,SEWING,SEWING,SEWING,True,True,BOTH_CORRECT
v51_s0010_c004_sewing_000153500_000155000.mp4,v51.mp4,COLLAR,SEWING,SEWING,SEWING,True,True,BOTH_CORRECT
v51_s0010_c005_sewing_000155000_000156500.mp4,v51.mp4,COLLAR,SEWING,SEWING,SEWING,True,True,BOTH_CORRECT
v51_s0010_c006_sewing_000156500_000158000.mp4,v51.mp4,COLLAR,SEWING,SEWING,SEWING,True,True,BOTH_CORRECT
v51_s0010_c007_sewing_000158000_000159500.mp4,v51.mp4,COLLAR,SEWING,SEWING,SEWING,True,True,BOTH_CORRECT
v51_s0010_c008_sewing_000159500_000161000.mp4,v51.mp4,COLLAR,SEWING,SEWING,SEWING,True,True,BOTH_CORRECT
v51_s0010_c009_sewing_000161000_000162500.mp4,v51.mp4,COLLAR,SEWING,SEWING,SEWING,True,True,BOTH_CORRECT
v51_s0010_c010_sewing_000162500_000164000.mp4,v51.mp4,COLLAR,SEWING,SEWING,SEWING,True,True,BOTH_CORRECT
v51_s0010_c011_sewing_000164000_000165500.mp4,v51.mp4,COLLAR,SEWING,SEWING,SEWING,True,True,BOTH_CORRECT
v51_s0010_c012_sewing_000165500_000167000.mp4,v51.mp4,COLLAR,SEWING,SEWING,SEWING,True,True,BOTH_CORRECT
v53_s0001_c001_idle_setup_000000300_000001800.mp4,v53.mp4,SLEEVE,IDLE_SETUP,IDLE_SETUP,IDLE_SETUP,True,True,BOTH_CORRECT
v53_s0001_c002_idle_setup_000001800_000003300.mp4,v53.mp4,SLEEVE,IDLE_SETUP,IDLE_SETUP,IDLE_SETUP,True,True,BOTH_CORRECT
v53_s0001_c003_idle_setup_000003300_000004800.mp4,v53.mp4,SLEEVE,IDLE_SETUP,IDLE_SETUP,IDLE_SETUP,True,True,BOTH_CORRECT
v53_s0001_c004_idle_setup_000004800_000006300.mp4,v53.mp4,SLEEVE,IDLE_SETUP,SEWING,IDLE_SETUP,False,True,ENHANCED_ONLY_CORRECT
v53_s0002_c001_sewing_000006338_000007838.mp4,v53.mp4,SLEEVE,SEWING,SEWING,SEWING,True,True,BOTH_CORRECT
v53_s0002_c002_sewing_000007838_000009338.mp4,v53.mp4,SLEEVE,SEWING,SEWING,SEWING,True,True,BOTH_CORRECT
v53_s0002_c003_sewing_000009338_000010838.mp4,v53.mp4,SLEEVE,SEWING,SEWING,SEWING,True,True,BOTH_CORRECT
v53_s0002_c004_sewing_000010838_000012338.mp4,v53.mp4,SLEEVE,SEWING,SEWING,SEWING,True,True,BOTH_CORRECT
v53_s0003_c001_idle_setup_000013643_000015143.mp4,v53.mp4,SLEEVE,IDLE_SETUP,IDLE_SETUP,IDLE_SETUP,True,True,BOTH_CORRECT
v53_s0003_c002_idle_setup_000015143_000016643.mp4,v53.mp4,SLEEVE,IDLE_SETUP,IDLE_SETUP,IDLE_SETUP,True,True,BOTH_CORRECT
v53_s0003_c003_idle_setup_000016643_000018143.mp4,v53.mp4,SLEEVE,IDLE_SETUP,IDLE_SETUP,IDLE_SETUP,True,True,BOTH_CORRECT
v53_s0003_c004_idle_setup_000018143_000019643.mp4,v53.mp4,SLEEVE,IDLE_SETUP,IDLE_SETUP,IDLE_SETUP,True,True,BOTH_CORRECT
v53_s0004_c001_sewing_000020181_000021681.mp4,v53.mp4,SLEEVE,SEWING,SEWING,SEWING,True,True,BOTH_CORRECT
v53_s0004_c002_sewing_000021681_000023181.mp4,v53.mp4,SLEEVE,SEWING,SEWING,SEWING,True,True,BOTH_CORRECT
v53_s0004_c003_sewing_000023181_000024681.mp4,v53.mp4,SLEEVE,SEWING,SEWING,SEWING,True,True,BOTH_CORRECT
v53_s0004_c004_sewing_000024681_000026181.mp4,v53.mp4,SLEEVE,SEWING,SEWING,SEWING,True,True,BOTH_CORRECT
v53_s0004_c005_sewing_000026181_000027681.mp4,v53.mp4,SLEEVE,SEWING,SEWING,SEWING,True,True,BOTH_CORRECT
v53_s0005_c001_idle_setup_000028187_000029687.mp4,v53.mp4,SLEEVE,IDLE_SETUP,IDLE_SETUP,IDLE_SETUP,True,True,BOTH_CORRECT
v53_s0005_c002_idle_setup_000029687_000031187.mp4,v53.mp4,SLEEVE,IDLE_SETUP,IDLE_SETUP,IDLE_SETUP,True,True,BOTH_CORRECT
v53_s0005_c003_idle_setup_000031187_000032687.mp4,v53.mp4,SLEEVE,IDLE_SETUP,IDLE_SETUP,IDLE_SETUP,True,True,BOTH_CORRECT
v53_s0005_c004_idle_setup_000032687_000034187.mp4,v53.mp4,SLEEVE,IDLE_SETUP,IDLE_SETUP,IDLE_SETUP,True,True,BOTH_CORRECT
v53_s0006_c001_sewing_000035026_000036526.mp4,v53.mp4,SLEEVE,SEWING,SEWING,SEWING,True,True,BOTH_CORRECT
v53_s0006_c002_sewing_000036526_000038026.mp4,v53.mp4,SLEEVE,SEWING,SEWING,SEWING,True,True,BOTH_CORRECT
v53_s0006_c003_sewing_000038026_000039526.mp4,v53.mp4,SLEEVE,SEWING,SEWING,SEWING,True,True,BOTH_CORRECT
v53_s0006_c004_sewing_000039526_000041026.mp4,v53.mp4,SLEEVE,SEWING,SEWING,SEWING,True,True,BOTH_CORRECT
v53_s0006_c005_sewing_000041026_000042526.mp4,v53.mp4,SLEEVE,SEWING,SEWING,SEWING,True,True,BOTH_CORRECT
v53_s0007_c001_idle_setup_000043065_000044565.mp4,v53.mp4,SLEEVE,IDLE_SETUP,IDLE_SETUP,IDLE_SETUP,True,True,BOTH_CORRECT
v53_s0007_c002_idle_setup_000044565_000046065.mp4,v53.mp4,SLEEVE,IDLE_SETUP,IDLE_SETUP,IDLE_SETUP,True,True,BOTH_CORRECT
v53_s0007_c003_idle_setup_000046065_000047565.mp4,v53.mp4,SLEEVE,IDLE_SETUP,IDLE_SETUP,IDLE_SETUP,True,True,BOTH_CORRECT
v53_s0007_c004_idle_setup_000047565_000049065.mp4,v53.mp4,SLEEVE,IDLE_SETUP,IDLE_SETUP,IDLE_SETUP,True,True,BOTH_CORRECT
v53_s0008_c001_sewing_000049670_000051170.mp4,v53.mp4,SLEEVE,SEWING,SEWING,SEWING,True,True,BOTH_CORRECT
v53_s0008_c002_sewing_000051170_000052670.mp4,v53.mp4,SLEEVE,SEWING,SEWING,SEWING,True,True,BOTH_CORRECT
v53_s0008_c003_sewing_000052670_000054170.mp4,v53.mp4,SLEEVE,SEWING,SEWING,SEWING,True,True,BOTH_CORRECT
v53_s0008_c004_sewing_000054170_000055670.mp4,v53.mp4,SLEEVE,SEWING,SEWING,SEWING,True,True,BOTH_CORRECT
v53_s0008_c005_sewing_000055670_000057170.mp4,v53.mp4,SLEEVE,SEWING,SEWING,SEWING,True,True,BOTH_CORRECT
v53_s0009_c001_idle_setup_000058209_000059709.mp4,v53.mp4,SLEEVE,IDLE_SETUP,IDLE_SETUP,IDLE_SETUP,True,True,BOTH_CORRECT
v53_s0009_c002_idle_setup_000059709_000061209.mp4,v53.mp4,SLEEVE,IDLE_SETUP,IDLE_SETUP,IDLE_SETUP,True,True,BOTH_CORRECT
v53_s0009_c003_idle_setup_000061209_000062709.mp4,v53.mp4,SLEEVE,IDLE_SETUP,IDLE_SETUP,IDLE_SETUP,True,True,BOTH_CORRECT
v53_s0009_c004_idle_setup_000062709_000064209.mp4,v53.mp4,SLEEVE,IDLE_SETUP,IDLE_SETUP,IDLE_SETUP,True,True,BOTH_CORRECT
v53_s0010_c001_sewing_000064847_000066347.mp4,v53.mp4,SLEEVE,SEWING,SEWING,SEWING,True,True,BOTH_CORRECT
v53_s0010_c002_sewing_000066347_000067847.mp4,v53.mp4,SLEEVE,SEWING,SEWING,SEWING,True,True,BOTH_CORRECT
v53_s0010_c003_sewing_000067847_000069347.mp4,v53.mp4,SLEEVE,SEWING,SEWING,SEWING,True,True,BOTH_CORRECT
v53_s0010_c004_sewing_000069347_000070847.mp4,v53.mp4,SLEEVE,SEWING,SEWING,SEWING,True,True,BOTH_CORRECT
v53_s0010_c005_sewing_000070847_000072347.mp4,v53.mp4,SLEEVE,SEWING,SEWING,SEWING,True,True,BOTH_CORRECT
v53_s0011_c001_idle_setup_000073554_000075054.mp4,v53.mp4,SLEEVE,IDLE_SETUP,IDLE_SETUP,IDLE_SETUP,True,True,BOTH_CORRECT
v53_s0011_c002_idle_setup_000075054_000076554.mp4,v53.mp4,SLEEVE,IDLE_SETUP,IDLE_SETUP,IDLE_SETUP,True,True,BOTH_CORRECT
v53_s0011_c003_idle_setup_000076554_000078054.mp4,v53.mp4,SLEEVE,IDLE_SETUP,IDLE_SETUP,IDLE_SETUP,True,True,BOTH_CORRECT
v53_s0011_c004_idle_setup_000078054_000079554.mp4,v53.mp4,SLEEVE,IDLE_SETUP,IDLE_SETUP,IDLE_SETUP,True,True,BOTH_CORRECT
v53_s0012_c001_sewing_000080959_000082459.mp4,v53.mp4,SLEEVE,SEWING,SEWING,SEWING,True,True,BOTH_CORRECT
v53_s0012_c002_sewing_000082459_000083959.mp4,v53.mp4,SLEEVE,SEWING,SEWING,SEWING,True,True,BOTH_CORRECT
v53_s0012_c003_sewing_000083959_000085459.mp4,v53.mp4,SLEEVE,SEWING,SEWING,SEWING,True,True,BOTH_CORRECT
v53_s0012_c004_sewing_000085459_000086959.mp4,v53.mp4,SLEEVE,SEWING,SEWING,SEWING,True,True,BOTH_CORRECT
v53_s0012_c005_sewing_000086959_000088459.mp4,v53.mp4,SLEEVE,SEWING,SEWING,SEWING,True,True,BOTH_CORRECT
v53_s0012_c006_sewing_000088459_000089959.mp4,v53.mp4,SLEEVE,SEWING,SEWING,SEWING,True,True,BOTH_CORRECT
v53_s0013_c001_idle_setup_000090333_000091833.mp4,v53.mp4,SLEEVE,IDLE_SETUP,IDLE_SETUP,IDLE_SETUP,True,True,BOTH_CORRECT
v53_s0013_c002_idle_setup_000091833_000093333.mp4,v53.mp4,SLEEVE,IDLE_SETUP,IDLE_SETUP,IDLE_SETUP,True,True,BOTH_CORRECT
v53_s0013_c003_idle_setup_000093333_000094833.mp4,v53.mp4,SLEEVE,IDLE_SETUP,IDLE_SETUP,IDLE_SETUP,True,True,BOTH_CORRECT
v53_s0013_c004_idle_setup_000094833_000096333.mp4,v53.mp4,SLEEVE,IDLE_SETUP,IDLE_SETUP,IDLE_SETUP,True,True,BOTH_CORRECT
v53_s0013_c005_idle_setup_000096333_000097833.mp4,v53.mp4,SLEEVE,IDLE_SETUP,IDLE_SETUP,IDLE_SETUP,True,True,BOTH_CORRECT
v53_s0014_c001_sewing_000097838_000099338.mp4,v53.mp4,SLEEVE,SEWING,SEWING,SEWING,True,True,BOTH_CORRECT
v53_s0014_c002_sewing_000099338_000100838.mp4,v53.mp4,SLEEVE,SEWING,SEWING,SEWING,True,True,BOTH_CORRECT
v53_s0014_c003_sewing_000100838_000102338.mp4,v53.mp4,SLEEVE,SEWING,SEWING,SEWING,True,True,BOTH_CORRECT
v53_s0014_c004_sewing_000102338_000103838.mp4,v53.mp4,SLEEVE,SEWING,SEWING,SEWING,True,True,BOTH_CORRECT
v53_s0014_c005_sewing_000103838_000105338.mp4,v53.mp4,SLEEVE,SEWING,SEWING,SEWING,True,True,BOTH_CORRECT
v53_s0015_c001_idle_setup_000106011_000107511.mp4,v53.mp4,SLEEVE,IDLE_SETUP,IDLE_SETUP,IDLE_SETUP,True,True,BOTH_CORRECT
v53_s0015_c002_idle_setup_000107511_000109011.mp4,v53.mp4,SLEEVE,IDLE_SETUP,IDLE_SETUP,IDLE_SETUP,True,True,BOTH_CORRECT
v53_s0015_c003_idle_setup_000109011_000110511.mp4,v53.mp4,SLEEVE,IDLE_SETUP,IDLE_SETUP,IDLE_SETUP,True,True,BOTH_CORRECT
v53_s0016_c001_sewing_000111848_000113348.mp4,v53.mp4,SLEEVE,SEWING,SEWING,SEWING,True,True,BOTH_CORRECT
v53_s0016_c002_sewing_000113348_000114848.mp4,v53.mp4,SLEEVE,SEWING,SEWING,SEWING,True,True,BOTH_CORRECT
v53_s0016_c003_sewing_000114848_000116348.mp4,v53.mp4,SLEEVE,SEWING,SEWING,SEWING,True,True,BOTH_CORRECT
v53_s0016_c004_sewing_000116348_000117848.mp4,v53.mp4,SLEEVE,SEWING,SEWING,SEWING,True,True,BOTH_CORRECT
v53_s0016_c005_sewing_000117848_000119348.mp4,v53.mp4,SLEEVE,SEWING,SEWING,SEWING,True,True,BOTH_CORRECT
v53_s0017_c001_idle_setup_000119521_000121021.mp4,v53.mp4,SLEEVE,IDLE_SETUP,IDLE_SETUP,IDLE_SETUP,True,True,BOTH_CORRECT
v53_s0017_c002_idle_setup_000121021_000122521.mp4,v53.mp4,SLEEVE,IDLE_SETUP,IDLE_SETUP,IDLE_SETUP,True,True,BOTH_CORRECT
v53_s0017_c003_idle_setup_000122521_000124021.mp4,v53.mp4,SLEEVE,IDLE_SETUP,IDLE_SETUP,IDLE_SETUP,True,True,BOTH_CORRECT
v53_s0017_c004_idle_setup_000124021_000125521.mp4,v53.mp4,SLEEVE,IDLE_SETUP,IDLE_SETUP,IDLE_SETUP,True,True,BOTH_CORRECT
v53_s0018_c001_sewing_000126526_000128026.mp4,v53.mp4,SLEEVE,SEWING,SEWING,SEWING,True,True,BOTH_CORRECT
v53_s0018_c002_sewing_000128026_000129526.mp4,v53.mp4,SLEEVE,SEWING,SEWING,SEWING,True,True,BOTH_CORRECT
v53_s0018_c003_sewing_000129526_000131026.mp4,v53.mp4,SLEEVE,SEWING,SEWING,SEWING,True,True,BOTH_CORRECT
v53_s0018_c004_sewing_000131026_000132526.mp4,v53.mp4,SLEEVE,SEWING,SEWING,SEWING,True,True,BOTH_CORRECT
v53_s0018_c005_sewing_000132526_000134026.mp4,v53.mp4,SLEEVE,SEWING,SEWING,SEWING,True,True,BOTH_CORRECT
v53_s0019_c001_idle_setup_000134231_000135731.mp4,v53.mp4,SLEEVE,IDLE_SETUP,IDLE_SETUP,IDLE_SETUP,True,True,BOTH_CORRECT
v53_s0019_c002_idle_setup_000135731_000137231.mp4,v53.mp4,SLEEVE,IDLE_SETUP,IDLE_SETUP,IDLE_SETUP,True,True,BOTH_CORRECT
v53_s0019_c003_idle_setup_000137231_000138731.mp4,v53.mp4,SLEEVE,IDLE_SETUP,IDLE_SETUP,IDLE_SETUP,True,True,BOTH_CORRECT
v53_s0019_c004_idle_setup_000138731_000140231.mp4,v53.mp4,SLEEVE,IDLE_SETUP,IDLE_SETUP,IDLE_SETUP,True,True,BOTH_CORRECT
v53_s0019_c005_idle_setup_000140231_000141731.mp4,v53.mp4,SLEEVE,IDLE_SETUP,IDLE_SETUP,IDLE_SETUP,True,True,BOTH_CORRECT
v53_s0020_c001_sewing_000141837_000143337.mp4,v53.mp4,SLEEVE,SEWING,SEWING,SEWING,True,True,BOTH_CORRECT
v53_s0020_c002_sewing_000143337_000144837.mp4,v53.mp4,SLEEVE,SEWING,SEWING,SEWING,True,True,BOTH_CORRECT
v53_s0020_c003_sewing_000144837_000146337.mp4,v53.mp4,SLEEVE,SEWING,SEWING,SEWING,True,True,BOTH_CORRECT
v53_s0020_c004_sewing_000146337_000147837.mp4,v53.mp4,SLEEVE,SEWING,SEWING,SEWING,True,True,BOTH_CORRECT
v53_s0020_c005_sewing_000147837_000149337.mp4,v53.mp4,SLEEVE,SEWING,SEWING,SEWING,True,True,BOTH_CORRECT
v53_s0021_c001_idle_setup_000149509_000151009.mp4,v53.mp4,SLEEVE,IDLE_SETUP,SEWING,SEWING,False,False,BOTH_WRONG
v53_s0021_c002_idle_setup_000151009_000152509.mp4,v53.mp4,SLEEVE,IDLE_SETUP,IDLE_SETUP,IDLE_SETUP,True,True,BOTH_CORRECT
v53_s0021_c003_idle_setup_000152509_000154009.mp4,v53.mp4,SLEEVE,IDLE_SETUP,IDLE_SETUP,IDLE_SETUP,True,True,BOTH_CORRECT
v53_s0021_c004_idle_setup_000154009_000155509.mp4,v53.mp4,SLEEVE,IDLE_SETUP,IDLE_SETUP,IDLE_SETUP,True,True,BOTH_CORRECT
v53_s0021_c005_idle_setup_000155509_000157009.mp4,v53.mp4,SLEEVE,IDLE_SETUP,IDLE_SETUP,IDLE_SETUP,True,True,BOTH_CORRECT
v53_s0022_c001_sewing_000157748_000159248.mp4,v53.mp4,SLEEVE,SEWING,SEWING,SEWING,True,True,BOTH_CORRECT
v53_s0022_c002_sewing_000159248_000160748.mp4,v53.mp4,SLEEVE,SEWING,SEWING,SEWING,True,True,BOTH_CORRECT
v53_s0022_c003_sewing_000160748_000162248.mp4,v53.mp4,SLEEVE,SEWING,SEWING,SEWING,True,True,BOTH_CORRECT
v53_s0022_c004_sewing_000162248_000163748.mp4,v53.mp4,SLEEVE,SEWING,SEWING,SEWING,True,True,BOTH_CORRECT
v53_s0023_c001_idle_setup_000164920_000166420.mp4,v53.mp4,SLEEVE,IDLE_SETUP,IDLE_SETUP,IDLE_SETUP,True,True,BOTH_CORRECT
v53_s0023_c002_idle_setup_000166420_000167920.mp4,v53.mp4,SLEEVE,IDLE_SETUP,IDLE_SETUP,IDLE_SETUP,True,True,BOTH_CORRECT
v53_s0023_c003_idle_setup_000167920_000169420.mp4,v53.mp4,SLEEVE,IDLE_SETUP,IDLE_SETUP,IDLE_SETUP,True,True,BOTH_CORRECT
v53_s0023_c004_idle_setup_000169420_000170920.mp4,v53.mp4,SLEEVE,IDLE_SETUP,IDLE_SETUP,IDLE_SETUP,True,True,BOTH_CORRECT
v53_s0024_c001_sewing_000171092_000172592.mp4,v53.mp4,SLEEVE,SEWING,SEWING,SEWING,True,True,BOTH_CORRECT
v53_s0024_c002_sewing_000172592_000174092.mp4,v53.mp4,SLEEVE,SEWING,SEWING,SEWING,True,True,BOTH_CORRECT
v53_s0024_c003_sewing_000174092_000175592.mp4,v53.mp4,SLEEVE,SEWING,SEWING,SEWING,True,True,BOTH_CORRECT
v53_s0024_c004_sewing_000175592_000177092.mp4,v53.mp4,SLEEVE,SEWING,SEWING,SEWING,True,True,BOTH_CORRECT
v53_s0024_c005_sewing_000177092_000178592.mp4,v53.mp4,SLEEVE,SEWING,SEWING,SEWING,True,True,BOTH_CORRECT
