video_id,frame_id,source_frame_number,timestamp_seconds,source_fps,effective_sample_fps,image_width,image_height,image_format,image_path
v29,v29_001,0,0.000000,30.000021,3.000002,1920,1080,jpg,C:\Users\wgucg\Desktop\videos\videos\02_model_development\best_frame_selector\adaptation_v2\extracted_frames\v29\v29_001.jpg
v29,v29_002,10,0.333333,30.000021,3.000002,1920,1080,jpg,C:\Users\wgucg\Desktop\videos\videos\02_model_development\best_frame_selector\adaptation_v2\extracted_frames\v29\v29_002.jpg
v29,v29_003,20,0.666666,30.000021,3.000002,1920,1080,jpg,C:\Users\wgucg\Desktop\videos\videos\02_model_development\best_frame_selector\adaptation_v2\extracted_frames\v29\v29_003.jpg
v29,v29_004,30,0.999999,30.000021,3.000002,1920,1080,jpg,C:\Users\wgucg\Desktop\videos\videos\02_model_development\best_frame_selector\adaptation_v2\extracted_frames\v29\v29_004.jpg
v29,v29_005,40,1.333332,30.000021,3.000002,1920,1080,jpg,C:\Users\wgucg\Desktop\videos\videos\02_model_development\best_frame_selector\adaptation_v2\extracted_frames\v29\v29_005.jpg
v29,v29_006,50,1.666666,30.000021,3.000002,1920,1080,jpg,C:\Users\wgucg\Desktop\videos\videos\02_model_development\best_frame_selector\adaptation_v2\extracted_frames\v29\v29_006.jpg
v29,v29_007,60,1.999999,30.000021,3.000002,1920,1080,jpg,C:\Users\wgucg\Desktop\videos\videos\02_model_development\best_frame_selector\adaptation_v2\extracted_frames\v29\v29_007.jpg
v29,v29_008,70,2.333332,30.000021,3.000002,1920,1080,jpg,C:\Users\wgucg\Desktop\videos\videos\02_model_development\best_frame_selector\adaptation_v2\extracted_frames\v29\v29_008.jpg
v29,v29_009,80,2.666665,30.000021,3.000002,1920,1080,jpg,C:\Users\wgucg\Desktop\videos\videos\02_model_development\best_frame_selector\adaptation_v2\extracted_frames\v29\v29_009.jpg
v29,v29_010,90,2.999998,30.000021,3.000002,1920,1080,jpg,C:\Users\wgucg\Desktop\videos\videos\02_model_development\best_frame_selector\adaptation_v2\extracted_frames\v29\v29_010.jpg
v29,v29_011,100,3.333331,30.000021,3.000002,1920,1080,jpg,C:\Users\wgucg\Desktop\videos\videos\02_model_development\best_frame_selector\adaptation_v2\extracted_frames\v29\v29_011.jpg
v29,v29_012,110,3.666664,30.000021,3.000002,1920,1080,jpg,C:\Users\wgucg\Desktop\videos\videos\02_model_development\best_frame_selector\adaptation_v2\extracted_frames\v29\v29_012.jpg
v29,v29_013,120,3.999997,30.000021,3.000002,1920,1080,jpg,C:\Users\wgucg\Desktop\videos\videos\02_model_development\best_frame_selector\adaptation_v2\extracted_frames\v29\v29_013.jpg
v29,v29_014,130,4.333330,30.000021,3.000002,1920,1080,jpg,C:\Users\wgucg\Desktop\videos\videos\02_model_development\best_frame_selector\adaptation_v2\extracted_frames\v29\v29_014.jpg
v29,v29_015,140,4.666663,30.000021,3.000002,1920,1080,jpg,C:\Users\wgucg\Desktop\videos\videos\02_model_development\best_frame_selector\adaptation_v2\extracted_frames\v29\v29_015.jpg
v29,v29_016,150,4.999997,30.000021,3.000002,1920,1080,jpg,C:\Users\wgucg\Desktop\videos\videos\02_model_development\best_frame_selector\adaptation_v2\extracted_frames\v29\v29_016.jpg
v29,v29_017,160,5.333330,30.000021,3.000002,1920,1080,jpg,C:\Users\wgucg\Desktop\videos\videos\02_model_development\best_frame_selector\adaptation_v2\extracted_frames\v29\v29_017.jpg
v29,v29_018,170,5.666663,30.000021,3.000002,1920,1080,jpg,C:\Users\wgucg\Desktop\videos\videos\02_model_development\best_frame_selector\adaptation_v2\extracted_frames\v29\v29_018.jpg
v29,v29_019,180,5.999996,30.000021,3.000002,1920,1080,jpg,C:\Users\wgucg\Desktop\videos\videos\02_model_development\best_frame_selector\adaptation_v2\extracted_frames\v29\v29_019.jpg
v29,v29_020,190,6.333329,30.000021,3.000002,1920,1080,jpg,C:\Users\wgucg\Desktop\videos\videos\02_model_development\best_frame_selector\adaptation_v2\extracted_frames\v29\v29_020.jpg
v29,v29_021,200,6.666662,30.000021,3.000002,1920,1080,jpg,C:\Users\wgucg\Desktop\videos\videos\02_model_development\best_frame_selector\adaptation_v2\extracted_frames\v29\v29_021.jpg
v29,v29_022,210,6.999995,30.000021,3.000002,1920,1080,jpg,C:\Users\wgucg\Desktop\videos\videos\02_model_development\best_frame_selector\adaptation_v2\extracted_frames\v29\v29_022.jpg
v29,v29_023,220,7.333328,30.000021,3.000002,1920,1080,jpg,C:\Users\wgucg\Desktop\videos\videos\02_model_development\best_frame_selector\adaptation_v2\extracted_frames\v29\v29_023.jpg
v29,v29_024,230,7.666661,30.000021,3.000002,1920,1080,jpg,C:\Users\wgucg\Desktop\videos\videos\02_model_development\best_frame_selector\adaptation_v2\extracted_frames\v29\v29_024.jpg
v29,v29_025,240,7.999995,30.000021,3.000002,1920,1080,jpg,C:\Users\wgucg\Desktop\videos\videos\02_model_development\best_frame_selector\adaptation_v2\extracted_frames\v29\v29_025.jpg
v29,v29_026,250,8.333328,30.000021,3.000002,1920,1080,jpg,C:\Users\wgucg\Desktop\videos\videos\02_model_development\best_frame_selector\adaptation_v2\extracted_frames\v29\v29_026.jpg
v29,v29_027,260,8.666661,30.000021,3.000002,1920,1080,jpg,C:\Users\wgucg\Desktop\videos\videos\02_model_development\best_frame_selector\adaptation_v2\extracted_frames\v29\v29_027.jpg
v29,v29_028,270,8.999994,30.000021,3.000002,1920,1080,jpg,C:\Users\wgucg\Desktop\videos\videos\02_model_development\best_frame_selector\adaptation_v2\extracted_frames\v29\v29_028.jpg
v29,v29_029,280,9.333327,30.000021,3.000002,1920,1080,jpg,C:\Users\wgucg\Desktop\videos\videos\02_model_development\best_frame_selector\adaptation_v2\extracted_frames\v29\v29_029.jpg
v29,v29_030,290,9.666660,30.000021,3.000002,1920,1080,jpg,C:\Users\wgucg\Desktop\videos\videos\02_model_development\best_frame_selector\adaptation_v2\extracted_frames\v29\v29_030.jpg
v29,v29_031,300,9.999993,30.000021,3.000002,1920,1080,jpg,C:\Users\wgucg\Desktop\videos\videos\02_model_development\best_frame_selector\adaptation_v2\extracted_frames\v29\v29_031.jpg
v29,v29_032,310,10.333326,30.000021,3.000002,1920,1080,jpg,C:\Users\wgucg\Desktop\videos\videos\02_model_development\best_frame_selector\adaptation_v2\extracted_frames\v29\v29_032.jpg
v29,v29_033,320,10.666659,30.000021,3.000002,1920,1080,jpg,C:\Users\wgucg\Desktop\videos\videos\02_model_development\best_frame_selector\adaptation_v2\extracted_frames\v29\v29_033.jpg
v29,v29_034,330,10.999992,30.000021,3.000002,1920,1080,jpg,C:\Users\wgucg\Desktop\videos\videos\02_model_development\best_frame_selector\adaptation_v2\extracted_frames\v29\v29_034.jpg
v29,v29_035,340,11.333326,30.000021,3.000002,1920,1080,jpg,C:\Users\wgucg\Desktop\videos\videos\02_model_development\best_frame_selector\adaptation_v2\extracted_frames\v29\v29_035.jpg
v29,v29_036,350,11.666659,30.000021,3.000002,1920,1080,jpg,C:\Users\wgucg\Desktop\videos\videos\02_model_development\best_frame_selector\adaptation_v2\extracted_frames\v29\v29_036.jpg
v29,v29_037,360,11.999992,30.000021,3.000002,1920,1080,jpg,C:\Users\wgucg\Desktop\videos\videos\02_model_development\best_frame_selector\adaptation_v2\extracted_frames\v29\v29_037.jpg
v29,v29_038,370,12.333325,30.000021,3.000002,1920,1080,jpg,C:\Users\wgucg\Desktop\videos\videos\02_model_development\best_frame_selector\adaptation_v2\extracted_frames\v29\v29_038.jpg
v29,v29_039,380,12.666658,30.000021,3.000002,1920,1080,jpg,C:\Users\wgucg\Desktop\videos\videos\02_model_development\best_frame_selector\adaptation_v2\extracted_frames\v29\v29_039.jpg
v29,v29_040,390,12.999991,30.000021,3.000002,1920,1080,jpg,C:\Users\wgucg\Desktop\videos\videos\02_model_development\best_frame_selector\adaptation_v2\extracted_frames\v29\v29_040.jpg
v29,v29_041,400,13.333324,30.000021,3.000002,1920,1080,jpg,C:\Users\wgucg\Desktop\videos\videos\02_model_development\best_frame_selector\adaptation_v2\extracted_frames\v29\v29_041.jpg
v29,v29_042,410,13.666657,30.000021,3.000002,1920,1080,jpg,C:\Users\wgucg\Desktop\videos\videos\02_model_development\best_frame_selector\adaptation_v2\extracted_frames\v29\v29_042.jpg
v29,v29_043,420,13.999990,30.000021,3.000002,1920,1080,jpg,C:\Users\wgucg\Desktop\videos\videos\02_model_development\best_frame_selector\adaptation_v2\extracted_frames\v29\v29_043.jpg
v29,v29_044,430,14.333323,30.000021,3.000002,1920,1080,jpg,C:\Users\wgucg\Desktop\videos\videos\02_model_development\best_frame_selector\adaptation_v2\extracted_frames\v29\v29_044.jpg
v29,v29_045,440,14.666657,30.000021,3.000002,1920,1080,jpg,C:\Users\wgucg\Desktop\videos\videos\02_model_development\best_frame_selector\adaptation_v2\extracted_frames\v29\v29_045.jpg
v29,v29_046,450,14.999990,30.000021,3.000002,1920,1080,jpg,C:\Users\wgucg\Desktop\videos\videos\02_model_development\best_frame_selector\adaptation_v2\extracted_frames\v29\v29_046.jpg
v29,v29_047,460,15.333323,30.000021,3.000002,1920,1080,jpg,C:\Users\wgucg\Desktop\videos\videos\02_model_development\best_frame_selector\adaptation_v2\extracted_frames\v29\v29_047.jpg
v29,v29_048,470,15.666656,30.000021,3.000002,1920,1080,jpg,C:\Users\wgucg\Desktop\videos\videos\02_model_development\best_frame_selector\adaptation_v2\extracted_frames\v29\v29_048.jpg
v29,v29_049,480,15.999989,30.000021,3.000002,1920,1080,jpg,C:\Users\wgucg\Desktop\videos\videos\02_model_development\best_frame_selector\adaptation_v2\extracted_frames\v29\v29_049.jpg
v29,v29_050,490,16.333322,30.000021,3.000002,1920,1080,jpg,C:\Users\wgucg\Desktop\videos\videos\02_model_development\best_frame_selector\adaptation_v2\extracted_frames\v29\v29_050.jpg
v29,v29_051,500,16.666655,30.000021,3.000002,1920,1080,jpg,C:\Users\wgucg\Desktop\videos\videos\02_model_development\best_frame_selector\adaptation_v2\extracted_frames\v29\v29_051.jpg
v29,v29_052,510,16.999988,30.000021,3.000002,1920,1080,jpg,C:\Users\wgucg\Desktop\videos\videos\02_model_development\best_frame_selector\adaptation_v2\extracted_frames\v29\v29_052.jpg
v29,v29_053,520,17.333321,30.000021,3.000002,1920,1080,jpg,C:\Users\wgucg\Desktop\videos\videos\02_model_development\best_frame_selector\adaptation_v2\extracted_frames\v29\v29_053.jpg
v29,v29_054,530,17.666655,30.000021,3.000002,1920,1080,jpg,C:\Users\wgucg\Desktop\videos\videos\02_model_development\best_frame_selector\adaptation_v2\extracted_frames\v29\v29_054.jpg
v29,v29_055,540,17.999988,30.000021,3.000002,1920,1080,jpg,C:\Users\wgucg\Desktop\videos\videos\02_model_development\best_frame_selector\adaptation_v2\extracted_frames\v29\v29_055.jpg
v29,v29_056,550,18.333321,30.000021,3.000002,1920,1080,jpg,C:\Users\wgucg\Desktop\videos\videos\02_model_development\best_frame_selector\adaptation_v2\extracted_frames\v29\v29_056.jpg
v29,v29_057,560,18.666654,30.000021,3.000002,1920,1080,jpg,C:\Users\wgucg\Desktop\videos\videos\02_model_development\best_frame_selector\adaptation_v2\extracted_frames\v29\v29_057.jpg
v29,v29_058,570,18.999987,30.000021,3.000002,1920,1080,jpg,C:\Users\wgucg\Desktop\videos\videos\02_model_development\best_frame_selector\adaptation_v2\extracted_frames\v29\v29_058.jpg
v29,v29_059,580,19.333320,30.000021,3.000002,1920,1080,jpg,C:\Users\wgucg\Desktop\videos\videos\02_model_development\best_frame_selector\adaptation_v2\extracted_frames\v29\v29_059.jpg
v29,v29_060,590,19.666653,30.000021,3.000002,1920,1080,jpg,C:\Users\wgucg\Desktop\videos\videos\02_model_development\best_frame_selector\adaptation_v2\extracted_frames\v29\v29_060.jpg
v29,v29_061,600,19.999986,30.000021,3.000002,1920,1080,jpg,C:\Users\wgucg\Desktop\videos\videos\02_model_development\best_frame_selector\adaptation_v2\extracted_frames\v29\v29_061.jpg
v29,v29_062,610,20.333319,30.000021,3.000002,1920,1080,jpg,C:\Users\wgucg\Desktop\videos\videos\02_model_development\best_frame_selector\adaptation_v2\extracted_frames\v29\v29_062.jpg
v29,v29_063,620,20.666652,30.000021,3.000002,1920,1080,jpg,C:\Users\wgucg\Desktop\videos\videos\02_model_development\best_frame_selector\adaptation_v2\extracted_frames\v29\v29_063.jpg
v29,v29_064,630,20.999986,30.000021,3.000002,1920,1080,jpg,C:\Users\wgucg\Desktop\videos\videos\02_model_development\best_frame_selector\adaptation_v2\extracted_frames\v29\v29_064.jpg
v29,v29_065,640,21.333319,30.000021,3.000002,1920,1080,jpg,C:\Users\wgucg\Desktop\videos\videos\02_model_development\best_frame_selector\adaptation_v2\extracted_frames\v29\v29_065.jpg
v29,v29_066,650,21.666652,30.000021,3.000002,1920,1080,jpg,C:\Users\wgucg\Desktop\videos\videos\02_model_development\best_frame_selector\adaptation_v2\extracted_frames\v29\v29_066.jpg
v29,v29_067,660,21.999985,30.000021,3.000002,1920,1080,jpg,C:\Users\wgucg\Desktop\videos\videos\02_model_development\best_frame_selector\adaptation_v2\extracted_frames\v29\v29_067.jpg
v29,v29_068,670,22.333318,30.000021,3.000002,1920,1080,jpg,C:\Users\wgucg\Desktop\videos\videos\02_model_development\best_frame_selector\adaptation_v2\extracted_frames\v29\v29_068.jpg
v29,v29_069,680,22.666651,30.000021,3.000002,1920,1080,jpg,C:\Users\wgucg\Desktop\videos\videos\02_model_development\best_frame_selector\adaptation_v2\extracted_frames\v29\v29_069.jpg
v29,v29_070,690,22.999984,30.000021,3.000002,1920,1080,jpg,C:\Users\wgucg\Desktop\videos\videos\02_model_development\best_frame_selector\adaptation_v2\extracted_frames\v29\v29_070.jpg
v29,v29_071,700,23.333317,30.000021,3.000002,1920,1080,jpg,C:\Users\wgucg\Desktop\videos\videos\02_model_development\best_frame_selector\adaptation_v2\extracted_frames\v29\v29_071.jpg
v29,v29_072,710,23.666650,30.000021,3.000002,1920,1080,jpg,C:\Users\wgucg\Desktop\videos\videos\02_model_development\best_frame_selector\adaptation_v2\extracted_frames\v29\v29_072.jpg
v29,v29_073,720,23.999984,30.000021,3.000002,1920,1080,jpg,C:\Users\wgucg\Desktop\videos\videos\02_model_development\best_frame_selector\adaptation_v2\extracted_frames\v29\v29_073.jpg
v29,v29_074,730,24.333317,30.000021,3.000002,1920,1080,jpg,C:\Users\wgucg\Desktop\videos\videos\02_model_development\best_frame_selector\adaptation_v2\extracted_frames\v29\v29_074.jpg
v29,v29_075,740,24.666650,30.000021,3.000002,1920,1080,jpg,C:\Users\wgucg\Desktop\videos\videos\02_model_development\best_frame_selector\adaptation_v2\extracted_frames\v29\v29_075.jpg
v29,v29_076,750,24.999983,30.000021,3.000002,1920,1080,jpg,C:\Users\wgucg\Desktop\videos\videos\02_model_development\best_frame_selector\adaptation_v2\extracted_frames\v29\v29_076.jpg
v29,v29_077,760,25.333316,30.000021,3.000002,1920,1080,jpg,C:\Users\wgucg\Desktop\videos\videos\02_model_development\best_frame_selector\adaptation_v2\extracted_frames\v29\v29_077.jpg
v29,v29_078,770,25.666649,30.000021,3.000002,1920,1080,jpg,C:\Users\wgucg\Desktop\videos\videos\02_model_development\best_frame_selector\adaptation_v2\extracted_frames\v29\v29_078.jpg
v29,v29_079,780,25.999982,30.000021,3.000002,1920,1080,jpg,C:\Users\wgucg\Desktop\videos\videos\02_model_development\best_frame_selector\adaptation_v2\extracted_frames\v29\v29_079.jpg
v29,v29_080,790,26.333315,30.000021,3.000002,1920,1080,jpg,C:\Users\wgucg\Desktop\videos\videos\02_model_development\best_frame_selector\adaptation_v2\extracted_frames\v29\v29_080.jpg
v29,v29_081,800,26.666648,30.000021,3.000002,1920,1080,jpg,C:\Users\wgucg\Desktop\videos\videos\02_model_development\best_frame_selector\adaptation_v2\extracted_frames\v29\v29_081.jpg
v29,v29_082,810,26.999981,30.000021,3.000002,1920,1080,jpg,C:\Users\wgucg\Desktop\videos\videos\02_model_development\best_frame_selector\adaptation_v2\extracted_frames\v29\v29_082.jpg
v29,v29_083,820,27.333315,30.000021,3.000002,1920,1080,jpg,C:\Users\wgucg\Desktop\videos\videos\02_model_development\best_frame_selector\adaptation_v2\extracted_frames\v29\v29_083.jpg
v29,v29_084,830,27.666648,30.000021,3.000002,1920,1080,jpg,C:\Users\wgucg\Desktop\videos\videos\02_model_development\best_frame_selector\adaptation_v2\extracted_frames\v29\v29_084.jpg
v29,v29_085,840,27.999981,30.000021,3.000002,1920,1080,jpg,C:\Users\wgucg\Desktop\videos\videos\02_model_development\best_frame_selector\adaptation_v2\extracted_frames\v29\v29_085.jpg
v29,v29_086,850,28.333314,30.000021,3.000002,1920,1080,jpg,C:\Users\wgucg\Desktop\videos\videos\02_model_development\best_frame_selector\adaptation_v2\extracted_frames\v29\v29_086.jpg
v29,v29_087,860,28.666647,30.000021,3.000002,1920,1080,jpg,C:\Users\wgucg\Desktop\videos\videos\02_model_development\best_frame_selector\adaptation_v2\extracted_frames\v29\v29_087.jpg
v29,v29_088,870,28.999980,30.000021,3.000002,1920,1080,jpg,C:\Users\wgucg\Desktop\videos\videos\02_model_development\best_frame_selector\adaptation_v2\extracted_frames\v29\v29_088.jpg
v29,v29_089,880,29.333313,30.000021,3.000002,1920,1080,jpg,C:\Users\wgucg\Desktop\videos\videos\02_model_development\best_frame_selector\adaptation_v2\extracted_frames\v29\v29_089.jpg
v29,v29_090,890,29.666646,30.000021,3.000002,1920,1080,jpg,C:\Users\wgucg\Desktop\videos\videos\02_model_development\best_frame_selector\adaptation_v2\extracted_frames\v29\v29_090.jpg
v29,v29_091,900,29.999979,30.000021,3.000002,1920,1080,jpg,C:\Users\wgucg\Desktop\videos\videos\02_model_development\best_frame_selector\adaptation_v2\extracted_frames\v29\v29_091.jpg
v29,v29_092,910,30.333312,30.000021,3.000002,1920,1080,jpg,C:\Users\wgucg\Desktop\videos\videos\02_model_development\best_frame_selector\adaptation_v2\extracted_frames\v29\v29_092.jpg
v29,v29_093,920,30.666646,30.000021,3.000002,1920,1080,jpg,C:\Users\wgucg\Desktop\videos\videos\02_model_development\best_frame_selector\adaptation_v2\extracted_frames\v29\v29_093.jpg
v29,v29_094,930,30.999979,30.000021,3.000002,1920,1080,jpg,C:\Users\wgucg\Desktop\videos\videos\02_model_development\best_frame_selector\adaptation_v2\extracted_frames\v29\v29_094.jpg
v29,v29_095,940,31.333312,30.000021,3.000002,1920,1080,jpg,C:\Users\wgucg\Desktop\videos\videos\02_model_development\best_frame_selector\adaptation_v2\extracted_frames\v29\v29_095.jpg
v29,v29_096,950,31.666645,30.000021,3.000002,1920,1080,jpg,C:\Users\wgucg\Desktop\videos\videos\02_model_development\best_frame_selector\adaptation_v2\extracted_frames\v29\v29_096.jpg
v29,v29_097,960,31.999978,30.000021,3.000002,1920,1080,jpg,C:\Users\wgucg\Desktop\videos\videos\02_model_development\best_frame_selector\adaptation_v2\extracted_frames\v29\v29_097.jpg
v29,v29_098,970,32.333311,30.000021,3.000002,1920,1080,jpg,C:\Users\wgucg\Desktop\videos\videos\02_model_development\best_frame_selector\adaptation_v2\extracted_frames\v29\v29_098.jpg
v29,v29_099,980,32.666644,30.000021,3.000002,1920,1080,jpg,C:\Users\wgucg\Desktop\videos\videos\02_model_development\best_frame_selector\adaptation_v2\extracted_frames\v29\v29_099.jpg
v29,v29_100,990,32.999977,30.000021,3.000002,1920,1080,jpg,C:\Users\wgucg\Desktop\videos\videos\02_model_development\best_frame_selector\adaptation_v2\extracted_frames\v29\v29_100.jpg
v29,v29_101,1000,33.333310,30.000021,3.000002,1920,1080,jpg,C:\Users\wgucg\Desktop\videos\videos\02_model_development\best_frame_selector\adaptation_v2\extracted_frames\v29\v29_101.jpg
v29,v29_102,1010,33.666644,30.000021,3.000002,1920,1080,jpg,C:\Users\wgucg\Desktop\videos\videos\02_model_development\best_frame_selector\adaptation_v2\extracted_frames\v29\v29_102.jpg
v29,v29_103,1020,33.999977,30.000021,3.000002,1920,1080,jpg,C:\Users\wgucg\Desktop\videos\videos\02_model_development\best_frame_selector\adaptation_v2\extracted_frames\v29\v29_103.jpg
v29,v29_104,1030,34.333310,30.000021,3.000002,1920,1080,jpg,C:\Users\wgucg\Desktop\videos\videos\02_model_development\best_frame_selector\adaptation_v2\extracted_frames\v29\v29_104.jpg
v29,v29_105,1040,34.666643,30.000021,3.000002,1920,1080,jpg,C:\Users\wgucg\Desktop\videos\videos\02_model_development\best_frame_selector\adaptation_v2\extracted_frames\v29\v29_105.jpg
v29,v29_106,1050,34.999976,30.000021,3.000002,1920,1080,jpg,C:\Users\wgucg\Desktop\videos\videos\02_model_development\best_frame_selector\adaptation_v2\extracted_frames\v29\v29_106.jpg
v29,v29_107,1060,35.333309,30.000021,3.000002,1920,1080,jpg,C:\Users\wgucg\Desktop\videos\videos\02_model_development\best_frame_selector\adaptation_v2\extracted_frames\v29\v29_107.jpg
v29,v29_108,1070,35.666642,30.000021,3.000002,1920,1080,jpg,C:\Users\wgucg\Desktop\videos\videos\02_model_development\best_frame_selector\adaptation_v2\extracted_frames\v29\v29_108.jpg
v29,v29_109,1080,35.999975,30.000021,3.000002,1920,1080,jpg,C:\Users\wgucg\Desktop\videos\videos\02_model_development\best_frame_selector\adaptation_v2\extracted_frames\v29\v29_109.jpg
v29,v29_110,1090,36.333308,30.000021,3.000002,1920,1080,jpg,C:\Users\wgucg\Desktop\videos\videos\02_model_development\best_frame_selector\adaptation_v2\extracted_frames\v29\v29_110.jpg
v29,v29_111,1100,36.666641,30.000021,3.000002,1920,1080,jpg,C:\Users\wgucg\Desktop\videos\videos\02_model_development\best_frame_selector\adaptation_v2\extracted_frames\v29\v29_111.jpg
v29,v29_112,1110,36.999975,30.000021,3.000002,1920,1080,jpg,C:\Users\wgucg\Desktop\videos\videos\02_model_development\best_frame_selector\adaptation_v2\extracted_frames\v29\v29_112.jpg
v29,v29_113,1120,37.333308,30.000021,3.000002,1920,1080,jpg,C:\Users\wgucg\Desktop\videos\videos\02_model_development\best_frame_selector\adaptation_v2\extracted_frames\v29\v29_113.jpg
v29,v29_114,1130,37.666641,30.000021,3.000002,1920,1080,jpg,C:\Users\wgucg\Desktop\videos\videos\02_model_development\best_frame_selector\adaptation_v2\extracted_frames\v29\v29_114.jpg
v29,v29_115,1140,37.999974,30.000021,3.000002,1920,1080,jpg,C:\Users\wgucg\Desktop\videos\videos\02_model_development\best_frame_selector\adaptation_v2\extracted_frames\v29\v29_115.jpg
v29,v29_116,1150,38.333307,30.000021,3.000002,1920,1080,jpg,C:\Users\wgucg\Desktop\videos\videos\02_model_development\best_frame_selector\adaptation_v2\extracted_frames\v29\v29_116.jpg
v29,v29_117,1160,38.666640,30.000021,3.000002,1920,1080,jpg,C:\Users\wgucg\Desktop\videos\videos\02_model_development\best_frame_selector\adaptation_v2\extracted_frames\v29\v29_117.jpg
v29,v29_118,1170,38.999973,30.000021,3.000002,1920,1080,jpg,C:\Users\wgucg\Desktop\videos\videos\02_model_development\best_frame_selector\adaptation_v2\extracted_frames\v29\v29_118.jpg
v29,v29_119,1180,39.333306,30.000021,3.000002,1920,1080,jpg,C:\Users\wgucg\Desktop\videos\videos\02_model_development\best_frame_selector\adaptation_v2\extracted_frames\v29\v29_119.jpg
v29,v29_120,1190,39.666639,30.000021,3.000002,1920,1080,jpg,C:\Users\wgucg\Desktop\videos\videos\02_model_development\best_frame_selector\adaptation_v2\extracted_frames\v29\v29_120.jpg
v29,v29_121,1200,39.999973,30.000021,3.000002,1920,1080,jpg,C:\Users\wgucg\Desktop\videos\videos\02_model_development\best_frame_selector\adaptation_v2\extracted_frames\v29\v29_121.jpg
v29,v29_122,1210,40.333306,30.000021,3.000002,1920,1080,jpg,C:\Users\wgucg\Desktop\videos\videos\02_model_development\best_frame_selector\adaptation_v2\extracted_frames\v29\v29_122.jpg
v29,v29_123,1220,40.666639,30.000021,3.000002,1920,1080,jpg,C:\Users\wgucg\Desktop\videos\videos\02_model_development\best_frame_selector\adaptation_v2\extracted_frames\v29\v29_123.jpg
v29,v29_124,1230,40.999972,30.000021,3.000002,1920,1080,jpg,C:\Users\wgucg\Desktop\videos\videos\02_model_development\best_frame_selector\adaptation_v2\extracted_frames\v29\v29_124.jpg
v29,v29_125,1240,41.333305,30.000021,3.000002,1920,1080,jpg,C:\Users\wgucg\Desktop\videos\videos\02_model_development\best_frame_selector\adaptation_v2\extracted_frames\v29\v29_125.jpg
v29,v29_126,1250,41.666638,30.000021,3.000002,1920,1080,jpg,C:\Users\wgucg\Desktop\videos\videos\02_model_development\best_frame_selector\adaptation_v2\extracted_frames\v29\v29_126.jpg
v29,v29_127,1260,41.999971,30.000021,3.000002,1920,1080,jpg,C:\Users\wgucg\Desktop\videos\videos\02_model_development\best_frame_selector\adaptation_v2\extracted_frames\v29\v29_127.jpg
v29,v29_128,1270,42.333304,30.000021,3.000002,1920,1080,jpg,C:\Users\wgucg\Desktop\videos\videos\02_model_development\best_frame_selector\adaptation_v2\extracted_frames\v29\v29_128.jpg
v29,v29_129,1280,42.666637,30.000021,3.000002,1920,1080,jpg,C:\Users\wgucg\Desktop\videos\videos\02_model_development\best_frame_selector\adaptation_v2\extracted_frames\v29\v29_129.jpg
v29,v29_130,1290,42.999970,30.000021,3.000002,1920,1080,jpg,C:\Users\wgucg\Desktop\videos\videos\02_model_development\best_frame_selector\adaptation_v2\extracted_frames\v29\v29_130.jpg
v29,v29_131,1300,43.333304,30.000021,3.000002,1920,1080,jpg,C:\Users\wgucg\Desktop\videos\videos\02_model_development\best_frame_selector\adaptation_v2\extracted_frames\v29\v29_131.jpg
v29,v29_132,1310,43.666637,30.000021,3.000002,1920,1080,jpg,C:\Users\wgucg\Desktop\videos\videos\02_model_development\best_frame_selector\adaptation_v2\extracted_frames\v29\v29_132.jpg
v29,v29_133,1320,43.999970,30.000021,3.000002,1920,1080,jpg,C:\Users\wgucg\Desktop\videos\videos\02_model_development\best_frame_selector\adaptation_v2\extracted_frames\v29\v29_133.jpg
v29,v29_134,1330,44.333303,30.000021,3.000002,1920,1080,jpg,C:\Users\wgucg\Desktop\videos\videos\02_model_development\best_frame_selector\adaptation_v2\extracted_frames\v29\v29_134.jpg
v29,v29_135,1340,44.666636,30.000021,3.000002,1920,1080,jpg,C:\Users\wgucg\Desktop\videos\videos\02_model_development\best_frame_selector\adaptation_v2\extracted_frames\v29\v29_135.jpg
v29,v29_136,1350,44.999969,30.000021,3.000002,1920,1080,jpg,C:\Users\wgucg\Desktop\videos\videos\02_model_development\best_frame_selector\adaptation_v2\extracted_frames\v29\v29_136.jpg
v29,v29_137,1360,45.333302,30.000021,3.000002,1920,1080,jpg,C:\Users\wgucg\Desktop\videos\videos\02_model_development\best_frame_selector\adaptation_v2\extracted_frames\v29\v29_137.jpg
v29,v29_138,1370,45.666635,30.000021,3.000002,1920,1080,jpg,C:\Users\wgucg\Desktop\videos\videos\02_model_development\best_frame_selector\adaptation_v2\extracted_frames\v29\v29_138.jpg
v29,v29_139,1380,45.999968,30.000021,3.000002,1920,1080,jpg,C:\Users\wgucg\Desktop\videos\videos\02_model_development\best_frame_selector\adaptation_v2\extracted_frames\v29\v29_139.jpg
v29,v29_140,1390,46.333301,30.000021,3.000002,1920,1080,jpg,C:\Users\wgucg\Desktop\videos\videos\02_model_development\best_frame_selector\adaptation_v2\extracted_frames\v29\v29_140.jpg
v29,v29_141,1400,46.666635,30.000021,3.000002,1920,1080,jpg,C:\Users\wgucg\Desktop\videos\videos\02_model_development\best_frame_selector\adaptation_v2\extracted_frames\v29\v29_141.jpg
v29,v29_142,1410,46.999968,30.000021,3.000002,1920,1080,jpg,C:\Users\wgucg\Desktop\videos\videos\02_model_development\best_frame_selector\adaptation_v2\extracted_frames\v29\v29_142.jpg
v29,v29_143,1420,47.333301,30.000021,3.000002,1920,1080,jpg,C:\Users\wgucg\Desktop\videos\videos\02_model_development\best_frame_selector\adaptation_v2\extracted_frames\v29\v29_143.jpg
v29,v29_144,1430,47.666634,30.000021,3.000002,1920,1080,jpg,C:\Users\wgucg\Desktop\videos\videos\02_model_development\best_frame_selector\adaptation_v2\extracted_frames\v29\v29_144.jpg
v29,v29_145,1440,47.999967,30.000021,3.000002,1920,1080,jpg,C:\Users\wgucg\Desktop\videos\videos\02_model_development\best_frame_selector\adaptation_v2\extracted_frames\v29\v29_145.jpg
v29,v29_146,1450,48.333300,30.000021,3.000002,1920,1080,jpg,C:\Users\wgucg\Desktop\videos\videos\02_model_development\best_frame_selector\adaptation_v2\extracted_frames\v29\v29_146.jpg
v29,v29_147,1460,48.666633,30.000021,3.000002,1920,1080,jpg,C:\Users\wgucg\Desktop\videos\videos\02_model_development\best_frame_selector\adaptation_v2\extracted_frames\v29\v29_147.jpg
v29,v29_148,1470,48.999966,30.000021,3.000002,1920,1080,jpg,C:\Users\wgucg\Desktop\videos\videos\02_model_development\best_frame_selector\adaptation_v2\extracted_frames\v29\v29_148.jpg
v29,v29_149,1480,49.333299,30.000021,3.000002,1920,1080,jpg,C:\Users\wgucg\Desktop\videos\videos\02_model_development\best_frame_selector\adaptation_v2\extracted_frames\v29\v29_149.jpg
v29,v29_150,1490,49.666633,30.000021,3.000002,1920,1080,jpg,C:\Users\wgucg\Desktop\videos\videos\02_model_development\best_frame_selector\adaptation_v2\extracted_frames\v29\v29_150.jpg
v29,v29_151,1500,49.999966,30.000021,3.000002,1920,1080,jpg,C:\Users\wgucg\Desktop\videos\videos\02_model_development\best_frame_selector\adaptation_v2\extracted_frames\v29\v29_151.jpg
v29,v29_152,1510,50.333299,30.000021,3.000002,1920,1080,jpg,C:\Users\wgucg\Desktop\videos\videos\02_model_development\best_frame_selector\adaptation_v2\extracted_frames\v29\v29_152.jpg
v29,v29_153,1520,50.666632,30.000021,3.000002,1920,1080,jpg,C:\Users\wgucg\Desktop\videos\videos\02_model_development\best_frame_selector\adaptation_v2\extracted_frames\v29\v29_153.jpg
v29,v29_154,1530,50.999965,30.000021,3.000002,1920,1080,jpg,C:\Users\wgucg\Desktop\videos\videos\02_model_development\best_frame_selector\adaptation_v2\extracted_frames\v29\v29_154.jpg
v29,v29_155,1540,51.333298,30.000021,3.000002,1920,1080,jpg,C:\Users\wgucg\Desktop\videos\videos\02_model_development\best_frame_selector\adaptation_v2\extracted_frames\v29\v29_155.jpg
v29,v29_156,1550,51.666631,30.000021,3.000002,1920,1080,jpg,C:\Users\wgucg\Desktop\videos\videos\02_model_development\best_frame_selector\adaptation_v2\extracted_frames\v29\v29_156.jpg
v29,v29_157,1560,51.999964,30.000021,3.000002,1920,1080,jpg,C:\Users\wgucg\Desktop\videos\videos\02_model_development\best_frame_selector\adaptation_v2\extracted_frames\v29\v29_157.jpg
v29,v29_158,1570,52.333297,30.000021,3.000002,1920,1080,jpg,C:\Users\wgucg\Desktop\videos\videos\02_model_development\best_frame_selector\adaptation_v2\extracted_frames\v29\v29_158.jpg
v29,v29_159,1580,52.666630,30.000021,3.000002,1920,1080,jpg,C:\Users\wgucg\Desktop\videos\videos\02_model_development\best_frame_selector\adaptation_v2\extracted_frames\v29\v29_159.jpg
v29,v29_160,1590,52.999964,30.000021,3.000002,1920,1080,jpg,C:\Users\wgucg\Desktop\videos\videos\02_model_development\best_frame_selector\adaptation_v2\extracted_frames\v29\v29_160.jpg
v29,v29_161,1600,53.333297,30.000021,3.000002,1920,1080,jpg,C:\Users\wgucg\Desktop\videos\videos\02_model_development\best_frame_selector\adaptation_v2\extracted_frames\v29\v29_161.jpg
v29,v29_162,1610,53.666630,30.000021,3.000002,1920,1080,jpg,C:\Users\wgucg\Desktop\videos\videos\02_model_development\best_frame_selector\adaptation_v2\extracted_frames\v29\v29_162.jpg
v29,v29_163,1620,53.999963,30.000021,3.000002,1920,1080,jpg,C:\Users\wgucg\Desktop\videos\videos\02_model_development\best_frame_selector\adaptation_v2\extracted_frames\v29\v29_163.jpg
v29,v29_164,1630,54.333296,30.000021,3.000002,1920,1080,jpg,C:\Users\wgucg\Desktop\videos\videos\02_model_development\best_frame_selector\adaptation_v2\extracted_frames\v29\v29_164.jpg
v29,v29_165,1640,54.666629,30.000021,3.000002,1920,1080,jpg,C:\Users\wgucg\Desktop\videos\videos\02_model_development\best_frame_selector\adaptation_v2\extracted_frames\v29\v29_165.jpg
v29,v29_166,1650,54.999962,30.000021,3.000002,1920,1080,jpg,C:\Users\wgucg\Desktop\videos\videos\02_model_development\best_frame_selector\adaptation_v2\extracted_frames\v29\v29_166.jpg
v29,v29_167,1660,55.333295,30.000021,3.000002,1920,1080,jpg,C:\Users\wgucg\Desktop\videos\videos\02_model_development\best_frame_selector\adaptation_v2\extracted_frames\v29\v29_167.jpg
v29,v29_168,1670,55.666628,30.000021,3.000002,1920,1080,jpg,C:\Users\wgucg\Desktop\videos\videos\02_model_development\best_frame_selector\adaptation_v2\extracted_frames\v29\v29_168.jpg
v29,v29_169,1680,55.999962,30.000021,3.000002,1920,1080,jpg,C:\Users\wgucg\Desktop\videos\videos\02_model_development\best_frame_selector\adaptation_v2\extracted_frames\v29\v29_169.jpg
v29,v29_170,1690,56.333295,30.000021,3.000002,1920,1080,jpg,C:\Users\wgucg\Desktop\videos\videos\02_model_development\best_frame_selector\adaptation_v2\extracted_frames\v29\v29_170.jpg
v29,v29_171,1700,56.666628,30.000021,3.000002,1920,1080,jpg,C:\Users\wgucg\Desktop\videos\videos\02_model_development\best_frame_selector\adaptation_v2\extracted_frames\v29\v29_171.jpg
v29,v29_172,1710,56.999961,30.000021,3.000002,1920,1080,jpg,C:\Users\wgucg\Desktop\videos\videos\02_model_development\best_frame_selector\adaptation_v2\extracted_frames\v29\v29_172.jpg
v29,v29_173,1720,57.333294,30.000021,3.000002,1920,1080,jpg,C:\Users\wgucg\Desktop\videos\videos\02_model_development\best_frame_selector\adaptation_v2\extracted_frames\v29\v29_173.jpg
v29,v29_174,1730,57.666627,30.000021,3.000002,1920,1080,jpg,C:\Users\wgucg\Desktop\videos\videos\02_model_development\best_frame_selector\adaptation_v2\extracted_frames\v29\v29_174.jpg
v29,v29_175,1740,57.999960,30.000021,3.000002,1920,1080,jpg,C:\Users\wgucg\Desktop\videos\videos\02_model_development\best_frame_selector\adaptation_v2\extracted_frames\v29\v29_175.jpg
v29,v29_176,1750,58.333293,30.000021,3.000002,1920,1080,jpg,C:\Users\wgucg\Desktop\videos\videos\02_model_development\best_frame_selector\adaptation_v2\extracted_frames\v29\v29_176.jpg
v29,v29_177,1760,58.666626,30.000021,3.000002,1920,1080,jpg,C:\Users\wgucg\Desktop\videos\videos\02_model_development\best_frame_selector\adaptation_v2\extracted_frames\v29\v29_177.jpg
v29,v29_178,1770,58.999959,30.000021,3.000002,1920,1080,jpg,C:\Users\wgucg\Desktop\videos\videos\02_model_development\best_frame_selector\adaptation_v2\extracted_frames\v29\v29_178.jpg
v29,v29_179,1780,59.333293,30.000021,3.000002,1920,1080,jpg,C:\Users\wgucg\Desktop\videos\videos\02_model_development\best_frame_selector\adaptation_v2\extracted_frames\v29\v29_179.jpg
v29,v29_180,1790,59.666626,30.000021,3.000002,1920,1080,jpg,C:\Users\wgucg\Desktop\videos\videos\02_model_development\best_frame_selector\adaptation_v2\extracted_frames\v29\v29_180.jpg
v29,v29_181,1800,59.999959,30.000021,3.000002,1920,1080,jpg,C:\Users\wgucg\Desktop\videos\videos\02_model_development\best_frame_selector\adaptation_v2\extracted_frames\v29\v29_181.jpg
v29,v29_182,1810,60.333292,30.000021,3.000002,1920,1080,jpg,C:\Users\wgucg\Desktop\videos\videos\02_model_development\best_frame_selector\adaptation_v2\extracted_frames\v29\v29_182.jpg
v29,v29_183,1820,60.666625,30.000021,3.000002,1920,1080,jpg,C:\Users\wgucg\Desktop\videos\videos\02_model_development\best_frame_selector\adaptation_v2\extracted_frames\v29\v29_183.jpg
v29,v29_184,1830,60.999958,30.000021,3.000002,1920,1080,jpg,C:\Users\wgucg\Desktop\videos\videos\02_model_development\best_frame_selector\adaptation_v2\extracted_frames\v29\v29_184.jpg
v29,v29_185,1840,61.333291,30.000021,3.000002,1920,1080,jpg,C:\Users\wgucg\Desktop\videos\videos\02_model_development\best_frame_selector\adaptation_v2\extracted_frames\v29\v29_185.jpg
v29,v29_186,1850,61.666624,30.000021,3.000002,1920,1080,jpg,C:\Users\wgucg\Desktop\videos\videos\02_model_development\best_frame_selector\adaptation_v2\extracted_frames\v29\v29_186.jpg
v29,v29_187,1860,61.999957,30.000021,3.000002,1920,1080,jpg,C:\Users\wgucg\Desktop\videos\videos\02_model_development\best_frame_selector\adaptation_v2\extracted_frames\v29\v29_187.jpg
v29,v29_188,1870,62.333290,30.000021,3.000002,1920,1080,jpg,C:\Users\wgucg\Desktop\videos\videos\02_model_development\best_frame_selector\adaptation_v2\extracted_frames\v29\v29_188.jpg
v29,v29_189,1880,62.666624,30.000021,3.000002,1920,1080,jpg,C:\Users\wgucg\Desktop\videos\videos\02_model_development\best_frame_selector\adaptation_v2\extracted_frames\v29\v29_189.jpg
v29,v29_190,1890,62.999957,30.000021,3.000002,1920,1080,jpg,C:\Users\wgucg\Desktop\videos\videos\02_model_development\best_frame_selector\adaptation_v2\extracted_frames\v29\v29_190.jpg
v29,v29_191,1900,63.333290,30.000021,3.000002,1920,1080,jpg,C:\Users\wgucg\Desktop\videos\videos\02_model_development\best_frame_selector\adaptation_v2\extracted_frames\v29\v29_191.jpg
v29,v29_192,1910,63.666623,30.000021,3.000002,1920,1080,jpg,C:\Users\wgucg\Desktop\videos\videos\02_model_development\best_frame_selector\adaptation_v2\extracted_frames\v29\v29_192.jpg
v29,v29_193,1920,63.999956,30.000021,3.000002,1920,1080,jpg,C:\Users\wgucg\Desktop\videos\videos\02_model_development\best_frame_selector\adaptation_v2\extracted_frames\v29\v29_193.jpg
v29,v29_194,1930,64.333289,30.000021,3.000002,1920,1080,jpg,C:\Users\wgucg\Desktop\videos\videos\02_model_development\best_frame_selector\adaptation_v2\extracted_frames\v29\v29_194.jpg
v29,v29_195,1940,64.666622,30.000021,3.000002,1920,1080,jpg,C:\Users\wgucg\Desktop\videos\videos\02_model_development\best_frame_selector\adaptation_v2\extracted_frames\v29\v29_195.jpg
v29,v29_196,1950,64.999955,30.000021,3.000002,1920,1080,jpg,C:\Users\wgucg\Desktop\videos\videos\02_model_development\best_frame_selector\adaptation_v2\extracted_frames\v29\v29_196.jpg
v29,v29_197,1960,65.333288,30.000021,3.000002,1920,1080,jpg,C:\Users\wgucg\Desktop\videos\videos\02_model_development\best_frame_selector\adaptation_v2\extracted_frames\v29\v29_197.jpg
v29,v29_198,1970,65.666622,30.000021,3.000002,1920,1080,jpg,C:\Users\wgucg\Desktop\videos\videos\02_model_development\best_frame_selector\adaptation_v2\extracted_frames\v29\v29_198.jpg
v29,v29_199,1980,65.999955,30.000021,3.000002,1920,1080,jpg,C:\Users\wgucg\Desktop\videos\videos\02_model_development\best_frame_selector\adaptation_v2\extracted_frames\v29\v29_199.jpg
v29,v29_200,1990,66.333288,30.000021,3.000002,1920,1080,jpg,C:\Users\wgucg\Desktop\videos\videos\02_model_development\best_frame_selector\adaptation_v2\extracted_frames\v29\v29_200.jpg
v29,v29_201,2000,66.666621,30.000021,3.000002,1920,1080,jpg,C:\Users\wgucg\Desktop\videos\videos\02_model_development\best_frame_selector\adaptation_v2\extracted_frames\v29\v29_201.jpg
v29,v29_202,2010,66.999954,30.000021,3.000002,1920,1080,jpg,C:\Users\wgucg\Desktop\videos\videos\02_model_development\best_frame_selector\adaptation_v2\extracted_frames\v29\v29_202.jpg
v29,v29_203,2020,67.333287,30.000021,3.000002,1920,1080,jpg,C:\Users\wgucg\Desktop\videos\videos\02_model_development\best_frame_selector\adaptation_v2\extracted_frames\v29\v29_203.jpg
v29,v29_204,2030,67.666620,30.000021,3.000002,1920,1080,jpg,C:\Users\wgucg\Desktop\videos\videos\02_model_development\best_frame_selector\adaptation_v2\extracted_frames\v29\v29_204.jpg
v29,v29_205,2040,67.999953,30.000021,3.000002,1920,1080,jpg,C:\Users\wgucg\Desktop\videos\videos\02_model_development\best_frame_selector\adaptation_v2\extracted_frames\v29\v29_205.jpg
v29,v29_206,2050,68.333286,30.000021,3.000002,1920,1080,jpg,C:\Users\wgucg\Desktop\videos\videos\02_model_development\best_frame_selector\adaptation_v2\extracted_frames\v29\v29_206.jpg
v29,v29_207,2060,68.666619,30.000021,3.000002,1920,1080,jpg,C:\Users\wgucg\Desktop\videos\videos\02_model_development\best_frame_selector\adaptation_v2\extracted_frames\v29\v29_207.jpg
v29,v29_208,2070,68.999953,30.000021,3.000002,1920,1080,jpg,C:\Users\wgucg\Desktop\videos\videos\02_model_development\best_frame_selector\adaptation_v2\extracted_frames\v29\v29_208.jpg
v29,v29_209,2080,69.333286,30.000021,3.000002,1920,1080,jpg,C:\Users\wgucg\Desktop\videos\videos\02_model_development\best_frame_selector\adaptation_v2\extracted_frames\v29\v29_209.jpg
v29,v29_210,2090,69.666619,30.000021,3.000002,1920,1080,jpg,C:\Users\wgucg\Desktop\videos\videos\02_model_development\best_frame_selector\adaptation_v2\extracted_frames\v29\v29_210.jpg
v29,v29_211,2100,69.999952,30.000021,3.000002,1920,1080,jpg,C:\Users\wgucg\Desktop\videos\videos\02_model_development\best_frame_selector\adaptation_v2\extracted_frames\v29\v29_211.jpg
v29,v29_212,2110,70.333285,30.000021,3.000002,1920,1080,jpg,C:\Users\wgucg\Desktop\videos\videos\02_model_development\best_frame_selector\adaptation_v2\extracted_frames\v29\v29_212.jpg
v29,v29_213,2120,70.666618,30.000021,3.000002,1920,1080,jpg,C:\Users\wgucg\Desktop\videos\videos\02_model_development\best_frame_selector\adaptation_v2\extracted_frames\v29\v29_213.jpg
v29,v29_214,2130,70.999951,30.000021,3.000002,1920,1080,jpg,C:\Users\wgucg\Desktop\videos\videos\02_model_development\best_frame_selector\adaptation_v2\extracted_frames\v29\v29_214.jpg
v29,v29_215,2140,71.333284,30.000021,3.000002,1920,1080,jpg,C:\Users\wgucg\Desktop\videos\videos\02_model_development\best_frame_selector\adaptation_v2\extracted_frames\v29\v29_215.jpg
v29,v29_216,2150,71.666617,30.000021,3.000002,1920,1080,jpg,C:\Users\wgucg\Desktop\videos\videos\02_model_development\best_frame_selector\adaptation_v2\extracted_frames\v29\v29_216.jpg
v29,v29_217,2160,71.999951,30.000021,3.000002,1920,1080,jpg,C:\Users\wgucg\Desktop\videos\videos\02_model_development\best_frame_selector\adaptation_v2\extracted_frames\v29\v29_217.jpg
v29,v29_218,2170,72.333284,30.000021,3.000002,1920,1080,jpg,C:\Users\wgucg\Desktop\videos\videos\02_model_development\best_frame_selector\adaptation_v2\extracted_frames\v29\v29_218.jpg
v29,v29_219,2180,72.666617,30.000021,3.000002,1920,1080,jpg,C:\Users\wgucg\Desktop\videos\videos\02_model_development\best_frame_selector\adaptation_v2\extracted_frames\v29\v29_219.jpg
v29,v29_220,2190,72.999950,30.000021,3.000002,1920,1080,jpg,C:\Users\wgucg\Desktop\videos\videos\02_model_development\best_frame_selector\adaptation_v2\extracted_frames\v29\v29_220.jpg
v29,v29_221,2200,73.333283,30.000021,3.000002,1920,1080,jpg,C:\Users\wgucg\Desktop\videos\videos\02_model_development\best_frame_selector\adaptation_v2\extracted_frames\v29\v29_221.jpg
v29,v29_222,2210,73.666616,30.000021,3.000002,1920,1080,jpg,C:\Users\wgucg\Desktop\videos\videos\02_model_development\best_frame_selector\adaptation_v2\extracted_frames\v29\v29_222.jpg
v29,v29_223,2220,73.999949,30.000021,3.000002,1920,1080,jpg,C:\Users\wgucg\Desktop\videos\videos\02_model_development\best_frame_selector\adaptation_v2\extracted_frames\v29\v29_223.jpg
v29,v29_224,2230,74.333282,30.000021,3.000002,1920,1080,jpg,C:\Users\wgucg\Desktop\videos\videos\02_model_development\best_frame_selector\adaptation_v2\extracted_frames\v29\v29_224.jpg
v29,v29_225,2240,74.666615,30.000021,3.000002,1920,1080,jpg,C:\Users\wgucg\Desktop\videos\videos\02_model_development\best_frame_selector\adaptation_v2\extracted_frames\v29\v29_225.jpg
v29,v29_226,2250,74.999948,30.000021,3.000002,1920,1080,jpg,C:\Users\wgucg\Desktop\videos\videos\02_model_development\best_frame_selector\adaptation_v2\extracted_frames\v29\v29_226.jpg
v29,v29_227,2260,75.333282,30.000021,3.000002,1920,1080,jpg,C:\Users\wgucg\Desktop\videos\videos\02_model_development\best_frame_selector\adaptation_v2\extracted_frames\v29\v29_227.jpg
v29,v29_228,2270,75.666615,30.000021,3.000002,1920,1080,jpg,C:\Users\wgucg\Desktop\videos\videos\02_model_development\best_frame_selector\adaptation_v2\extracted_frames\v29\v29_228.jpg
v29,v29_229,2280,75.999948,30.000021,3.000002,1920,1080,jpg,C:\Users\wgucg\Desktop\videos\videos\02_model_development\best_frame_selector\adaptation_v2\extracted_frames\v29\v29_229.jpg
v29,v29_230,2290,76.333281,30.000021,3.000002,1920,1080,jpg,C:\Users\wgucg\Desktop\videos\videos\02_model_development\best_frame_selector\adaptation_v2\extracted_frames\v29\v29_230.jpg
v29,v29_231,2300,76.666614,30.000021,3.000002,1920,1080,jpg,C:\Users\wgucg\Desktop\videos\videos\02_model_development\best_frame_selector\adaptation_v2\extracted_frames\v29\v29_231.jpg
v29,v29_232,2310,76.999947,30.000021,3.000002,1920,1080,jpg,C:\Users\wgucg\Desktop\videos\videos\02_model_development\best_frame_selector\adaptation_v2\extracted_frames\v29\v29_232.jpg
v29,v29_233,2320,77.333280,30.000021,3.000002,1920,1080,jpg,C:\Users\wgucg\Desktop\videos\videos\02_model_development\best_frame_selector\adaptation_v2\extracted_frames\v29\v29_233.jpg
v29,v29_234,2330,77.666613,30.000021,3.000002,1920,1080,jpg,C:\Users\wgucg\Desktop\videos\videos\02_model_development\best_frame_selector\adaptation_v2\extracted_frames\v29\v29_234.jpg
v29,v29_235,2340,77.999946,30.000021,3.000002,1920,1080,jpg,C:\Users\wgucg\Desktop\videos\videos\02_model_development\best_frame_selector\adaptation_v2\extracted_frames\v29\v29_235.jpg
v29,v29_236,2350,78.333279,30.000021,3.000002,1920,1080,jpg,C:\Users\wgucg\Desktop\videos\videos\02_model_development\best_frame_selector\adaptation_v2\extracted_frames\v29\v29_236.jpg
v29,v29_237,2360,78.666613,30.000021,3.000002,1920,1080,jpg,C:\Users\wgucg\Desktop\videos\videos\02_model_development\best_frame_selector\adaptation_v2\extracted_frames\v29\v29_237.jpg
v29,v29_238,2370,78.999946,30.000021,3.000002,1920,1080,jpg,C:\Users\wgucg\Desktop\videos\videos\02_model_development\best_frame_selector\adaptation_v2\extracted_frames\v29\v29_238.jpg
v29,v29_239,2380,79.333279,30.000021,3.000002,1920,1080,jpg,C:\Users\wgucg\Desktop\videos\videos\02_model_development\best_frame_selector\adaptation_v2\extracted_frames\v29\v29_239.jpg
v29,v29_240,2390,79.666612,30.000021,3.000002,1920,1080,jpg,C:\Users\wgucg\Desktop\videos\videos\02_model_development\best_frame_selector\adaptation_v2\extracted_frames\v29\v29_240.jpg
v29,v29_241,2400,79.999945,30.000021,3.000002,1920,1080,jpg,C:\Users\wgucg\Desktop\videos\videos\02_model_development\best_frame_selector\adaptation_v2\extracted_frames\v29\v29_241.jpg
v29,v29_242,2410,80.333278,30.000021,3.000002,1920,1080,jpg,C:\Users\wgucg\Desktop\videos\videos\02_model_development\best_frame_selector\adaptation_v2\extracted_frames\v29\v29_242.jpg
v29,v29_243,2420,80.666611,30.000021,3.000002,1920,1080,jpg,C:\Users\wgucg\Desktop\videos\videos\02_model_development\best_frame_selector\adaptation_v2\extracted_frames\v29\v29_243.jpg
v29,v29_244,2430,80.999944,30.000021,3.000002,1920,1080,jpg,C:\Users\wgucg\Desktop\videos\videos\02_model_development\best_frame_selector\adaptation_v2\extracted_frames\v29\v29_244.jpg
v29,v29_245,2440,81.333277,30.000021,3.000002,1920,1080,jpg,C:\Users\wgucg\Desktop\videos\videos\02_model_development\best_frame_selector\adaptation_v2\extracted_frames\v29\v29_245.jpg
v29,v29_246,2450,81.666611,30.000021,3.000002,1920,1080,jpg,C:\Users\wgucg\Desktop\videos\videos\02_model_development\best_frame_selector\adaptation_v2\extracted_frames\v29\v29_246.jpg
v29,v29_247,2460,81.999944,30.000021,3.000002,1920,1080,jpg,C:\Users\wgucg\Desktop\videos\videos\02_model_development\best_frame_selector\adaptation_v2\extracted_frames\v29\v29_247.jpg
v29,v29_248,2470,82.333277,30.000021,3.000002,1920,1080,jpg,C:\Users\wgucg\Desktop\videos\videos\02_model_development\best_frame_selector\adaptation_v2\extracted_frames\v29\v29_248.jpg
v29,v29_249,2480,82.666610,30.000021,3.000002,1920,1080,jpg,C:\Users\wgucg\Desktop\videos\videos\02_model_development\best_frame_selector\adaptation_v2\extracted_frames\v29\v29_249.jpg
v29,v29_250,2490,82.999943,30.000021,3.000002,1920,1080,jpg,C:\Users\wgucg\Desktop\videos\videos\02_model_development\best_frame_selector\adaptation_v2\extracted_frames\v29\v29_250.jpg
v29,v29_251,2500,83.333276,30.000021,3.000002,1920,1080,jpg,C:\Users\wgucg\Desktop\videos\videos\02_model_development\best_frame_selector\adaptation_v2\extracted_frames\v29\v29_251.jpg
v29,v29_252,2510,83.666609,30.000021,3.000002,1920,1080,jpg,C:\Users\wgucg\Desktop\videos\videos\02_model_development\best_frame_selector\adaptation_v2\extracted_frames\v29\v29_252.jpg
v29,v29_253,2520,83.999942,30.000021,3.000002,1920,1080,jpg,C:\Users\wgucg\Desktop\videos\videos\02_model_development\best_frame_selector\adaptation_v2\extracted_frames\v29\v29_253.jpg
v29,v29_254,2530,84.333275,30.000021,3.000002,1920,1080,jpg,C:\Users\wgucg\Desktop\videos\videos\02_model_development\best_frame_selector\adaptation_v2\extracted_frames\v29\v29_254.jpg
v29,v29_255,2540,84.666608,30.000021,3.000002,1920,1080,jpg,C:\Users\wgucg\Desktop\videos\videos\02_model_development\best_frame_selector\adaptation_v2\extracted_frames\v29\v29_255.jpg
v29,v29_256,2550,84.999942,30.000021,3.000002,1920,1080,jpg,C:\Users\wgucg\Desktop\videos\videos\02_model_development\best_frame_selector\adaptation_v2\extracted_frames\v29\v29_256.jpg
v29,v29_257,2560,85.333275,30.000021,3.000002,1920,1080,jpg,C:\Users\wgucg\Desktop\videos\videos\02_model_development\best_frame_selector\adaptation_v2\extracted_frames\v29\v29_257.jpg
v29,v29_258,2570,85.666608,30.000021,3.000002,1920,1080,jpg,C:\Users\wgucg\Desktop\videos\videos\02_model_development\best_frame_selector\adaptation_v2\extracted_frames\v29\v29_258.jpg
v29,v29_259,2580,85.999941,30.000021,3.000002,1920,1080,jpg,C:\Users\wgucg\Desktop\videos\videos\02_model_development\best_frame_selector\adaptation_v2\extracted_frames\v29\v29_259.jpg
v29,v29_260,2590,86.333274,30.000021,3.000002,1920,1080,jpg,C:\Users\wgucg\Desktop\videos\videos\02_model_development\best_frame_selector\adaptation_v2\extracted_frames\v29\v29_260.jpg
v29,v29_261,2600,86.666607,30.000021,3.000002,1920,1080,jpg,C:\Users\wgucg\Desktop\videos\videos\02_model_development\best_frame_selector\adaptation_v2\extracted_frames\v29\v29_261.jpg
v29,v29_262,2610,86.999940,30.000021,3.000002,1920,1080,jpg,C:\Users\wgucg\Desktop\videos\videos\02_model_development\best_frame_selector\adaptation_v2\extracted_frames\v29\v29_262.jpg
v29,v29_263,2620,87.333273,30.000021,3.000002,1920,1080,jpg,C:\Users\wgucg\Desktop\videos\videos\02_model_development\best_frame_selector\adaptation_v2\extracted_frames\v29\v29_263.jpg
v29,v29_264,2630,87.666606,30.000021,3.000002,1920,1080,jpg,C:\Users\wgucg\Desktop\videos\videos\02_model_development\best_frame_selector\adaptation_v2\extracted_frames\v29\v29_264.jpg
v29,v29_265,2640,87.999940,30.000021,3.000002,1920,1080,jpg,C:\Users\wgucg\Desktop\videos\videos\02_model_development\best_frame_selector\adaptation_v2\extracted_frames\v29\v29_265.jpg
v29,v29_266,2650,88.333273,30.000021,3.000002,1920,1080,jpg,C:\Users\wgucg\Desktop\videos\videos\02_model_development\best_frame_selector\adaptation_v2\extracted_frames\v29\v29_266.jpg
v29,v29_267,2660,88.666606,30.000021,3.000002,1920,1080,jpg,C:\Users\wgucg\Desktop\videos\videos\02_model_development\best_frame_selector\adaptation_v2\extracted_frames\v29\v29_267.jpg
v29,v29_268,2670,88.999939,30.000021,3.000002,1920,1080,jpg,C:\Users\wgucg\Desktop\videos\videos\02_model_development\best_frame_selector\adaptation_v2\extracted_frames\v29\v29_268.jpg
v29,v29_269,2680,89.333272,30.000021,3.000002,1920,1080,jpg,C:\Users\wgucg\Desktop\videos\videos\02_model_development\best_frame_selector\adaptation_v2\extracted_frames\v29\v29_269.jpg
v29,v29_270,2690,89.666605,30.000021,3.000002,1920,1080,jpg,C:\Users\wgucg\Desktop\videos\videos\02_model_development\best_frame_selector\adaptation_v2\extracted_frames\v29\v29_270.jpg
v29,v29_271,2700,89.999938,30.000021,3.000002,1920,1080,jpg,C:\Users\wgucg\Desktop\videos\videos\02_model_development\best_frame_selector\adaptation_v2\extracted_frames\v29\v29_271.jpg
v29,v29_272,2710,90.333271,30.000021,3.000002,1920,1080,jpg,C:\Users\wgucg\Desktop\videos\videos\02_model_development\best_frame_selector\adaptation_v2\extracted_frames\v29\v29_272.jpg
v29,v29_273,2720,90.666604,30.000021,3.000002,1920,1080,jpg,C:\Users\wgucg\Desktop\videos\videos\02_model_development\best_frame_selector\adaptation_v2\extracted_frames\v29\v29_273.jpg
v29,v29_274,2730,90.999937,30.000021,3.000002,1920,1080,jpg,C:\Users\wgucg\Desktop\videos\videos\02_model_development\best_frame_selector\adaptation_v2\extracted_frames\v29\v29_274.jpg
v29,v29_275,2740,91.333271,30.000021,3.000002,1920,1080,jpg,C:\Users\wgucg\Desktop\videos\videos\02_model_development\best_frame_selector\adaptation_v2\extracted_frames\v29\v29_275.jpg
v29,v29_276,2750,91.666604,30.000021,3.000002,1920,1080,jpg,C:\Users\wgucg\Desktop\videos\videos\02_model_development\best_frame_selector\adaptation_v2\extracted_frames\v29\v29_276.jpg
v29,v29_277,2760,91.999937,30.000021,3.000002,1920,1080,jpg,C:\Users\wgucg\Desktop\videos\videos\02_model_development\best_frame_selector\adaptation_v2\extracted_frames\v29\v29_277.jpg
v29,v29_278,2770,92.333270,30.000021,3.000002,1920,1080,jpg,C:\Users\wgucg\Desktop\videos\videos\02_model_development\best_frame_selector\adaptation_v2\extracted_frames\v29\v29_278.jpg
v29,v29_279,2780,92.666603,30.000021,3.000002,1920,1080,jpg,C:\Users\wgucg\Desktop\videos\videos\02_model_development\best_frame_selector\adaptation_v2\extracted_frames\v29\v29_279.jpg
v29,v29_280,2790,92.999936,30.000021,3.000002,1920,1080,jpg,C:\Users\wgucg\Desktop\videos\videos\02_model_development\best_frame_selector\adaptation_v2\extracted_frames\v29\v29_280.jpg
v29,v29_281,2800,93.333269,30.000021,3.000002,1920,1080,jpg,C:\Users\wgucg\Desktop\videos\videos\02_model_development\best_frame_selector\adaptation_v2\extracted_frames\v29\v29_281.jpg
v29,v29_282,2810,93.666602,30.000021,3.000002,1920,1080,jpg,C:\Users\wgucg\Desktop\videos\videos\02_model_development\best_frame_selector\adaptation_v2\extracted_frames\v29\v29_282.jpg
v29,v29_283,2820,93.999935,30.000021,3.000002,1920,1080,jpg,C:\Users\wgucg\Desktop\videos\videos\02_model_development\best_frame_selector\adaptation_v2\extracted_frames\v29\v29_283.jpg
v29,v29_284,2830,94.333269,30.000021,3.000002,1920,1080,jpg,C:\Users\wgucg\Desktop\videos\videos\02_model_development\best_frame_selector\adaptation_v2\extracted_frames\v29\v29_284.jpg
v29,v29_285,2840,94.666602,30.000021,3.000002,1920,1080,jpg,C:\Users\wgucg\Desktop\videos\videos\02_model_development\best_frame_selector\adaptation_v2\extracted_frames\v29\v29_285.jpg
v30,v30_001,0,0.000000,30.000036,3.000004,1920,1080,jpg,C:\Users\wgucg\Desktop\videos\videos\02_model_development\best_frame_selector\adaptation_v2\extracted_frames\v30\v30_001.jpg
v30,v30_002,10,0.333333,30.000036,3.000004,1920,1080,jpg,C:\Users\wgucg\Desktop\videos\videos\02_model_development\best_frame_selector\adaptation_v2\extracted_frames\v30\v30_002.jpg
v30,v30_003,20,0.666666,30.000036,3.000004,1920,1080,jpg,C:\Users\wgucg\Desktop\videos\videos\02_model_development\best_frame_selector\adaptation_v2\extracted_frames\v30\v30_003.jpg
v30,v30_004,30,0.999999,30.000036,3.000004,1920,1080,jpg,C:\Users\wgucg\Desktop\videos\videos\02_model_development\best_frame_selector\adaptation_v2\extracted_frames\v30\v30_004.jpg
v30,v30_005,40,1.333332,30.000036,3.000004,1920,1080,jpg,C:\Users\wgucg\Desktop\videos\videos\02_model_development\best_frame_selector\adaptation_v2\extracted_frames\v30\v30_005.jpg
v30,v30_006,50,1.666665,30.000036,3.000004,1920,1080,jpg,C:\Users\wgucg\Desktop\videos\videos\02_model_development\best_frame_selector\adaptation_v2\extracted_frames\v30\v30_006.jpg
v30,v30_007,60,1.999998,30.000036,3.000004,1920,1080,jpg,C:\Users\wgucg\Desktop\videos\videos\02_model_development\best_frame_selector\adaptation_v2\extracted_frames\v30\v30_007.jpg
v30,v30_008,70,2.333331,30.000036,3.000004,1920,1080,jpg,C:\Users\wgucg\Desktop\videos\videos\02_model_development\best_frame_selector\adaptation_v2\extracted_frames\v30\v30_008.jpg
v30,v30_009,80,2.666663,30.000036,3.000004,1920,1080,jpg,C:\Users\wgucg\Desktop\videos\videos\02_model_development\best_frame_selector\adaptation_v2\extracted_frames\v30\v30_009.jpg
v30,v30_010,90,2.999996,30.000036,3.000004,1920,1080,jpg,C:\Users\wgucg\Desktop\videos\videos\02_model_development\best_frame_selector\adaptation_v2\extracted_frames\v30\v30_010.jpg
v30,v30_011,100,3.333329,30.000036,3.000004,1920,1080,jpg,C:\Users\wgucg\Desktop\videos\videos\02_model_development\best_frame_selector\adaptation_v2\extracted_frames\v30\v30_011.jpg
v30,v30_012,110,3.666662,30.000036,3.000004,1920,1080,jpg,C:\Users\wgucg\Desktop\videos\videos\02_model_development\best_frame_selector\adaptation_v2\extracted_frames\v30\v30_012.jpg
v30,v30_013,120,3.999995,30.000036,3.000004,1920,1080,jpg,C:\Users\wgucg\Desktop\videos\videos\02_model_development\best_frame_selector\adaptation_v2\extracted_frames\v30\v30_013.jpg
v30,v30_014,130,4.333328,30.000036,3.000004,1920,1080,jpg,C:\Users\wgucg\Desktop\videos\videos\02_model_development\best_frame_selector\adaptation_v2\extracted_frames\v30\v30_014.jpg
v30,v30_015,140,4.666661,30.000036,3.000004,1920,1080,jpg,C:\Users\wgucg\Desktop\videos\videos\02_model_development\best_frame_selector\adaptation_v2\extracted_frames\v30\v30_015.jpg
v30,v30_016,150,4.999994,30.000036,3.000004,1920,1080,jpg,C:\Users\wgucg\Desktop\videos\videos\02_model_development\best_frame_selector\adaptation_v2\extracted_frames\v30\v30_016.jpg
v30,v30_017,160,5.333327,30.000036,3.000004,1920,1080,jpg,C:\Users\wgucg\Desktop\videos\videos\02_model_development\best_frame_selector\adaptation_v2\extracted_frames\v30\v30_017.jpg
v30,v30_018,170,5.666660,30.000036,3.000004,1920,1080,jpg,C:\Users\wgucg\Desktop\videos\videos\02_model_development\best_frame_selector\adaptation_v2\extracted_frames\v30\v30_018.jpg
v30,v30_019,180,5.999993,30.000036,3.000004,1920,1080,jpg,C:\Users\wgucg\Desktop\videos\videos\02_model_development\best_frame_selector\adaptation_v2\extracted_frames\v30\v30_019.jpg
v30,v30_020,190,6.333326,30.000036,3.000004,1920,1080,jpg,C:\Users\wgucg\Desktop\videos\videos\02_model_development\best_frame_selector\adaptation_v2\extracted_frames\v30\v30_020.jpg
v30,v30_021,200,6.666659,30.000036,3.000004,1920,1080,jpg,C:\Users\wgucg\Desktop\videos\videos\02_model_development\best_frame_selector\adaptation_v2\extracted_frames\v30\v30_021.jpg
v30,v30_022,210,6.999992,30.000036,3.000004,1920,1080,jpg,C:\Users\wgucg\Desktop\videos\videos\02_model_development\best_frame_selector\adaptation_v2\extracted_frames\v30\v30_022.jpg
v30,v30_023,220,7.333325,30.000036,3.000004,1920,1080,jpg,C:\Users\wgucg\Desktop\videos\videos\02_model_development\best_frame_selector\adaptation_v2\extracted_frames\v30\v30_023.jpg
v30,v30_024,230,7.666657,30.000036,3.000004,1920,1080,jpg,C:\Users\wgucg\Desktop\videos\videos\02_model_development\best_frame_selector\adaptation_v2\extracted_frames\v30\v30_024.jpg
v30,v30_025,240,7.999990,30.000036,3.000004,1920,1080,jpg,C:\Users\wgucg\Desktop\videos\videos\02_model_development\best_frame_selector\adaptation_v2\extracted_frames\v30\v30_025.jpg
v30,v30_026,250,8.333323,30.000036,3.000004,1920,1080,jpg,C:\Users\wgucg\Desktop\videos\videos\02_model_development\best_frame_selector\adaptation_v2\extracted_frames\v30\v30_026.jpg
v30,v30_027,260,8.666656,30.000036,3.000004,1920,1080,jpg,C:\Users\wgucg\Desktop\videos\videos\02_model_development\best_frame_selector\adaptation_v2\extracted_frames\v30\v30_027.jpg
v30,v30_028,270,8.999989,30.000036,3.000004,1920,1080,jpg,C:\Users\wgucg\Desktop\videos\videos\02_model_development\best_frame_selector\adaptation_v2\extracted_frames\v30\v30_028.jpg
v30,v30_029,280,9.333322,30.000036,3.000004,1920,1080,jpg,C:\Users\wgucg\Desktop\videos\videos\02_model_development\best_frame_selector\adaptation_v2\extracted_frames\v30\v30_029.jpg
v30,v30_030,290,9.666655,30.000036,3.000004,1920,1080,jpg,C:\Users\wgucg\Desktop\videos\videos\02_model_development\best_frame_selector\adaptation_v2\extracted_frames\v30\v30_030.jpg
v30,v30_031,300,9.999988,30.000036,3.000004,1920,1080,jpg,C:\Users\wgucg\Desktop\videos\videos\02_model_development\best_frame_selector\adaptation_v2\extracted_frames\v30\v30_031.jpg
v30,v30_032,310,10.333321,30.000036,3.000004,1920,1080,jpg,C:\Users\wgucg\Desktop\videos\videos\02_model_development\best_frame_selector\adaptation_v2\extracted_frames\v30\v30_032.jpg
v30,v30_033,320,10.666654,30.000036,3.000004,1920,1080,jpg,C:\Users\wgucg\Desktop\videos\videos\02_model_development\best_frame_selector\adaptation_v2\extracted_frames\v30\v30_033.jpg
v30,v30_034,330,10.999987,30.000036,3.000004,1920,1080,jpg,C:\Users\wgucg\Desktop\videos\videos\02_model_development\best_frame_selector\adaptation_v2\extracted_frames\v30\v30_034.jpg
v30,v30_035,340,11.333320,30.000036,3.000004,1920,1080,jpg,C:\Users\wgucg\Desktop\videos\videos\02_model_development\best_frame_selector\adaptation_v2\extracted_frames\v30\v30_035.jpg
v30,v30_036,350,11.666653,30.000036,3.000004,1920,1080,jpg,C:\Users\wgucg\Desktop\videos\videos\02_model_development\best_frame_selector\adaptation_v2\extracted_frames\v30\v30_036.jpg
v30,v30_037,360,11.999986,30.000036,3.000004,1920,1080,jpg,C:\Users\wgucg\Desktop\videos\videos\02_model_development\best_frame_selector\adaptation_v2\extracted_frames\v30\v30_037.jpg
v30,v30_038,370,12.333319,30.000036,3.000004,1920,1080,jpg,C:\Users\wgucg\Desktop\videos\videos\02_model_development\best_frame_selector\adaptation_v2\extracted_frames\v30\v30_038.jpg
v30,v30_039,380,12.666651,30.000036,3.000004,1920,1080,jpg,C:\Users\wgucg\Desktop\videos\videos\02_model_development\best_frame_selector\adaptation_v2\extracted_frames\v30\v30_039.jpg
v30,v30_040,390,12.999984,30.000036,3.000004,1920,1080,jpg,C:\Users\wgucg\Desktop\videos\videos\02_model_development\best_frame_selector\adaptation_v2\extracted_frames\v30\v30_040.jpg
v30,v30_041,400,13.333317,30.000036,3.000004,1920,1080,jpg,C:\Users\wgucg\Desktop\videos\videos\02_model_development\best_frame_selector\adaptation_v2\extracted_frames\v30\v30_041.jpg
v30,v30_042,410,13.666650,30.000036,3.000004,1920,1080,jpg,C:\Users\wgucg\Desktop\videos\videos\02_model_development\best_frame_selector\adaptation_v2\extracted_frames\v30\v30_042.jpg
v30,v30_043,420,13.999983,30.000036,3.000004,1920,1080,jpg,C:\Users\wgucg\Desktop\videos\videos\02_model_development\best_frame_selector\adaptation_v2\extracted_frames\v30\v30_043.jpg
v30,v30_044,430,14.333316,30.000036,3.000004,1920,1080,jpg,C:\Users\wgucg\Desktop\videos\videos\02_model_development\best_frame_selector\adaptation_v2\extracted_frames\v30\v30_044.jpg
v30,v30_045,440,14.666649,30.000036,3.000004,1920,1080,jpg,C:\Users\wgucg\Desktop\videos\videos\02_model_development\best_frame_selector\adaptation_v2\extracted_frames\v30\v30_045.jpg
v30,v30_046,450,14.999982,30.000036,3.000004,1920,1080,jpg,C:\Users\wgucg\Desktop\videos\videos\02_model_development\best_frame_selector\adaptation_v2\extracted_frames\v30\v30_046.jpg
v30,v30_047,460,15.333315,30.000036,3.000004,1920,1080,jpg,C:\Users\wgucg\Desktop\videos\videos\02_model_development\best_frame_selector\adaptation_v2\extracted_frames\v30\v30_047.jpg
v30,v30_048,470,15.666648,30.000036,3.000004,1920,1080,jpg,C:\Users\wgucg\Desktop\videos\videos\02_model_development\best_frame_selector\adaptation_v2\extracted_frames\v30\v30_048.jpg
v30,v30_049,480,15.999981,30.000036,3.000004,1920,1080,jpg,C:\Users\wgucg\Desktop\videos\videos\02_model_development\best_frame_selector\adaptation_v2\extracted_frames\v30\v30_049.jpg
v30,v30_050,490,16.333314,30.000036,3.000004,1920,1080,jpg,C:\Users\wgucg\Desktop\videos\videos\02_model_development\best_frame_selector\adaptation_v2\extracted_frames\v30\v30_050.jpg
v30,v30_051,500,16.666647,30.000036,3.000004,1920,1080,jpg,C:\Users\wgucg\Desktop\videos\videos\02_model_development\best_frame_selector\adaptation_v2\extracted_frames\v30\v30_051.jpg
v30,v30_052,510,16.999980,30.000036,3.000004,1920,1080,jpg,C:\Users\wgucg\Desktop\videos\videos\02_model_development\best_frame_selector\adaptation_v2\extracted_frames\v30\v30_052.jpg
v30,v30_053,520,17.333313,30.000036,3.000004,1920,1080,jpg,C:\Users\wgucg\Desktop\videos\videos\02_model_development\best_frame_selector\adaptation_v2\extracted_frames\v30\v30_053.jpg
v30,v30_054,530,17.666646,30.000036,3.000004,1920,1080,jpg,C:\Users\wgucg\Desktop\videos\videos\02_model_development\best_frame_selector\adaptation_v2\extracted_frames\v30\v30_054.jpg
v30,v30_055,540,17.999978,30.000036,3.000004,1920,1080,jpg,C:\Users\wgucg\Desktop\videos\videos\02_model_development\best_frame_selector\adaptation_v2\extracted_frames\v30\v30_055.jpg
v30,v30_056,550,18.333311,30.000036,3.000004,1920,1080,jpg,C:\Users\wgucg\Desktop\videos\videos\02_model_development\best_frame_selector\adaptation_v2\extracted_frames\v30\v30_056.jpg
v30,v30_057,560,18.666644,30.000036,3.000004,1920,1080,jpg,C:\Users\wgucg\Desktop\videos\videos\02_model_development\best_frame_selector\adaptation_v2\extracted_frames\v30\v30_057.jpg
v30,v30_058,570,18.999977,30.000036,3.000004,1920,1080,jpg,C:\Users\wgucg\Desktop\videos\videos\02_model_development\best_frame_selector\adaptation_v2\extracted_frames\v30\v30_058.jpg
v30,v30_059,580,19.333310,30.000036,3.000004,1920,1080,jpg,C:\Users\wgucg\Desktop\videos\videos\02_model_development\best_frame_selector\adaptation_v2\extracted_frames\v30\v30_059.jpg
v30,v30_060,590,19.666643,30.000036,3.000004,1920,1080,jpg,C:\Users\wgucg\Desktop\videos\videos\02_model_development\best_frame_selector\adaptation_v2\extracted_frames\v30\v30_060.jpg
v30,v30_061,600,19.999976,30.000036,3.000004,1920,1080,jpg,C:\Users\wgucg\Desktop\videos\videos\02_model_development\best_frame_selector\adaptation_v2\extracted_frames\v30\v30_061.jpg
v30,v30_062,610,20.333309,30.000036,3.000004,1920,1080,jpg,C:\Users\wgucg\Desktop\videos\videos\02_model_development\best_frame_selector\adaptation_v2\extracted_frames\v30\v30_062.jpg
v30,v30_063,620,20.666642,30.000036,3.000004,1920,1080,jpg,C:\Users\wgucg\Desktop\videos\videos\02_model_development\best_frame_selector\adaptation_v2\extracted_frames\v30\v30_063.jpg
v30,v30_064,630,20.999975,30.000036,3.000004,1920,1080,jpg,C:\Users\wgucg\Desktop\videos\videos\02_model_development\best_frame_selector\adaptation_v2\extracted_frames\v30\v30_064.jpg
v30,v30_065,640,21.333308,30.000036,3.000004,1920,1080,jpg,C:\Users\wgucg\Desktop\videos\videos\02_model_development\best_frame_selector\adaptation_v2\extracted_frames\v30\v30_065.jpg
v30,v30_066,650,21.666641,30.000036,3.000004,1920,1080,jpg,C:\Users\wgucg\Desktop\videos\videos\02_model_development\best_frame_selector\adaptation_v2\extracted_frames\v30\v30_066.jpg
v30,v30_067,660,21.999974,30.000036,3.000004,1920,1080,jpg,C:\Users\wgucg\Desktop\videos\videos\02_model_development\best_frame_selector\adaptation_v2\extracted_frames\v30\v30_067.jpg
v30,v30_068,670,22.333307,30.000036,3.000004,1920,1080,jpg,C:\Users\wgucg\Desktop\videos\videos\02_model_development\best_frame_selector\adaptation_v2\extracted_frames\v30\v30_068.jpg
v30,v30_069,680,22.666640,30.000036,3.000004,1920,1080,jpg,C:\Users\wgucg\Desktop\videos\videos\02_model_development\best_frame_selector\adaptation_v2\extracted_frames\v30\v30_069.jpg
v30,v30_070,690,22.999972,30.000036,3.000004,1920,1080,jpg,C:\Users\wgucg\Desktop\videos\videos\02_model_development\best_frame_selector\adaptation_v2\extracted_frames\v30\v30_070.jpg
v30,v30_071,700,23.333305,30.000036,3.000004,1920,1080,jpg,C:\Users\wgucg\Desktop\videos\videos\02_model_development\best_frame_selector\adaptation_v2\extracted_frames\v30\v30_071.jpg
v30,v30_072,710,23.666638,30.000036,3.000004,1920,1080,jpg,C:\Users\wgucg\Desktop\videos\videos\02_model_development\best_frame_selector\adaptation_v2\extracted_frames\v30\v30_072.jpg
v30,v30_073,720,23.999971,30.000036,3.000004,1920,1080,jpg,C:\Users\wgucg\Desktop\videos\videos\02_model_development\best_frame_selector\adaptation_v2\extracted_frames\v30\v30_073.jpg
v30,v30_074,730,24.333304,30.000036,3.000004,1920,1080,jpg,C:\Users\wgucg\Desktop\videos\videos\02_model_development\best_frame_selector\adaptation_v2\extracted_frames\v30\v30_074.jpg
v30,v30_075,740,24.666637,30.000036,3.000004,1920,1080,jpg,C:\Users\wgucg\Desktop\videos\videos\02_model_development\best_frame_selector\adaptation_v2\extracted_frames\v30\v30_075.jpg
v30,v30_076,750,24.999970,30.000036,3.000004,1920,1080,jpg,C:\Users\wgucg\Desktop\videos\videos\02_model_development\best_frame_selector\adaptation_v2\extracted_frames\v30\v30_076.jpg
v30,v30_077,760,25.333303,30.000036,3.000004,1920,1080,jpg,C:\Users\wgucg\Desktop\videos\videos\02_model_development\best_frame_selector\adaptation_v2\extracted_frames\v30\v30_077.jpg
v30,v30_078,770,25.666636,30.000036,3.000004,1920,1080,jpg,C:\Users\wgucg\Desktop\videos\videos\02_model_development\best_frame_selector\adaptation_v2\extracted_frames\v30\v30_078.jpg
v30,v30_079,780,25.999969,30.000036,3.000004,1920,1080,jpg,C:\Users\wgucg\Desktop\videos\videos\02_model_development\best_frame_selector\adaptation_v2\extracted_frames\v30\v30_079.jpg
v30,v30_080,790,26.333302,30.000036,3.000004,1920,1080,jpg,C:\Users\wgucg\Desktop\videos\videos\02_model_development\best_frame_selector\adaptation_v2\extracted_frames\v30\v30_080.jpg
v30,v30_081,800,26.666635,30.000036,3.000004,1920,1080,jpg,C:\Users\wgucg\Desktop\videos\videos\02_model_development\best_frame_selector\adaptation_v2\extracted_frames\v30\v30_081.jpg
v30,v30_082,810,26.999968,30.000036,3.000004,1920,1080,jpg,C:\Users\wgucg\Desktop\videos\videos\02_model_development\best_frame_selector\adaptation_v2\extracted_frames\v30\v30_082.jpg
v30,v30_083,820,27.333301,30.000036,3.000004,1920,1080,jpg,C:\Users\wgucg\Desktop\videos\videos\02_model_development\best_frame_selector\adaptation_v2\extracted_frames\v30\v30_083.jpg
v30,v30_084,830,27.666634,30.000036,3.000004,1920,1080,jpg,C:\Users\wgucg\Desktop\videos\videos\02_model_development\best_frame_selector\adaptation_v2\extracted_frames\v30\v30_084.jpg
v30,v30_085,840,27.999966,30.000036,3.000004,1920,1080,jpg,C:\Users\wgucg\Desktop\videos\videos\02_model_development\best_frame_selector\adaptation_v2\extracted_frames\v30\v30_085.jpg
v30,v30_086,850,28.333299,30.000036,3.000004,1920,1080,jpg,C:\Users\wgucg\Desktop\videos\videos\02_model_development\best_frame_selector\adaptation_v2\extracted_frames\v30\v30_086.jpg
v30,v30_087,860,28.666632,30.000036,3.000004,1920,1080,jpg,C:\Users\wgucg\Desktop\videos\videos\02_model_development\best_frame_selector\adaptation_v2\extracted_frames\v30\v30_087.jpg
v30,v30_088,870,28.999965,30.000036,3.000004,1920,1080,jpg,C:\Users\wgucg\Desktop\videos\videos\02_model_development\best_frame_selector\adaptation_v2\extracted_frames\v30\v30_088.jpg
v30,v30_089,880,29.333298,30.000036,3.000004,1920,1080,jpg,C:\Users\wgucg\Desktop\videos\videos\02_model_development\best_frame_selector\adaptation_v2\extracted_frames\v30\v30_089.jpg
v30,v30_090,890,29.666631,30.000036,3.000004,1920,1080,jpg,C:\Users\wgucg\Desktop\videos\videos\02_model_development\best_frame_selector\adaptation_v2\extracted_frames\v30\v30_090.jpg
v30,v30_091,900,29.999964,30.000036,3.000004,1920,1080,jpg,C:\Users\wgucg\Desktop\videos\videos\02_model_development\best_frame_selector\adaptation_v2\extracted_frames\v30\v30_091.jpg
v30,v30_092,910,30.333297,30.000036,3.000004,1920,1080,jpg,C:\Users\wgucg\Desktop\videos\videos\02_model_development\best_frame_selector\adaptation_v2\extracted_frames\v30\v30_092.jpg
v30,v30_093,920,30.666630,30.000036,3.000004,1920,1080,jpg,C:\Users\wgucg\Desktop\videos\videos\02_model_development\best_frame_selector\adaptation_v2\extracted_frames\v30\v30_093.jpg
v30,v30_094,930,30.999963,30.000036,3.000004,1920,1080,jpg,C:\Users\wgucg\Desktop\videos\videos\02_model_development\best_frame_selector\adaptation_v2\extracted_frames\v30\v30_094.jpg
v30,v30_095,940,31.333296,30.000036,3.000004,1920,1080,jpg,C:\Users\wgucg\Desktop\videos\videos\02_model_development\best_frame_selector\adaptation_v2\extracted_frames\v30\v30_095.jpg
v30,v30_096,950,31.666629,30.000036,3.000004,1920,1080,jpg,C:\Users\wgucg\Desktop\videos\videos\02_model_development\best_frame_selector\adaptation_v2\extracted_frames\v30\v30_096.jpg
v30,v30_097,960,31.999962,30.000036,3.000004,1920,1080,jpg,C:\Users\wgucg\Desktop\videos\videos\02_model_development\best_frame_selector\adaptation_v2\extracted_frames\v30\v30_097.jpg
v30,v30_098,970,32.333295,30.000036,3.000004,1920,1080,jpg,C:\Users\wgucg\Desktop\videos\videos\02_model_development\best_frame_selector\adaptation_v2\extracted_frames\v30\v30_098.jpg
v30,v30_099,980,32.666628,30.000036,3.000004,1920,1080,jpg,C:\Users\wgucg\Desktop\videos\videos\02_model_development\best_frame_selector\adaptation_v2\extracted_frames\v30\v30_099.jpg
v30,v30_100,990,32.999960,30.000036,3.000004,1920,1080,jpg,C:\Users\wgucg\Desktop\videos\videos\02_model_development\best_frame_selector\adaptation_v2\extracted_frames\v30\v30_100.jpg
v30,v30_101,1000,33.333293,30.000036,3.000004,1920,1080,jpg,C:\Users\wgucg\Desktop\videos\videos\02_model_development\best_frame_selector\adaptation_v2\extracted_frames\v30\v30_101.jpg
v30,v30_102,1010,33.666626,30.000036,3.000004,1920,1080,jpg,C:\Users\wgucg\Desktop\videos\videos\02_model_development\best_frame_selector\adaptation_v2\extracted_frames\v30\v30_102.jpg
v30,v30_103,1020,33.999959,30.000036,3.000004,1920,1080,jpg,C:\Users\wgucg\Desktop\videos\videos\02_model_development\best_frame_selector\adaptation_v2\extracted_frames\v30\v30_103.jpg
v30,v30_104,1030,34.333292,30.000036,3.000004,1920,1080,jpg,C:\Users\wgucg\Desktop\videos\videos\02_model_development\best_frame_selector\adaptation_v2\extracted_frames\v30\v30_104.jpg
v30,v30_105,1040,34.666625,30.000036,3.000004,1920,1080,jpg,C:\Users\wgucg\Desktop\videos\videos\02_model_development\best_frame_selector\adaptation_v2\extracted_frames\v30\v30_105.jpg
v30,v30_106,1050,34.999958,30.000036,3.000004,1920,1080,jpg,C:\Users\wgucg\Desktop\videos\videos\02_model_development\best_frame_selector\adaptation_v2\extracted_frames\v30\v30_106.jpg
v30,v30_107,1060,35.333291,30.000036,3.000004,1920,1080,jpg,C:\Users\wgucg\Desktop\videos\videos\02_model_development\best_frame_selector\adaptation_v2\extracted_frames\v30\v30_107.jpg
v30,v30_108,1070,35.666624,30.000036,3.000004,1920,1080,jpg,C:\Users\wgucg\Desktop\videos\videos\02_model_development\best_frame_selector\adaptation_v2\extracted_frames\v30\v30_108.jpg
v30,v30_109,1080,35.999957,30.000036,3.000004,1920,1080,jpg,C:\Users\wgucg\Desktop\videos\videos\02_model_development\best_frame_selector\adaptation_v2\extracted_frames\v30\v30_109.jpg
v30,v30_110,1090,36.333290,30.000036,3.000004,1920,1080,jpg,C:\Users\wgucg\Desktop\videos\videos\02_model_development\best_frame_selector\adaptation_v2\extracted_frames\v30\v30_110.jpg
v30,v30_111,1100,36.666623,30.000036,3.000004,1920,1080,jpg,C:\Users\wgucg\Desktop\videos\videos\02_model_development\best_frame_selector\adaptation_v2\extracted_frames\v30\v30_111.jpg
v30,v30_112,1110,36.999956,30.000036,3.000004,1920,1080,jpg,C:\Users\wgucg\Desktop\videos\videos\02_model_development\best_frame_selector\adaptation_v2\extracted_frames\v30\v30_112.jpg
v30,v30_113,1120,37.333289,30.000036,3.000004,1920,1080,jpg,C:\Users\wgucg\Desktop\videos\videos\02_model_development\best_frame_selector\adaptation_v2\extracted_frames\v30\v30_113.jpg
v30,v30_114,1130,37.666622,30.000036,3.000004,1920,1080,jpg,C:\Users\wgucg\Desktop\videos\videos\02_model_development\best_frame_selector\adaptation_v2\extracted_frames\v30\v30_114.jpg
v30,v30_115,1140,37.999954,30.000036,3.000004,1920,1080,jpg,C:\Users\wgucg\Desktop\videos\videos\02_model_development\best_frame_selector\adaptation_v2\extracted_frames\v30\v30_115.jpg
v30,v30_116,1150,38.333287,30.000036,3.000004,1920,1080,jpg,C:\Users\wgucg\Desktop\videos\videos\02_model_development\best_frame_selector\adaptation_v2\extracted_frames\v30\v30_116.jpg
v30,v30_117,1160,38.666620,30.000036,3.000004,1920,1080,jpg,C:\Users\wgucg\Desktop\videos\videos\02_model_development\best_frame_selector\adaptation_v2\extracted_frames\v30\v30_117.jpg
v30,v30_118,1170,38.999953,30.000036,3.000004,1920,1080,jpg,C:\Users\wgucg\Desktop\videos\videos\02_model_development\best_frame_selector\adaptation_v2\extracted_frames\v30\v30_118.jpg
v30,v30_119,1180,39.333286,30.000036,3.000004,1920,1080,jpg,C:\Users\wgucg\Desktop\videos\videos\02_model_development\best_frame_selector\adaptation_v2\extracted_frames\v30\v30_119.jpg
v30,v30_120,1190,39.666619,30.000036,3.000004,1920,1080,jpg,C:\Users\wgucg\Desktop\videos\videos\02_model_development\best_frame_selector\adaptation_v2\extracted_frames\v30\v30_120.jpg
v30,v30_121,1200,39.999952,30.000036,3.000004,1920,1080,jpg,C:\Users\wgucg\Desktop\videos\videos\02_model_development\best_frame_selector\adaptation_v2\extracted_frames\v30\v30_121.jpg
v30,v30_122,1210,40.333285,30.000036,3.000004,1920,1080,jpg,C:\Users\wgucg\Desktop\videos\videos\02_model_development\best_frame_selector\adaptation_v2\extracted_frames\v30\v30_122.jpg
v30,v30_123,1220,40.666618,30.000036,3.000004,1920,1080,jpg,C:\Users\wgucg\Desktop\videos\videos\02_model_development\best_frame_selector\adaptation_v2\extracted_frames\v30\v30_123.jpg
v30,v30_124,1230,40.999951,30.000036,3.000004,1920,1080,jpg,C:\Users\wgucg\Desktop\videos\videos\02_model_development\best_frame_selector\adaptation_v2\extracted_frames\v30\v30_124.jpg
v30,v30_125,1240,41.333284,30.000036,3.000004,1920,1080,jpg,C:\Users\wgucg\Desktop\videos\videos\02_model_development\best_frame_selector\adaptation_v2\extracted_frames\v30\v30_125.jpg
v30,v30_126,1250,41.666617,30.000036,3.000004,1920,1080,jpg,C:\Users\wgucg\Desktop\videos\videos\02_model_development\best_frame_selector\adaptation_v2\extracted_frames\v30\v30_126.jpg
v30,v30_127,1260,41.999950,30.000036,3.000004,1920,1080,jpg,C:\Users\wgucg\Desktop\videos\videos\02_model_development\best_frame_selector\adaptation_v2\extracted_frames\v30\v30_127.jpg
v30,v30_128,1270,42.333283,30.000036,3.000004,1920,1080,jpg,C:\Users\wgucg\Desktop\videos\videos\02_model_development\best_frame_selector\adaptation_v2\extracted_frames\v30\v30_128.jpg
v30,v30_129,1280,42.666616,30.000036,3.000004,1920,1080,jpg,C:\Users\wgucg\Desktop\videos\videos\02_model_development\best_frame_selector\adaptation_v2\extracted_frames\v30\v30_129.jpg
v30,v30_130,1290,42.999948,30.000036,3.000004,1920,1080,jpg,C:\Users\wgucg\Desktop\videos\videos\02_model_development\best_frame_selector\adaptation_v2\extracted_frames\v30\v30_130.jpg
v30,v30_131,1300,43.333281,30.000036,3.000004,1920,1080,jpg,C:\Users\wgucg\Desktop\videos\videos\02_model_development\best_frame_selector\adaptation_v2\extracted_frames\v30\v30_131.jpg
v30,v30_132,1310,43.666614,30.000036,3.000004,1920,1080,jpg,C:\Users\wgucg\Desktop\videos\videos\02_model_development\best_frame_selector\adaptation_v2\extracted_frames\v30\v30_132.jpg
v30,v30_133,1320,43.999947,30.000036,3.000004,1920,1080,jpg,C:\Users\wgucg\Desktop\videos\videos\02_model_development\best_frame_selector\adaptation_v2\extracted_frames\v30\v30_133.jpg
v30,v30_134,1330,44.333280,30.000036,3.000004,1920,1080,jpg,C:\Users\wgucg\Desktop\videos\videos\02_model_development\best_frame_selector\adaptation_v2\extracted_frames\v30\v30_134.jpg
v30,v30_135,1340,44.666613,30.000036,3.000004,1920,1080,jpg,C:\Users\wgucg\Desktop\videos\videos\02_model_development\best_frame_selector\adaptation_v2\extracted_frames\v30\v30_135.jpg
v30,v30_136,1350,44.999946,30.000036,3.000004,1920,1080,jpg,C:\Users\wgucg\Desktop\videos\videos\02_model_development\best_frame_selector\adaptation_v2\extracted_frames\v30\v30_136.jpg
v30,v30_137,1360,45.333279,30.000036,3.000004,1920,1080,jpg,C:\Users\wgucg\Desktop\videos\videos\02_model_development\best_frame_selector\adaptation_v2\extracted_frames\v30\v30_137.jpg
v30,v30_138,1370,45.666612,30.000036,3.000004,1920,1080,jpg,C:\Users\wgucg\Desktop\videos\videos\02_model_development\best_frame_selector\adaptation_v2\extracted_frames\v30\v30_138.jpg
v30,v30_139,1380,45.999945,30.000036,3.000004,1920,1080,jpg,C:\Users\wgucg\Desktop\videos\videos\02_model_development\best_frame_selector\adaptation_v2\extracted_frames\v30\v30_139.jpg
v30,v30_140,1390,46.333278,30.000036,3.000004,1920,1080,jpg,C:\Users\wgucg\Desktop\videos\videos\02_model_development\best_frame_selector\adaptation_v2\extracted_frames\v30\v30_140.jpg
v30,v30_141,1400,46.666611,30.000036,3.000004,1920,1080,jpg,C:\Users\wgucg\Desktop\videos\videos\02_model_development\best_frame_selector\adaptation_v2\extracted_frames\v30\v30_141.jpg
v30,v30_142,1410,46.999944,30.000036,3.000004,1920,1080,jpg,C:\Users\wgucg\Desktop\videos\videos\02_model_development\best_frame_selector\adaptation_v2\extracted_frames\v30\v30_142.jpg
v30,v30_143,1420,47.333277,30.000036,3.000004,1920,1080,jpg,C:\Users\wgucg\Desktop\videos\videos\02_model_development\best_frame_selector\adaptation_v2\extracted_frames\v30\v30_143.jpg
v30,v30_144,1430,47.666610,30.000036,3.000004,1920,1080,jpg,C:\Users\wgucg\Desktop\videos\videos\02_model_development\best_frame_selector\adaptation_v2\extracted_frames\v30\v30_144.jpg
v30,v30_145,1440,47.999943,30.000036,3.000004,1920,1080,jpg,C:\Users\wgucg\Desktop\videos\videos\02_model_development\best_frame_selector\adaptation_v2\extracted_frames\v30\v30_145.jpg
v30,v30_146,1450,48.333275,30.000036,3.000004,1920,1080,jpg,C:\Users\wgucg\Desktop\videos\videos\02_model_development\best_frame_selector\adaptation_v2\extracted_frames\v30\v30_146.jpg
v30,v30_147,1460,48.666608,30.000036,3.000004,1920,1080,jpg,C:\Users\wgucg\Desktop\videos\videos\02_model_development\best_frame_selector\adaptation_v2\extracted_frames\v30\v30_147.jpg
v30,v30_148,1470,48.999941,30.000036,3.000004,1920,1080,jpg,C:\Users\wgucg\Desktop\videos\videos\02_model_development\best_frame_selector\adaptation_v2\extracted_frames\v30\v30_148.jpg
v30,v30_149,1480,49.333274,30.000036,3.000004,1920,1080,jpg,C:\Users\wgucg\Desktop\videos\videos\02_model_development\best_frame_selector\adaptation_v2\extracted_frames\v30\v30_149.jpg
v30,v30_150,1490,49.666607,30.000036,3.000004,1920,1080,jpg,C:\Users\wgucg\Desktop\videos\videos\02_model_development\best_frame_selector\adaptation_v2\extracted_frames\v30\v30_150.jpg
v30,v30_151,1500,49.999940,30.000036,3.000004,1920,1080,jpg,C:\Users\wgucg\Desktop\videos\videos\02_model_development\best_frame_selector\adaptation_v2\extracted_frames\v30\v30_151.jpg
v30,v30_152,1510,50.333273,30.000036,3.000004,1920,1080,jpg,C:\Users\wgucg\Desktop\videos\videos\02_model_development\best_frame_selector\adaptation_v2\extracted_frames\v30\v30_152.jpg
v30,v30_153,1520,50.666606,30.000036,3.000004,1920,1080,jpg,C:\Users\wgucg\Desktop\videos\videos\02_model_development\best_frame_selector\adaptation_v2\extracted_frames\v30\v30_153.jpg
v30,v30_154,1530,50.999939,30.000036,3.000004,1920,1080,jpg,C:\Users\wgucg\Desktop\videos\videos\02_model_development\best_frame_selector\adaptation_v2\extracted_frames\v30\v30_154.jpg
v30,v30_155,1540,51.333272,30.000036,3.000004,1920,1080,jpg,C:\Users\wgucg\Desktop\videos\videos\02_model_development\best_frame_selector\adaptation_v2\extracted_frames\v30\v30_155.jpg
v30,v30_156,1550,51.666605,30.000036,3.000004,1920,1080,jpg,C:\Users\wgucg\Desktop\videos\videos\02_model_development\best_frame_selector\adaptation_v2\extracted_frames\v30\v30_156.jpg
v30,v30_157,1560,51.999938,30.000036,3.000004,1920,1080,jpg,C:\Users\wgucg\Desktop\videos\videos\02_model_development\best_frame_selector\adaptation_v2\extracted_frames\v30\v30_157.jpg
v30,v30_158,1570,52.333271,30.000036,3.000004,1920,1080,jpg,C:\Users\wgucg\Desktop\videos\videos\02_model_development\best_frame_selector\adaptation_v2\extracted_frames\v30\v30_158.jpg
v30,v30_159,1580,52.666604,30.000036,3.000004,1920,1080,jpg,C:\Users\wgucg\Desktop\videos\videos\02_model_development\best_frame_selector\adaptation_v2\extracted_frames\v30\v30_159.jpg
v30,v30_160,1590,52.999937,30.000036,3.000004,1920,1080,jpg,C:\Users\wgucg\Desktop\videos\videos\02_model_development\best_frame_selector\adaptation_v2\extracted_frames\v30\v30_160.jpg
v30,v30_161,1600,53.333269,30.000036,3.000004,1920,1080,jpg,C:\Users\wgucg\Desktop\videos\videos\02_model_development\best_frame_selector\adaptation_v2\extracted_frames\v30\v30_161.jpg
v30,v30_162,1610,53.666602,30.000036,3.000004,1920,1080,jpg,C:\Users\wgucg\Desktop\videos\videos\02_model_development\best_frame_selector\adaptation_v2\extracted_frames\v30\v30_162.jpg
v30,v30_163,1620,53.999935,30.000036,3.000004,1920,1080,jpg,C:\Users\wgucg\Desktop\videos\videos\02_model_development\best_frame_selector\adaptation_v2\extracted_frames\v30\v30_163.jpg
v30,v30_164,1630,54.333268,30.000036,3.000004,1920,1080,jpg,C:\Users\wgucg\Desktop\videos\videos\02_model_development\best_frame_selector\adaptation_v2\extracted_frames\v30\v30_164.jpg
v30,v30_165,1640,54.666601,30.000036,3.000004,1920,1080,jpg,C:\Users\wgucg\Desktop\videos\videos\02_model_development\best_frame_selector\adaptation_v2\extracted_frames\v30\v30_165.jpg
v30,v30_166,1650,54.999934,30.000036,3.000004,1920,1080,jpg,C:\Users\wgucg\Desktop\videos\videos\02_model_development\best_frame_selector\adaptation_v2\extracted_frames\v30\v30_166.jpg
v30,v30_167,1660,55.333267,30.000036,3.000004,1920,1080,jpg,C:\Users\wgucg\Desktop\videos\videos\02_model_development\best_frame_selector\adaptation_v2\extracted_frames\v30\v30_167.jpg
v30,v30_168,1670,55.666600,30.000036,3.000004,1920,1080,jpg,C:\Users\wgucg\Desktop\videos\videos\02_model_development\best_frame_selector\adaptation_v2\extracted_frames\v30\v30_168.jpg
v30,v30_169,1680,55.999933,30.000036,3.000004,1920,1080,jpg,C:\Users\wgucg\Desktop\videos\videos\02_model_development\best_frame_selector\adaptation_v2\extracted_frames\v30\v30_169.jpg
v30,v30_170,1690,56.333266,30.000036,3.000004,1920,1080,jpg,C:\Users\wgucg\Desktop\videos\videos\02_model_development\best_frame_selector\adaptation_v2\extracted_frames\v30\v30_170.jpg
v30,v30_171,1700,56.666599,30.000036,3.000004,1920,1080,jpg,C:\Users\wgucg\Desktop\videos\videos\02_model_development\best_frame_selector\adaptation_v2\extracted_frames\v30\v30_171.jpg
v30,v30_172,1710,56.999932,30.000036,3.000004,1920,1080,jpg,C:\Users\wgucg\Desktop\videos\videos\02_model_development\best_frame_selector\adaptation_v2\extracted_frames\v30\v30_172.jpg
v30,v30_173,1720,57.333265,30.000036,3.000004,1920,1080,jpg,C:\Users\wgucg\Desktop\videos\videos\02_model_development\best_frame_selector\adaptation_v2\extracted_frames\v30\v30_173.jpg
v30,v30_174,1730,57.666598,30.000036,3.000004,1920,1080,jpg,C:\Users\wgucg\Desktop\videos\videos\02_model_development\best_frame_selector\adaptation_v2\extracted_frames\v30\v30_174.jpg
v30,v30_175,1740,57.999931,30.000036,3.000004,1920,1080,jpg,C:\Users\wgucg\Desktop\videos\videos\02_model_development\best_frame_selector\adaptation_v2\extracted_frames\v30\v30_175.jpg
v30,v30_176,1750,58.333263,30.000036,3.000004,1920,1080,jpg,C:\Users\wgucg\Desktop\videos\videos\02_model_development\best_frame_selector\adaptation_v2\extracted_frames\v30\v30_176.jpg
v30,v30_177,1760,58.666596,30.000036,3.000004,1920,1080,jpg,C:\Users\wgucg\Desktop\videos\videos\02_model_development\best_frame_selector\adaptation_v2\extracted_frames\v30\v30_177.jpg
v30,v30_178,1770,58.999929,30.000036,3.000004,1920,1080,jpg,C:\Users\wgucg\Desktop\videos\videos\02_model_development\best_frame_selector\adaptation_v2\extracted_frames\v30\v30_178.jpg
v30,v30_179,1780,59.333262,30.000036,3.000004,1920,1080,jpg,C:\Users\wgucg\Desktop\videos\videos\02_model_development\best_frame_selector\adaptation_v2\extracted_frames\v30\v30_179.jpg
v30,v30_180,1790,59.666595,30.000036,3.000004,1920,1080,jpg,C:\Users\wgucg\Desktop\videos\videos\02_model_development\best_frame_selector\adaptation_v2\extracted_frames\v30\v30_180.jpg
v30,v30_181,1800,59.999928,30.000036,3.000004,1920,1080,jpg,C:\Users\wgucg\Desktop\videos\videos\02_model_development\best_frame_selector\adaptation_v2\extracted_frames\v30\v30_181.jpg
v30,v30_182,1810,60.333261,30.000036,3.000004,1920,1080,jpg,C:\Users\wgucg\Desktop\videos\videos\02_model_development\best_frame_selector\adaptation_v2\extracted_frames\v30\v30_182.jpg
v30,v30_183,1820,60.666594,30.000036,3.000004,1920,1080,jpg,C:\Users\wgucg\Desktop\videos\videos\02_model_development\best_frame_selector\adaptation_v2\extracted_frames\v30\v30_183.jpg
v30,v30_184,1830,60.999927,30.000036,3.000004,1920,1080,jpg,C:\Users\wgucg\Desktop\videos\videos\02_model_development\best_frame_selector\adaptation_v2\extracted_frames\v30\v30_184.jpg
v30,v30_185,1840,61.333260,30.000036,3.000004,1920,1080,jpg,C:\Users\wgucg\Desktop\videos\videos\02_model_development\best_frame_selector\adaptation_v2\extracted_frames\v30\v30_185.jpg
v30,v30_186,1850,61.666593,30.000036,3.000004,1920,1080,jpg,C:\Users\wgucg\Desktop\videos\videos\02_model_development\best_frame_selector\adaptation_v2\extracted_frames\v30\v30_186.jpg
v30,v30_187,1860,61.999926,30.000036,3.000004,1920,1080,jpg,C:\Users\wgucg\Desktop\videos\videos\02_model_development\best_frame_selector\adaptation_v2\extracted_frames\v30\v30_187.jpg
v30,v30_188,1870,62.333259,30.000036,3.000004,1920,1080,jpg,C:\Users\wgucg\Desktop\videos\videos\02_model_development\best_frame_selector\adaptation_v2\extracted_frames\v30\v30_188.jpg
v30,v30_189,1880,62.666592,30.000036,3.000004,1920,1080,jpg,C:\Users\wgucg\Desktop\videos\videos\02_model_development\best_frame_selector\adaptation_v2\extracted_frames\v30\v30_189.jpg
v30,v30_190,1890,62.999925,30.000036,3.000004,1920,1080,jpg,C:\Users\wgucg\Desktop\videos\videos\02_model_development\best_frame_selector\adaptation_v2\extracted_frames\v30\v30_190.jpg
v30,v30_191,1900,63.333257,30.000036,3.000004,1920,1080,jpg,C:\Users\wgucg\Desktop\videos\videos\02_model_development\best_frame_selector\adaptation_v2\extracted_frames\v30\v30_191.jpg
v30,v30_192,1910,63.666590,30.000036,3.000004,1920,1080,jpg,C:\Users\wgucg\Desktop\videos\videos\02_model_development\best_frame_selector\adaptation_v2\extracted_frames\v30\v30_192.jpg
v30,v30_193,1920,63.999923,30.000036,3.000004,1920,1080,jpg,C:\Users\wgucg\Desktop\videos\videos\02_model_development\best_frame_selector\adaptation_v2\extracted_frames\v30\v30_193.jpg
v30,v30_194,1930,64.333256,30.000036,3.000004,1920,1080,jpg,C:\Users\wgucg\Desktop\videos\videos\02_model_development\best_frame_selector\adaptation_v2\extracted_frames\v30\v30_194.jpg
v30,v30_195,1940,64.666589,30.000036,3.000004,1920,1080,jpg,C:\Users\wgucg\Desktop\videos\videos\02_model_development\best_frame_selector\adaptation_v2\extracted_frames\v30\v30_195.jpg
v30,v30_196,1950,64.999922,30.000036,3.000004,1920,1080,jpg,C:\Users\wgucg\Desktop\videos\videos\02_model_development\best_frame_selector\adaptation_v2\extracted_frames\v30\v30_196.jpg
v30,v30_197,1960,65.333255,30.000036,3.000004,1920,1080,jpg,C:\Users\wgucg\Desktop\videos\videos\02_model_development\best_frame_selector\adaptation_v2\extracted_frames\v30\v30_197.jpg
v30,v30_198,1970,65.666588,30.000036,3.000004,1920,1080,jpg,C:\Users\wgucg\Desktop\videos\videos\02_model_development\best_frame_selector\adaptation_v2\extracted_frames\v30\v30_198.jpg
v30,v30_199,1980,65.999921,30.000036,3.000004,1920,1080,jpg,C:\Users\wgucg\Desktop\videos\videos\02_model_development\best_frame_selector\adaptation_v2\extracted_frames\v30\v30_199.jpg
v30,v30_200,1990,66.333254,30.000036,3.000004,1920,1080,jpg,C:\Users\wgucg\Desktop\videos\videos\02_model_development\best_frame_selector\adaptation_v2\extracted_frames\v30\v30_200.jpg
v30,v30_201,2000,66.666587,30.000036,3.000004,1920,1080,jpg,C:\Users\wgucg\Desktop\videos\videos\02_model_development\best_frame_selector\adaptation_v2\extracted_frames\v30\v30_201.jpg
v30,v30_202,2010,66.999920,30.000036,3.000004,1920,1080,jpg,C:\Users\wgucg\Desktop\videos\videos\02_model_development\best_frame_selector\adaptation_v2\extracted_frames\v30\v30_202.jpg
v30,v30_203,2020,67.333253,30.000036,3.000004,1920,1080,jpg,C:\Users\wgucg\Desktop\videos\videos\02_model_development\best_frame_selector\adaptation_v2\extracted_frames\v30\v30_203.jpg
v30,v30_204,2030,67.666586,30.000036,3.000004,1920,1080,jpg,C:\Users\wgucg\Desktop\videos\videos\02_model_development\best_frame_selector\adaptation_v2\extracted_frames\v30\v30_204.jpg
v30,v30_205,2040,67.999919,30.000036,3.000004,1920,1080,jpg,C:\Users\wgucg\Desktop\videos\videos\02_model_development\best_frame_selector\adaptation_v2\extracted_frames\v30\v30_205.jpg
v30,v30_206,2050,68.333251,30.000036,3.000004,1920,1080,jpg,C:\Users\wgucg\Desktop\videos\videos\02_model_development\best_frame_selector\adaptation_v2\extracted_frames\v30\v30_206.jpg
v30,v30_207,2060,68.666584,30.000036,3.000004,1920,1080,jpg,C:\Users\wgucg\Desktop\videos\videos\02_model_development\best_frame_selector\adaptation_v2\extracted_frames\v30\v30_207.jpg
v30,v30_208,2070,68.999917,30.000036,3.000004,1920,1080,jpg,C:\Users\wgucg\Desktop\videos\videos\02_model_development\best_frame_selector\adaptation_v2\extracted_frames\v30\v30_208.jpg
v30,v30_209,2080,69.333250,30.000036,3.000004,1920,1080,jpg,C:\Users\wgucg\Desktop\videos\videos\02_model_development\best_frame_selector\adaptation_v2\extracted_frames\v30\v30_209.jpg
v30,v30_210,2090,69.666583,30.000036,3.000004,1920,1080,jpg,C:\Users\wgucg\Desktop\videos\videos\02_model_development\best_frame_selector\adaptation_v2\extracted_frames\v30\v30_210.jpg
v30,v30_211,2100,69.999916,30.000036,3.000004,1920,1080,jpg,C:\Users\wgucg\Desktop\videos\videos\02_model_development\best_frame_selector\adaptation_v2\extracted_frames\v30\v30_211.jpg
v30,v30_212,2110,70.333249,30.000036,3.000004,1920,1080,jpg,C:\Users\wgucg\Desktop\videos\videos\02_model_development\best_frame_selector\adaptation_v2\extracted_frames\v30\v30_212.jpg
v30,v30_213,2120,70.666582,30.000036,3.000004,1920,1080,jpg,C:\Users\wgucg\Desktop\videos\videos\02_model_development\best_frame_selector\adaptation_v2\extracted_frames\v30\v30_213.jpg
v30,v30_214,2130,70.999915,30.000036,3.000004,1920,1080,jpg,C:\Users\wgucg\Desktop\videos\videos\02_model_development\best_frame_selector\adaptation_v2\extracted_frames\v30\v30_214.jpg
v30,v30_215,2140,71.333248,30.000036,3.000004,1920,1080,jpg,C:\Users\wgucg\Desktop\videos\videos\02_model_development\best_frame_selector\adaptation_v2\extracted_frames\v30\v30_215.jpg
v30,v30_216,2150,71.666581,30.000036,3.000004,1920,1080,jpg,C:\Users\wgucg\Desktop\videos\videos\02_model_development\best_frame_selector\adaptation_v2\extracted_frames\v30\v30_216.jpg
v30,v30_217,2160,71.999914,30.000036,3.000004,1920,1080,jpg,C:\Users\wgucg\Desktop\videos\videos\02_model_development\best_frame_selector\adaptation_v2\extracted_frames\v30\v30_217.jpg
v30,v30_218,2170,72.333247,30.000036,3.000004,1920,1080,jpg,C:\Users\wgucg\Desktop\videos\videos\02_model_development\best_frame_selector\adaptation_v2\extracted_frames\v30\v30_218.jpg
v30,v30_219,2180,72.666580,30.000036,3.000004,1920,1080,jpg,C:\Users\wgucg\Desktop\videos\videos\02_model_development\best_frame_selector\adaptation_v2\extracted_frames\v30\v30_219.jpg
v30,v30_220,2190,72.999913,30.000036,3.000004,1920,1080,jpg,C:\Users\wgucg\Desktop\videos\videos\02_model_development\best_frame_selector\adaptation_v2\extracted_frames\v30\v30_220.jpg
v30,v30_221,2200,73.333245,30.000036,3.000004,1920,1080,jpg,C:\Users\wgucg\Desktop\videos\videos\02_model_development\best_frame_selector\adaptation_v2\extracted_frames\v30\v30_221.jpg
v30,v30_222,2210,73.666578,30.000036,3.000004,1920,1080,jpg,C:\Users\wgucg\Desktop\videos\videos\02_model_development\best_frame_selector\adaptation_v2\extracted_frames\v30\v30_222.jpg
v30,v30_223,2220,73.999911,30.000036,3.000004,1920,1080,jpg,C:\Users\wgucg\Desktop\videos\videos\02_model_development\best_frame_selector\adaptation_v2\extracted_frames\v30\v30_223.jpg
v30,v30_224,2230,74.333244,30.000036,3.000004,1920,1080,jpg,C:\Users\wgucg\Desktop\videos\videos\02_model_development\best_frame_selector\adaptation_v2\extracted_frames\v30\v30_224.jpg
v30,v30_225,2240,74.666577,30.000036,3.000004,1920,1080,jpg,C:\Users\wgucg\Desktop\videos\videos\02_model_development\best_frame_selector\adaptation_v2\extracted_frames\v30\v30_225.jpg
v30,v30_226,2250,74.999910,30.000036,3.000004,1920,1080,jpg,C:\Users\wgucg\Desktop\videos\videos\02_model_development\best_frame_selector\adaptation_v2\extracted_frames\v30\v30_226.jpg
v30,v30_227,2260,75.333243,30.000036,3.000004,1920,1080,jpg,C:\Users\wgucg\Desktop\videos\videos\02_model_development\best_frame_selector\adaptation_v2\extracted_frames\v30\v30_227.jpg
v30,v30_228,2270,75.666576,30.000036,3.000004,1920,1080,jpg,C:\Users\wgucg\Desktop\videos\videos\02_model_development\best_frame_selector\adaptation_v2\extracted_frames\v30\v30_228.jpg
v30,v30_229,2280,75.999909,30.000036,3.000004,1920,1080,jpg,C:\Users\wgucg\Desktop\videos\videos\02_model_development\best_frame_selector\adaptation_v2\extracted_frames\v30\v30_229.jpg
v30,v30_230,2290,76.333242,30.000036,3.000004,1920,1080,jpg,C:\Users\wgucg\Desktop\videos\videos\02_model_development\best_frame_selector\adaptation_v2\extracted_frames\v30\v30_230.jpg
v30,v30_231,2300,76.666575,30.000036,3.000004,1920,1080,jpg,C:\Users\wgucg\Desktop\videos\videos\02_model_development\best_frame_selector\adaptation_v2\extracted_frames\v30\v30_231.jpg
v30,v30_232,2310,76.999908,30.000036,3.000004,1920,1080,jpg,C:\Users\wgucg\Desktop\videos\videos\02_model_development\best_frame_selector\adaptation_v2\extracted_frames\v30\v30_232.jpg
v30,v30_233,2320,77.333241,30.000036,3.000004,1920,1080,jpg,C:\Users\wgucg\Desktop\videos\videos\02_model_development\best_frame_selector\adaptation_v2\extracted_frames\v30\v30_233.jpg
v30,v30_234,2330,77.666574,30.000036,3.000004,1920,1080,jpg,C:\Users\wgucg\Desktop\videos\videos\02_model_development\best_frame_selector\adaptation_v2\extracted_frames\v30\v30_234.jpg
v30,v30_235,2340,77.999907,30.000036,3.000004,1920,1080,jpg,C:\Users\wgucg\Desktop\videos\videos\02_model_development\best_frame_selector\adaptation_v2\extracted_frames\v30\v30_235.jpg
v30,v30_236,2350,78.333240,30.000036,3.000004,1920,1080,jpg,C:\Users\wgucg\Desktop\videos\videos\02_model_development\best_frame_selector\adaptation_v2\extracted_frames\v30\v30_236.jpg
v30,v30_237,2360,78.666572,30.000036,3.000004,1920,1080,jpg,C:\Users\wgucg\Desktop\videos\videos\02_model_development\best_frame_selector\adaptation_v2\extracted_frames\v30\v30_237.jpg
v30,v30_238,2370,78.999905,30.000036,3.000004,1920,1080,jpg,C:\Users\wgucg\Desktop\videos\videos\02_model_development\best_frame_selector\adaptation_v2\extracted_frames\v30\v30_238.jpg
v30,v30_239,2380,79.333238,30.000036,3.000004,1920,1080,jpg,C:\Users\wgucg\Desktop\videos\videos\02_model_development\best_frame_selector\adaptation_v2\extracted_frames\v30\v30_239.jpg
v30,v30_240,2390,79.666571,30.000036,3.000004,1920,1080,jpg,C:\Users\wgucg\Desktop\videos\videos\02_model_development\best_frame_selector\adaptation_v2\extracted_frames\v30\v30_240.jpg
v30,v30_241,2400,79.999904,30.000036,3.000004,1920,1080,jpg,C:\Users\wgucg\Desktop\videos\videos\02_model_development\best_frame_selector\adaptation_v2\extracted_frames\v30\v30_241.jpg
v30,v30_242,2410,80.333237,30.000036,3.000004,1920,1080,jpg,C:\Users\wgucg\Desktop\videos\videos\02_model_development\best_frame_selector\adaptation_v2\extracted_frames\v30\v30_242.jpg
v30,v30_243,2420,80.666570,30.000036,3.000004,1920,1080,jpg,C:\Users\wgucg\Desktop\videos\videos\02_model_development\best_frame_selector\adaptation_v2\extracted_frames\v30\v30_243.jpg
v30,v30_244,2430,80.999903,30.000036,3.000004,1920,1080,jpg,C:\Users\wgucg\Desktop\videos\videos\02_model_development\best_frame_selector\adaptation_v2\extracted_frames\v30\v30_244.jpg
v30,v30_245,2440,81.333236,30.000036,3.000004,1920,1080,jpg,C:\Users\wgucg\Desktop\videos\videos\02_model_development\best_frame_selector\adaptation_v2\extracted_frames\v30\v30_245.jpg
v30,v30_246,2450,81.666569,30.000036,3.000004,1920,1080,jpg,C:\Users\wgucg\Desktop\videos\videos\02_model_development\best_frame_selector\adaptation_v2\extracted_frames\v30\v30_246.jpg
v30,v30_247,2460,81.999902,30.000036,3.000004,1920,1080,jpg,C:\Users\wgucg\Desktop\videos\videos\02_model_development\best_frame_selector\adaptation_v2\extracted_frames\v30\v30_247.jpg
v30,v30_248,2470,82.333235,30.000036,3.000004,1920,1080,jpg,C:\Users\wgucg\Desktop\videos\videos\02_model_development\best_frame_selector\adaptation_v2\extracted_frames\v30\v30_248.jpg
v30,v30_249,2480,82.666568,30.000036,3.000004,1920,1080,jpg,C:\Users\wgucg\Desktop\videos\videos\02_model_development\best_frame_selector\adaptation_v2\extracted_frames\v30\v30_249.jpg
v30,v30_250,2490,82.999901,30.000036,3.000004,1920,1080,jpg,C:\Users\wgucg\Desktop\videos\videos\02_model_development\best_frame_selector\adaptation_v2\extracted_frames\v30\v30_250.jpg
v30,v30_251,2500,83.333234,30.000036,3.000004,1920,1080,jpg,C:\Users\wgucg\Desktop\videos\videos\02_model_development\best_frame_selector\adaptation_v2\extracted_frames\v30\v30_251.jpg
v30,v30_252,2510,83.666566,30.000036,3.000004,1920,1080,jpg,C:\Users\wgucg\Desktop\videos\videos\02_model_development\best_frame_selector\adaptation_v2\extracted_frames\v30\v30_252.jpg
v30,v30_253,2520,83.999899,30.000036,3.000004,1920,1080,jpg,C:\Users\wgucg\Desktop\videos\videos\02_model_development\best_frame_selector\adaptation_v2\extracted_frames\v30\v30_253.jpg
v30,v30_254,2530,84.333232,30.000036,3.000004,1920,1080,jpg,C:\Users\wgucg\Desktop\videos\videos\02_model_development\best_frame_selector\adaptation_v2\extracted_frames\v30\v30_254.jpg
v30,v30_255,2540,84.666565,30.000036,3.000004,1920,1080,jpg,C:\Users\wgucg\Desktop\videos\videos\02_model_development\best_frame_selector\adaptation_v2\extracted_frames\v30\v30_255.jpg
v30,v30_256,2550,84.999898,30.000036,3.000004,1920,1080,jpg,C:\Users\wgucg\Desktop\videos\videos\02_model_development\best_frame_selector\adaptation_v2\extracted_frames\v30\v30_256.jpg
v30,v30_257,2560,85.333231,30.000036,3.000004,1920,1080,jpg,C:\Users\wgucg\Desktop\videos\videos\02_model_development\best_frame_selector\adaptation_v2\extracted_frames\v30\v30_257.jpg
v30,v30_258,2570,85.666564,30.000036,3.000004,1920,1080,jpg,C:\Users\wgucg\Desktop\videos\videos\02_model_development\best_frame_selector\adaptation_v2\extracted_frames\v30\v30_258.jpg
v30,v30_259,2580,85.999897,30.000036,3.000004,1920,1080,jpg,C:\Users\wgucg\Desktop\videos\videos\02_model_development\best_frame_selector\adaptation_v2\extracted_frames\v30\v30_259.jpg
v30,v30_260,2590,86.333230,30.000036,3.000004,1920,1080,jpg,C:\Users\wgucg\Desktop\videos\videos\02_model_development\best_frame_selector\adaptation_v2\extracted_frames\v30\v30_260.jpg
v30,v30_261,2600,86.666563,30.000036,3.000004,1920,1080,jpg,C:\Users\wgucg\Desktop\videos\videos\02_model_development\best_frame_selector\adaptation_v2\extracted_frames\v30\v30_261.jpg
v30,v30_262,2610,86.999896,30.000036,3.000004,1920,1080,jpg,C:\Users\wgucg\Desktop\videos\videos\02_model_development\best_frame_selector\adaptation_v2\extracted_frames\v30\v30_262.jpg
v30,v30_263,2620,87.333229,30.000036,3.000004,1920,1080,jpg,C:\Users\wgucg\Desktop\videos\videos\02_model_development\best_frame_selector\adaptation_v2\extracted_frames\v30\v30_263.jpg
v30,v30_264,2630,87.666562,30.000036,3.000004,1920,1080,jpg,C:\Users\wgucg\Desktop\videos\videos\02_model_development\best_frame_selector\adaptation_v2\extracted_frames\v30\v30_264.jpg
v30,v30_265,2640,87.999895,30.000036,3.000004,1920,1080,jpg,C:\Users\wgucg\Desktop\videos\videos\02_model_development\best_frame_selector\adaptation_v2\extracted_frames\v30\v30_265.jpg
v30,v30_266,2650,88.333228,30.000036,3.000004,1920,1080,jpg,C:\Users\wgucg\Desktop\videos\videos\02_model_development\best_frame_selector\adaptation_v2\extracted_frames\v30\v30_266.jpg
v30,v30_267,2660,88.666560,30.000036,3.000004,1920,1080,jpg,C:\Users\wgucg\Desktop\videos\videos\02_model_development\best_frame_selector\adaptation_v2\extracted_frames\v30\v30_267.jpg
v30,v30_268,2670,88.999893,30.000036,3.000004,1920,1080,jpg,C:\Users\wgucg\Desktop\videos\videos\02_model_development\best_frame_selector\adaptation_v2\extracted_frames\v30\v30_268.jpg
v30,v30_269,2680,89.333226,30.000036,3.000004,1920,1080,jpg,C:\Users\wgucg\Desktop\videos\videos\02_model_development\best_frame_selector\adaptation_v2\extracted_frames\v30\v30_269.jpg
v30,v30_270,2690,89.666559,30.000036,3.000004,1920,1080,jpg,C:\Users\wgucg\Desktop\videos\videos\02_model_development\best_frame_selector\adaptation_v2\extracted_frames\v30\v30_270.jpg
v30,v30_271,2700,89.999892,30.000036,3.000004,1920,1080,jpg,C:\Users\wgucg\Desktop\videos\videos\02_model_development\best_frame_selector\adaptation_v2\extracted_frames\v30\v30_271.jpg
v30,v30_272,2710,90.333225,30.000036,3.000004,1920,1080,jpg,C:\Users\wgucg\Desktop\videos\videos\02_model_development\best_frame_selector\adaptation_v2\extracted_frames\v30\v30_272.jpg
v30,v30_273,2720,90.666558,30.000036,3.000004,1920,1080,jpg,C:\Users\wgucg\Desktop\videos\videos\02_model_development\best_frame_selector\adaptation_v2\extracted_frames\v30\v30_273.jpg
v30,v30_274,2730,90.999891,30.000036,3.000004,1920,1080,jpg,C:\Users\wgucg\Desktop\videos\videos\02_model_development\best_frame_selector\adaptation_v2\extracted_frames\v30\v30_274.jpg
v30,v30_275,2740,91.333224,30.000036,3.000004,1920,1080,jpg,C:\Users\wgucg\Desktop\videos\videos\02_model_development\best_frame_selector\adaptation_v2\extracted_frames\v30\v30_275.jpg
v30,v30_276,2750,91.666557,30.000036,3.000004,1920,1080,jpg,C:\Users\wgucg\Desktop\videos\videos\02_model_development\best_frame_selector\adaptation_v2\extracted_frames\v30\v30_276.jpg
v30,v30_277,2760,91.999890,30.000036,3.000004,1920,1080,jpg,C:\Users\wgucg\Desktop\videos\videos\02_model_development\best_frame_selector\adaptation_v2\extracted_frames\v30\v30_277.jpg
v30,v30_278,2770,92.333223,30.000036,3.000004,1920,1080,jpg,C:\Users\wgucg\Desktop\videos\videos\02_model_development\best_frame_selector\adaptation_v2\extracted_frames\v30\v30_278.jpg
v30,v30_279,2780,92.666556,30.000036,3.000004,1920,1080,jpg,C:\Users\wgucg\Desktop\videos\videos\02_model_development\best_frame_selector\adaptation_v2\extracted_frames\v30\v30_279.jpg
v30,v30_280,2790,92.999889,30.000036,3.000004,1920,1080,jpg,C:\Users\wgucg\Desktop\videos\videos\02_model_development\best_frame_selector\adaptation_v2\extracted_frames\v30\v30_280.jpg
v30,v30_281,2800,93.333222,30.000036,3.000004,1920,1080,jpg,C:\Users\wgucg\Desktop\videos\videos\02_model_development\best_frame_selector\adaptation_v2\extracted_frames\v30\v30_281.jpg
v30,v30_282,2810,93.666554,30.000036,3.000004,1920,1080,jpg,C:\Users\wgucg\Desktop\videos\videos\02_model_development\best_frame_selector\adaptation_v2\extracted_frames\v30\v30_282.jpg
v30,v30_283,2820,93.999887,30.000036,3.000004,1920,1080,jpg,C:\Users\wgucg\Desktop\videos\videos\02_model_development\best_frame_selector\adaptation_v2\extracted_frames\v30\v30_283.jpg
v30,v30_284,2830,94.333220,30.000036,3.000004,1920,1080,jpg,C:\Users\wgucg\Desktop\videos\videos\02_model_development\best_frame_selector\adaptation_v2\extracted_frames\v30\v30_284.jpg
v30,v30_285,2840,94.666553,30.000036,3.000004,1920,1080,jpg,C:\Users\wgucg\Desktop\videos\videos\02_model_development\best_frame_selector\adaptation_v2\extracted_frames\v30\v30_285.jpg
v30,v30_286,2850,94.999886,30.000036,3.000004,1920,1080,jpg,C:\Users\wgucg\Desktop\videos\videos\02_model_development\best_frame_selector\adaptation_v2\extracted_frames\v30\v30_286.jpg
v30,v30_287,2860,95.333219,30.000036,3.000004,1920,1080,jpg,C:\Users\wgucg\Desktop\videos\videos\02_model_development\best_frame_selector\adaptation_v2\extracted_frames\v30\v30_287.jpg
v30,v30_288,2870,95.666552,30.000036,3.000004,1920,1080,jpg,C:\Users\wgucg\Desktop\videos\videos\02_model_development\best_frame_selector\adaptation_v2\extracted_frames\v30\v30_288.jpg
v30,v30_289,2880,95.999885,30.000036,3.000004,1920,1080,jpg,C:\Users\wgucg\Desktop\videos\videos\02_model_development\best_frame_selector\adaptation_v2\extracted_frames\v30\v30_289.jpg
v30,v30_290,2890,96.333218,30.000036,3.000004,1920,1080,jpg,C:\Users\wgucg\Desktop\videos\videos\02_model_development\best_frame_selector\adaptation_v2\extracted_frames\v30\v30_290.jpg
v30,v30_291,2900,96.666551,30.000036,3.000004,1920,1080,jpg,C:\Users\wgucg\Desktop\videos\videos\02_model_development\best_frame_selector\adaptation_v2\extracted_frames\v30\v30_291.jpg
v30,v30_292,2910,96.999884,30.000036,3.000004,1920,1080,jpg,C:\Users\wgucg\Desktop\videos\videos\02_model_development\best_frame_selector\adaptation_v2\extracted_frames\v30\v30_292.jpg
v30,v30_293,2920,97.333217,30.000036,3.000004,1920,1080,jpg,C:\Users\wgucg\Desktop\videos\videos\02_model_development\best_frame_selector\adaptation_v2\extracted_frames\v30\v30_293.jpg
v30,v30_294,2930,97.666550,30.000036,3.000004,1920,1080,jpg,C:\Users\wgucg\Desktop\videos\videos\02_model_development\best_frame_selector\adaptation_v2\extracted_frames\v30\v30_294.jpg
v30,v30_295,2940,97.999883,30.000036,3.000004,1920,1080,jpg,C:\Users\wgucg\Desktop\videos\videos\02_model_development\best_frame_selector\adaptation_v2\extracted_frames\v30\v30_295.jpg
v30,v30_296,2950,98.333216,30.000036,3.000004,1920,1080,jpg,C:\Users\wgucg\Desktop\videos\videos\02_model_development\best_frame_selector\adaptation_v2\extracted_frames\v30\v30_296.jpg
v30,v30_297,2960,98.666548,30.000036,3.000004,1920,1080,jpg,C:\Users\wgucg\Desktop\videos\videos\02_model_development\best_frame_selector\adaptation_v2\extracted_frames\v30\v30_297.jpg
v30,v30_298,2970,98.999881,30.000036,3.000004,1920,1080,jpg,C:\Users\wgucg\Desktop\videos\videos\02_model_development\best_frame_selector\adaptation_v2\extracted_frames\v30\v30_298.jpg
v30,v30_299,2980,99.333214,30.000036,3.000004,1920,1080,jpg,C:\Users\wgucg\Desktop\videos\videos\02_model_development\best_frame_selector\adaptation_v2\extracted_frames\v30\v30_299.jpg
v30,v30_300,2990,99.666547,30.000036,3.000004,1920,1080,jpg,C:\Users\wgucg\Desktop\videos\videos\02_model_development\best_frame_selector\adaptation_v2\extracted_frames\v30\v30_300.jpg
v30,v30_301,3000,99.999880,30.000036,3.000004,1920,1080,jpg,C:\Users\wgucg\Desktop\videos\videos\02_model_development\best_frame_selector\adaptation_v2\extracted_frames\v30\v30_301.jpg
v30,v30_302,3010,100.333213,30.000036,3.000004,1920,1080,jpg,C:\Users\wgucg\Desktop\videos\videos\02_model_development\best_frame_selector\adaptation_v2\extracted_frames\v30\v30_302.jpg
v30,v30_303,3020,100.666546,30.000036,3.000004,1920,1080,jpg,C:\Users\wgucg\Desktop\videos\videos\02_model_development\best_frame_selector\adaptation_v2\extracted_frames\v30\v30_303.jpg
v30,v30_304,3030,100.999879,30.000036,3.000004,1920,1080,jpg,C:\Users\wgucg\Desktop\videos\videos\02_model_development\best_frame_selector\adaptation_v2\extracted_frames\v30\v30_304.jpg
v30,v30_305,3040,101.333212,30.000036,3.000004,1920,1080,jpg,C:\Users\wgucg\Desktop\videos\videos\02_model_development\best_frame_selector\adaptation_v2\extracted_frames\v30\v30_305.jpg
v30,v30_306,3050,101.666545,30.000036,3.000004,1920,1080,jpg,C:\Users\wgucg\Desktop\videos\videos\02_model_development\best_frame_selector\adaptation_v2\extracted_frames\v30\v30_306.jpg
v30,v30_307,3060,101.999878,30.000036,3.000004,1920,1080,jpg,C:\Users\wgucg\Desktop\videos\videos\02_model_development\best_frame_selector\adaptation_v2\extracted_frames\v30\v30_307.jpg
v30,v30_308,3070,102.333211,30.000036,3.000004,1920,1080,jpg,C:\Users\wgucg\Desktop\videos\videos\02_model_development\best_frame_selector\adaptation_v2\extracted_frames\v30\v30_308.jpg
v30,v30_309,3080,102.666544,30.000036,3.000004,1920,1080,jpg,C:\Users\wgucg\Desktop\videos\videos\02_model_development\best_frame_selector\adaptation_v2\extracted_frames\v30\v30_309.jpg
v30,v30_310,3090,102.999877,30.000036,3.000004,1920,1080,jpg,C:\Users\wgucg\Desktop\videos\videos\02_model_development\best_frame_selector\adaptation_v2\extracted_frames\v30\v30_310.jpg
v30,v30_311,3100,103.333210,30.000036,3.000004,1920,1080,jpg,C:\Users\wgucg\Desktop\videos\videos\02_model_development\best_frame_selector\adaptation_v2\extracted_frames\v30\v30_311.jpg
v30,v30_312,3110,103.666542,30.000036,3.000004,1920,1080,jpg,C:\Users\wgucg\Desktop\videos\videos\02_model_development\best_frame_selector\adaptation_v2\extracted_frames\v30\v30_312.jpg
v30,v30_313,3120,103.999875,30.000036,3.000004,1920,1080,jpg,C:\Users\wgucg\Desktop\videos\videos\02_model_development\best_frame_selector\adaptation_v2\extracted_frames\v30\v30_313.jpg
v30,v30_314,3130,104.333208,30.000036,3.000004,1920,1080,jpg,C:\Users\wgucg\Desktop\videos\videos\02_model_development\best_frame_selector\adaptation_v2\extracted_frames\v30\v30_314.jpg
v30,v30_315,3140,104.666541,30.000036,3.000004,1920,1080,jpg,C:\Users\wgucg\Desktop\videos\videos\02_model_development\best_frame_selector\adaptation_v2\extracted_frames\v30\v30_315.jpg
v30,v30_316,3150,104.999874,30.000036,3.000004,1920,1080,jpg,C:\Users\wgucg\Desktop\videos\videos\02_model_development\best_frame_selector\adaptation_v2\extracted_frames\v30\v30_316.jpg
v30,v30_317,3160,105.333207,30.000036,3.000004,1920,1080,jpg,C:\Users\wgucg\Desktop\videos\videos\02_model_development\best_frame_selector\adaptation_v2\extracted_frames\v30\v30_317.jpg
v30,v30_318,3170,105.666540,30.000036,3.000004,1920,1080,jpg,C:\Users\wgucg\Desktop\videos\videos\02_model_development\best_frame_selector\adaptation_v2\extracted_frames\v30\v30_318.jpg
v30,v30_319,3180,105.999873,30.000036,3.000004,1920,1080,jpg,C:\Users\wgucg\Desktop\videos\videos\02_model_development\best_frame_selector\adaptation_v2\extracted_frames\v30\v30_319.jpg
v30,v30_320,3190,106.333206,30.000036,3.000004,1920,1080,jpg,C:\Users\wgucg\Desktop\videos\videos\02_model_development\best_frame_selector\adaptation_v2\extracted_frames\v30\v30_320.jpg
v30,v30_321,3200,106.666539,30.000036,3.000004,1920,1080,jpg,C:\Users\wgucg\Desktop\videos\videos\02_model_development\best_frame_selector\adaptation_v2\extracted_frames\v30\v30_321.jpg
v30,v30_322,3210,106.999872,30.000036,3.000004,1920,1080,jpg,C:\Users\wgucg\Desktop\videos\videos\02_model_development\best_frame_selector\adaptation_v2\extracted_frames\v30\v30_322.jpg
v30,v30_323,3220,107.333205,30.000036,3.000004,1920,1080,jpg,C:\Users\wgucg\Desktop\videos\videos\02_model_development\best_frame_selector\adaptation_v2\extracted_frames\v30\v30_323.jpg
v30,v30_324,3230,107.666538,30.000036,3.000004,1920,1080,jpg,C:\Users\wgucg\Desktop\videos\videos\02_model_development\best_frame_selector\adaptation_v2\extracted_frames\v30\v30_324.jpg
v30,v30_325,3240,107.999871,30.000036,3.000004,1920,1080,jpg,C:\Users\wgucg\Desktop\videos\videos\02_model_development\best_frame_selector\adaptation_v2\extracted_frames\v30\v30_325.jpg
v30,v30_326,3250,108.333204,30.000036,3.000004,1920,1080,jpg,C:\Users\wgucg\Desktop\videos\videos\02_model_development\best_frame_selector\adaptation_v2\extracted_frames\v30\v30_326.jpg
v30,v30_327,3260,108.666536,30.000036,3.000004,1920,1080,jpg,C:\Users\wgucg\Desktop\videos\videos\02_model_development\best_frame_selector\adaptation_v2\extracted_frames\v30\v30_327.jpg
v31,v31_001,0,0.000000,30.000040,3.000004,1920,1080,jpg,C:\Users\wgucg\Desktop\videos\videos\02_model_development\best_frame_selector\adaptation_v2\extracted_frames\v31\v31_001.jpg
v31,v31_002,10,0.333333,30.000040,3.000004,1920,1080,jpg,C:\Users\wgucg\Desktop\videos\videos\02_model_development\best_frame_selector\adaptation_v2\extracted_frames\v31\v31_002.jpg
v31,v31_003,20,0.666666,30.000040,3.000004,1920,1080,jpg,C:\Users\wgucg\Desktop\videos\videos\02_model_development\best_frame_selector\adaptation_v2\extracted_frames\v31\v31_003.jpg
v31,v31_004,30,0.999999,30.000040,3.000004,1920,1080,jpg,C:\Users\wgucg\Desktop\videos\videos\02_model_development\best_frame_selector\adaptation_v2\extracted_frames\v31\v31_004.jpg
v31,v31_005,40,1.333332,30.000040,3.000004,1920,1080,jpg,C:\Users\wgucg\Desktop\videos\videos\02_model_development\best_frame_selector\adaptation_v2\extracted_frames\v31\v31_005.jpg
v31,v31_006,50,1.666664,30.000040,3.000004,1920,1080,jpg,C:\Users\wgucg\Desktop\videos\videos\02_model_development\best_frame_selector\adaptation_v2\extracted_frames\v31\v31_006.jpg
v31,v31_007,60,1.999997,30.000040,3.000004,1920,1080,jpg,C:\Users\wgucg\Desktop\videos\videos\02_model_development\best_frame_selector\adaptation_v2\extracted_frames\v31\v31_007.jpg
v31,v31_008,70,2.333330,30.000040,3.000004,1920,1080,jpg,C:\Users\wgucg\Desktop\videos\videos\02_model_development\best_frame_selector\adaptation_v2\extracted_frames\v31\v31_008.jpg
v31,v31_009,80,2.666663,30.000040,3.000004,1920,1080,jpg,C:\Users\wgucg\Desktop\videos\videos\02_model_development\best_frame_selector\adaptation_v2\extracted_frames\v31\v31_009.jpg
v31,v31_010,90,2.999996,30.000040,3.000004,1920,1080,jpg,C:\Users\wgucg\Desktop\videos\videos\02_model_development\best_frame_selector\adaptation_v2\extracted_frames\v31\v31_010.jpg
v31,v31_011,100,3.333329,30.000040,3.000004,1920,1080,jpg,C:\Users\wgucg\Desktop\videos\videos\02_model_development\best_frame_selector\adaptation_v2\extracted_frames\v31\v31_011.jpg
v31,v31_012,110,3.666662,30.000040,3.000004,1920,1080,jpg,C:\Users\wgucg\Desktop\videos\videos\02_model_development\best_frame_selector\adaptation_v2\extracted_frames\v31\v31_012.jpg
v31,v31_013,120,3.999995,30.000040,3.000004,1920,1080,jpg,C:\Users\wgucg\Desktop\videos\videos\02_model_development\best_frame_selector\adaptation_v2\extracted_frames\v31\v31_013.jpg
v31,v31_014,130,4.333328,30.000040,3.000004,1920,1080,jpg,C:\Users\wgucg\Desktop\videos\videos\02_model_development\best_frame_selector\adaptation_v2\extracted_frames\v31\v31_014.jpg
v31,v31_015,140,4.666660,30.000040,3.000004,1920,1080,jpg,C:\Users\wgucg\Desktop\videos\videos\02_model_development\best_frame_selector\adaptation_v2\extracted_frames\v31\v31_015.jpg
v31,v31_016,150,4.999993,30.000040,3.000004,1920,1080,jpg,C:\Users\wgucg\Desktop\videos\videos\02_model_development\best_frame_selector\adaptation_v2\extracted_frames\v31\v31_016.jpg
v31,v31_017,160,5.333326,30.000040,3.000004,1920,1080,jpg,C:\Users\wgucg\Desktop\videos\videos\02_model_development\best_frame_selector\adaptation_v2\extracted_frames\v31\v31_017.jpg
v31,v31_018,170,5.666659,30.000040,3.000004,1920,1080,jpg,C:\Users\wgucg\Desktop\videos\videos\02_model_development\best_frame_selector\adaptation_v2\extracted_frames\v31\v31_018.jpg
v31,v31_019,180,5.999992,30.000040,3.000004,1920,1080,jpg,C:\Users\wgucg\Desktop\videos\videos\02_model_development\best_frame_selector\adaptation_v2\extracted_frames\v31\v31_019.jpg
v31,v31_020,190,6.333325,30.000040,3.000004,1920,1080,jpg,C:\Users\wgucg\Desktop\videos\videos\02_model_development\best_frame_selector\adaptation_v2\extracted_frames\v31\v31_020.jpg
v31,v31_021,200,6.666658,30.000040,3.000004,1920,1080,jpg,C:\Users\wgucg\Desktop\videos\videos\02_model_development\best_frame_selector\adaptation_v2\extracted_frames\v31\v31_021.jpg
v31,v31_022,210,6.999991,30.000040,3.000004,1920,1080,jpg,C:\Users\wgucg\Desktop\videos\videos\02_model_development\best_frame_selector\adaptation_v2\extracted_frames\v31\v31_022.jpg
v31,v31_023,220,7.333324,30.000040,3.000004,1920,1080,jpg,C:\Users\wgucg\Desktop\videos\videos\02_model_development\best_frame_selector\adaptation_v2\extracted_frames\v31\v31_023.jpg
v31,v31_024,230,7.666657,30.000040,3.000004,1920,1080,jpg,C:\Users\wgucg\Desktop\videos\videos\02_model_development\best_frame_selector\adaptation_v2\extracted_frames\v31\v31_024.jpg
v31,v31_025,240,7.999989,30.000040,3.000004,1920,1080,jpg,C:\Users\wgucg\Desktop\videos\videos\02_model_development\best_frame_selector\adaptation_v2\extracted_frames\v31\v31_025.jpg
v31,v31_026,250,8.333322,30.000040,3.000004,1920,1080,jpg,C:\Users\wgucg\Desktop\videos\videos\02_model_development\best_frame_selector\adaptation_v2\extracted_frames\v31\v31_026.jpg
v31,v31_027,260,8.666655,30.000040,3.000004,1920,1080,jpg,C:\Users\wgucg\Desktop\videos\videos\02_model_development\best_frame_selector\adaptation_v2\extracted_frames\v31\v31_027.jpg
v31,v31_028,270,8.999988,30.000040,3.000004,1920,1080,jpg,C:\Users\wgucg\Desktop\videos\videos\02_model_development\best_frame_selector\adaptation_v2\extracted_frames\v31\v31_028.jpg
v31,v31_029,280,9.333321,30.000040,3.000004,1920,1080,jpg,C:\Users\wgucg\Desktop\videos\videos\02_model_development\best_frame_selector\adaptation_v2\extracted_frames\v31\v31_029.jpg
v31,v31_030,290,9.666654,30.000040,3.000004,1920,1080,jpg,C:\Users\wgucg\Desktop\videos\videos\02_model_development\best_frame_selector\adaptation_v2\extracted_frames\v31\v31_030.jpg
v31,v31_031,300,9.999987,30.000040,3.000004,1920,1080,jpg,C:\Users\wgucg\Desktop\videos\videos\02_model_development\best_frame_selector\adaptation_v2\extracted_frames\v31\v31_031.jpg
v31,v31_032,310,10.333320,30.000040,3.000004,1920,1080,jpg,C:\Users\wgucg\Desktop\videos\videos\02_model_development\best_frame_selector\adaptation_v2\extracted_frames\v31\v31_032.jpg
v31,v31_033,320,10.666653,30.000040,3.000004,1920,1080,jpg,C:\Users\wgucg\Desktop\videos\videos\02_model_development\best_frame_selector\adaptation_v2\extracted_frames\v31\v31_033.jpg
v31,v31_034,330,10.999985,30.000040,3.000004,1920,1080,jpg,C:\Users\wgucg\Desktop\videos\videos\02_model_development\best_frame_selector\adaptation_v2\extracted_frames\v31\v31_034.jpg
v31,v31_035,340,11.333318,30.000040,3.000004,1920,1080,jpg,C:\Users\wgucg\Desktop\videos\videos\02_model_development\best_frame_selector\adaptation_v2\extracted_frames\v31\v31_035.jpg
v31,v31_036,350,11.666651,30.000040,3.000004,1920,1080,jpg,C:\Users\wgucg\Desktop\videos\videos\02_model_development\best_frame_selector\adaptation_v2\extracted_frames\v31\v31_036.jpg
v31,v31_037,360,11.999984,30.000040,3.000004,1920,1080,jpg,C:\Users\wgucg\Desktop\videos\videos\02_model_development\best_frame_selector\adaptation_v2\extracted_frames\v31\v31_037.jpg
v31,v31_038,370,12.333317,30.000040,3.000004,1920,1080,jpg,C:\Users\wgucg\Desktop\videos\videos\02_model_development\best_frame_selector\adaptation_v2\extracted_frames\v31\v31_038.jpg
v31,v31_039,380,12.666650,30.000040,3.000004,1920,1080,jpg,C:\Users\wgucg\Desktop\videos\videos\02_model_development\best_frame_selector\adaptation_v2\extracted_frames\v31\v31_039.jpg
v31,v31_040,390,12.999983,30.000040,3.000004,1920,1080,jpg,C:\Users\wgucg\Desktop\videos\videos\02_model_development\best_frame_selector\adaptation_v2\extracted_frames\v31\v31_040.jpg
v31,v31_041,400,13.333316,30.000040,3.000004,1920,1080,jpg,C:\Users\wgucg\Desktop\videos\videos\02_model_development\best_frame_selector\adaptation_v2\extracted_frames\v31\v31_041.jpg
v31,v31_042,410,13.666649,30.000040,3.000004,1920,1080,jpg,C:\Users\wgucg\Desktop\videos\videos\02_model_development\best_frame_selector\adaptation_v2\extracted_frames\v31\v31_042.jpg
v31,v31_043,420,13.999981,30.000040,3.000004,1920,1080,jpg,C:\Users\wgucg\Desktop\videos\videos\02_model_development\best_frame_selector\adaptation_v2\extracted_frames\v31\v31_043.jpg
v31,v31_044,430,14.333314,30.000040,3.000004,1920,1080,jpg,C:\Users\wgucg\Desktop\videos\videos\02_model_development\best_frame_selector\adaptation_v2\extracted_frames\v31\v31_044.jpg
v31,v31_045,440,14.666647,30.000040,3.000004,1920,1080,jpg,C:\Users\wgucg\Desktop\videos\videos\02_model_development\best_frame_selector\adaptation_v2\extracted_frames\v31\v31_045.jpg
v31,v31_046,450,14.999980,30.000040,3.000004,1920,1080,jpg,C:\Users\wgucg\Desktop\videos\videos\02_model_development\best_frame_selector\adaptation_v2\extracted_frames\v31\v31_046.jpg
v31,v31_047,460,15.333313,30.000040,3.000004,1920,1080,jpg,C:\Users\wgucg\Desktop\videos\videos\02_model_development\best_frame_selector\adaptation_v2\extracted_frames\v31\v31_047.jpg
v31,v31_048,470,15.666646,30.000040,3.000004,1920,1080,jpg,C:\Users\wgucg\Desktop\videos\videos\02_model_development\best_frame_selector\adaptation_v2\extracted_frames\v31\v31_048.jpg
v31,v31_049,480,15.999979,30.000040,3.000004,1920,1080,jpg,C:\Users\wgucg\Desktop\videos\videos\02_model_development\best_frame_selector\adaptation_v2\extracted_frames\v31\v31_049.jpg
v31,v31_050,490,16.333312,30.000040,3.000004,1920,1080,jpg,C:\Users\wgucg\Desktop\videos\videos\02_model_development\best_frame_selector\adaptation_v2\extracted_frames\v31\v31_050.jpg
v31,v31_051,500,16.666645,30.000040,3.000004,1920,1080,jpg,C:\Users\wgucg\Desktop\videos\videos\02_model_development\best_frame_selector\adaptation_v2\extracted_frames\v31\v31_051.jpg
v31,v31_052,510,16.999977,30.000040,3.000004,1920,1080,jpg,C:\Users\wgucg\Desktop\videos\videos\02_model_development\best_frame_selector\adaptation_v2\extracted_frames\v31\v31_052.jpg
v31,v31_053,520,17.333310,30.000040,3.000004,1920,1080,jpg,C:\Users\wgucg\Desktop\videos\videos\02_model_development\best_frame_selector\adaptation_v2\extracted_frames\v31\v31_053.jpg
v31,v31_054,530,17.666643,30.000040,3.000004,1920,1080,jpg,C:\Users\wgucg\Desktop\videos\videos\02_model_development\best_frame_selector\adaptation_v2\extracted_frames\v31\v31_054.jpg
v31,v31_055,540,17.999976,30.000040,3.000004,1920,1080,jpg,C:\Users\wgucg\Desktop\videos\videos\02_model_development\best_frame_selector\adaptation_v2\extracted_frames\v31\v31_055.jpg
v31,v31_056,550,18.333309,30.000040,3.000004,1920,1080,jpg,C:\Users\wgucg\Desktop\videos\videos\02_model_development\best_frame_selector\adaptation_v2\extracted_frames\v31\v31_056.jpg
v31,v31_057,560,18.666642,30.000040,3.000004,1920,1080,jpg,C:\Users\wgucg\Desktop\videos\videos\02_model_development\best_frame_selector\adaptation_v2\extracted_frames\v31\v31_057.jpg
v31,v31_058,570,18.999975,30.000040,3.000004,1920,1080,jpg,C:\Users\wgucg\Desktop\videos\videos\02_model_development\best_frame_selector\adaptation_v2\extracted_frames\v31\v31_058.jpg
v31,v31_059,580,19.333308,30.000040,3.000004,1920,1080,jpg,C:\Users\wgucg\Desktop\videos\videos\02_model_development\best_frame_selector\adaptation_v2\extracted_frames\v31\v31_059.jpg
v31,v31_060,590,19.666641,30.000040,3.000004,1920,1080,jpg,C:\Users\wgucg\Desktop\videos\videos\02_model_development\best_frame_selector\adaptation_v2\extracted_frames\v31\v31_060.jpg
v31,v31_061,600,19.999974,30.000040,3.000004,1920,1080,jpg,C:\Users\wgucg\Desktop\videos\videos\02_model_development\best_frame_selector\adaptation_v2\extracted_frames\v31\v31_061.jpg
v31,v31_062,610,20.333306,30.000040,3.000004,1920,1080,jpg,C:\Users\wgucg\Desktop\videos\videos\02_model_development\best_frame_selector\adaptation_v2\extracted_frames\v31\v31_062.jpg
v31,v31_063,620,20.666639,30.000040,3.000004,1920,1080,jpg,C:\Users\wgucg\Desktop\videos\videos\02_model_development\best_frame_selector\adaptation_v2\extracted_frames\v31\v31_063.jpg
v31,v31_064,630,20.999972,30.000040,3.000004,1920,1080,jpg,C:\Users\wgucg\Desktop\videos\videos\02_model_development\best_frame_selector\adaptation_v2\extracted_frames\v31\v31_064.jpg
v31,v31_065,640,21.333305,30.000040,3.000004,1920,1080,jpg,C:\Users\wgucg\Desktop\videos\videos\02_model_development\best_frame_selector\adaptation_v2\extracted_frames\v31\v31_065.jpg
v31,v31_066,650,21.666638,30.000040,3.000004,1920,1080,jpg,C:\Users\wgucg\Desktop\videos\videos\02_model_development\best_frame_selector\adaptation_v2\extracted_frames\v31\v31_066.jpg
v31,v31_067,660,21.999971,30.000040,3.000004,1920,1080,jpg,C:\Users\wgucg\Desktop\videos\videos\02_model_development\best_frame_selector\adaptation_v2\extracted_frames\v31\v31_067.jpg
v31,v31_068,670,22.333304,30.000040,3.000004,1920,1080,jpg,C:\Users\wgucg\Desktop\videos\videos\02_model_development\best_frame_selector\adaptation_v2\extracted_frames\v31\v31_068.jpg
v31,v31_069,680,22.666637,30.000040,3.000004,1920,1080,jpg,C:\Users\wgucg\Desktop\videos\videos\02_model_development\best_frame_selector\adaptation_v2\extracted_frames\v31\v31_069.jpg
v31,v31_070,690,22.999970,30.000040,3.000004,1920,1080,jpg,C:\Users\wgucg\Desktop\videos\videos\02_model_development\best_frame_selector\adaptation_v2\extracted_frames\v31\v31_070.jpg
v31,v31_071,700,23.333302,30.000040,3.000004,1920,1080,jpg,C:\Users\wgucg\Desktop\videos\videos\02_model_development\best_frame_selector\adaptation_v2\extracted_frames\v31\v31_071.jpg
v31,v31_072,710,23.666635,30.000040,3.000004,1920,1080,jpg,C:\Users\wgucg\Desktop\videos\videos\02_model_development\best_frame_selector\adaptation_v2\extracted_frames\v31\v31_072.jpg
v31,v31_073,720,23.999968,30.000040,3.000004,1920,1080,jpg,C:\Users\wgucg\Desktop\videos\videos\02_model_development\best_frame_selector\adaptation_v2\extracted_frames\v31\v31_073.jpg
v31,v31_074,730,24.333301,30.000040,3.000004,1920,1080,jpg,C:\Users\wgucg\Desktop\videos\videos\02_model_development\best_frame_selector\adaptation_v2\extracted_frames\v31\v31_074.jpg
v31,v31_075,740,24.666634,30.000040,3.000004,1920,1080,jpg,C:\Users\wgucg\Desktop\videos\videos\02_model_development\best_frame_selector\adaptation_v2\extracted_frames\v31\v31_075.jpg
v31,v31_076,750,24.999967,30.000040,3.000004,1920,1080,jpg,C:\Users\wgucg\Desktop\videos\videos\02_model_development\best_frame_selector\adaptation_v2\extracted_frames\v31\v31_076.jpg
v31,v31_077,760,25.333300,30.000040,3.000004,1920,1080,jpg,C:\Users\wgucg\Desktop\videos\videos\02_model_development\best_frame_selector\adaptation_v2\extracted_frames\v31\v31_077.jpg
v31,v31_078,770,25.666633,30.000040,3.000004,1920,1080,jpg,C:\Users\wgucg\Desktop\videos\videos\02_model_development\best_frame_selector\adaptation_v2\extracted_frames\v31\v31_078.jpg
v31,v31_079,780,25.999966,30.000040,3.000004,1920,1080,jpg,C:\Users\wgucg\Desktop\videos\videos\02_model_development\best_frame_selector\adaptation_v2\extracted_frames\v31\v31_079.jpg
v31,v31_080,790,26.333298,30.000040,3.000004,1920,1080,jpg,C:\Users\wgucg\Desktop\videos\videos\02_model_development\best_frame_selector\adaptation_v2\extracted_frames\v31\v31_080.jpg
v31,v31_081,800,26.666631,30.000040,3.000004,1920,1080,jpg,C:\Users\wgucg\Desktop\videos\videos\02_model_development\best_frame_selector\adaptation_v2\extracted_frames\v31\v31_081.jpg
v31,v31_082,810,26.999964,30.000040,3.000004,1920,1080,jpg,C:\Users\wgucg\Desktop\videos\videos\02_model_development\best_frame_selector\adaptation_v2\extracted_frames\v31\v31_082.jpg
v31,v31_083,820,27.333297,30.000040,3.000004,1920,1080,jpg,C:\Users\wgucg\Desktop\videos\videos\02_model_development\best_frame_selector\adaptation_v2\extracted_frames\v31\v31_083.jpg
v31,v31_084,830,27.666630,30.000040,3.000004,1920,1080,jpg,C:\Users\wgucg\Desktop\videos\videos\02_model_development\best_frame_selector\adaptation_v2\extracted_frames\v31\v31_084.jpg
v31,v31_085,840,27.999963,30.000040,3.000004,1920,1080,jpg,C:\Users\wgucg\Desktop\videos\videos\02_model_development\best_frame_selector\adaptation_v2\extracted_frames\v31\v31_085.jpg
v31,v31_086,850,28.333296,30.000040,3.000004,1920,1080,jpg,C:\Users\wgucg\Desktop\videos\videos\02_model_development\best_frame_selector\adaptation_v2\extracted_frames\v31\v31_086.jpg
v31,v31_087,860,28.666629,30.000040,3.000004,1920,1080,jpg,C:\Users\wgucg\Desktop\videos\videos\02_model_development\best_frame_selector\adaptation_v2\extracted_frames\v31\v31_087.jpg
v31,v31_088,870,28.999962,30.000040,3.000004,1920,1080,jpg,C:\Users\wgucg\Desktop\videos\videos\02_model_development\best_frame_selector\adaptation_v2\extracted_frames\v31\v31_088.jpg
v31,v31_089,880,29.333294,30.000040,3.000004,1920,1080,jpg,C:\Users\wgucg\Desktop\videos\videos\02_model_development\best_frame_selector\adaptation_v2\extracted_frames\v31\v31_089.jpg
v31,v31_090,890,29.666627,30.000040,3.000004,1920,1080,jpg,C:\Users\wgucg\Desktop\videos\videos\02_model_development\best_frame_selector\adaptation_v2\extracted_frames\v31\v31_090.jpg
v31,v31_091,900,29.999960,30.000040,3.000004,1920,1080,jpg,C:\Users\wgucg\Desktop\videos\videos\02_model_development\best_frame_selector\adaptation_v2\extracted_frames\v31\v31_091.jpg
v31,v31_092,910,30.333293,30.000040,3.000004,1920,1080,jpg,C:\Users\wgucg\Desktop\videos\videos\02_model_development\best_frame_selector\adaptation_v2\extracted_frames\v31\v31_092.jpg
v31,v31_093,920,30.666626,30.000040,3.000004,1920,1080,jpg,C:\Users\wgucg\Desktop\videos\videos\02_model_development\best_frame_selector\adaptation_v2\extracted_frames\v31\v31_093.jpg
v31,v31_094,930,30.999959,30.000040,3.000004,1920,1080,jpg,C:\Users\wgucg\Desktop\videos\videos\02_model_development\best_frame_selector\adaptation_v2\extracted_frames\v31\v31_094.jpg
v31,v31_095,940,31.333292,30.000040,3.000004,1920,1080,jpg,C:\Users\wgucg\Desktop\videos\videos\02_model_development\best_frame_selector\adaptation_v2\extracted_frames\v31\v31_095.jpg
v31,v31_096,950,31.666625,30.000040,3.000004,1920,1080,jpg,C:\Users\wgucg\Desktop\videos\videos\02_model_development\best_frame_selector\adaptation_v2\extracted_frames\v31\v31_096.jpg
v31,v31_097,960,31.999958,30.000040,3.000004,1920,1080,jpg,C:\Users\wgucg\Desktop\videos\videos\02_model_development\best_frame_selector\adaptation_v2\extracted_frames\v31\v31_097.jpg
v31,v31_098,970,32.333291,30.000040,3.000004,1920,1080,jpg,C:\Users\wgucg\Desktop\videos\videos\02_model_development\best_frame_selector\adaptation_v2\extracted_frames\v31\v31_098.jpg
v31,v31_099,980,32.666623,30.000040,3.000004,1920,1080,jpg,C:\Users\wgucg\Desktop\videos\videos\02_model_development\best_frame_selector\adaptation_v2\extracted_frames\v31\v31_099.jpg
v31,v31_100,990,32.999956,30.000040,3.000004,1920,1080,jpg,C:\Users\wgucg\Desktop\videos\videos\02_model_development\best_frame_selector\adaptation_v2\extracted_frames\v31\v31_100.jpg
v31,v31_101,1000,33.333289,30.000040,3.000004,1920,1080,jpg,C:\Users\wgucg\Desktop\videos\videos\02_model_development\best_frame_selector\adaptation_v2\extracted_frames\v31\v31_101.jpg
v31,v31_102,1010,33.666622,30.000040,3.000004,1920,1080,jpg,C:\Users\wgucg\Desktop\videos\videos\02_model_development\best_frame_selector\adaptation_v2\extracted_frames\v31\v31_102.jpg
v31,v31_103,1020,33.999955,30.000040,3.000004,1920,1080,jpg,C:\Users\wgucg\Desktop\videos\videos\02_model_development\best_frame_selector\adaptation_v2\extracted_frames\v31\v31_103.jpg
v31,v31_104,1030,34.333288,30.000040,3.000004,1920,1080,jpg,C:\Users\wgucg\Desktop\videos\videos\02_model_development\best_frame_selector\adaptation_v2\extracted_frames\v31\v31_104.jpg
v31,v31_105,1040,34.666621,30.000040,3.000004,1920,1080,jpg,C:\Users\wgucg\Desktop\videos\videos\02_model_development\best_frame_selector\adaptation_v2\extracted_frames\v31\v31_105.jpg
v31,v31_106,1050,34.999954,30.000040,3.000004,1920,1080,jpg,C:\Users\wgucg\Desktop\videos\videos\02_model_development\best_frame_selector\adaptation_v2\extracted_frames\v31\v31_106.jpg
v31,v31_107,1060,35.333287,30.000040,3.000004,1920,1080,jpg,C:\Users\wgucg\Desktop\videos\videos\02_model_development\best_frame_selector\adaptation_v2\extracted_frames\v31\v31_107.jpg
v31,v31_108,1070,35.666619,30.000040,3.000004,1920,1080,jpg,C:\Users\wgucg\Desktop\videos\videos\02_model_development\best_frame_selector\adaptation_v2\extracted_frames\v31\v31_108.jpg
v31,v31_109,1080,35.999952,30.000040,3.000004,1920,1080,jpg,C:\Users\wgucg\Desktop\videos\videos\02_model_development\best_frame_selector\adaptation_v2\extracted_frames\v31\v31_109.jpg
v31,v31_110,1090,36.333285,30.000040,3.000004,1920,1080,jpg,C:\Users\wgucg\Desktop\videos\videos\02_model_development\best_frame_selector\adaptation_v2\extracted_frames\v31\v31_110.jpg
v31,v31_111,1100,36.666618,30.000040,3.000004,1920,1080,jpg,C:\Users\wgucg\Desktop\videos\videos\02_model_development\best_frame_selector\adaptation_v2\extracted_frames\v31\v31_111.jpg
v31,v31_112,1110,36.999951,30.000040,3.000004,1920,1080,jpg,C:\Users\wgucg\Desktop\videos\videos\02_model_development\best_frame_selector\adaptation_v2\extracted_frames\v31\v31_112.jpg
v31,v31_113,1120,37.333284,30.000040,3.000004,1920,1080,jpg,C:\Users\wgucg\Desktop\videos\videos\02_model_development\best_frame_selector\adaptation_v2\extracted_frames\v31\v31_113.jpg
v31,v31_114,1130,37.666617,30.000040,3.000004,1920,1080,jpg,C:\Users\wgucg\Desktop\videos\videos\02_model_development\best_frame_selector\adaptation_v2\extracted_frames\v31\v31_114.jpg
v31,v31_115,1140,37.999950,30.000040,3.000004,1920,1080,jpg,C:\Users\wgucg\Desktop\videos\videos\02_model_development\best_frame_selector\adaptation_v2\extracted_frames\v31\v31_115.jpg
v31,v31_116,1150,38.333283,30.000040,3.000004,1920,1080,jpg,C:\Users\wgucg\Desktop\videos\videos\02_model_development\best_frame_selector\adaptation_v2\extracted_frames\v31\v31_116.jpg
v31,v31_117,1160,38.666615,30.000040,3.000004,1920,1080,jpg,C:\Users\wgucg\Desktop\videos\videos\02_model_development\best_frame_selector\adaptation_v2\extracted_frames\v31\v31_117.jpg
v31,v31_118,1170,38.999948,30.000040,3.000004,1920,1080,jpg,C:\Users\wgucg\Desktop\videos\videos\02_model_development\best_frame_selector\adaptation_v2\extracted_frames\v31\v31_118.jpg
v31,v31_119,1180,39.333281,30.000040,3.000004,1920,1080,jpg,C:\Users\wgucg\Desktop\videos\videos\02_model_development\best_frame_selector\adaptation_v2\extracted_frames\v31\v31_119.jpg
v31,v31_120,1190,39.666614,30.000040,3.000004,1920,1080,jpg,C:\Users\wgucg\Desktop\videos\videos\02_model_development\best_frame_selector\adaptation_v2\extracted_frames\v31\v31_120.jpg
v31,v31_121,1200,39.999947,30.000040,3.000004,1920,1080,jpg,C:\Users\wgucg\Desktop\videos\videos\02_model_development\best_frame_selector\adaptation_v2\extracted_frames\v31\v31_121.jpg
v31,v31_122,1210,40.333280,30.000040,3.000004,1920,1080,jpg,C:\Users\wgucg\Desktop\videos\videos\02_model_development\best_frame_selector\adaptation_v2\extracted_frames\v31\v31_122.jpg
v31,v31_123,1220,40.666613,30.000040,3.000004,1920,1080,jpg,C:\Users\wgucg\Desktop\videos\videos\02_model_development\best_frame_selector\adaptation_v2\extracted_frames\v31\v31_123.jpg
v31,v31_124,1230,40.999946,30.000040,3.000004,1920,1080,jpg,C:\Users\wgucg\Desktop\videos\videos\02_model_development\best_frame_selector\adaptation_v2\extracted_frames\v31\v31_124.jpg
v31,v31_125,1240,41.333279,30.000040,3.000004,1920,1080,jpg,C:\Users\wgucg\Desktop\videos\videos\02_model_development\best_frame_selector\adaptation_v2\extracted_frames\v31\v31_125.jpg
v31,v31_126,1250,41.666611,30.000040,3.000004,1920,1080,jpg,C:\Users\wgucg\Desktop\videos\videos\02_model_development\best_frame_selector\adaptation_v2\extracted_frames\v31\v31_126.jpg
v31,v31_127,1260,41.999944,30.000040,3.000004,1920,1080,jpg,C:\Users\wgucg\Desktop\videos\videos\02_model_development\best_frame_selector\adaptation_v2\extracted_frames\v31\v31_127.jpg
v31,v31_128,1270,42.333277,30.000040,3.000004,1920,1080,jpg,C:\Users\wgucg\Desktop\videos\videos\02_model_development\best_frame_selector\adaptation_v2\extracted_frames\v31\v31_128.jpg
v31,v31_129,1280,42.666610,30.000040,3.000004,1920,1080,jpg,C:\Users\wgucg\Desktop\videos\videos\02_model_development\best_frame_selector\adaptation_v2\extracted_frames\v31\v31_129.jpg
v31,v31_130,1290,42.999943,30.000040,3.000004,1920,1080,jpg,C:\Users\wgucg\Desktop\videos\videos\02_model_development\best_frame_selector\adaptation_v2\extracted_frames\v31\v31_130.jpg
v31,v31_131,1300,43.333276,30.000040,3.000004,1920,1080,jpg,C:\Users\wgucg\Desktop\videos\videos\02_model_development\best_frame_selector\adaptation_v2\extracted_frames\v31\v31_131.jpg
v31,v31_132,1310,43.666609,30.000040,3.000004,1920,1080,jpg,C:\Users\wgucg\Desktop\videos\videos\02_model_development\best_frame_selector\adaptation_v2\extracted_frames\v31\v31_132.jpg
v31,v31_133,1320,43.999942,30.000040,3.000004,1920,1080,jpg,C:\Users\wgucg\Desktop\videos\videos\02_model_development\best_frame_selector\adaptation_v2\extracted_frames\v31\v31_133.jpg
v31,v31_134,1330,44.333275,30.000040,3.000004,1920,1080,jpg,C:\Users\wgucg\Desktop\videos\videos\02_model_development\best_frame_selector\adaptation_v2\extracted_frames\v31\v31_134.jpg
v31,v31_135,1340,44.666608,30.000040,3.000004,1920,1080,jpg,C:\Users\wgucg\Desktop\videos\videos\02_model_development\best_frame_selector\adaptation_v2\extracted_frames\v31\v31_135.jpg
v31,v31_136,1350,44.999940,30.000040,3.000004,1920,1080,jpg,C:\Users\wgucg\Desktop\videos\videos\02_model_development\best_frame_selector\adaptation_v2\extracted_frames\v31\v31_136.jpg
v31,v31_137,1360,45.333273,30.000040,3.000004,1920,1080,jpg,C:\Users\wgucg\Desktop\videos\videos\02_model_development\best_frame_selector\adaptation_v2\extracted_frames\v31\v31_137.jpg
v31,v31_138,1370,45.666606,30.000040,3.000004,1920,1080,jpg,C:\Users\wgucg\Desktop\videos\videos\02_model_development\best_frame_selector\adaptation_v2\extracted_frames\v31\v31_138.jpg
v31,v31_139,1380,45.999939,30.000040,3.000004,1920,1080,jpg,C:\Users\wgucg\Desktop\videos\videos\02_model_development\best_frame_selector\adaptation_v2\extracted_frames\v31\v31_139.jpg
v31,v31_140,1390,46.333272,30.000040,3.000004,1920,1080,jpg,C:\Users\wgucg\Desktop\videos\videos\02_model_development\best_frame_selector\adaptation_v2\extracted_frames\v31\v31_140.jpg
v31,v31_141,1400,46.666605,30.000040,3.000004,1920,1080,jpg,C:\Users\wgucg\Desktop\videos\videos\02_model_development\best_frame_selector\adaptation_v2\extracted_frames\v31\v31_141.jpg
v31,v31_142,1410,46.999938,30.000040,3.000004,1920,1080,jpg,C:\Users\wgucg\Desktop\videos\videos\02_model_development\best_frame_selector\adaptation_v2\extracted_frames\v31\v31_142.jpg
v31,v31_143,1420,47.333271,30.000040,3.000004,1920,1080,jpg,C:\Users\wgucg\Desktop\videos\videos\02_model_development\best_frame_selector\adaptation_v2\extracted_frames\v31\v31_143.jpg
v31,v31_144,1430,47.666604,30.000040,3.000004,1920,1080,jpg,C:\Users\wgucg\Desktop\videos\videos\02_model_development\best_frame_selector\adaptation_v2\extracted_frames\v31\v31_144.jpg
v31,v31_145,1440,47.999936,30.000040,3.000004,1920,1080,jpg,C:\Users\wgucg\Desktop\videos\videos\02_model_development\best_frame_selector\adaptation_v2\extracted_frames\v31\v31_145.jpg
v31,v31_146,1450,48.333269,30.000040,3.000004,1920,1080,jpg,C:\Users\wgucg\Desktop\videos\videos\02_model_development\best_frame_selector\adaptation_v2\extracted_frames\v31\v31_146.jpg
v31,v31_147,1460,48.666602,30.000040,3.000004,1920,1080,jpg,C:\Users\wgucg\Desktop\videos\videos\02_model_development\best_frame_selector\adaptation_v2\extracted_frames\v31\v31_147.jpg
v31,v31_148,1470,48.999935,30.000040,3.000004,1920,1080,jpg,C:\Users\wgucg\Desktop\videos\videos\02_model_development\best_frame_selector\adaptation_v2\extracted_frames\v31\v31_148.jpg
v31,v31_149,1480,49.333268,30.000040,3.000004,1920,1080,jpg,C:\Users\wgucg\Desktop\videos\videos\02_model_development\best_frame_selector\adaptation_v2\extracted_frames\v31\v31_149.jpg
v31,v31_150,1490,49.666601,30.000040,3.000004,1920,1080,jpg,C:\Users\wgucg\Desktop\videos\videos\02_model_development\best_frame_selector\adaptation_v2\extracted_frames\v31\v31_150.jpg
v31,v31_151,1500,49.999934,30.000040,3.000004,1920,1080,jpg,C:\Users\wgucg\Desktop\videos\videos\02_model_development\best_frame_selector\adaptation_v2\extracted_frames\v31\v31_151.jpg
v31,v31_152,1510,50.333267,30.000040,3.000004,1920,1080,jpg,C:\Users\wgucg\Desktop\videos\videos\02_model_development\best_frame_selector\adaptation_v2\extracted_frames\v31\v31_152.jpg
v31,v31_153,1520,50.666600,30.000040,3.000004,1920,1080,jpg,C:\Users\wgucg\Desktop\videos\videos\02_model_development\best_frame_selector\adaptation_v2\extracted_frames\v31\v31_153.jpg
v31,v31_154,1530,50.999932,30.000040,3.000004,1920,1080,jpg,C:\Users\wgucg\Desktop\videos\videos\02_model_development\best_frame_selector\adaptation_v2\extracted_frames\v31\v31_154.jpg
v31,v31_155,1540,51.333265,30.000040,3.000004,1920,1080,jpg,C:\Users\wgucg\Desktop\videos\videos\02_model_development\best_frame_selector\adaptation_v2\extracted_frames\v31\v31_155.jpg
v31,v31_156,1550,51.666598,30.000040,3.000004,1920,1080,jpg,C:\Users\wgucg\Desktop\videos\videos\02_model_development\best_frame_selector\adaptation_v2\extracted_frames\v31\v31_156.jpg
v31,v31_157,1560,51.999931,30.000040,3.000004,1920,1080,jpg,C:\Users\wgucg\Desktop\videos\videos\02_model_development\best_frame_selector\adaptation_v2\extracted_frames\v31\v31_157.jpg
v31,v31_158,1570,52.333264,30.000040,3.000004,1920,1080,jpg,C:\Users\wgucg\Desktop\videos\videos\02_model_development\best_frame_selector\adaptation_v2\extracted_frames\v31\v31_158.jpg
v31,v31_159,1580,52.666597,30.000040,3.000004,1920,1080,jpg,C:\Users\wgucg\Desktop\videos\videos\02_model_development\best_frame_selector\adaptation_v2\extracted_frames\v31\v31_159.jpg
v31,v31_160,1590,52.999930,30.000040,3.000004,1920,1080,jpg,C:\Users\wgucg\Desktop\videos\videos\02_model_development\best_frame_selector\adaptation_v2\extracted_frames\v31\v31_160.jpg
v31,v31_161,1600,53.333263,30.000040,3.000004,1920,1080,jpg,C:\Users\wgucg\Desktop\videos\videos\02_model_development\best_frame_selector\adaptation_v2\extracted_frames\v31\v31_161.jpg
v31,v31_162,1610,53.666596,30.000040,3.000004,1920,1080,jpg,C:\Users\wgucg\Desktop\videos\videos\02_model_development\best_frame_selector\adaptation_v2\extracted_frames\v31\v31_162.jpg
v31,v31_163,1620,53.999928,30.000040,3.000004,1920,1080,jpg,C:\Users\wgucg\Desktop\videos\videos\02_model_development\best_frame_selector\adaptation_v2\extracted_frames\v31\v31_163.jpg
v31,v31_164,1630,54.333261,30.000040,3.000004,1920,1080,jpg,C:\Users\wgucg\Desktop\videos\videos\02_model_development\best_frame_selector\adaptation_v2\extracted_frames\v31\v31_164.jpg
v31,v31_165,1640,54.666594,30.000040,3.000004,1920,1080,jpg,C:\Users\wgucg\Desktop\videos\videos\02_model_development\best_frame_selector\adaptation_v2\extracted_frames\v31\v31_165.jpg
v31,v31_166,1650,54.999927,30.000040,3.000004,1920,1080,jpg,C:\Users\wgucg\Desktop\videos\videos\02_model_development\best_frame_selector\adaptation_v2\extracted_frames\v31\v31_166.jpg
v31,v31_167,1660,55.333260,30.000040,3.000004,1920,1080,jpg,C:\Users\wgucg\Desktop\videos\videos\02_model_development\best_frame_selector\adaptation_v2\extracted_frames\v31\v31_167.jpg
v31,v31_168,1670,55.666593,30.000040,3.000004,1920,1080,jpg,C:\Users\wgucg\Desktop\videos\videos\02_model_development\best_frame_selector\adaptation_v2\extracted_frames\v31\v31_168.jpg
v31,v31_169,1680,55.999926,30.000040,3.000004,1920,1080,jpg,C:\Users\wgucg\Desktop\videos\videos\02_model_development\best_frame_selector\adaptation_v2\extracted_frames\v31\v31_169.jpg
v31,v31_170,1690,56.333259,30.000040,3.000004,1920,1080,jpg,C:\Users\wgucg\Desktop\videos\videos\02_model_development\best_frame_selector\adaptation_v2\extracted_frames\v31\v31_170.jpg
v31,v31_171,1700,56.666592,30.000040,3.000004,1920,1080,jpg,C:\Users\wgucg\Desktop\videos\videos\02_model_development\best_frame_selector\adaptation_v2\extracted_frames\v31\v31_171.jpg
v31,v31_172,1710,56.999924,30.000040,3.000004,1920,1080,jpg,C:\Users\wgucg\Desktop\videos\videos\02_model_development\best_frame_selector\adaptation_v2\extracted_frames\v31\v31_172.jpg
v31,v31_173,1720,57.333257,30.000040,3.000004,1920,1080,jpg,C:\Users\wgucg\Desktop\videos\videos\02_model_development\best_frame_selector\adaptation_v2\extracted_frames\v31\v31_173.jpg
v31,v31_174,1730,57.666590,30.000040,3.000004,1920,1080,jpg,C:\Users\wgucg\Desktop\videos\videos\02_model_development\best_frame_selector\adaptation_v2\extracted_frames\v31\v31_174.jpg
v31,v31_175,1740,57.999923,30.000040,3.000004,1920,1080,jpg,C:\Users\wgucg\Desktop\videos\videos\02_model_development\best_frame_selector\adaptation_v2\extracted_frames\v31\v31_175.jpg
v31,v31_176,1750,58.333256,30.000040,3.000004,1920,1080,jpg,C:\Users\wgucg\Desktop\videos\videos\02_model_development\best_frame_selector\adaptation_v2\extracted_frames\v31\v31_176.jpg
v31,v31_177,1760,58.666589,30.000040,3.000004,1920,1080,jpg,C:\Users\wgucg\Desktop\videos\videos\02_model_development\best_frame_selector\adaptation_v2\extracted_frames\v31\v31_177.jpg
v31,v31_178,1770,58.999922,30.000040,3.000004,1920,1080,jpg,C:\Users\wgucg\Desktop\videos\videos\02_model_development\best_frame_selector\adaptation_v2\extracted_frames\v31\v31_178.jpg
v31,v31_179,1780,59.333255,30.000040,3.000004,1920,1080,jpg,C:\Users\wgucg\Desktop\videos\videos\02_model_development\best_frame_selector\adaptation_v2\extracted_frames\v31\v31_179.jpg
v31,v31_180,1790,59.666588,30.000040,3.000004,1920,1080,jpg,C:\Users\wgucg\Desktop\videos\videos\02_model_development\best_frame_selector\adaptation_v2\extracted_frames\v31\v31_180.jpg
v31,v31_181,1800,59.999921,30.000040,3.000004,1920,1080,jpg,C:\Users\wgucg\Desktop\videos\videos\02_model_development\best_frame_selector\adaptation_v2\extracted_frames\v31\v31_181.jpg
v31,v31_182,1810,60.333253,30.000040,3.000004,1920,1080,jpg,C:\Users\wgucg\Desktop\videos\videos\02_model_development\best_frame_selector\adaptation_v2\extracted_frames\v31\v31_182.jpg
v31,v31_183,1820,60.666586,30.000040,3.000004,1920,1080,jpg,C:\Users\wgucg\Desktop\videos\videos\02_model_development\best_frame_selector\adaptation_v2\extracted_frames\v31\v31_183.jpg
v31,v31_184,1830,60.999919,30.000040,3.000004,1920,1080,jpg,C:\Users\wgucg\Desktop\videos\videos\02_model_development\best_frame_selector\adaptation_v2\extracted_frames\v31\v31_184.jpg
v31,v31_185,1840,61.333252,30.000040,3.000004,1920,1080,jpg,C:\Users\wgucg\Desktop\videos\videos\02_model_development\best_frame_selector\adaptation_v2\extracted_frames\v31\v31_185.jpg
v31,v31_186,1850,61.666585,30.000040,3.000004,1920,1080,jpg,C:\Users\wgucg\Desktop\videos\videos\02_model_development\best_frame_selector\adaptation_v2\extracted_frames\v31\v31_186.jpg
v31,v31_187,1860,61.999918,30.000040,3.000004,1920,1080,jpg,C:\Users\wgucg\Desktop\videos\videos\02_model_development\best_frame_selector\adaptation_v2\extracted_frames\v31\v31_187.jpg
v31,v31_188,1870,62.333251,30.000040,3.000004,1920,1080,jpg,C:\Users\wgucg\Desktop\videos\videos\02_model_development\best_frame_selector\adaptation_v2\extracted_frames\v31\v31_188.jpg
v31,v31_189,1880,62.666584,30.000040,3.000004,1920,1080,jpg,C:\Users\wgucg\Desktop\videos\videos\02_model_development\best_frame_selector\adaptation_v2\extracted_frames\v31\v31_189.jpg
v31,v31_190,1890,62.999917,30.000040,3.000004,1920,1080,jpg,C:\Users\wgucg\Desktop\videos\videos\02_model_development\best_frame_selector\adaptation_v2\extracted_frames\v31\v31_190.jpg
v31,v31_191,1900,63.333249,30.000040,3.000004,1920,1080,jpg,C:\Users\wgucg\Desktop\videos\videos\02_model_development\best_frame_selector\adaptation_v2\extracted_frames\v31\v31_191.jpg
v31,v31_192,1910,63.666582,30.000040,3.000004,1920,1080,jpg,C:\Users\wgucg\Desktop\videos\videos\02_model_development\best_frame_selector\adaptation_v2\extracted_frames\v31\v31_192.jpg
v31,v31_193,1920,63.999915,30.000040,3.000004,1920,1080,jpg,C:\Users\wgucg\Desktop\videos\videos\02_model_development\best_frame_selector\adaptation_v2\extracted_frames\v31\v31_193.jpg
v31,v31_194,1930,64.333248,30.000040,3.000004,1920,1080,jpg,C:\Users\wgucg\Desktop\videos\videos\02_model_development\best_frame_selector\adaptation_v2\extracted_frames\v31\v31_194.jpg
v31,v31_195,1940,64.666581,30.000040,3.000004,1920,1080,jpg,C:\Users\wgucg\Desktop\videos\videos\02_model_development\best_frame_selector\adaptation_v2\extracted_frames\v31\v31_195.jpg
v31,v31_196,1950,64.999914,30.000040,3.000004,1920,1080,jpg,C:\Users\wgucg\Desktop\videos\videos\02_model_development\best_frame_selector\adaptation_v2\extracted_frames\v31\v31_196.jpg
v31,v31_197,1960,65.333247,30.000040,3.000004,1920,1080,jpg,C:\Users\wgucg\Desktop\videos\videos\02_model_development\best_frame_selector\adaptation_v2\extracted_frames\v31\v31_197.jpg
v31,v31_198,1970,65.666580,30.000040,3.000004,1920,1080,jpg,C:\Users\wgucg\Desktop\videos\videos\02_model_development\best_frame_selector\adaptation_v2\extracted_frames\v31\v31_198.jpg
v31,v31_199,1980,65.999913,30.000040,3.000004,1920,1080,jpg,C:\Users\wgucg\Desktop\videos\videos\02_model_development\best_frame_selector\adaptation_v2\extracted_frames\v31\v31_199.jpg
v31,v31_200,1990,66.333245,30.000040,3.000004,1920,1080,jpg,C:\Users\wgucg\Desktop\videos\videos\02_model_development\best_frame_selector\adaptation_v2\extracted_frames\v31\v31_200.jpg
v31,v31_201,2000,66.666578,30.000040,3.000004,1920,1080,jpg,C:\Users\wgucg\Desktop\videos\videos\02_model_development\best_frame_selector\adaptation_v2\extracted_frames\v31\v31_201.jpg
v31,v31_202,2010,66.999911,30.000040,3.000004,1920,1080,jpg,C:\Users\wgucg\Desktop\videos\videos\02_model_development\best_frame_selector\adaptation_v2\extracted_frames\v31\v31_202.jpg
v31,v31_203,2020,67.333244,30.000040,3.000004,1920,1080,jpg,C:\Users\wgucg\Desktop\videos\videos\02_model_development\best_frame_selector\adaptation_v2\extracted_frames\v31\v31_203.jpg
v31,v31_204,2030,67.666577,30.000040,3.000004,1920,1080,jpg,C:\Users\wgucg\Desktop\videos\videos\02_model_development\best_frame_selector\adaptation_v2\extracted_frames\v31\v31_204.jpg
v31,v31_205,2040,67.999910,30.000040,3.000004,1920,1080,jpg,C:\Users\wgucg\Desktop\videos\videos\02_model_development\best_frame_selector\adaptation_v2\extracted_frames\v31\v31_205.jpg
v31,v31_206,2050,68.333243,30.000040,3.000004,1920,1080,jpg,C:\Users\wgucg\Desktop\videos\videos\02_model_development\best_frame_selector\adaptation_v2\extracted_frames\v31\v31_206.jpg
v31,v31_207,2060,68.666576,30.000040,3.000004,1920,1080,jpg,C:\Users\wgucg\Desktop\videos\videos\02_model_development\best_frame_selector\adaptation_v2\extracted_frames\v31\v31_207.jpg
v31,v31_208,2070,68.999909,30.000040,3.000004,1920,1080,jpg,C:\Users\wgucg\Desktop\videos\videos\02_model_development\best_frame_selector\adaptation_v2\extracted_frames\v31\v31_208.jpg
v31,v31_209,2080,69.333241,30.000040,3.000004,1920,1080,jpg,C:\Users\wgucg\Desktop\videos\videos\02_model_development\best_frame_selector\adaptation_v2\extracted_frames\v31\v31_209.jpg
v31,v31_210,2090,69.666574,30.000040,3.000004,1920,1080,jpg,C:\Users\wgucg\Desktop\videos\videos\02_model_development\best_frame_selector\adaptation_v2\extracted_frames\v31\v31_210.jpg
v31,v31_211,2100,69.999907,30.000040,3.000004,1920,1080,jpg,C:\Users\wgucg\Desktop\videos\videos\02_model_development\best_frame_selector\adaptation_v2\extracted_frames\v31\v31_211.jpg
v31,v31_212,2110,70.333240,30.000040,3.000004,1920,1080,jpg,C:\Users\wgucg\Desktop\videos\videos\02_model_development\best_frame_selector\adaptation_v2\extracted_frames\v31\v31_212.jpg
v31,v31_213,2120,70.666573,30.000040,3.000004,1920,1080,jpg,C:\Users\wgucg\Desktop\videos\videos\02_model_development\best_frame_selector\adaptation_v2\extracted_frames\v31\v31_213.jpg
v31,v31_214,2130,70.999906,30.000040,3.000004,1920,1080,jpg,C:\Users\wgucg\Desktop\videos\videos\02_model_development\best_frame_selector\adaptation_v2\extracted_frames\v31\v31_214.jpg
v31,v31_215,2140,71.333239,30.000040,3.000004,1920,1080,jpg,C:\Users\wgucg\Desktop\videos\videos\02_model_development\best_frame_selector\adaptation_v2\extracted_frames\v31\v31_215.jpg
v31,v31_216,2150,71.666572,30.000040,3.000004,1920,1080,jpg,C:\Users\wgucg\Desktop\videos\videos\02_model_development\best_frame_selector\adaptation_v2\extracted_frames\v31\v31_216.jpg
v31,v31_217,2160,71.999905,30.000040,3.000004,1920,1080,jpg,C:\Users\wgucg\Desktop\videos\videos\02_model_development\best_frame_selector\adaptation_v2\extracted_frames\v31\v31_217.jpg
v31,v31_218,2170,72.333238,30.000040,3.000004,1920,1080,jpg,C:\Users\wgucg\Desktop\videos\videos\02_model_development\best_frame_selector\adaptation_v2\extracted_frames\v31\v31_218.jpg
v31,v31_219,2180,72.666570,30.000040,3.000004,1920,1080,jpg,C:\Users\wgucg\Desktop\videos\videos\02_model_development\best_frame_selector\adaptation_v2\extracted_frames\v31\v31_219.jpg
v31,v31_220,2190,72.999903,30.000040,3.000004,1920,1080,jpg,C:\Users\wgucg\Desktop\videos\videos\02_model_development\best_frame_selector\adaptation_v2\extracted_frames\v31\v31_220.jpg
v31,v31_221,2200,73.333236,30.000040,3.000004,1920,1080,jpg,C:\Users\wgucg\Desktop\videos\videos\02_model_development\best_frame_selector\adaptation_v2\extracted_frames\v31\v31_221.jpg
v31,v31_222,2210,73.666569,30.000040,3.000004,1920,1080,jpg,C:\Users\wgucg\Desktop\videos\videos\02_model_development\best_frame_selector\adaptation_v2\extracted_frames\v31\v31_222.jpg
v31,v31_223,2220,73.999902,30.000040,3.000004,1920,1080,jpg,C:\Users\wgucg\Desktop\videos\videos\02_model_development\best_frame_selector\adaptation_v2\extracted_frames\v31\v31_223.jpg
v31,v31_224,2230,74.333235,30.000040,3.000004,1920,1080,jpg,C:\Users\wgucg\Desktop\videos\videos\02_model_development\best_frame_selector\adaptation_v2\extracted_frames\v31\v31_224.jpg
v31,v31_225,2240,74.666568,30.000040,3.000004,1920,1080,jpg,C:\Users\wgucg\Desktop\videos\videos\02_model_development\best_frame_selector\adaptation_v2\extracted_frames\v31\v31_225.jpg
v31,v31_226,2250,74.999901,30.000040,3.000004,1920,1080,jpg,C:\Users\wgucg\Desktop\videos\videos\02_model_development\best_frame_selector\adaptation_v2\extracted_frames\v31\v31_226.jpg
v31,v31_227,2260,75.333234,30.000040,3.000004,1920,1080,jpg,C:\Users\wgucg\Desktop\videos\videos\02_model_development\best_frame_selector\adaptation_v2\extracted_frames\v31\v31_227.jpg
v31,v31_228,2270,75.666566,30.000040,3.000004,1920,1080,jpg,C:\Users\wgucg\Desktop\videos\videos\02_model_development\best_frame_selector\adaptation_v2\extracted_frames\v31\v31_228.jpg
v31,v31_229,2280,75.999899,30.000040,3.000004,1920,1080,jpg,C:\Users\wgucg\Desktop\videos\videos\02_model_development\best_frame_selector\adaptation_v2\extracted_frames\v31\v31_229.jpg
v31,v31_230,2290,76.333232,30.000040,3.000004,1920,1080,jpg,C:\Users\wgucg\Desktop\videos\videos\02_model_development\best_frame_selector\adaptation_v2\extracted_frames\v31\v31_230.jpg
v31,v31_231,2300,76.666565,30.000040,3.000004,1920,1080,jpg,C:\Users\wgucg\Desktop\videos\videos\02_model_development\best_frame_selector\adaptation_v2\extracted_frames\v31\v31_231.jpg
v31,v31_232,2310,76.999898,30.000040,3.000004,1920,1080,jpg,C:\Users\wgucg\Desktop\videos\videos\02_model_development\best_frame_selector\adaptation_v2\extracted_frames\v31\v31_232.jpg
v31,v31_233,2320,77.333231,30.000040,3.000004,1920,1080,jpg,C:\Users\wgucg\Desktop\videos\videos\02_model_development\best_frame_selector\adaptation_v2\extracted_frames\v31\v31_233.jpg
v31,v31_234,2330,77.666564,30.000040,3.000004,1920,1080,jpg,C:\Users\wgucg\Desktop\videos\videos\02_model_development\best_frame_selector\adaptation_v2\extracted_frames\v31\v31_234.jpg
v31,v31_235,2340,77.999897,30.000040,3.000004,1920,1080,jpg,C:\Users\wgucg\Desktop\videos\videos\02_model_development\best_frame_selector\adaptation_v2\extracted_frames\v31\v31_235.jpg
v31,v31_236,2350,78.333230,30.000040,3.000004,1920,1080,jpg,C:\Users\wgucg\Desktop\videos\videos\02_model_development\best_frame_selector\adaptation_v2\extracted_frames\v31\v31_236.jpg
v31,v31_237,2360,78.666562,30.000040,3.000004,1920,1080,jpg,C:\Users\wgucg\Desktop\videos\videos\02_model_development\best_frame_selector\adaptation_v2\extracted_frames\v31\v31_237.jpg
v31,v31_238,2370,78.999895,30.000040,3.000004,1920,1080,jpg,C:\Users\wgucg\Desktop\videos\videos\02_model_development\best_frame_selector\adaptation_v2\extracted_frames\v31\v31_238.jpg
v31,v31_239,2380,79.333228,30.000040,3.000004,1920,1080,jpg,C:\Users\wgucg\Desktop\videos\videos\02_model_development\best_frame_selector\adaptation_v2\extracted_frames\v31\v31_239.jpg
v31,v31_240,2390,79.666561,30.000040,3.000004,1920,1080,jpg,C:\Users\wgucg\Desktop\videos\videos\02_model_development\best_frame_selector\adaptation_v2\extracted_frames\v31\v31_240.jpg
v31,v31_241,2400,79.999894,30.000040,3.000004,1920,1080,jpg,C:\Users\wgucg\Desktop\videos\videos\02_model_development\best_frame_selector\adaptation_v2\extracted_frames\v31\v31_241.jpg
v31,v31_242,2410,80.333227,30.000040,3.000004,1920,1080,jpg,C:\Users\wgucg\Desktop\videos\videos\02_model_development\best_frame_selector\adaptation_v2\extracted_frames\v31\v31_242.jpg
v31,v31_243,2420,80.666560,30.000040,3.000004,1920,1080,jpg,C:\Users\wgucg\Desktop\videos\videos\02_model_development\best_frame_selector\adaptation_v2\extracted_frames\v31\v31_243.jpg
v31,v31_244,2430,80.999893,30.000040,3.000004,1920,1080,jpg,C:\Users\wgucg\Desktop\videos\videos\02_model_development\best_frame_selector\adaptation_v2\extracted_frames\v31\v31_244.jpg
v31,v31_245,2440,81.333226,30.000040,3.000004,1920,1080,jpg,C:\Users\wgucg\Desktop\videos\videos\02_model_development\best_frame_selector\adaptation_v2\extracted_frames\v31\v31_245.jpg
v31,v31_246,2450,81.666558,30.000040,3.000004,1920,1080,jpg,C:\Users\wgucg\Desktop\videos\videos\02_model_development\best_frame_selector\adaptation_v2\extracted_frames\v31\v31_246.jpg
v31,v31_247,2460,81.999891,30.000040,3.000004,1920,1080,jpg,C:\Users\wgucg\Desktop\videos\videos\02_model_development\best_frame_selector\adaptation_v2\extracted_frames\v31\v31_247.jpg
v31,v31_248,2470,82.333224,30.000040,3.000004,1920,1080,jpg,C:\Users\wgucg\Desktop\videos\videos\02_model_development\best_frame_selector\adaptation_v2\extracted_frames\v31\v31_248.jpg
v31,v31_249,2480,82.666557,30.000040,3.000004,1920,1080,jpg,C:\Users\wgucg\Desktop\videos\videos\02_model_development\best_frame_selector\adaptation_v2\extracted_frames\v31\v31_249.jpg
v31,v31_250,2490,82.999890,30.000040,3.000004,1920,1080,jpg,C:\Users\wgucg\Desktop\videos\videos\02_model_development\best_frame_selector\adaptation_v2\extracted_frames\v31\v31_250.jpg
v31,v31_251,2500,83.333223,30.000040,3.000004,1920,1080,jpg,C:\Users\wgucg\Desktop\videos\videos\02_model_development\best_frame_selector\adaptation_v2\extracted_frames\v31\v31_251.jpg
v31,v31_252,2510,83.666556,30.000040,3.000004,1920,1080,jpg,C:\Users\wgucg\Desktop\videos\videos\02_model_development\best_frame_selector\adaptation_v2\extracted_frames\v31\v31_252.jpg
v31,v31_253,2520,83.999889,30.000040,3.000004,1920,1080,jpg,C:\Users\wgucg\Desktop\videos\videos\02_model_development\best_frame_selector\adaptation_v2\extracted_frames\v31\v31_253.jpg
v31,v31_254,2530,84.333222,30.000040,3.000004,1920,1080,jpg,C:\Users\wgucg\Desktop\videos\videos\02_model_development\best_frame_selector\adaptation_v2\extracted_frames\v31\v31_254.jpg
v31,v31_255,2540,84.666555,30.000040,3.000004,1920,1080,jpg,C:\Users\wgucg\Desktop\videos\videos\02_model_development\best_frame_selector\adaptation_v2\extracted_frames\v31\v31_255.jpg
v31,v31_256,2550,84.999887,30.000040,3.000004,1920,1080,jpg,C:\Users\wgucg\Desktop\videos\videos\02_model_development\best_frame_selector\adaptation_v2\extracted_frames\v31\v31_256.jpg
v31,v31_257,2560,85.333220,30.000040,3.000004,1920,1080,jpg,C:\Users\wgucg\Desktop\videos\videos\02_model_development\best_frame_selector\adaptation_v2\extracted_frames\v31\v31_257.jpg
v31,v31_258,2570,85.666553,30.000040,3.000004,1920,1080,jpg,C:\Users\wgucg\Desktop\videos\videos\02_model_development\best_frame_selector\adaptation_v2\extracted_frames\v31\v31_258.jpg
v31,v31_259,2580,85.999886,30.000040,3.000004,1920,1080,jpg,C:\Users\wgucg\Desktop\videos\videos\02_model_development\best_frame_selector\adaptation_v2\extracted_frames\v31\v31_259.jpg
v31,v31_260,2590,86.333219,30.000040,3.000004,1920,1080,jpg,C:\Users\wgucg\Desktop\videos\videos\02_model_development\best_frame_selector\adaptation_v2\extracted_frames\v31\v31_260.jpg
v31,v31_261,2600,86.666552,30.000040,3.000004,1920,1080,jpg,C:\Users\wgucg\Desktop\videos\videos\02_model_development\best_frame_selector\adaptation_v2\extracted_frames\v31\v31_261.jpg
v31,v31_262,2610,86.999885,30.000040,3.000004,1920,1080,jpg,C:\Users\wgucg\Desktop\videos\videos\02_model_development\best_frame_selector\adaptation_v2\extracted_frames\v31\v31_262.jpg
v31,v31_263,2620,87.333218,30.000040,3.000004,1920,1080,jpg,C:\Users\wgucg\Desktop\videos\videos\02_model_development\best_frame_selector\adaptation_v2\extracted_frames\v31\v31_263.jpg
v31,v31_264,2630,87.666551,30.000040,3.000004,1920,1080,jpg,C:\Users\wgucg\Desktop\videos\videos\02_model_development\best_frame_selector\adaptation_v2\extracted_frames\v31\v31_264.jpg
v31,v31_265,2640,87.999883,30.000040,3.000004,1920,1080,jpg,C:\Users\wgucg\Desktop\videos\videos\02_model_development\best_frame_selector\adaptation_v2\extracted_frames\v31\v31_265.jpg
v31,v31_266,2650,88.333216,30.000040,3.000004,1920,1080,jpg,C:\Users\wgucg\Desktop\videos\videos\02_model_development\best_frame_selector\adaptation_v2\extracted_frames\v31\v31_266.jpg
v31,v31_267,2660,88.666549,30.000040,3.000004,1920,1080,jpg,C:\Users\wgucg\Desktop\videos\videos\02_model_development\best_frame_selector\adaptation_v2\extracted_frames\v31\v31_267.jpg
v31,v31_268,2670,88.999882,30.000040,3.000004,1920,1080,jpg,C:\Users\wgucg\Desktop\videos\videos\02_model_development\best_frame_selector\adaptation_v2\extracted_frames\v31\v31_268.jpg
v31,v31_269,2680,89.333215,30.000040,3.000004,1920,1080,jpg,C:\Users\wgucg\Desktop\videos\videos\02_model_development\best_frame_selector\adaptation_v2\extracted_frames\v31\v31_269.jpg
v31,v31_270,2690,89.666548,30.000040,3.000004,1920,1080,jpg,C:\Users\wgucg\Desktop\videos\videos\02_model_development\best_frame_selector\adaptation_v2\extracted_frames\v31\v31_270.jpg
v31,v31_271,2700,89.999881,30.000040,3.000004,1920,1080,jpg,C:\Users\wgucg\Desktop\videos\videos\02_model_development\best_frame_selector\adaptation_v2\extracted_frames\v31\v31_271.jpg
v31,v31_272,2710,90.333214,30.000040,3.000004,1920,1080,jpg,C:\Users\wgucg\Desktop\videos\videos\02_model_development\best_frame_selector\adaptation_v2\extracted_frames\v31\v31_272.jpg
v31,v31_273,2720,90.666547,30.000040,3.000004,1920,1080,jpg,C:\Users\wgucg\Desktop\videos\videos\02_model_development\best_frame_selector\adaptation_v2\extracted_frames\v31\v31_273.jpg
v31,v31_274,2730,90.999879,30.000040,3.000004,1920,1080,jpg,C:\Users\wgucg\Desktop\videos\videos\02_model_development\best_frame_selector\adaptation_v2\extracted_frames\v31\v31_274.jpg
v31,v31_275,2740,91.333212,30.000040,3.000004,1920,1080,jpg,C:\Users\wgucg\Desktop\videos\videos\02_model_development\best_frame_selector\adaptation_v2\extracted_frames\v31\v31_275.jpg
v31,v31_276,2750,91.666545,30.000040,3.000004,1920,1080,jpg,C:\Users\wgucg\Desktop\videos\videos\02_model_development\best_frame_selector\adaptation_v2\extracted_frames\v31\v31_276.jpg
v31,v31_277,2760,91.999878,30.000040,3.000004,1920,1080,jpg,C:\Users\wgucg\Desktop\videos\videos\02_model_development\best_frame_selector\adaptation_v2\extracted_frames\v31\v31_277.jpg
v31,v31_278,2770,92.333211,30.000040,3.000004,1920,1080,jpg,C:\Users\wgucg\Desktop\videos\videos\02_model_development\best_frame_selector\adaptation_v2\extracted_frames\v31\v31_278.jpg
v31,v31_279,2780,92.666544,30.000040,3.000004,1920,1080,jpg,C:\Users\wgucg\Desktop\videos\videos\02_model_development\best_frame_selector\adaptation_v2\extracted_frames\v31\v31_279.jpg
v31,v31_280,2790,92.999877,30.000040,3.000004,1920,1080,jpg,C:\Users\wgucg\Desktop\videos\videos\02_model_development\best_frame_selector\adaptation_v2\extracted_frames\v31\v31_280.jpg
v31,v31_281,2800,93.333210,30.000040,3.000004,1920,1080,jpg,C:\Users\wgucg\Desktop\videos\videos\02_model_development\best_frame_selector\adaptation_v2\extracted_frames\v31\v31_281.jpg
v31,v31_282,2810,93.666543,30.000040,3.000004,1920,1080,jpg,C:\Users\wgucg\Desktop\videos\videos\02_model_development\best_frame_selector\adaptation_v2\extracted_frames\v31\v31_282.jpg
v31,v31_283,2820,93.999875,30.000040,3.000004,1920,1080,jpg,C:\Users\wgucg\Desktop\videos\videos\02_model_development\best_frame_selector\adaptation_v2\extracted_frames\v31\v31_283.jpg
v31,v31_284,2830,94.333208,30.000040,3.000004,1920,1080,jpg,C:\Users\wgucg\Desktop\videos\videos\02_model_development\best_frame_selector\adaptation_v2\extracted_frames\v31\v31_284.jpg
v31,v31_285,2840,94.666541,30.000040,3.000004,1920,1080,jpg,C:\Users\wgucg\Desktop\videos\videos\02_model_development\best_frame_selector\adaptation_v2\extracted_frames\v31\v31_285.jpg
v31,v31_286,2850,94.999874,30.000040,3.000004,1920,1080,jpg,C:\Users\wgucg\Desktop\videos\videos\02_model_development\best_frame_selector\adaptation_v2\extracted_frames\v31\v31_286.jpg
v31,v31_287,2860,95.333207,30.000040,3.000004,1920,1080,jpg,C:\Users\wgucg\Desktop\videos\videos\02_model_development\best_frame_selector\adaptation_v2\extracted_frames\v31\v31_287.jpg
v31,v31_288,2870,95.666540,30.000040,3.000004,1920,1080,jpg,C:\Users\wgucg\Desktop\videos\videos\02_model_development\best_frame_selector\adaptation_v2\extracted_frames\v31\v31_288.jpg
v31,v31_289,2880,95.999873,30.000040,3.000004,1920,1080,jpg,C:\Users\wgucg\Desktop\videos\videos\02_model_development\best_frame_selector\adaptation_v2\extracted_frames\v31\v31_289.jpg
v31,v31_290,2890,96.333206,30.000040,3.000004,1920,1080,jpg,C:\Users\wgucg\Desktop\videos\videos\02_model_development\best_frame_selector\adaptation_v2\extracted_frames\v31\v31_290.jpg
v31,v31_291,2900,96.666539,30.000040,3.000004,1920,1080,jpg,C:\Users\wgucg\Desktop\videos\videos\02_model_development\best_frame_selector\adaptation_v2\extracted_frames\v31\v31_291.jpg
v31,v31_292,2910,96.999872,30.000040,3.000004,1920,1080,jpg,C:\Users\wgucg\Desktop\videos\videos\02_model_development\best_frame_selector\adaptation_v2\extracted_frames\v31\v31_292.jpg
v31,v31_293,2920,97.333204,30.000040,3.000004,1920,1080,jpg,C:\Users\wgucg\Desktop\videos\videos\02_model_development\best_frame_selector\adaptation_v2\extracted_frames\v31\v31_293.jpg
v31,v31_294,2930,97.666537,30.000040,3.000004,1920,1080,jpg,C:\Users\wgucg\Desktop\videos\videos\02_model_development\best_frame_selector\adaptation_v2\extracted_frames\v31\v31_294.jpg
v31,v31_295,2940,97.999870,30.000040,3.000004,1920,1080,jpg,C:\Users\wgucg\Desktop\videos\videos\02_model_development\best_frame_selector\adaptation_v2\extracted_frames\v31\v31_295.jpg
v32,v32_001,0,0.000000,30.000041,3.000004,1920,1080,jpg,C:\Users\wgucg\Desktop\videos\videos\02_model_development\best_frame_selector\adaptation_v2\extracted_frames\v32\v32_001.jpg
v32,v32_002,10,0.333333,30.000041,3.000004,1920,1080,jpg,C:\Users\wgucg\Desktop\videos\videos\02_model_development\best_frame_selector\adaptation_v2\extracted_frames\v32\v32_002.jpg
v32,v32_003,20,0.666666,30.000041,3.000004,1920,1080,jpg,C:\Users\wgucg\Desktop\videos\videos\02_model_development\best_frame_selector\adaptation_v2\extracted_frames\v32\v32_003.jpg
v32,v32_004,30,0.999999,30.000041,3.000004,1920,1080,jpg,C:\Users\wgucg\Desktop\videos\videos\02_model_development\best_frame_selector\adaptation_v2\extracted_frames\v32\v32_004.jpg
v32,v32_005,40,1.333332,30.000041,3.000004,1920,1080,jpg,C:\Users\wgucg\Desktop\videos\videos\02_model_development\best_frame_selector\adaptation_v2\extracted_frames\v32\v32_005.jpg
v32,v32_006,50,1.666664,30.000041,3.000004,1920,1080,jpg,C:\Users\wgucg\Desktop\videos\videos\02_model_development\best_frame_selector\adaptation_v2\extracted_frames\v32\v32_006.jpg
v32,v32_007,60,1.999997,30.000041,3.000004,1920,1080,jpg,C:\Users\wgucg\Desktop\videos\videos\02_model_development\best_frame_selector\adaptation_v2\extracted_frames\v32\v32_007.jpg
v32,v32_008,70,2.333330,30.000041,3.000004,1920,1080,jpg,C:\Users\wgucg\Desktop\videos\videos\02_model_development\best_frame_selector\adaptation_v2\extracted_frames\v32\v32_008.jpg
v32,v32_009,80,2.666663,30.000041,3.000004,1920,1080,jpg,C:\Users\wgucg\Desktop\videos\videos\02_model_development\best_frame_selector\adaptation_v2\extracted_frames\v32\v32_009.jpg
v32,v32_010,90,2.999996,30.000041,3.000004,1920,1080,jpg,C:\Users\wgucg\Desktop\videos\videos\02_model_development\best_frame_selector\adaptation_v2\extracted_frames\v32\v32_010.jpg
v32,v32_011,100,3.333329,30.000041,3.000004,1920,1080,jpg,C:\Users\wgucg\Desktop\videos\videos\02_model_development\best_frame_selector\adaptation_v2\extracted_frames\v32\v32_011.jpg
v32,v32_012,110,3.666662,30.000041,3.000004,1920,1080,jpg,C:\Users\wgucg\Desktop\videos\videos\02_model_development\best_frame_selector\adaptation_v2\extracted_frames\v32\v32_012.jpg
v32,v32_013,120,3.999995,30.000041,3.000004,1920,1080,jpg,C:\Users\wgucg\Desktop\videos\videos\02_model_development\best_frame_selector\adaptation_v2\extracted_frames\v32\v32_013.jpg
v32,v32_014,130,4.333327,30.000041,3.000004,1920,1080,jpg,C:\Users\wgucg\Desktop\videos\videos\02_model_development\best_frame_selector\adaptation_v2\extracted_frames\v32\v32_014.jpg
v32,v32_015,140,4.666660,30.000041,3.000004,1920,1080,jpg,C:\Users\wgucg\Desktop\videos\videos\02_model_development\best_frame_selector\adaptation_v2\extracted_frames\v32\v32_015.jpg
v32,v32_016,150,4.999993,30.000041,3.000004,1920,1080,jpg,C:\Users\wgucg\Desktop\videos\videos\02_model_development\best_frame_selector\adaptation_v2\extracted_frames\v32\v32_016.jpg
v32,v32_017,160,5.333326,30.000041,3.000004,1920,1080,jpg,C:\Users\wgucg\Desktop\videos\videos\02_model_development\best_frame_selector\adaptation_v2\extracted_frames\v32\v32_017.jpg
v32,v32_018,170,5.666659,30.000041,3.000004,1920,1080,jpg,C:\Users\wgucg\Desktop\videos\videos\02_model_development\best_frame_selector\adaptation_v2\extracted_frames\v32\v32_018.jpg
v32,v32_019,180,5.999992,30.000041,3.000004,1920,1080,jpg,C:\Users\wgucg\Desktop\videos\videos\02_model_development\best_frame_selector\adaptation_v2\extracted_frames\v32\v32_019.jpg
v32,v32_020,190,6.333325,30.000041,3.000004,1920,1080,jpg,C:\Users\wgucg\Desktop\videos\videos\02_model_development\best_frame_selector\adaptation_v2\extracted_frames\v32\v32_020.jpg
v32,v32_021,200,6.666658,30.000041,3.000004,1920,1080,jpg,C:\Users\wgucg\Desktop\videos\videos\02_model_development\best_frame_selector\adaptation_v2\extracted_frames\v32\v32_021.jpg
v32,v32_022,210,6.999991,30.000041,3.000004,1920,1080,jpg,C:\Users\wgucg\Desktop\videos\videos\02_model_development\best_frame_selector\adaptation_v2\extracted_frames\v32\v32_022.jpg
v32,v32_023,220,7.333323,30.000041,3.000004,1920,1080,jpg,C:\Users\wgucg\Desktop\videos\videos\02_model_development\best_frame_selector\adaptation_v2\extracted_frames\v32\v32_023.jpg
v32,v32_024,230,7.666656,30.000041,3.000004,1920,1080,jpg,C:\Users\wgucg\Desktop\videos\videos\02_model_development\best_frame_selector\adaptation_v2\extracted_frames\v32\v32_024.jpg
v32,v32_025,240,7.999989,30.000041,3.000004,1920,1080,jpg,C:\Users\wgucg\Desktop\videos\videos\02_model_development\best_frame_selector\adaptation_v2\extracted_frames\v32\v32_025.jpg
v32,v32_026,250,8.333322,30.000041,3.000004,1920,1080,jpg,C:\Users\wgucg\Desktop\videos\videos\02_model_development\best_frame_selector\adaptation_v2\extracted_frames\v32\v32_026.jpg
v32,v32_027,260,8.666655,30.000041,3.000004,1920,1080,jpg,C:\Users\wgucg\Desktop\videos\videos\02_model_development\best_frame_selector\adaptation_v2\extracted_frames\v32\v32_027.jpg
v32,v32_028,270,8.999988,30.000041,3.000004,1920,1080,jpg,C:\Users\wgucg\Desktop\videos\videos\02_model_development\best_frame_selector\adaptation_v2\extracted_frames\v32\v32_028.jpg
v32,v32_029,280,9.333321,30.000041,3.000004,1920,1080,jpg,C:\Users\wgucg\Desktop\videos\videos\02_model_development\best_frame_selector\adaptation_v2\extracted_frames\v32\v32_029.jpg
v32,v32_030,290,9.666654,30.000041,3.000004,1920,1080,jpg,C:\Users\wgucg\Desktop\videos\videos\02_model_development\best_frame_selector\adaptation_v2\extracted_frames\v32\v32_030.jpg
v32,v32_031,300,9.999986,30.000041,3.000004,1920,1080,jpg,C:\Users\wgucg\Desktop\videos\videos\02_model_development\best_frame_selector\adaptation_v2\extracted_frames\v32\v32_031.jpg
v32,v32_032,310,10.333319,30.000041,3.000004,1920,1080,jpg,C:\Users\wgucg\Desktop\videos\videos\02_model_development\best_frame_selector\adaptation_v2\extracted_frames\v32\v32_032.jpg
v32,v32_033,320,10.666652,30.000041,3.000004,1920,1080,jpg,C:\Users\wgucg\Desktop\videos\videos\02_model_development\best_frame_selector\adaptation_v2\extracted_frames\v32\v32_033.jpg
v32,v32_034,330,10.999985,30.000041,3.000004,1920,1080,jpg,C:\Users\wgucg\Desktop\videos\videos\02_model_development\best_frame_selector\adaptation_v2\extracted_frames\v32\v32_034.jpg
v32,v32_035,340,11.333318,30.000041,3.000004,1920,1080,jpg,C:\Users\wgucg\Desktop\videos\videos\02_model_development\best_frame_selector\adaptation_v2\extracted_frames\v32\v32_035.jpg
v32,v32_036,350,11.666651,30.000041,3.000004,1920,1080,jpg,C:\Users\wgucg\Desktop\videos\videos\02_model_development\best_frame_selector\adaptation_v2\extracted_frames\v32\v32_036.jpg
v32,v32_037,360,11.999984,30.000041,3.000004,1920,1080,jpg,C:\Users\wgucg\Desktop\videos\videos\02_model_development\best_frame_selector\adaptation_v2\extracted_frames\v32\v32_037.jpg
v32,v32_038,370,12.333317,30.000041,3.000004,1920,1080,jpg,C:\Users\wgucg\Desktop\videos\videos\02_model_development\best_frame_selector\adaptation_v2\extracted_frames\v32\v32_038.jpg
v32,v32_039,380,12.666649,30.000041,3.000004,1920,1080,jpg,C:\Users\wgucg\Desktop\videos\videos\02_model_development\best_frame_selector\adaptation_v2\extracted_frames\v32\v32_039.jpg
v32,v32_040,390,12.999982,30.000041,3.000004,1920,1080,jpg,C:\Users\wgucg\Desktop\videos\videos\02_model_development\best_frame_selector\adaptation_v2\extracted_frames\v32\v32_040.jpg
v32,v32_041,400,13.333315,30.000041,3.000004,1920,1080,jpg,C:\Users\wgucg\Desktop\videos\videos\02_model_development\best_frame_selector\adaptation_v2\extracted_frames\v32\v32_041.jpg
v32,v32_042,410,13.666648,30.000041,3.000004,1920,1080,jpg,C:\Users\wgucg\Desktop\videos\videos\02_model_development\best_frame_selector\adaptation_v2\extracted_frames\v32\v32_042.jpg
v32,v32_043,420,13.999981,30.000041,3.000004,1920,1080,jpg,C:\Users\wgucg\Desktop\videos\videos\02_model_development\best_frame_selector\adaptation_v2\extracted_frames\v32\v32_043.jpg
v32,v32_044,430,14.333314,30.000041,3.000004,1920,1080,jpg,C:\Users\wgucg\Desktop\videos\videos\02_model_development\best_frame_selector\adaptation_v2\extracted_frames\v32\v32_044.jpg
v32,v32_045,440,14.666647,30.000041,3.000004,1920,1080,jpg,C:\Users\wgucg\Desktop\videos\videos\02_model_development\best_frame_selector\adaptation_v2\extracted_frames\v32\v32_045.jpg
v32,v32_046,450,14.999980,30.000041,3.000004,1920,1080,jpg,C:\Users\wgucg\Desktop\videos\videos\02_model_development\best_frame_selector\adaptation_v2\extracted_frames\v32\v32_046.jpg
v32,v32_047,460,15.333313,30.000041,3.000004,1920,1080,jpg,C:\Users\wgucg\Desktop\videos\videos\02_model_development\best_frame_selector\adaptation_v2\extracted_frames\v32\v32_047.jpg
v32,v32_048,470,15.666645,30.000041,3.000004,1920,1080,jpg,C:\Users\wgucg\Desktop\videos\videos\02_model_development\best_frame_selector\adaptation_v2\extracted_frames\v32\v32_048.jpg
v32,v32_049,480,15.999978,30.000041,3.000004,1920,1080,jpg,C:\Users\wgucg\Desktop\videos\videos\02_model_development\best_frame_selector\adaptation_v2\extracted_frames\v32\v32_049.jpg
v32,v32_050,490,16.333311,30.000041,3.000004,1920,1080,jpg,C:\Users\wgucg\Desktop\videos\videos\02_model_development\best_frame_selector\adaptation_v2\extracted_frames\v32\v32_050.jpg
v32,v32_051,500,16.666644,30.000041,3.000004,1920,1080,jpg,C:\Users\wgucg\Desktop\videos\videos\02_model_development\best_frame_selector\adaptation_v2\extracted_frames\v32\v32_051.jpg
v32,v32_052,510,16.999977,30.000041,3.000004,1920,1080,jpg,C:\Users\wgucg\Desktop\videos\videos\02_model_development\best_frame_selector\adaptation_v2\extracted_frames\v32\v32_052.jpg
v32,v32_053,520,17.333310,30.000041,3.000004,1920,1080,jpg,C:\Users\wgucg\Desktop\videos\videos\02_model_development\best_frame_selector\adaptation_v2\extracted_frames\v32\v32_053.jpg
v32,v32_054,530,17.666643,30.000041,3.000004,1920,1080,jpg,C:\Users\wgucg\Desktop\videos\videos\02_model_development\best_frame_selector\adaptation_v2\extracted_frames\v32\v32_054.jpg
v32,v32_055,540,17.999976,30.000041,3.000004,1920,1080,jpg,C:\Users\wgucg\Desktop\videos\videos\02_model_development\best_frame_selector\adaptation_v2\extracted_frames\v32\v32_055.jpg
v32,v32_056,550,18.333308,30.000041,3.000004,1920,1080,jpg,C:\Users\wgucg\Desktop\videos\videos\02_model_development\best_frame_selector\adaptation_v2\extracted_frames\v32\v32_056.jpg
v32,v32_057,560,18.666641,30.000041,3.000004,1920,1080,jpg,C:\Users\wgucg\Desktop\videos\videos\02_model_development\best_frame_selector\adaptation_v2\extracted_frames\v32\v32_057.jpg
v32,v32_058,570,18.999974,30.000041,3.000004,1920,1080,jpg,C:\Users\wgucg\Desktop\videos\videos\02_model_development\best_frame_selector\adaptation_v2\extracted_frames\v32\v32_058.jpg
v32,v32_059,580,19.333307,30.000041,3.000004,1920,1080,jpg,C:\Users\wgucg\Desktop\videos\videos\02_model_development\best_frame_selector\adaptation_v2\extracted_frames\v32\v32_059.jpg
v32,v32_060,590,19.666640,30.000041,3.000004,1920,1080,jpg,C:\Users\wgucg\Desktop\videos\videos\02_model_development\best_frame_selector\adaptation_v2\extracted_frames\v32\v32_060.jpg
v32,v32_061,600,19.999973,30.000041,3.000004,1920,1080,jpg,C:\Users\wgucg\Desktop\videos\videos\02_model_development\best_frame_selector\adaptation_v2\extracted_frames\v32\v32_061.jpg
v32,v32_062,610,20.333306,30.000041,3.000004,1920,1080,jpg,C:\Users\wgucg\Desktop\videos\videos\02_model_development\best_frame_selector\adaptation_v2\extracted_frames\v32\v32_062.jpg
v32,v32_063,620,20.666639,30.000041,3.000004,1920,1080,jpg,C:\Users\wgucg\Desktop\videos\videos\02_model_development\best_frame_selector\adaptation_v2\extracted_frames\v32\v32_063.jpg
v32,v32_064,630,20.999972,30.000041,3.000004,1920,1080,jpg,C:\Users\wgucg\Desktop\videos\videos\02_model_development\best_frame_selector\adaptation_v2\extracted_frames\v32\v32_064.jpg
v32,v32_065,640,21.333304,30.000041,3.000004,1920,1080,jpg,C:\Users\wgucg\Desktop\videos\videos\02_model_development\best_frame_selector\adaptation_v2\extracted_frames\v32\v32_065.jpg
v32,v32_066,650,21.666637,30.000041,3.000004,1920,1080,jpg,C:\Users\wgucg\Desktop\videos\videos\02_model_development\best_frame_selector\adaptation_v2\extracted_frames\v32\v32_066.jpg
v32,v32_067,660,21.999970,30.000041,3.000004,1920,1080,jpg,C:\Users\wgucg\Desktop\videos\videos\02_model_development\best_frame_selector\adaptation_v2\extracted_frames\v32\v32_067.jpg
v32,v32_068,670,22.333303,30.000041,3.000004,1920,1080,jpg,C:\Users\wgucg\Desktop\videos\videos\02_model_development\best_frame_selector\adaptation_v2\extracted_frames\v32\v32_068.jpg
v32,v32_069,680,22.666636,30.000041,3.000004,1920,1080,jpg,C:\Users\wgucg\Desktop\videos\videos\02_model_development\best_frame_selector\adaptation_v2\extracted_frames\v32\v32_069.jpg
v32,v32_070,690,22.999969,30.000041,3.000004,1920,1080,jpg,C:\Users\wgucg\Desktop\videos\videos\02_model_development\best_frame_selector\adaptation_v2\extracted_frames\v32\v32_070.jpg
v32,v32_071,700,23.333302,30.000041,3.000004,1920,1080,jpg,C:\Users\wgucg\Desktop\videos\videos\02_model_development\best_frame_selector\adaptation_v2\extracted_frames\v32\v32_071.jpg
v32,v32_072,710,23.666635,30.000041,3.000004,1920,1080,jpg,C:\Users\wgucg\Desktop\videos\videos\02_model_development\best_frame_selector\adaptation_v2\extracted_frames\v32\v32_072.jpg
v32,v32_073,720,23.999967,30.000041,3.000004,1920,1080,jpg,C:\Users\wgucg\Desktop\videos\videos\02_model_development\best_frame_selector\adaptation_v2\extracted_frames\v32\v32_073.jpg
v32,v32_074,730,24.333300,30.000041,3.000004,1920,1080,jpg,C:\Users\wgucg\Desktop\videos\videos\02_model_development\best_frame_selector\adaptation_v2\extracted_frames\v32\v32_074.jpg
v32,v32_075,740,24.666633,30.000041,3.000004,1920,1080,jpg,C:\Users\wgucg\Desktop\videos\videos\02_model_development\best_frame_selector\adaptation_v2\extracted_frames\v32\v32_075.jpg
v32,v32_076,750,24.999966,30.000041,3.000004,1920,1080,jpg,C:\Users\wgucg\Desktop\videos\videos\02_model_development\best_frame_selector\adaptation_v2\extracted_frames\v32\v32_076.jpg
v32,v32_077,760,25.333299,30.000041,3.000004,1920,1080,jpg,C:\Users\wgucg\Desktop\videos\videos\02_model_development\best_frame_selector\adaptation_v2\extracted_frames\v32\v32_077.jpg
v32,v32_078,770,25.666632,30.000041,3.000004,1920,1080,jpg,C:\Users\wgucg\Desktop\videos\videos\02_model_development\best_frame_selector\adaptation_v2\extracted_frames\v32\v32_078.jpg
v32,v32_079,780,25.999965,30.000041,3.000004,1920,1080,jpg,C:\Users\wgucg\Desktop\videos\videos\02_model_development\best_frame_selector\adaptation_v2\extracted_frames\v32\v32_079.jpg
v32,v32_080,790,26.333298,30.000041,3.000004,1920,1080,jpg,C:\Users\wgucg\Desktop\videos\videos\02_model_development\best_frame_selector\adaptation_v2\extracted_frames\v32\v32_080.jpg
v32,v32_081,800,26.666630,30.000041,3.000004,1920,1080,jpg,C:\Users\wgucg\Desktop\videos\videos\02_model_development\best_frame_selector\adaptation_v2\extracted_frames\v32\v32_081.jpg
v32,v32_082,810,26.999963,30.000041,3.000004,1920,1080,jpg,C:\Users\wgucg\Desktop\videos\videos\02_model_development\best_frame_selector\adaptation_v2\extracted_frames\v32\v32_082.jpg
v32,v32_083,820,27.333296,30.000041,3.000004,1920,1080,jpg,C:\Users\wgucg\Desktop\videos\videos\02_model_development\best_frame_selector\adaptation_v2\extracted_frames\v32\v32_083.jpg
v32,v32_084,830,27.666629,30.000041,3.000004,1920,1080,jpg,C:\Users\wgucg\Desktop\videos\videos\02_model_development\best_frame_selector\adaptation_v2\extracted_frames\v32\v32_084.jpg
v32,v32_085,840,27.999962,30.000041,3.000004,1920,1080,jpg,C:\Users\wgucg\Desktop\videos\videos\02_model_development\best_frame_selector\adaptation_v2\extracted_frames\v32\v32_085.jpg
v32,v32_086,850,28.333295,30.000041,3.000004,1920,1080,jpg,C:\Users\wgucg\Desktop\videos\videos\02_model_development\best_frame_selector\adaptation_v2\extracted_frames\v32\v32_086.jpg
v32,v32_087,860,28.666628,30.000041,3.000004,1920,1080,jpg,C:\Users\wgucg\Desktop\videos\videos\02_model_development\best_frame_selector\adaptation_v2\extracted_frames\v32\v32_087.jpg
v32,v32_088,870,28.999961,30.000041,3.000004,1920,1080,jpg,C:\Users\wgucg\Desktop\videos\videos\02_model_development\best_frame_selector\adaptation_v2\extracted_frames\v32\v32_088.jpg
v32,v32_089,880,29.333294,30.000041,3.000004,1920,1080,jpg,C:\Users\wgucg\Desktop\videos\videos\02_model_development\best_frame_selector\adaptation_v2\extracted_frames\v32\v32_089.jpg
v32,v32_090,890,29.666626,30.000041,3.000004,1920,1080,jpg,C:\Users\wgucg\Desktop\videos\videos\02_model_development\best_frame_selector\adaptation_v2\extracted_frames\v32\v32_090.jpg
v32,v32_091,900,29.999959,30.000041,3.000004,1920,1080,jpg,C:\Users\wgucg\Desktop\videos\videos\02_model_development\best_frame_selector\adaptation_v2\extracted_frames\v32\v32_091.jpg
v32,v32_092,910,30.333292,30.000041,3.000004,1920,1080,jpg,C:\Users\wgucg\Desktop\videos\videos\02_model_development\best_frame_selector\adaptation_v2\extracted_frames\v32\v32_092.jpg
v32,v32_093,920,30.666625,30.000041,3.000004,1920,1080,jpg,C:\Users\wgucg\Desktop\videos\videos\02_model_development\best_frame_selector\adaptation_v2\extracted_frames\v32\v32_093.jpg
v32,v32_094,930,30.999958,30.000041,3.000004,1920,1080,jpg,C:\Users\wgucg\Desktop\videos\videos\02_model_development\best_frame_selector\adaptation_v2\extracted_frames\v32\v32_094.jpg
v32,v32_095,940,31.333291,30.000041,3.000004,1920,1080,jpg,C:\Users\wgucg\Desktop\videos\videos\02_model_development\best_frame_selector\adaptation_v2\extracted_frames\v32\v32_095.jpg
v32,v32_096,950,31.666624,30.000041,3.000004,1920,1080,jpg,C:\Users\wgucg\Desktop\videos\videos\02_model_development\best_frame_selector\adaptation_v2\extracted_frames\v32\v32_096.jpg
v32,v32_097,960,31.999957,30.000041,3.000004,1920,1080,jpg,C:\Users\wgucg\Desktop\videos\videos\02_model_development\best_frame_selector\adaptation_v2\extracted_frames\v32\v32_097.jpg
v32,v32_098,970,32.333289,30.000041,3.000004,1920,1080,jpg,C:\Users\wgucg\Desktop\videos\videos\02_model_development\best_frame_selector\adaptation_v2\extracted_frames\v32\v32_098.jpg
v32,v32_099,980,32.666622,30.000041,3.000004,1920,1080,jpg,C:\Users\wgucg\Desktop\videos\videos\02_model_development\best_frame_selector\adaptation_v2\extracted_frames\v32\v32_099.jpg
v32,v32_100,990,32.999955,30.000041,3.000004,1920,1080,jpg,C:\Users\wgucg\Desktop\videos\videos\02_model_development\best_frame_selector\adaptation_v2\extracted_frames\v32\v32_100.jpg
v32,v32_101,1000,33.333288,30.000041,3.000004,1920,1080,jpg,C:\Users\wgucg\Desktop\videos\videos\02_model_development\best_frame_selector\adaptation_v2\extracted_frames\v32\v32_101.jpg
v32,v32_102,1010,33.666621,30.000041,3.000004,1920,1080,jpg,C:\Users\wgucg\Desktop\videos\videos\02_model_development\best_frame_selector\adaptation_v2\extracted_frames\v32\v32_102.jpg
v32,v32_103,1020,33.999954,30.000041,3.000004,1920,1080,jpg,C:\Users\wgucg\Desktop\videos\videos\02_model_development\best_frame_selector\adaptation_v2\extracted_frames\v32\v32_103.jpg
v32,v32_104,1030,34.333287,30.000041,3.000004,1920,1080,jpg,C:\Users\wgucg\Desktop\videos\videos\02_model_development\best_frame_selector\adaptation_v2\extracted_frames\v32\v32_104.jpg
v32,v32_105,1040,34.666620,30.000041,3.000004,1920,1080,jpg,C:\Users\wgucg\Desktop\videos\videos\02_model_development\best_frame_selector\adaptation_v2\extracted_frames\v32\v32_105.jpg
v32,v32_106,1050,34.999953,30.000041,3.000004,1920,1080,jpg,C:\Users\wgucg\Desktop\videos\videos\02_model_development\best_frame_selector\adaptation_v2\extracted_frames\v32\v32_106.jpg
v32,v32_107,1060,35.333285,30.000041,3.000004,1920,1080,jpg,C:\Users\wgucg\Desktop\videos\videos\02_model_development\best_frame_selector\adaptation_v2\extracted_frames\v32\v32_107.jpg
v32,v32_108,1070,35.666618,30.000041,3.000004,1920,1080,jpg,C:\Users\wgucg\Desktop\videos\videos\02_model_development\best_frame_selector\adaptation_v2\extracted_frames\v32\v32_108.jpg
v32,v32_109,1080,35.999951,30.000041,3.000004,1920,1080,jpg,C:\Users\wgucg\Desktop\videos\videos\02_model_development\best_frame_selector\adaptation_v2\extracted_frames\v32\v32_109.jpg
v32,v32_110,1090,36.333284,30.000041,3.000004,1920,1080,jpg,C:\Users\wgucg\Desktop\videos\videos\02_model_development\best_frame_selector\adaptation_v2\extracted_frames\v32\v32_110.jpg
v32,v32_111,1100,36.666617,30.000041,3.000004,1920,1080,jpg,C:\Users\wgucg\Desktop\videos\videos\02_model_development\best_frame_selector\adaptation_v2\extracted_frames\v32\v32_111.jpg
v32,v32_112,1110,36.999950,30.000041,3.000004,1920,1080,jpg,C:\Users\wgucg\Desktop\videos\videos\02_model_development\best_frame_selector\adaptation_v2\extracted_frames\v32\v32_112.jpg
v32,v32_113,1120,37.333283,30.000041,3.000004,1920,1080,jpg,C:\Users\wgucg\Desktop\videos\videos\02_model_development\best_frame_selector\adaptation_v2\extracted_frames\v32\v32_113.jpg
v32,v32_114,1130,37.666616,30.000041,3.000004,1920,1080,jpg,C:\Users\wgucg\Desktop\videos\videos\02_model_development\best_frame_selector\adaptation_v2\extracted_frames\v32\v32_114.jpg
v32,v32_115,1140,37.999948,30.000041,3.000004,1920,1080,jpg,C:\Users\wgucg\Desktop\videos\videos\02_model_development\best_frame_selector\adaptation_v2\extracted_frames\v32\v32_115.jpg
v32,v32_116,1150,38.333281,30.000041,3.000004,1920,1080,jpg,C:\Users\wgucg\Desktop\videos\videos\02_model_development\best_frame_selector\adaptation_v2\extracted_frames\v32\v32_116.jpg
v32,v32_117,1160,38.666614,30.000041,3.000004,1920,1080,jpg,C:\Users\wgucg\Desktop\videos\videos\02_model_development\best_frame_selector\adaptation_v2\extracted_frames\v32\v32_117.jpg
v32,v32_118,1170,38.999947,30.000041,3.000004,1920,1080,jpg,C:\Users\wgucg\Desktop\videos\videos\02_model_development\best_frame_selector\adaptation_v2\extracted_frames\v32\v32_118.jpg
v32,v32_119,1180,39.333280,30.000041,3.000004,1920,1080,jpg,C:\Users\wgucg\Desktop\videos\videos\02_model_development\best_frame_selector\adaptation_v2\extracted_frames\v32\v32_119.jpg
v32,v32_120,1190,39.666613,30.000041,3.000004,1920,1080,jpg,C:\Users\wgucg\Desktop\videos\videos\02_model_development\best_frame_selector\adaptation_v2\extracted_frames\v32\v32_120.jpg
v32,v32_121,1200,39.999946,30.000041,3.000004,1920,1080,jpg,C:\Users\wgucg\Desktop\videos\videos\02_model_development\best_frame_selector\adaptation_v2\extracted_frames\v32\v32_121.jpg
v32,v32_122,1210,40.333279,30.000041,3.000004,1920,1080,jpg,C:\Users\wgucg\Desktop\videos\videos\02_model_development\best_frame_selector\adaptation_v2\extracted_frames\v32\v32_122.jpg
v32,v32_123,1220,40.666612,30.000041,3.000004,1920,1080,jpg,C:\Users\wgucg\Desktop\videos\videos\02_model_development\best_frame_selector\adaptation_v2\extracted_frames\v32\v32_123.jpg
v32,v32_124,1230,40.999944,30.000041,3.000004,1920,1080,jpg,C:\Users\wgucg\Desktop\videos\videos\02_model_development\best_frame_selector\adaptation_v2\extracted_frames\v32\v32_124.jpg
v32,v32_125,1240,41.333277,30.000041,3.000004,1920,1080,jpg,C:\Users\wgucg\Desktop\videos\videos\02_model_development\best_frame_selector\adaptation_v2\extracted_frames\v32\v32_125.jpg
v32,v32_126,1250,41.666610,30.000041,3.000004,1920,1080,jpg,C:\Users\wgucg\Desktop\videos\videos\02_model_development\best_frame_selector\adaptation_v2\extracted_frames\v32\v32_126.jpg
v32,v32_127,1260,41.999943,30.000041,3.000004,1920,1080,jpg,C:\Users\wgucg\Desktop\videos\videos\02_model_development\best_frame_selector\adaptation_v2\extracted_frames\v32\v32_127.jpg
v32,v32_128,1270,42.333276,30.000041,3.000004,1920,1080,jpg,C:\Users\wgucg\Desktop\videos\videos\02_model_development\best_frame_selector\adaptation_v2\extracted_frames\v32\v32_128.jpg
v32,v32_129,1280,42.666609,30.000041,3.000004,1920,1080,jpg,C:\Users\wgucg\Desktop\videos\videos\02_model_development\best_frame_selector\adaptation_v2\extracted_frames\v32\v32_129.jpg
v32,v32_130,1290,42.999942,30.000041,3.000004,1920,1080,jpg,C:\Users\wgucg\Desktop\videos\videos\02_model_development\best_frame_selector\adaptation_v2\extracted_frames\v32\v32_130.jpg
v32,v32_131,1300,43.333275,30.000041,3.000004,1920,1080,jpg,C:\Users\wgucg\Desktop\videos\videos\02_model_development\best_frame_selector\adaptation_v2\extracted_frames\v32\v32_131.jpg
v32,v32_132,1310,43.666607,30.000041,3.000004,1920,1080,jpg,C:\Users\wgucg\Desktop\videos\videos\02_model_development\best_frame_selector\adaptation_v2\extracted_frames\v32\v32_132.jpg
v32,v32_133,1320,43.999940,30.000041,3.000004,1920,1080,jpg,C:\Users\wgucg\Desktop\videos\videos\02_model_development\best_frame_selector\adaptation_v2\extracted_frames\v32\v32_133.jpg
v32,v32_134,1330,44.333273,30.000041,3.000004,1920,1080,jpg,C:\Users\wgucg\Desktop\videos\videos\02_model_development\best_frame_selector\adaptation_v2\extracted_frames\v32\v32_134.jpg
v32,v32_135,1340,44.666606,30.000041,3.000004,1920,1080,jpg,C:\Users\wgucg\Desktop\videos\videos\02_model_development\best_frame_selector\adaptation_v2\extracted_frames\v32\v32_135.jpg
v32,v32_136,1350,44.999939,30.000041,3.000004,1920,1080,jpg,C:\Users\wgucg\Desktop\videos\videos\02_model_development\best_frame_selector\adaptation_v2\extracted_frames\v32\v32_136.jpg
v32,v32_137,1360,45.333272,30.000041,3.000004,1920,1080,jpg,C:\Users\wgucg\Desktop\videos\videos\02_model_development\best_frame_selector\adaptation_v2\extracted_frames\v32\v32_137.jpg
v32,v32_138,1370,45.666605,30.000041,3.000004,1920,1080,jpg,C:\Users\wgucg\Desktop\videos\videos\02_model_development\best_frame_selector\adaptation_v2\extracted_frames\v32\v32_138.jpg
v32,v32_139,1380,45.999938,30.000041,3.000004,1920,1080,jpg,C:\Users\wgucg\Desktop\videos\videos\02_model_development\best_frame_selector\adaptation_v2\extracted_frames\v32\v32_139.jpg
v32,v32_140,1390,46.333270,30.000041,3.000004,1920,1080,jpg,C:\Users\wgucg\Desktop\videos\videos\02_model_development\best_frame_selector\adaptation_v2\extracted_frames\v32\v32_140.jpg
v32,v32_141,1400,46.666603,30.000041,3.000004,1920,1080,jpg,C:\Users\wgucg\Desktop\videos\videos\02_model_development\best_frame_selector\adaptation_v2\extracted_frames\v32\v32_141.jpg
v32,v32_142,1410,46.999936,30.000041,3.000004,1920,1080,jpg,C:\Users\wgucg\Desktop\videos\videos\02_model_development\best_frame_selector\adaptation_v2\extracted_frames\v32\v32_142.jpg
v32,v32_143,1420,47.333269,30.000041,3.000004,1920,1080,jpg,C:\Users\wgucg\Desktop\videos\videos\02_model_development\best_frame_selector\adaptation_v2\extracted_frames\v32\v32_143.jpg
v32,v32_144,1430,47.666602,30.000041,3.000004,1920,1080,jpg,C:\Users\wgucg\Desktop\videos\videos\02_model_development\best_frame_selector\adaptation_v2\extracted_frames\v32\v32_144.jpg
v33,v33_001,0,0.000000,29.983814,2.998381,1920,1080,jpg,C:\Users\wgucg\Desktop\videos\videos\02_model_development\best_frame_selector\adaptation_v2\extracted_frames\v33\v33_001.jpg
v33,v33_002,10,0.333513,29.983814,2.998381,1920,1080,jpg,C:\Users\wgucg\Desktop\videos\videos\02_model_development\best_frame_selector\adaptation_v2\extracted_frames\v33\v33_002.jpg
v33,v33_003,20,0.667027,29.983814,2.998381,1920,1080,jpg,C:\Users\wgucg\Desktop\videos\videos\02_model_development\best_frame_selector\adaptation_v2\extracted_frames\v33\v33_003.jpg
v33,v33_004,30,1.000540,29.983814,2.998381,1920,1080,jpg,C:\Users\wgucg\Desktop\videos\videos\02_model_development\best_frame_selector\adaptation_v2\extracted_frames\v33\v33_004.jpg
v33,v33_005,40,1.334053,29.983814,2.998381,1920,1080,jpg,C:\Users\wgucg\Desktop\videos\videos\02_model_development\best_frame_selector\adaptation_v2\extracted_frames\v33\v33_005.jpg
v33,v33_006,50,1.667566,29.983814,2.998381,1920,1080,jpg,C:\Users\wgucg\Desktop\videos\videos\02_model_development\best_frame_selector\adaptation_v2\extracted_frames\v33\v33_006.jpg
v33,v33_007,60,2.001080,29.983814,2.998381,1920,1080,jpg,C:\Users\wgucg\Desktop\videos\videos\02_model_development\best_frame_selector\adaptation_v2\extracted_frames\v33\v33_007.jpg
v33,v33_008,70,2.334593,29.983814,2.998381,1920,1080,jpg,C:\Users\wgucg\Desktop\videos\videos\02_model_development\best_frame_selector\adaptation_v2\extracted_frames\v33\v33_008.jpg
v33,v33_009,80,2.668106,29.983814,2.998381,1920,1080,jpg,C:\Users\wgucg\Desktop\videos\videos\02_model_development\best_frame_selector\adaptation_v2\extracted_frames\v33\v33_009.jpg
v33,v33_010,90,3.001620,29.983814,2.998381,1920,1080,jpg,C:\Users\wgucg\Desktop\videos\videos\02_model_development\best_frame_selector\adaptation_v2\extracted_frames\v33\v33_010.jpg
v33,v33_011,100,3.335133,29.983814,2.998381,1920,1080,jpg,C:\Users\wgucg\Desktop\videos\videos\02_model_development\best_frame_selector\adaptation_v2\extracted_frames\v33\v33_011.jpg
v33,v33_012,110,3.668646,29.983814,2.998381,1920,1080,jpg,C:\Users\wgucg\Desktop\videos\videos\02_model_development\best_frame_selector\adaptation_v2\extracted_frames\v33\v33_012.jpg
v33,v33_013,120,4.002159,29.983814,2.998381,1920,1080,jpg,C:\Users\wgucg\Desktop\videos\videos\02_model_development\best_frame_selector\adaptation_v2\extracted_frames\v33\v33_013.jpg
v33,v33_014,130,4.335673,29.983814,2.998381,1920,1080,jpg,C:\Users\wgucg\Desktop\videos\videos\02_model_development\best_frame_selector\adaptation_v2\extracted_frames\v33\v33_014.jpg
v33,v33_015,140,4.669186,29.983814,2.998381,1920,1080,jpg,C:\Users\wgucg\Desktop\videos\videos\02_model_development\best_frame_selector\adaptation_v2\extracted_frames\v33\v33_015.jpg
v33,v33_016,150,5.002699,29.983814,2.998381,1920,1080,jpg,C:\Users\wgucg\Desktop\videos\videos\02_model_development\best_frame_selector\adaptation_v2\extracted_frames\v33\v33_016.jpg
v33,v33_017,160,5.336212,29.983814,2.998381,1920,1080,jpg,C:\Users\wgucg\Desktop\videos\videos\02_model_development\best_frame_selector\adaptation_v2\extracted_frames\v33\v33_017.jpg
v33,v33_018,170,5.669726,29.983814,2.998381,1920,1080,jpg,C:\Users\wgucg\Desktop\videos\videos\02_model_development\best_frame_selector\adaptation_v2\extracted_frames\v33\v33_018.jpg
v33,v33_019,180,6.003239,29.983814,2.998381,1920,1080,jpg,C:\Users\wgucg\Desktop\videos\videos\02_model_development\best_frame_selector\adaptation_v2\extracted_frames\v33\v33_019.jpg
v33,v33_020,190,6.336752,29.983814,2.998381,1920,1080,jpg,C:\Users\wgucg\Desktop\videos\videos\02_model_development\best_frame_selector\adaptation_v2\extracted_frames\v33\v33_020.jpg
v33,v33_021,200,6.670266,29.983814,2.998381,1920,1080,jpg,C:\Users\wgucg\Desktop\videos\videos\02_model_development\best_frame_selector\adaptation_v2\extracted_frames\v33\v33_021.jpg
v33,v33_022,210,7.003779,29.983814,2.998381,1920,1080,jpg,C:\Users\wgucg\Desktop\videos\videos\02_model_development\best_frame_selector\adaptation_v2\extracted_frames\v33\v33_022.jpg
v33,v33_023,220,7.337292,29.983814,2.998381,1920,1080,jpg,C:\Users\wgucg\Desktop\videos\videos\02_model_development\best_frame_selector\adaptation_v2\extracted_frames\v33\v33_023.jpg
v33,v33_024,230,7.670805,29.983814,2.998381,1920,1080,jpg,C:\Users\wgucg\Desktop\videos\videos\02_model_development\best_frame_selector\adaptation_v2\extracted_frames\v33\v33_024.jpg
v33,v33_025,240,8.004319,29.983814,2.998381,1920,1080,jpg,C:\Users\wgucg\Desktop\videos\videos\02_model_development\best_frame_selector\adaptation_v2\extracted_frames\v33\v33_025.jpg
v33,v33_026,250,8.337832,29.983814,2.998381,1920,1080,jpg,C:\Users\wgucg\Desktop\videos\videos\02_model_development\best_frame_selector\adaptation_v2\extracted_frames\v33\v33_026.jpg
v33,v33_027,260,8.671345,29.983814,2.998381,1920,1080,jpg,C:\Users\wgucg\Desktop\videos\videos\02_model_development\best_frame_selector\adaptation_v2\extracted_frames\v33\v33_027.jpg
v33,v33_028,270,9.004859,29.983814,2.998381,1920,1080,jpg,C:\Users\wgucg\Desktop\videos\videos\02_model_development\best_frame_selector\adaptation_v2\extracted_frames\v33\v33_028.jpg
v33,v33_029,280,9.338372,29.983814,2.998381,1920,1080,jpg,C:\Users\wgucg\Desktop\videos\videos\02_model_development\best_frame_selector\adaptation_v2\extracted_frames\v33\v33_029.jpg
v33,v33_030,290,9.671885,29.983814,2.998381,1920,1080,jpg,C:\Users\wgucg\Desktop\videos\videos\02_model_development\best_frame_selector\adaptation_v2\extracted_frames\v33\v33_030.jpg
v33,v33_031,300,10.005398,29.983814,2.998381,1920,1080,jpg,C:\Users\wgucg\Desktop\videos\videos\02_model_development\best_frame_selector\adaptation_v2\extracted_frames\v33\v33_031.jpg
v33,v33_032,310,10.338912,29.983814,2.998381,1920,1080,jpg,C:\Users\wgucg\Desktop\videos\videos\02_model_development\best_frame_selector\adaptation_v2\extracted_frames\v33\v33_032.jpg
v33,v33_033,320,10.672425,29.983814,2.998381,1920,1080,jpg,C:\Users\wgucg\Desktop\videos\videos\02_model_development\best_frame_selector\adaptation_v2\extracted_frames\v33\v33_033.jpg
v33,v33_034,330,11.005938,29.983814,2.998381,1920,1080,jpg,C:\Users\wgucg\Desktop\videos\videos\02_model_development\best_frame_selector\adaptation_v2\extracted_frames\v33\v33_034.jpg
v33,v33_035,340,11.339451,29.983814,2.998381,1920,1080,jpg,C:\Users\wgucg\Desktop\videos\videos\02_model_development\best_frame_selector\adaptation_v2\extracted_frames\v33\v33_035.jpg
v33,v33_036,350,11.672965,29.983814,2.998381,1920,1080,jpg,C:\Users\wgucg\Desktop\videos\videos\02_model_development\best_frame_selector\adaptation_v2\extracted_frames\v33\v33_036.jpg
v33,v33_037,360,12.006478,29.983814,2.998381,1920,1080,jpg,C:\Users\wgucg\Desktop\videos\videos\02_model_development\best_frame_selector\adaptation_v2\extracted_frames\v33\v33_037.jpg
v33,v33_038,370,12.339991,29.983814,2.998381,1920,1080,jpg,C:\Users\wgucg\Desktop\videos\videos\02_model_development\best_frame_selector\adaptation_v2\extracted_frames\v33\v33_038.jpg
v33,v33_039,380,12.673505,29.983814,2.998381,1920,1080,jpg,C:\Users\wgucg\Desktop\videos\videos\02_model_development\best_frame_selector\adaptation_v2\extracted_frames\v33\v33_039.jpg
v33,v33_040,390,13.007018,29.983814,2.998381,1920,1080,jpg,C:\Users\wgucg\Desktop\videos\videos\02_model_development\best_frame_selector\adaptation_v2\extracted_frames\v33\v33_040.jpg
v33,v33_041,400,13.340531,29.983814,2.998381,1920,1080,jpg,C:\Users\wgucg\Desktop\videos\videos\02_model_development\best_frame_selector\adaptation_v2\extracted_frames\v33\v33_041.jpg
v33,v33_042,410,13.674044,29.983814,2.998381,1920,1080,jpg,C:\Users\wgucg\Desktop\videos\videos\02_model_development\best_frame_selector\adaptation_v2\extracted_frames\v33\v33_042.jpg
v33,v33_043,420,14.007558,29.983814,2.998381,1920,1080,jpg,C:\Users\wgucg\Desktop\videos\videos\02_model_development\best_frame_selector\adaptation_v2\extracted_frames\v33\v33_043.jpg
v33,v33_044,430,14.341071,29.983814,2.998381,1920,1080,jpg,C:\Users\wgucg\Desktop\videos\videos\02_model_development\best_frame_selector\adaptation_v2\extracted_frames\v33\v33_044.jpg
v33,v33_045,440,14.674584,29.983814,2.998381,1920,1080,jpg,C:\Users\wgucg\Desktop\videos\videos\02_model_development\best_frame_selector\adaptation_v2\extracted_frames\v33\v33_045.jpg
v33,v33_046,450,15.008098,29.983814,2.998381,1920,1080,jpg,C:\Users\wgucg\Desktop\videos\videos\02_model_development\best_frame_selector\adaptation_v2\extracted_frames\v33\v33_046.jpg
v33,v33_047,460,15.341611,29.983814,2.998381,1920,1080,jpg,C:\Users\wgucg\Desktop\videos\videos\02_model_development\best_frame_selector\adaptation_v2\extracted_frames\v33\v33_047.jpg
v33,v33_048,470,15.675124,29.983814,2.998381,1920,1080,jpg,C:\Users\wgucg\Desktop\videos\videos\02_model_development\best_frame_selector\adaptation_v2\extracted_frames\v33\v33_048.jpg
v33,v33_049,480,16.008637,29.983814,2.998381,1920,1080,jpg,C:\Users\wgucg\Desktop\videos\videos\02_model_development\best_frame_selector\adaptation_v2\extracted_frames\v33\v33_049.jpg
v33,v33_050,490,16.342151,29.983814,2.998381,1920,1080,jpg,C:\Users\wgucg\Desktop\videos\videos\02_model_development\best_frame_selector\adaptation_v2\extracted_frames\v33\v33_050.jpg
v33,v33_051,500,16.675664,29.983814,2.998381,1920,1080,jpg,C:\Users\wgucg\Desktop\videos\videos\02_model_development\best_frame_selector\adaptation_v2\extracted_frames\v33\v33_051.jpg
v33,v33_052,510,17.009177,29.983814,2.998381,1920,1080,jpg,C:\Users\wgucg\Desktop\videos\videos\02_model_development\best_frame_selector\adaptation_v2\extracted_frames\v33\v33_052.jpg
v33,v33_053,520,17.342691,29.983814,2.998381,1920,1080,jpg,C:\Users\wgucg\Desktop\videos\videos\02_model_development\best_frame_selector\adaptation_v2\extracted_frames\v33\v33_053.jpg
v33,v33_054,530,17.676204,29.983814,2.998381,1920,1080,jpg,C:\Users\wgucg\Desktop\videos\videos\02_model_development\best_frame_selector\adaptation_v2\extracted_frames\v33\v33_054.jpg
v33,v33_055,540,18.009717,29.983814,2.998381,1920,1080,jpg,C:\Users\wgucg\Desktop\videos\videos\02_model_development\best_frame_selector\adaptation_v2\extracted_frames\v33\v33_055.jpg
v33,v33_056,550,18.343230,29.983814,2.998381,1920,1080,jpg,C:\Users\wgucg\Desktop\videos\videos\02_model_development\best_frame_selector\adaptation_v2\extracted_frames\v33\v33_056.jpg
v33,v33_057,560,18.676744,29.983814,2.998381,1920,1080,jpg,C:\Users\wgucg\Desktop\videos\videos\02_model_development\best_frame_selector\adaptation_v2\extracted_frames\v33\v33_057.jpg
v33,v33_058,570,19.010257,29.983814,2.998381,1920,1080,jpg,C:\Users\wgucg\Desktop\videos\videos\02_model_development\best_frame_selector\adaptation_v2\extracted_frames\v33\v33_058.jpg
v33,v33_059,580,19.343770,29.983814,2.998381,1920,1080,jpg,C:\Users\wgucg\Desktop\videos\videos\02_model_development\best_frame_selector\adaptation_v2\extracted_frames\v33\v33_059.jpg
v33,v33_060,590,19.677283,29.983814,2.998381,1920,1080,jpg,C:\Users\wgucg\Desktop\videos\videos\02_model_development\best_frame_selector\adaptation_v2\extracted_frames\v33\v33_060.jpg
v33,v33_061,600,20.010797,29.983814,2.998381,1920,1080,jpg,C:\Users\wgucg\Desktop\videos\videos\02_model_development\best_frame_selector\adaptation_v2\extracted_frames\v33\v33_061.jpg
v33,v33_062,610,20.344310,29.983814,2.998381,1920,1080,jpg,C:\Users\wgucg\Desktop\videos\videos\02_model_development\best_frame_selector\adaptation_v2\extracted_frames\v33\v33_062.jpg
v33,v33_063,620,20.677823,29.983814,2.998381,1920,1080,jpg,C:\Users\wgucg\Desktop\videos\videos\02_model_development\best_frame_selector\adaptation_v2\extracted_frames\v33\v33_063.jpg
v33,v33_064,630,21.011337,29.983814,2.998381,1920,1080,jpg,C:\Users\wgucg\Desktop\videos\videos\02_model_development\best_frame_selector\adaptation_v2\extracted_frames\v33\v33_064.jpg
v33,v33_065,640,21.344850,29.983814,2.998381,1920,1080,jpg,C:\Users\wgucg\Desktop\videos\videos\02_model_development\best_frame_selector\adaptation_v2\extracted_frames\v33\v33_065.jpg
v33,v33_066,650,21.678363,29.983814,2.998381,1920,1080,jpg,C:\Users\wgucg\Desktop\videos\videos\02_model_development\best_frame_selector\adaptation_v2\extracted_frames\v33\v33_066.jpg
v33,v33_067,660,22.011876,29.983814,2.998381,1920,1080,jpg,C:\Users\wgucg\Desktop\videos\videos\02_model_development\best_frame_selector\adaptation_v2\extracted_frames\v33\v33_067.jpg
v33,v33_068,670,22.345390,29.983814,2.998381,1920,1080,jpg,C:\Users\wgucg\Desktop\videos\videos\02_model_development\best_frame_selector\adaptation_v2\extracted_frames\v33\v33_068.jpg
v33,v33_069,680,22.678903,29.983814,2.998381,1920,1080,jpg,C:\Users\wgucg\Desktop\videos\videos\02_model_development\best_frame_selector\adaptation_v2\extracted_frames\v33\v33_069.jpg
v33,v33_070,690,23.012416,29.983814,2.998381,1920,1080,jpg,C:\Users\wgucg\Desktop\videos\videos\02_model_development\best_frame_selector\adaptation_v2\extracted_frames\v33\v33_070.jpg
v33,v33_071,700,23.345930,29.983814,2.998381,1920,1080,jpg,C:\Users\wgucg\Desktop\videos\videos\02_model_development\best_frame_selector\adaptation_v2\extracted_frames\v33\v33_071.jpg
v33,v33_072,710,23.679443,29.983814,2.998381,1920,1080,jpg,C:\Users\wgucg\Desktop\videos\videos\02_model_development\best_frame_selector\adaptation_v2\extracted_frames\v33\v33_072.jpg
v33,v33_073,720,24.012956,29.983814,2.998381,1920,1080,jpg,C:\Users\wgucg\Desktop\videos\videos\02_model_development\best_frame_selector\adaptation_v2\extracted_frames\v33\v33_073.jpg
v33,v33_074,730,24.346469,29.983814,2.998381,1920,1080,jpg,C:\Users\wgucg\Desktop\videos\videos\02_model_development\best_frame_selector\adaptation_v2\extracted_frames\v33\v33_074.jpg
v33,v33_075,740,24.679983,29.983814,2.998381,1920,1080,jpg,C:\Users\wgucg\Desktop\videos\videos\02_model_development\best_frame_selector\adaptation_v2\extracted_frames\v33\v33_075.jpg
v33,v33_076,750,25.013496,29.983814,2.998381,1920,1080,jpg,C:\Users\wgucg\Desktop\videos\videos\02_model_development\best_frame_selector\adaptation_v2\extracted_frames\v33\v33_076.jpg
v33,v33_077,760,25.347009,29.983814,2.998381,1920,1080,jpg,C:\Users\wgucg\Desktop\videos\videos\02_model_development\best_frame_selector\adaptation_v2\extracted_frames\v33\v33_077.jpg
v33,v33_078,770,25.680522,29.983814,2.998381,1920,1080,jpg,C:\Users\wgucg\Desktop\videos\videos\02_model_development\best_frame_selector\adaptation_v2\extracted_frames\v33\v33_078.jpg
v33,v33_079,780,26.014036,29.983814,2.998381,1920,1080,jpg,C:\Users\wgucg\Desktop\videos\videos\02_model_development\best_frame_selector\adaptation_v2\extracted_frames\v33\v33_079.jpg
v33,v33_080,790,26.347549,29.983814,2.998381,1920,1080,jpg,C:\Users\wgucg\Desktop\videos\videos\02_model_development\best_frame_selector\adaptation_v2\extracted_frames\v33\v33_080.jpg
v33,v33_081,800,26.681062,29.983814,2.998381,1920,1080,jpg,C:\Users\wgucg\Desktop\videos\videos\02_model_development\best_frame_selector\adaptation_v2\extracted_frames\v33\v33_081.jpg
v33,v33_082,810,27.014576,29.983814,2.998381,1920,1080,jpg,C:\Users\wgucg\Desktop\videos\videos\02_model_development\best_frame_selector\adaptation_v2\extracted_frames\v33\v33_082.jpg
v33,v33_083,820,27.348089,29.983814,2.998381,1920,1080,jpg,C:\Users\wgucg\Desktop\videos\videos\02_model_development\best_frame_selector\adaptation_v2\extracted_frames\v33\v33_083.jpg
v33,v33_084,830,27.681602,29.983814,2.998381,1920,1080,jpg,C:\Users\wgucg\Desktop\videos\videos\02_model_development\best_frame_selector\adaptation_v2\extracted_frames\v33\v33_084.jpg
v33,v33_085,840,28.015115,29.983814,2.998381,1920,1080,jpg,C:\Users\wgucg\Desktop\videos\videos\02_model_development\best_frame_selector\adaptation_v2\extracted_frames\v33\v33_085.jpg
v33,v33_086,850,28.348629,29.983814,2.998381,1920,1080,jpg,C:\Users\wgucg\Desktop\videos\videos\02_model_development\best_frame_selector\adaptation_v2\extracted_frames\v33\v33_086.jpg
v33,v33_087,860,28.682142,29.983814,2.998381,1920,1080,jpg,C:\Users\wgucg\Desktop\videos\videos\02_model_development\best_frame_selector\adaptation_v2\extracted_frames\v33\v33_087.jpg
v33,v33_088,870,29.015655,29.983814,2.998381,1920,1080,jpg,C:\Users\wgucg\Desktop\videos\videos\02_model_development\best_frame_selector\adaptation_v2\extracted_frames\v33\v33_088.jpg
v33,v33_089,880,29.349169,29.983814,2.998381,1920,1080,jpg,C:\Users\wgucg\Desktop\videos\videos\02_model_development\best_frame_selector\adaptation_v2\extracted_frames\v33\v33_089.jpg
v33,v33_090,890,29.682682,29.983814,2.998381,1920,1080,jpg,C:\Users\wgucg\Desktop\videos\videos\02_model_development\best_frame_selector\adaptation_v2\extracted_frames\v33\v33_090.jpg
v33,v33_091,900,30.016195,29.983814,2.998381,1920,1080,jpg,C:\Users\wgucg\Desktop\videos\videos\02_model_development\best_frame_selector\adaptation_v2\extracted_frames\v33\v33_091.jpg
v33,v33_092,910,30.349708,29.983814,2.998381,1920,1080,jpg,C:\Users\wgucg\Desktop\videos\videos\02_model_development\best_frame_selector\adaptation_v2\extracted_frames\v33\v33_092.jpg
v33,v33_093,920,30.683222,29.983814,2.998381,1920,1080,jpg,C:\Users\wgucg\Desktop\videos\videos\02_model_development\best_frame_selector\adaptation_v2\extracted_frames\v33\v33_093.jpg
v33,v33_094,930,31.016735,29.983814,2.998381,1920,1080,jpg,C:\Users\wgucg\Desktop\videos\videos\02_model_development\best_frame_selector\adaptation_v2\extracted_frames\v33\v33_094.jpg
v33,v33_095,940,31.350248,29.983814,2.998381,1920,1080,jpg,C:\Users\wgucg\Desktop\videos\videos\02_model_development\best_frame_selector\adaptation_v2\extracted_frames\v33\v33_095.jpg
v33,v33_096,950,31.683762,29.983814,2.998381,1920,1080,jpg,C:\Users\wgucg\Desktop\videos\videos\02_model_development\best_frame_selector\adaptation_v2\extracted_frames\v33\v33_096.jpg
v33,v33_097,960,32.017275,29.983814,2.998381,1920,1080,jpg,C:\Users\wgucg\Desktop\videos\videos\02_model_development\best_frame_selector\adaptation_v2\extracted_frames\v33\v33_097.jpg
v33,v33_098,970,32.350788,29.983814,2.998381,1920,1080,jpg,C:\Users\wgucg\Desktop\videos\videos\02_model_development\best_frame_selector\adaptation_v2\extracted_frames\v33\v33_098.jpg
v33,v33_099,980,32.684301,29.983814,2.998381,1920,1080,jpg,C:\Users\wgucg\Desktop\videos\videos\02_model_development\best_frame_selector\adaptation_v2\extracted_frames\v33\v33_099.jpg
v33,v33_100,990,33.017815,29.983814,2.998381,1920,1080,jpg,C:\Users\wgucg\Desktop\videos\videos\02_model_development\best_frame_selector\adaptation_v2\extracted_frames\v33\v33_100.jpg
v33,v33_101,1000,33.351328,29.983814,2.998381,1920,1080,jpg,C:\Users\wgucg\Desktop\videos\videos\02_model_development\best_frame_selector\adaptation_v2\extracted_frames\v33\v33_101.jpg
v33,v33_102,1010,33.684841,29.983814,2.998381,1920,1080,jpg,C:\Users\wgucg\Desktop\videos\videos\02_model_development\best_frame_selector\adaptation_v2\extracted_frames\v33\v33_102.jpg
v33,v33_103,1020,34.018354,29.983814,2.998381,1920,1080,jpg,C:\Users\wgucg\Desktop\videos\videos\02_model_development\best_frame_selector\adaptation_v2\extracted_frames\v33\v33_103.jpg
v33,v33_104,1030,34.351868,29.983814,2.998381,1920,1080,jpg,C:\Users\wgucg\Desktop\videos\videos\02_model_development\best_frame_selector\adaptation_v2\extracted_frames\v33\v33_104.jpg
v33,v33_105,1040,34.685381,29.983814,2.998381,1920,1080,jpg,C:\Users\wgucg\Desktop\videos\videos\02_model_development\best_frame_selector\adaptation_v2\extracted_frames\v33\v33_105.jpg
v33,v33_106,1050,35.018894,29.983814,2.998381,1920,1080,jpg,C:\Users\wgucg\Desktop\videos\videos\02_model_development\best_frame_selector\adaptation_v2\extracted_frames\v33\v33_106.jpg
v33,v33_107,1060,35.352408,29.983814,2.998381,1920,1080,jpg,C:\Users\wgucg\Desktop\videos\videos\02_model_development\best_frame_selector\adaptation_v2\extracted_frames\v33\v33_107.jpg
v33,v33_108,1070,35.685921,29.983814,2.998381,1920,1080,jpg,C:\Users\wgucg\Desktop\videos\videos\02_model_development\best_frame_selector\adaptation_v2\extracted_frames\v33\v33_108.jpg
v33,v33_109,1080,36.019434,29.983814,2.998381,1920,1080,jpg,C:\Users\wgucg\Desktop\videos\videos\02_model_development\best_frame_selector\adaptation_v2\extracted_frames\v33\v33_109.jpg
v33,v33_110,1090,36.352947,29.983814,2.998381,1920,1080,jpg,C:\Users\wgucg\Desktop\videos\videos\02_model_development\best_frame_selector\adaptation_v2\extracted_frames\v33\v33_110.jpg
v33,v33_111,1100,36.686461,29.983814,2.998381,1920,1080,jpg,C:\Users\wgucg\Desktop\videos\videos\02_model_development\best_frame_selector\adaptation_v2\extracted_frames\v33\v33_111.jpg
v33,v33_112,1110,37.019974,29.983814,2.998381,1920,1080,jpg,C:\Users\wgucg\Desktop\videos\videos\02_model_development\best_frame_selector\adaptation_v2\extracted_frames\v33\v33_112.jpg
v33,v33_113,1120,37.353487,29.983814,2.998381,1920,1080,jpg,C:\Users\wgucg\Desktop\videos\videos\02_model_development\best_frame_selector\adaptation_v2\extracted_frames\v33\v33_113.jpg
v33,v33_114,1130,37.687001,29.983814,2.998381,1920,1080,jpg,C:\Users\wgucg\Desktop\videos\videos\02_model_development\best_frame_selector\adaptation_v2\extracted_frames\v33\v33_114.jpg
v33,v33_115,1140,38.020514,29.983814,2.998381,1920,1080,jpg,C:\Users\wgucg\Desktop\videos\videos\02_model_development\best_frame_selector\adaptation_v2\extracted_frames\v33\v33_115.jpg
v33,v33_116,1150,38.354027,29.983814,2.998381,1920,1080,jpg,C:\Users\wgucg\Desktop\videos\videos\02_model_development\best_frame_selector\adaptation_v2\extracted_frames\v33\v33_116.jpg
v33,v33_117,1160,38.687540,29.983814,2.998381,1920,1080,jpg,C:\Users\wgucg\Desktop\videos\videos\02_model_development\best_frame_selector\adaptation_v2\extracted_frames\v33\v33_117.jpg
v33,v33_118,1170,39.021054,29.983814,2.998381,1920,1080,jpg,C:\Users\wgucg\Desktop\videos\videos\02_model_development\best_frame_selector\adaptation_v2\extracted_frames\v33\v33_118.jpg
v33,v33_119,1180,39.354567,29.983814,2.998381,1920,1080,jpg,C:\Users\wgucg\Desktop\videos\videos\02_model_development\best_frame_selector\adaptation_v2\extracted_frames\v33\v33_119.jpg
v33,v33_120,1190,39.688080,29.983814,2.998381,1920,1080,jpg,C:\Users\wgucg\Desktop\videos\videos\02_model_development\best_frame_selector\adaptation_v2\extracted_frames\v33\v33_120.jpg
v33,v33_121,1200,40.021593,29.983814,2.998381,1920,1080,jpg,C:\Users\wgucg\Desktop\videos\videos\02_model_development\best_frame_selector\adaptation_v2\extracted_frames\v33\v33_121.jpg
v33,v33_122,1210,40.355107,29.983814,2.998381,1920,1080,jpg,C:\Users\wgucg\Desktop\videos\videos\02_model_development\best_frame_selector\adaptation_v2\extracted_frames\v33\v33_122.jpg
v33,v33_123,1220,40.688620,29.983814,2.998381,1920,1080,jpg,C:\Users\wgucg\Desktop\videos\videos\02_model_development\best_frame_selector\adaptation_v2\extracted_frames\v33\v33_123.jpg
v33,v33_124,1230,41.022133,29.983814,2.998381,1920,1080,jpg,C:\Users\wgucg\Desktop\videos\videos\02_model_development\best_frame_selector\adaptation_v2\extracted_frames\v33\v33_124.jpg
v33,v33_125,1240,41.355647,29.983814,2.998381,1920,1080,jpg,C:\Users\wgucg\Desktop\videos\videos\02_model_development\best_frame_selector\adaptation_v2\extracted_frames\v33\v33_125.jpg
v33,v33_126,1250,41.689160,29.983814,2.998381,1920,1080,jpg,C:\Users\wgucg\Desktop\videos\videos\02_model_development\best_frame_selector\adaptation_v2\extracted_frames\v33\v33_126.jpg
v33,v33_127,1260,42.022673,29.983814,2.998381,1920,1080,jpg,C:\Users\wgucg\Desktop\videos\videos\02_model_development\best_frame_selector\adaptation_v2\extracted_frames\v33\v33_127.jpg
v33,v33_128,1270,42.356186,29.983814,2.998381,1920,1080,jpg,C:\Users\wgucg\Desktop\videos\videos\02_model_development\best_frame_selector\adaptation_v2\extracted_frames\v33\v33_128.jpg
v33,v33_129,1280,42.689700,29.983814,2.998381,1920,1080,jpg,C:\Users\wgucg\Desktop\videos\videos\02_model_development\best_frame_selector\adaptation_v2\extracted_frames\v33\v33_129.jpg
v33,v33_130,1290,43.023213,29.983814,2.998381,1920,1080,jpg,C:\Users\wgucg\Desktop\videos\videos\02_model_development\best_frame_selector\adaptation_v2\extracted_frames\v33\v33_130.jpg
v33,v33_131,1300,43.356726,29.983814,2.998381,1920,1080,jpg,C:\Users\wgucg\Desktop\videos\videos\02_model_development\best_frame_selector\adaptation_v2\extracted_frames\v33\v33_131.jpg
v33,v33_132,1310,43.690240,29.983814,2.998381,1920,1080,jpg,C:\Users\wgucg\Desktop\videos\videos\02_model_development\best_frame_selector\adaptation_v2\extracted_frames\v33\v33_132.jpg
v33,v33_133,1320,44.023753,29.983814,2.998381,1920,1080,jpg,C:\Users\wgucg\Desktop\videos\videos\02_model_development\best_frame_selector\adaptation_v2\extracted_frames\v33\v33_133.jpg
v33,v33_134,1330,44.357266,29.983814,2.998381,1920,1080,jpg,C:\Users\wgucg\Desktop\videos\videos\02_model_development\best_frame_selector\adaptation_v2\extracted_frames\v33\v33_134.jpg
v33,v33_135,1340,44.690779,29.983814,2.998381,1920,1080,jpg,C:\Users\wgucg\Desktop\videos\videos\02_model_development\best_frame_selector\adaptation_v2\extracted_frames\v33\v33_135.jpg
v33,v33_136,1350,45.024293,29.983814,2.998381,1920,1080,jpg,C:\Users\wgucg\Desktop\videos\videos\02_model_development\best_frame_selector\adaptation_v2\extracted_frames\v33\v33_136.jpg
v33,v33_137,1360,45.357806,29.983814,2.998381,1920,1080,jpg,C:\Users\wgucg\Desktop\videos\videos\02_model_development\best_frame_selector\adaptation_v2\extracted_frames\v33\v33_137.jpg
v33,v33_138,1370,45.691319,29.983814,2.998381,1920,1080,jpg,C:\Users\wgucg\Desktop\videos\videos\02_model_development\best_frame_selector\adaptation_v2\extracted_frames\v33\v33_138.jpg
v33,v33_139,1380,46.024833,29.983814,2.998381,1920,1080,jpg,C:\Users\wgucg\Desktop\videos\videos\02_model_development\best_frame_selector\adaptation_v2\extracted_frames\v33\v33_139.jpg
v33,v33_140,1390,46.358346,29.983814,2.998381,1920,1080,jpg,C:\Users\wgucg\Desktop\videos\videos\02_model_development\best_frame_selector\adaptation_v2\extracted_frames\v33\v33_140.jpg
v33,v33_141,1400,46.691859,29.983814,2.998381,1920,1080,jpg,C:\Users\wgucg\Desktop\videos\videos\02_model_development\best_frame_selector\adaptation_v2\extracted_frames\v33\v33_141.jpg
v33,v33_142,1410,47.025372,29.983814,2.998381,1920,1080,jpg,C:\Users\wgucg\Desktop\videos\videos\02_model_development\best_frame_selector\adaptation_v2\extracted_frames\v33\v33_142.jpg
v33,v33_143,1420,47.358886,29.983814,2.998381,1920,1080,jpg,C:\Users\wgucg\Desktop\videos\videos\02_model_development\best_frame_selector\adaptation_v2\extracted_frames\v33\v33_143.jpg
v33,v33_144,1430,47.692399,29.983814,2.998381,1920,1080,jpg,C:\Users\wgucg\Desktop\videos\videos\02_model_development\best_frame_selector\adaptation_v2\extracted_frames\v33\v33_144.jpg
v33,v33_145,1440,48.025912,29.983814,2.998381,1920,1080,jpg,C:\Users\wgucg\Desktop\videos\videos\02_model_development\best_frame_selector\adaptation_v2\extracted_frames\v33\v33_145.jpg
v33,v33_146,1450,48.359425,29.983814,2.998381,1920,1080,jpg,C:\Users\wgucg\Desktop\videos\videos\02_model_development\best_frame_selector\adaptation_v2\extracted_frames\v33\v33_146.jpg
v33,v33_147,1460,48.692939,29.983814,2.998381,1920,1080,jpg,C:\Users\wgucg\Desktop\videos\videos\02_model_development\best_frame_selector\adaptation_v2\extracted_frames\v33\v33_147.jpg
v33,v33_148,1470,49.026452,29.983814,2.998381,1920,1080,jpg,C:\Users\wgucg\Desktop\videos\videos\02_model_development\best_frame_selector\adaptation_v2\extracted_frames\v33\v33_148.jpg
v33,v33_149,1480,49.359965,29.983814,2.998381,1920,1080,jpg,C:\Users\wgucg\Desktop\videos\videos\02_model_development\best_frame_selector\adaptation_v2\extracted_frames\v33\v33_149.jpg
v33,v33_150,1490,49.693479,29.983814,2.998381,1920,1080,jpg,C:\Users\wgucg\Desktop\videos\videos\02_model_development\best_frame_selector\adaptation_v2\extracted_frames\v33\v33_150.jpg
v33,v33_151,1500,50.026992,29.983814,2.998381,1920,1080,jpg,C:\Users\wgucg\Desktop\videos\videos\02_model_development\best_frame_selector\adaptation_v2\extracted_frames\v33\v33_151.jpg
v33,v33_152,1510,50.360505,29.983814,2.998381,1920,1080,jpg,C:\Users\wgucg\Desktop\videos\videos\02_model_development\best_frame_selector\adaptation_v2\extracted_frames\v33\v33_152.jpg
v33,v33_153,1520,50.694018,29.983814,2.998381,1920,1080,jpg,C:\Users\wgucg\Desktop\videos\videos\02_model_development\best_frame_selector\adaptation_v2\extracted_frames\v33\v33_153.jpg
v33,v33_154,1530,51.027532,29.983814,2.998381,1920,1080,jpg,C:\Users\wgucg\Desktop\videos\videos\02_model_development\best_frame_selector\adaptation_v2\extracted_frames\v33\v33_154.jpg
v33,v33_155,1540,51.361045,29.983814,2.998381,1920,1080,jpg,C:\Users\wgucg\Desktop\videos\videos\02_model_development\best_frame_selector\adaptation_v2\extracted_frames\v33\v33_155.jpg
v33,v33_156,1550,51.694558,29.983814,2.998381,1920,1080,jpg,C:\Users\wgucg\Desktop\videos\videos\02_model_development\best_frame_selector\adaptation_v2\extracted_frames\v33\v33_156.jpg
v33,v33_157,1560,52.028072,29.983814,2.998381,1920,1080,jpg,C:\Users\wgucg\Desktop\videos\videos\02_model_development\best_frame_selector\adaptation_v2\extracted_frames\v33\v33_157.jpg
v33,v33_158,1570,52.361585,29.983814,2.998381,1920,1080,jpg,C:\Users\wgucg\Desktop\videos\videos\02_model_development\best_frame_selector\adaptation_v2\extracted_frames\v33\v33_158.jpg
v33,v33_159,1580,52.695098,29.983814,2.998381,1920,1080,jpg,C:\Users\wgucg\Desktop\videos\videos\02_model_development\best_frame_selector\adaptation_v2\extracted_frames\v33\v33_159.jpg
v33,v33_160,1590,53.028611,29.983814,2.998381,1920,1080,jpg,C:\Users\wgucg\Desktop\videos\videos\02_model_development\best_frame_selector\adaptation_v2\extracted_frames\v33\v33_160.jpg
v33,v33_161,1600,53.362125,29.983814,2.998381,1920,1080,jpg,C:\Users\wgucg\Desktop\videos\videos\02_model_development\best_frame_selector\adaptation_v2\extracted_frames\v33\v33_161.jpg
v33,v33_162,1610,53.695638,29.983814,2.998381,1920,1080,jpg,C:\Users\wgucg\Desktop\videos\videos\02_model_development\best_frame_selector\adaptation_v2\extracted_frames\v33\v33_162.jpg
v33,v33_163,1620,54.029151,29.983814,2.998381,1920,1080,jpg,C:\Users\wgucg\Desktop\videos\videos\02_model_development\best_frame_selector\adaptation_v2\extracted_frames\v33\v33_163.jpg
v33,v33_164,1630,54.362664,29.983814,2.998381,1920,1080,jpg,C:\Users\wgucg\Desktop\videos\videos\02_model_development\best_frame_selector\adaptation_v2\extracted_frames\v33\v33_164.jpg
v33,v33_165,1640,54.696178,29.983814,2.998381,1920,1080,jpg,C:\Users\wgucg\Desktop\videos\videos\02_model_development\best_frame_selector\adaptation_v2\extracted_frames\v33\v33_165.jpg
v33,v33_166,1650,55.029691,29.983814,2.998381,1920,1080,jpg,C:\Users\wgucg\Desktop\videos\videos\02_model_development\best_frame_selector\adaptation_v2\extracted_frames\v33\v33_166.jpg
v33,v33_167,1660,55.363204,29.983814,2.998381,1920,1080,jpg,C:\Users\wgucg\Desktop\videos\videos\02_model_development\best_frame_selector\adaptation_v2\extracted_frames\v33\v33_167.jpg
v33,v33_168,1670,55.696718,29.983814,2.998381,1920,1080,jpg,C:\Users\wgucg\Desktop\videos\videos\02_model_development\best_frame_selector\adaptation_v2\extracted_frames\v33\v33_168.jpg
v33,v33_169,1680,56.030231,29.983814,2.998381,1920,1080,jpg,C:\Users\wgucg\Desktop\videos\videos\02_model_development\best_frame_selector\adaptation_v2\extracted_frames\v33\v33_169.jpg
v33,v33_170,1690,56.363744,29.983814,2.998381,1920,1080,jpg,C:\Users\wgucg\Desktop\videos\videos\02_model_development\best_frame_selector\adaptation_v2\extracted_frames\v33\v33_170.jpg
v33,v33_171,1700,56.697257,29.983814,2.998381,1920,1080,jpg,C:\Users\wgucg\Desktop\videos\videos\02_model_development\best_frame_selector\adaptation_v2\extracted_frames\v33\v33_171.jpg
v33,v33_172,1710,57.030771,29.983814,2.998381,1920,1080,jpg,C:\Users\wgucg\Desktop\videos\videos\02_model_development\best_frame_selector\adaptation_v2\extracted_frames\v33\v33_172.jpg
v33,v33_173,1720,57.364284,29.983814,2.998381,1920,1080,jpg,C:\Users\wgucg\Desktop\videos\videos\02_model_development\best_frame_selector\adaptation_v2\extracted_frames\v33\v33_173.jpg
v33,v33_174,1730,57.697797,29.983814,2.998381,1920,1080,jpg,C:\Users\wgucg\Desktop\videos\videos\02_model_development\best_frame_selector\adaptation_v2\extracted_frames\v33\v33_174.jpg
v33,v33_175,1740,58.031311,29.983814,2.998381,1920,1080,jpg,C:\Users\wgucg\Desktop\videos\videos\02_model_development\best_frame_selector\adaptation_v2\extracted_frames\v33\v33_175.jpg
v33,v33_176,1750,58.364824,29.983814,2.998381,1920,1080,jpg,C:\Users\wgucg\Desktop\videos\videos\02_model_development\best_frame_selector\adaptation_v2\extracted_frames\v33\v33_176.jpg
v33,v33_177,1760,58.698337,29.983814,2.998381,1920,1080,jpg,C:\Users\wgucg\Desktop\videos\videos\02_model_development\best_frame_selector\adaptation_v2\extracted_frames\v33\v33_177.jpg
v33,v33_178,1770,59.031850,29.983814,2.998381,1920,1080,jpg,C:\Users\wgucg\Desktop\videos\videos\02_model_development\best_frame_selector\adaptation_v2\extracted_frames\v33\v33_178.jpg
v33,v33_179,1780,59.365364,29.983814,2.998381,1920,1080,jpg,C:\Users\wgucg\Desktop\videos\videos\02_model_development\best_frame_selector\adaptation_v2\extracted_frames\v33\v33_179.jpg
v33,v33_180,1790,59.698877,29.983814,2.998381,1920,1080,jpg,C:\Users\wgucg\Desktop\videos\videos\02_model_development\best_frame_selector\adaptation_v2\extracted_frames\v33\v33_180.jpg
v33,v33_181,1800,60.032390,29.983814,2.998381,1920,1080,jpg,C:\Users\wgucg\Desktop\videos\videos\02_model_development\best_frame_selector\adaptation_v2\extracted_frames\v33\v33_181.jpg
v33,v33_182,1810,60.365904,29.983814,2.998381,1920,1080,jpg,C:\Users\wgucg\Desktop\videos\videos\02_model_development\best_frame_selector\adaptation_v2\extracted_frames\v33\v33_182.jpg
v33,v33_183,1820,60.699417,29.983814,2.998381,1920,1080,jpg,C:\Users\wgucg\Desktop\videos\videos\02_model_development\best_frame_selector\adaptation_v2\extracted_frames\v33\v33_183.jpg
v33,v33_184,1830,61.032930,29.983814,2.998381,1920,1080,jpg,C:\Users\wgucg\Desktop\videos\videos\02_model_development\best_frame_selector\adaptation_v2\extracted_frames\v33\v33_184.jpg
v33,v33_185,1840,61.366443,29.983814,2.998381,1920,1080,jpg,C:\Users\wgucg\Desktop\videos\videos\02_model_development\best_frame_selector\adaptation_v2\extracted_frames\v33\v33_185.jpg
v33,v33_186,1850,61.699957,29.983814,2.998381,1920,1080,jpg,C:\Users\wgucg\Desktop\videos\videos\02_model_development\best_frame_selector\adaptation_v2\extracted_frames\v33\v33_186.jpg
v33,v33_187,1860,62.033470,29.983814,2.998381,1920,1080,jpg,C:\Users\wgucg\Desktop\videos\videos\02_model_development\best_frame_selector\adaptation_v2\extracted_frames\v33\v33_187.jpg
v33,v33_188,1870,62.366983,29.983814,2.998381,1920,1080,jpg,C:\Users\wgucg\Desktop\videos\videos\02_model_development\best_frame_selector\adaptation_v2\extracted_frames\v33\v33_188.jpg
v33,v33_189,1880,62.700496,29.983814,2.998381,1920,1080,jpg,C:\Users\wgucg\Desktop\videos\videos\02_model_development\best_frame_selector\adaptation_v2\extracted_frames\v33\v33_189.jpg
v33,v33_190,1890,63.034010,29.983814,2.998381,1920,1080,jpg,C:\Users\wgucg\Desktop\videos\videos\02_model_development\best_frame_selector\adaptation_v2\extracted_frames\v33\v33_190.jpg
v33,v33_191,1900,63.367523,29.983814,2.998381,1920,1080,jpg,C:\Users\wgucg\Desktop\videos\videos\02_model_development\best_frame_selector\adaptation_v2\extracted_frames\v33\v33_191.jpg
v33,v33_192,1910,63.701036,29.983814,2.998381,1920,1080,jpg,C:\Users\wgucg\Desktop\videos\videos\02_model_development\best_frame_selector\adaptation_v2\extracted_frames\v33\v33_192.jpg
v33,v33_193,1920,64.034550,29.983814,2.998381,1920,1080,jpg,C:\Users\wgucg\Desktop\videos\videos\02_model_development\best_frame_selector\adaptation_v2\extracted_frames\v33\v33_193.jpg
v33,v33_194,1930,64.368063,29.983814,2.998381,1920,1080,jpg,C:\Users\wgucg\Desktop\videos\videos\02_model_development\best_frame_selector\adaptation_v2\extracted_frames\v33\v33_194.jpg
v33,v33_195,1940,64.701576,29.983814,2.998381,1920,1080,jpg,C:\Users\wgucg\Desktop\videos\videos\02_model_development\best_frame_selector\adaptation_v2\extracted_frames\v33\v33_195.jpg
v33,v33_196,1950,65.035089,29.983814,2.998381,1920,1080,jpg,C:\Users\wgucg\Desktop\videos\videos\02_model_development\best_frame_selector\adaptation_v2\extracted_frames\v33\v33_196.jpg
v33,v33_197,1960,65.368603,29.983814,2.998381,1920,1080,jpg,C:\Users\wgucg\Desktop\videos\videos\02_model_development\best_frame_selector\adaptation_v2\extracted_frames\v33\v33_197.jpg
v33,v33_198,1970,65.702116,29.983814,2.998381,1920,1080,jpg,C:\Users\wgucg\Desktop\videos\videos\02_model_development\best_frame_selector\adaptation_v2\extracted_frames\v33\v33_198.jpg
v33,v33_199,1980,66.035629,29.983814,2.998381,1920,1080,jpg,C:\Users\wgucg\Desktop\videos\videos\02_model_development\best_frame_selector\adaptation_v2\extracted_frames\v33\v33_199.jpg
v33,v33_200,1990,66.369143,29.983814,2.998381,1920,1080,jpg,C:\Users\wgucg\Desktop\videos\videos\02_model_development\best_frame_selector\adaptation_v2\extracted_frames\v33\v33_200.jpg
v33,v33_201,2000,66.702656,29.983814,2.998381,1920,1080,jpg,C:\Users\wgucg\Desktop\videos\videos\02_model_development\best_frame_selector\adaptation_v2\extracted_frames\v33\v33_201.jpg
v33,v33_202,2010,67.036169,29.983814,2.998381,1920,1080,jpg,C:\Users\wgucg\Desktop\videos\videos\02_model_development\best_frame_selector\adaptation_v2\extracted_frames\v33\v33_202.jpg
v33,v33_203,2020,67.369682,29.983814,2.998381,1920,1080,jpg,C:\Users\wgucg\Desktop\videos\videos\02_model_development\best_frame_selector\adaptation_v2\extracted_frames\v33\v33_203.jpg
v33,v33_204,2030,67.703196,29.983814,2.998381,1920,1080,jpg,C:\Users\wgucg\Desktop\videos\videos\02_model_development\best_frame_selector\adaptation_v2\extracted_frames\v33\v33_204.jpg
v33,v33_205,2040,68.036709,29.983814,2.998381,1920,1080,jpg,C:\Users\wgucg\Desktop\videos\videos\02_model_development\best_frame_selector\adaptation_v2\extracted_frames\v33\v33_205.jpg
v33,v33_206,2050,68.370222,29.983814,2.998381,1920,1080,jpg,C:\Users\wgucg\Desktop\videos\videos\02_model_development\best_frame_selector\adaptation_v2\extracted_frames\v33\v33_206.jpg
v33,v33_207,2060,68.703735,29.983814,2.998381,1920,1080,jpg,C:\Users\wgucg\Desktop\videos\videos\02_model_development\best_frame_selector\adaptation_v2\extracted_frames\v33\v33_207.jpg
v33,v33_208,2070,69.037249,29.983814,2.998381,1920,1080,jpg,C:\Users\wgucg\Desktop\videos\videos\02_model_development\best_frame_selector\adaptation_v2\extracted_frames\v33\v33_208.jpg
v33,v33_209,2080,69.370762,29.983814,2.998381,1920,1080,jpg,C:\Users\wgucg\Desktop\videos\videos\02_model_development\best_frame_selector\adaptation_v2\extracted_frames\v33\v33_209.jpg
v33,v33_210,2090,69.704275,29.983814,2.998381,1920,1080,jpg,C:\Users\wgucg\Desktop\videos\videos\02_model_development\best_frame_selector\adaptation_v2\extracted_frames\v33\v33_210.jpg
v33,v33_211,2100,70.037789,29.983814,2.998381,1920,1080,jpg,C:\Users\wgucg\Desktop\videos\videos\02_model_development\best_frame_selector\adaptation_v2\extracted_frames\v33\v33_211.jpg
v33,v33_212,2110,70.371302,29.983814,2.998381,1920,1080,jpg,C:\Users\wgucg\Desktop\videos\videos\02_model_development\best_frame_selector\adaptation_v2\extracted_frames\v33\v33_212.jpg
v33,v33_213,2120,70.704815,29.983814,2.998381,1920,1080,jpg,C:\Users\wgucg\Desktop\videos\videos\02_model_development\best_frame_selector\adaptation_v2\extracted_frames\v33\v33_213.jpg
v33,v33_214,2130,71.038328,29.983814,2.998381,1920,1080,jpg,C:\Users\wgucg\Desktop\videos\videos\02_model_development\best_frame_selector\adaptation_v2\extracted_frames\v33\v33_214.jpg
v33,v33_215,2140,71.371842,29.983814,2.998381,1920,1080,jpg,C:\Users\wgucg\Desktop\videos\videos\02_model_development\best_frame_selector\adaptation_v2\extracted_frames\v33\v33_215.jpg
v33,v33_216,2150,71.705355,29.983814,2.998381,1920,1080,jpg,C:\Users\wgucg\Desktop\videos\videos\02_model_development\best_frame_selector\adaptation_v2\extracted_frames\v33\v33_216.jpg
v33,v33_217,2160,72.038868,29.983814,2.998381,1920,1080,jpg,C:\Users\wgucg\Desktop\videos\videos\02_model_development\best_frame_selector\adaptation_v2\extracted_frames\v33\v33_217.jpg
v33,v33_218,2170,72.372382,29.983814,2.998381,1920,1080,jpg,C:\Users\wgucg\Desktop\videos\videos\02_model_development\best_frame_selector\adaptation_v2\extracted_frames\v33\v33_218.jpg
v33,v33_219,2180,72.705895,29.983814,2.998381,1920,1080,jpg,C:\Users\wgucg\Desktop\videos\videos\02_model_development\best_frame_selector\adaptation_v2\extracted_frames\v33\v33_219.jpg
v33,v33_220,2190,73.039408,29.983814,2.998381,1920,1080,jpg,C:\Users\wgucg\Desktop\videos\videos\02_model_development\best_frame_selector\adaptation_v2\extracted_frames\v33\v33_220.jpg
v33,v33_221,2200,73.372921,29.983814,2.998381,1920,1080,jpg,C:\Users\wgucg\Desktop\videos\videos\02_model_development\best_frame_selector\adaptation_v2\extracted_frames\v33\v33_221.jpg
v33,v33_222,2210,73.706435,29.983814,2.998381,1920,1080,jpg,C:\Users\wgucg\Desktop\videos\videos\02_model_development\best_frame_selector\adaptation_v2\extracted_frames\v33\v33_222.jpg
v33,v33_223,2220,74.039948,29.983814,2.998381,1920,1080,jpg,C:\Users\wgucg\Desktop\videos\videos\02_model_development\best_frame_selector\adaptation_v2\extracted_frames\v33\v33_223.jpg
v33,v33_224,2230,74.373461,29.983814,2.998381,1920,1080,jpg,C:\Users\wgucg\Desktop\videos\videos\02_model_development\best_frame_selector\adaptation_v2\extracted_frames\v33\v33_224.jpg
v33,v33_225,2240,74.706975,29.983814,2.998381,1920,1080,jpg,C:\Users\wgucg\Desktop\videos\videos\02_model_development\best_frame_selector\adaptation_v2\extracted_frames\v33\v33_225.jpg
v33,v33_226,2250,75.040488,29.983814,2.998381,1920,1080,jpg,C:\Users\wgucg\Desktop\videos\videos\02_model_development\best_frame_selector\adaptation_v2\extracted_frames\v33\v33_226.jpg
v33,v33_227,2260,75.374001,29.983814,2.998381,1920,1080,jpg,C:\Users\wgucg\Desktop\videos\videos\02_model_development\best_frame_selector\adaptation_v2\extracted_frames\v33\v33_227.jpg
v33,v33_228,2270,75.707514,29.983814,2.998381,1920,1080,jpg,C:\Users\wgucg\Desktop\videos\videos\02_model_development\best_frame_selector\adaptation_v2\extracted_frames\v33\v33_228.jpg
v33,v33_229,2280,76.041028,29.983814,2.998381,1920,1080,jpg,C:\Users\wgucg\Desktop\videos\videos\02_model_development\best_frame_selector\adaptation_v2\extracted_frames\v33\v33_229.jpg
v33,v33_230,2290,76.374541,29.983814,2.998381,1920,1080,jpg,C:\Users\wgucg\Desktop\videos\videos\02_model_development\best_frame_selector\adaptation_v2\extracted_frames\v33\v33_230.jpg
v33,v33_231,2300,76.708054,29.983814,2.998381,1920,1080,jpg,C:\Users\wgucg\Desktop\videos\videos\02_model_development\best_frame_selector\adaptation_v2\extracted_frames\v33\v33_231.jpg
v33,v33_232,2310,77.041567,29.983814,2.998381,1920,1080,jpg,C:\Users\wgucg\Desktop\videos\videos\02_model_development\best_frame_selector\adaptation_v2\extracted_frames\v33\v33_232.jpg
v33,v33_233,2320,77.375081,29.983814,2.998381,1920,1080,jpg,C:\Users\wgucg\Desktop\videos\videos\02_model_development\best_frame_selector\adaptation_v2\extracted_frames\v33\v33_233.jpg
v33,v33_234,2330,77.708594,29.983814,2.998381,1920,1080,jpg,C:\Users\wgucg\Desktop\videos\videos\02_model_development\best_frame_selector\adaptation_v2\extracted_frames\v33\v33_234.jpg
v33,v33_235,2340,78.042107,29.983814,2.998381,1920,1080,jpg,C:\Users\wgucg\Desktop\videos\videos\02_model_development\best_frame_selector\adaptation_v2\extracted_frames\v33\v33_235.jpg
v33,v33_236,2350,78.375621,29.983814,2.998381,1920,1080,jpg,C:\Users\wgucg\Desktop\videos\videos\02_model_development\best_frame_selector\adaptation_v2\extracted_frames\v33\v33_236.jpg
v33,v33_237,2360,78.709134,29.983814,2.998381,1920,1080,jpg,C:\Users\wgucg\Desktop\videos\videos\02_model_development\best_frame_selector\adaptation_v2\extracted_frames\v33\v33_237.jpg
v33,v33_238,2370,79.042647,29.983814,2.998381,1920,1080,jpg,C:\Users\wgucg\Desktop\videos\videos\02_model_development\best_frame_selector\adaptation_v2\extracted_frames\v33\v33_238.jpg
v33,v33_239,2380,79.376160,29.983814,2.998381,1920,1080,jpg,C:\Users\wgucg\Desktop\videos\videos\02_model_development\best_frame_selector\adaptation_v2\extracted_frames\v33\v33_239.jpg
v33,v33_240,2390,79.709674,29.983814,2.998381,1920,1080,jpg,C:\Users\wgucg\Desktop\videos\videos\02_model_development\best_frame_selector\adaptation_v2\extracted_frames\v33\v33_240.jpg
v33,v33_241,2400,80.043187,29.983814,2.998381,1920,1080,jpg,C:\Users\wgucg\Desktop\videos\videos\02_model_development\best_frame_selector\adaptation_v2\extracted_frames\v33\v33_241.jpg
v33,v33_242,2410,80.376700,29.983814,2.998381,1920,1080,jpg,C:\Users\wgucg\Desktop\videos\videos\02_model_development\best_frame_selector\adaptation_v2\extracted_frames\v33\v33_242.jpg
v33,v33_243,2420,80.710214,29.983814,2.998381,1920,1080,jpg,C:\Users\wgucg\Desktop\videos\videos\02_model_development\best_frame_selector\adaptation_v2\extracted_frames\v33\v33_243.jpg
v33,v33_244,2430,81.043727,29.983814,2.998381,1920,1080,jpg,C:\Users\wgucg\Desktop\videos\videos\02_model_development\best_frame_selector\adaptation_v2\extracted_frames\v33\v33_244.jpg
v33,v33_245,2440,81.377240,29.983814,2.998381,1920,1080,jpg,C:\Users\wgucg\Desktop\videos\videos\02_model_development\best_frame_selector\adaptation_v2\extracted_frames\v33\v33_245.jpg
v33,v33_246,2450,81.710753,29.983814,2.998381,1920,1080,jpg,C:\Users\wgucg\Desktop\videos\videos\02_model_development\best_frame_selector\adaptation_v2\extracted_frames\v33\v33_246.jpg
v33,v33_247,2460,82.044267,29.983814,2.998381,1920,1080,jpg,C:\Users\wgucg\Desktop\videos\videos\02_model_development\best_frame_selector\adaptation_v2\extracted_frames\v33\v33_247.jpg
v33,v33_248,2470,82.377780,29.983814,2.998381,1920,1080,jpg,C:\Users\wgucg\Desktop\videos\videos\02_model_development\best_frame_selector\adaptation_v2\extracted_frames\v33\v33_248.jpg
v33,v33_249,2480,82.711293,29.983814,2.998381,1920,1080,jpg,C:\Users\wgucg\Desktop\videos\videos\02_model_development\best_frame_selector\adaptation_v2\extracted_frames\v33\v33_249.jpg
v33,v33_250,2490,83.044806,29.983814,2.998381,1920,1080,jpg,C:\Users\wgucg\Desktop\videos\videos\02_model_development\best_frame_selector\adaptation_v2\extracted_frames\v33\v33_250.jpg
v33,v33_251,2500,83.378320,29.983814,2.998381,1920,1080,jpg,C:\Users\wgucg\Desktop\videos\videos\02_model_development\best_frame_selector\adaptation_v2\extracted_frames\v33\v33_251.jpg
v33,v33_252,2510,83.711833,29.983814,2.998381,1920,1080,jpg,C:\Users\wgucg\Desktop\videos\videos\02_model_development\best_frame_selector\adaptation_v2\extracted_frames\v33\v33_252.jpg
v33,v33_253,2520,84.045346,29.983814,2.998381,1920,1080,jpg,C:\Users\wgucg\Desktop\videos\videos\02_model_development\best_frame_selector\adaptation_v2\extracted_frames\v33\v33_253.jpg
v33,v33_254,2530,84.378860,29.983814,2.998381,1920,1080,jpg,C:\Users\wgucg\Desktop\videos\videos\02_model_development\best_frame_selector\adaptation_v2\extracted_frames\v33\v33_254.jpg
v33,v33_255,2540,84.712373,29.983814,2.998381,1920,1080,jpg,C:\Users\wgucg\Desktop\videos\videos\02_model_development\best_frame_selector\adaptation_v2\extracted_frames\v33\v33_255.jpg
v33,v33_256,2550,85.045886,29.983814,2.998381,1920,1080,jpg,C:\Users\wgucg\Desktop\videos\videos\02_model_development\best_frame_selector\adaptation_v2\extracted_frames\v33\v33_256.jpg
v33,v33_257,2560,85.379399,29.983814,2.998381,1920,1080,jpg,C:\Users\wgucg\Desktop\videos\videos\02_model_development\best_frame_selector\adaptation_v2\extracted_frames\v33\v33_257.jpg
v33,v33_258,2570,85.712913,29.983814,2.998381,1920,1080,jpg,C:\Users\wgucg\Desktop\videos\videos\02_model_development\best_frame_selector\adaptation_v2\extracted_frames\v33\v33_258.jpg
v33,v33_259,2580,86.046426,29.983814,2.998381,1920,1080,jpg,C:\Users\wgucg\Desktop\videos\videos\02_model_development\best_frame_selector\adaptation_v2\extracted_frames\v33\v33_259.jpg
v33,v33_260,2590,86.379939,29.983814,2.998381,1920,1080,jpg,C:\Users\wgucg\Desktop\videos\videos\02_model_development\best_frame_selector\adaptation_v2\extracted_frames\v33\v33_260.jpg
v33,v33_261,2600,86.713453,29.983814,2.998381,1920,1080,jpg,C:\Users\wgucg\Desktop\videos\videos\02_model_development\best_frame_selector\adaptation_v2\extracted_frames\v33\v33_261.jpg
v33,v33_262,2610,87.046966,29.983814,2.998381,1920,1080,jpg,C:\Users\wgucg\Desktop\videos\videos\02_model_development\best_frame_selector\adaptation_v2\extracted_frames\v33\v33_262.jpg
v33,v33_263,2620,87.380479,29.983814,2.998381,1920,1080,jpg,C:\Users\wgucg\Desktop\videos\videos\02_model_development\best_frame_selector\adaptation_v2\extracted_frames\v33\v33_263.jpg
v33,v33_264,2630,87.713992,29.983814,2.998381,1920,1080,jpg,C:\Users\wgucg\Desktop\videos\videos\02_model_development\best_frame_selector\adaptation_v2\extracted_frames\v33\v33_264.jpg
v33,v33_265,2640,88.047506,29.983814,2.998381,1920,1080,jpg,C:\Users\wgucg\Desktop\videos\videos\02_model_development\best_frame_selector\adaptation_v2\extracted_frames\v33\v33_265.jpg
v33,v33_266,2650,88.381019,29.983814,2.998381,1920,1080,jpg,C:\Users\wgucg\Desktop\videos\videos\02_model_development\best_frame_selector\adaptation_v2\extracted_frames\v33\v33_266.jpg
v33,v33_267,2660,88.714532,29.983814,2.998381,1920,1080,jpg,C:\Users\wgucg\Desktop\videos\videos\02_model_development\best_frame_selector\adaptation_v2\extracted_frames\v33\v33_267.jpg
v33,v33_268,2670,89.048046,29.983814,2.998381,1920,1080,jpg,C:\Users\wgucg\Desktop\videos\videos\02_model_development\best_frame_selector\adaptation_v2\extracted_frames\v33\v33_268.jpg
v33,v33_269,2680,89.381559,29.983814,2.998381,1920,1080,jpg,C:\Users\wgucg\Desktop\videos\videos\02_model_development\best_frame_selector\adaptation_v2\extracted_frames\v33\v33_269.jpg
v33,v33_270,2690,89.715072,29.983814,2.998381,1920,1080,jpg,C:\Users\wgucg\Desktop\videos\videos\02_model_development\best_frame_selector\adaptation_v2\extracted_frames\v33\v33_270.jpg
v33,v33_271,2700,90.048585,29.983814,2.998381,1920,1080,jpg,C:\Users\wgucg\Desktop\videos\videos\02_model_development\best_frame_selector\adaptation_v2\extracted_frames\v33\v33_271.jpg
v33,v33_272,2710,90.382099,29.983814,2.998381,1920,1080,jpg,C:\Users\wgucg\Desktop\videos\videos\02_model_development\best_frame_selector\adaptation_v2\extracted_frames\v33\v33_272.jpg
v33,v33_273,2720,90.715612,29.983814,2.998381,1920,1080,jpg,C:\Users\wgucg\Desktop\videos\videos\02_model_development\best_frame_selector\adaptation_v2\extracted_frames\v33\v33_273.jpg
v33,v33_274,2730,91.049125,29.983814,2.998381,1920,1080,jpg,C:\Users\wgucg\Desktop\videos\videos\02_model_development\best_frame_selector\adaptation_v2\extracted_frames\v33\v33_274.jpg
v33,v33_275,2740,91.382638,29.983814,2.998381,1920,1080,jpg,C:\Users\wgucg\Desktop\videos\videos\02_model_development\best_frame_selector\adaptation_v2\extracted_frames\v33\v33_275.jpg
v33,v33_276,2750,91.716152,29.983814,2.998381,1920,1080,jpg,C:\Users\wgucg\Desktop\videos\videos\02_model_development\best_frame_selector\adaptation_v2\extracted_frames\v33\v33_276.jpg
v33,v33_277,2760,92.049665,29.983814,2.998381,1920,1080,jpg,C:\Users\wgucg\Desktop\videos\videos\02_model_development\best_frame_selector\adaptation_v2\extracted_frames\v33\v33_277.jpg
v33,v33_278,2770,92.383178,29.983814,2.998381,1920,1080,jpg,C:\Users\wgucg\Desktop\videos\videos\02_model_development\best_frame_selector\adaptation_v2\extracted_frames\v33\v33_278.jpg
v33,v33_279,2780,92.716692,29.983814,2.998381,1920,1080,jpg,C:\Users\wgucg\Desktop\videos\videos\02_model_development\best_frame_selector\adaptation_v2\extracted_frames\v33\v33_279.jpg
v33,v33_280,2790,93.050205,29.983814,2.998381,1920,1080,jpg,C:\Users\wgucg\Desktop\videos\videos\02_model_development\best_frame_selector\adaptation_v2\extracted_frames\v33\v33_280.jpg
v33,v33_281,2800,93.383718,29.983814,2.998381,1920,1080,jpg,C:\Users\wgucg\Desktop\videos\videos\02_model_development\best_frame_selector\adaptation_v2\extracted_frames\v33\v33_281.jpg
v33,v33_282,2810,93.717231,29.983814,2.998381,1920,1080,jpg,C:\Users\wgucg\Desktop\videos\videos\02_model_development\best_frame_selector\adaptation_v2\extracted_frames\v33\v33_282.jpg
v33,v33_283,2820,94.050745,29.983814,2.998381,1920,1080,jpg,C:\Users\wgucg\Desktop\videos\videos\02_model_development\best_frame_selector\adaptation_v2\extracted_frames\v33\v33_283.jpg
v33,v33_284,2830,94.384258,29.983814,2.998381,1920,1080,jpg,C:\Users\wgucg\Desktop\videos\videos\02_model_development\best_frame_selector\adaptation_v2\extracted_frames\v33\v33_284.jpg
v33,v33_285,2840,94.717771,29.983814,2.998381,1920,1080,jpg,C:\Users\wgucg\Desktop\videos\videos\02_model_development\best_frame_selector\adaptation_v2\extracted_frames\v33\v33_285.jpg
v33,v33_286,2850,95.051285,29.983814,2.998381,1920,1080,jpg,C:\Users\wgucg\Desktop\videos\videos\02_model_development\best_frame_selector\adaptation_v2\extracted_frames\v33\v33_286.jpg
v33,v33_287,2860,95.384798,29.983814,2.998381,1920,1080,jpg,C:\Users\wgucg\Desktop\videos\videos\02_model_development\best_frame_selector\adaptation_v2\extracted_frames\v33\v33_287.jpg
v33,v33_288,2870,95.718311,29.983814,2.998381,1920,1080,jpg,C:\Users\wgucg\Desktop\videos\videos\02_model_development\best_frame_selector\adaptation_v2\extracted_frames\v33\v33_288.jpg
v33,v33_289,2880,96.051824,29.983814,2.998381,1920,1080,jpg,C:\Users\wgucg\Desktop\videos\videos\02_model_development\best_frame_selector\adaptation_v2\extracted_frames\v33\v33_289.jpg
v33,v33_290,2890,96.385338,29.983814,2.998381,1920,1080,jpg,C:\Users\wgucg\Desktop\videos\videos\02_model_development\best_frame_selector\adaptation_v2\extracted_frames\v33\v33_290.jpg
v33,v33_291,2900,96.718851,29.983814,2.998381,1920,1080,jpg,C:\Users\wgucg\Desktop\videos\videos\02_model_development\best_frame_selector\adaptation_v2\extracted_frames\v33\v33_291.jpg
v33,v33_292,2910,97.052364,29.983814,2.998381,1920,1080,jpg,C:\Users\wgucg\Desktop\videos\videos\02_model_development\best_frame_selector\adaptation_v2\extracted_frames\v33\v33_292.jpg
v33,v33_293,2920,97.385877,29.983814,2.998381,1920,1080,jpg,C:\Users\wgucg\Desktop\videos\videos\02_model_development\best_frame_selector\adaptation_v2\extracted_frames\v33\v33_293.jpg
v33,v33_294,2930,97.719391,29.983814,2.998381,1920,1080,jpg,C:\Users\wgucg\Desktop\videos\videos\02_model_development\best_frame_selector\adaptation_v2\extracted_frames\v33\v33_294.jpg
v33,v33_295,2940,98.052904,29.983814,2.998381,1920,1080,jpg,C:\Users\wgucg\Desktop\videos\videos\02_model_development\best_frame_selector\adaptation_v2\extracted_frames\v33\v33_295.jpg
v33,v33_296,2950,98.386417,29.983814,2.998381,1920,1080,jpg,C:\Users\wgucg\Desktop\videos\videos\02_model_development\best_frame_selector\adaptation_v2\extracted_frames\v33\v33_296.jpg
v33,v33_297,2960,98.719931,29.983814,2.998381,1920,1080,jpg,C:\Users\wgucg\Desktop\videos\videos\02_model_development\best_frame_selector\adaptation_v2\extracted_frames\v33\v33_297.jpg
v33,v33_298,2970,99.053444,29.983814,2.998381,1920,1080,jpg,C:\Users\wgucg\Desktop\videos\videos\02_model_development\best_frame_selector\adaptation_v2\extracted_frames\v33\v33_298.jpg
v33,v33_299,2980,99.386957,29.983814,2.998381,1920,1080,jpg,C:\Users\wgucg\Desktop\videos\videos\02_model_development\best_frame_selector\adaptation_v2\extracted_frames\v33\v33_299.jpg
v33,v33_300,2990,99.720470,29.983814,2.998381,1920,1080,jpg,C:\Users\wgucg\Desktop\videos\videos\02_model_development\best_frame_selector\adaptation_v2\extracted_frames\v33\v33_300.jpg
v33,v33_301,3000,100.053984,29.983814,2.998381,1920,1080,jpg,C:\Users\wgucg\Desktop\videos\videos\02_model_development\best_frame_selector\adaptation_v2\extracted_frames\v33\v33_301.jpg
v33,v33_302,3010,100.387497,29.983814,2.998381,1920,1080,jpg,C:\Users\wgucg\Desktop\videos\videos\02_model_development\best_frame_selector\adaptation_v2\extracted_frames\v33\v33_302.jpg
v33,v33_303,3020,100.721010,29.983814,2.998381,1920,1080,jpg,C:\Users\wgucg\Desktop\videos\videos\02_model_development\best_frame_selector\adaptation_v2\extracted_frames\v33\v33_303.jpg
v33,v33_304,3030,101.054524,29.983814,2.998381,1920,1080,jpg,C:\Users\wgucg\Desktop\videos\videos\02_model_development\best_frame_selector\adaptation_v2\extracted_frames\v33\v33_304.jpg
v33,v33_305,3040,101.388037,29.983814,2.998381,1920,1080,jpg,C:\Users\wgucg\Desktop\videos\videos\02_model_development\best_frame_selector\adaptation_v2\extracted_frames\v33\v33_305.jpg
v33,v33_306,3050,101.721550,29.983814,2.998381,1920,1080,jpg,C:\Users\wgucg\Desktop\videos\videos\02_model_development\best_frame_selector\adaptation_v2\extracted_frames\v33\v33_306.jpg
v33,v33_307,3060,102.055063,29.983814,2.998381,1920,1080,jpg,C:\Users\wgucg\Desktop\videos\videos\02_model_development\best_frame_selector\adaptation_v2\extracted_frames\v33\v33_307.jpg
v33,v33_308,3070,102.388577,29.983814,2.998381,1920,1080,jpg,C:\Users\wgucg\Desktop\videos\videos\02_model_development\best_frame_selector\adaptation_v2\extracted_frames\v33\v33_308.jpg
v33,v33_309,3080,102.722090,29.983814,2.998381,1920,1080,jpg,C:\Users\wgucg\Desktop\videos\videos\02_model_development\best_frame_selector\adaptation_v2\extracted_frames\v33\v33_309.jpg
v33,v33_310,3090,103.055603,29.983814,2.998381,1920,1080,jpg,C:\Users\wgucg\Desktop\videos\videos\02_model_development\best_frame_selector\adaptation_v2\extracted_frames\v33\v33_310.jpg
v33,v33_311,3100,103.389117,29.983814,2.998381,1920,1080,jpg,C:\Users\wgucg\Desktop\videos\videos\02_model_development\best_frame_selector\adaptation_v2\extracted_frames\v33\v33_311.jpg
v33,v33_312,3110,103.722630,29.983814,2.998381,1920,1080,jpg,C:\Users\wgucg\Desktop\videos\videos\02_model_development\best_frame_selector\adaptation_v2\extracted_frames\v33\v33_312.jpg
v33,v33_313,3120,104.056143,29.983814,2.998381,1920,1080,jpg,C:\Users\wgucg\Desktop\videos\videos\02_model_development\best_frame_selector\adaptation_v2\extracted_frames\v33\v33_313.jpg
v33,v33_314,3130,104.389656,29.983814,2.998381,1920,1080,jpg,C:\Users\wgucg\Desktop\videos\videos\02_model_development\best_frame_selector\adaptation_v2\extracted_frames\v33\v33_314.jpg
v33,v33_315,3140,104.723170,29.983814,2.998381,1920,1080,jpg,C:\Users\wgucg\Desktop\videos\videos\02_model_development\best_frame_selector\adaptation_v2\extracted_frames\v33\v33_315.jpg
v33,v33_316,3150,105.056683,29.983814,2.998381,1920,1080,jpg,C:\Users\wgucg\Desktop\videos\videos\02_model_development\best_frame_selector\adaptation_v2\extracted_frames\v33\v33_316.jpg
v33,v33_317,3160,105.390196,29.983814,2.998381,1920,1080,jpg,C:\Users\wgucg\Desktop\videos\videos\02_model_development\best_frame_selector\adaptation_v2\extracted_frames\v33\v33_317.jpg
v33,v33_318,3170,105.723709,29.983814,2.998381,1920,1080,jpg,C:\Users\wgucg\Desktop\videos\videos\02_model_development\best_frame_selector\adaptation_v2\extracted_frames\v33\v33_318.jpg
v33,v33_319,3180,106.057223,29.983814,2.998381,1920,1080,jpg,C:\Users\wgucg\Desktop\videos\videos\02_model_development\best_frame_selector\adaptation_v2\extracted_frames\v33\v33_319.jpg
v33,v33_320,3190,106.390736,29.983814,2.998381,1920,1080,jpg,C:\Users\wgucg\Desktop\videos\videos\02_model_development\best_frame_selector\adaptation_v2\extracted_frames\v33\v33_320.jpg
v33,v33_321,3200,106.724249,29.983814,2.998381,1920,1080,jpg,C:\Users\wgucg\Desktop\videos\videos\02_model_development\best_frame_selector\adaptation_v2\extracted_frames\v33\v33_321.jpg
v33,v33_322,3210,107.057763,29.983814,2.998381,1920,1080,jpg,C:\Users\wgucg\Desktop\videos\videos\02_model_development\best_frame_selector\adaptation_v2\extracted_frames\v33\v33_322.jpg
v33,v33_323,3220,107.391276,29.983814,2.998381,1920,1080,jpg,C:\Users\wgucg\Desktop\videos\videos\02_model_development\best_frame_selector\adaptation_v2\extracted_frames\v33\v33_323.jpg
v33,v33_324,3230,107.724789,29.983814,2.998381,1920,1080,jpg,C:\Users\wgucg\Desktop\videos\videos\02_model_development\best_frame_selector\adaptation_v2\extracted_frames\v33\v33_324.jpg
v33,v33_325,3240,108.058302,29.983814,2.998381,1920,1080,jpg,C:\Users\wgucg\Desktop\videos\videos\02_model_development\best_frame_selector\adaptation_v2\extracted_frames\v33\v33_325.jpg
v33,v33_326,3250,108.391816,29.983814,2.998381,1920,1080,jpg,C:\Users\wgucg\Desktop\videos\videos\02_model_development\best_frame_selector\adaptation_v2\extracted_frames\v33\v33_326.jpg
v33,v33_327,3260,108.725329,29.983814,2.998381,1920,1080,jpg,C:\Users\wgucg\Desktop\videos\videos\02_model_development\best_frame_selector\adaptation_v2\extracted_frames\v33\v33_327.jpg
v33,v33_328,3270,109.058842,29.983814,2.998381,1920,1080,jpg,C:\Users\wgucg\Desktop\videos\videos\02_model_development\best_frame_selector\adaptation_v2\extracted_frames\v33\v33_328.jpg
v33,v33_329,3280,109.392356,29.983814,2.998381,1920,1080,jpg,C:\Users\wgucg\Desktop\videos\videos\02_model_development\best_frame_selector\adaptation_v2\extracted_frames\v33\v33_329.jpg
v33,v33_330,3290,109.725869,29.983814,2.998381,1920,1080,jpg,C:\Users\wgucg\Desktop\videos\videos\02_model_development\best_frame_selector\adaptation_v2\extracted_frames\v33\v33_330.jpg
v33,v33_331,3300,110.059382,29.983814,2.998381,1920,1080,jpg,C:\Users\wgucg\Desktop\videos\videos\02_model_development\best_frame_selector\adaptation_v2\extracted_frames\v33\v33_331.jpg
v33,v33_332,3310,110.392895,29.983814,2.998381,1920,1080,jpg,C:\Users\wgucg\Desktop\videos\videos\02_model_development\best_frame_selector\adaptation_v2\extracted_frames\v33\v33_332.jpg
v33,v33_333,3320,110.726409,29.983814,2.998381,1920,1080,jpg,C:\Users\wgucg\Desktop\videos\videos\02_model_development\best_frame_selector\adaptation_v2\extracted_frames\v33\v33_333.jpg
v33,v33_334,3330,111.059922,29.983814,2.998381,1920,1080,jpg,C:\Users\wgucg\Desktop\videos\videos\02_model_development\best_frame_selector\adaptation_v2\extracted_frames\v33\v33_334.jpg
v33,v33_335,3340,111.393435,29.983814,2.998381,1920,1080,jpg,C:\Users\wgucg\Desktop\videos\videos\02_model_development\best_frame_selector\adaptation_v2\extracted_frames\v33\v33_335.jpg
v33,v33_336,3350,111.726948,29.983814,2.998381,1920,1080,jpg,C:\Users\wgucg\Desktop\videos\videos\02_model_development\best_frame_selector\adaptation_v2\extracted_frames\v33\v33_336.jpg
v33,v33_337,3360,112.060462,29.983814,2.998381,1920,1080,jpg,C:\Users\wgucg\Desktop\videos\videos\02_model_development\best_frame_selector\adaptation_v2\extracted_frames\v33\v33_337.jpg
v33,v33_338,3370,112.393975,29.983814,2.998381,1920,1080,jpg,C:\Users\wgucg\Desktop\videos\videos\02_model_development\best_frame_selector\adaptation_v2\extracted_frames\v33\v33_338.jpg
v33,v33_339,3380,112.727488,29.983814,2.998381,1920,1080,jpg,C:\Users\wgucg\Desktop\videos\videos\02_model_development\best_frame_selector\adaptation_v2\extracted_frames\v33\v33_339.jpg
v33,v33_340,3390,113.061002,29.983814,2.998381,1920,1080,jpg,C:\Users\wgucg\Desktop\videos\videos\02_model_development\best_frame_selector\adaptation_v2\extracted_frames\v33\v33_340.jpg
v33,v33_341,3400,113.394515,29.983814,2.998381,1920,1080,jpg,C:\Users\wgucg\Desktop\videos\videos\02_model_development\best_frame_selector\adaptation_v2\extracted_frames\v33\v33_341.jpg
v33,v33_342,3410,113.728028,29.983814,2.998381,1920,1080,jpg,C:\Users\wgucg\Desktop\videos\videos\02_model_development\best_frame_selector\adaptation_v2\extracted_frames\v33\v33_342.jpg
v34,v34_001,0,0.000000,30.000029,3.000003,1920,1080,jpg,C:\Users\wgucg\Desktop\videos\videos\02_model_development\best_frame_selector\adaptation_v2\extracted_frames\v34\v34_001.jpg
v34,v34_002,10,0.333333,30.000029,3.000003,1920,1080,jpg,C:\Users\wgucg\Desktop\videos\videos\02_model_development\best_frame_selector\adaptation_v2\extracted_frames\v34\v34_002.jpg
v34,v34_003,20,0.666666,30.000029,3.000003,1920,1080,jpg,C:\Users\wgucg\Desktop\videos\videos\02_model_development\best_frame_selector\adaptation_v2\extracted_frames\v34\v34_003.jpg
v34,v34_004,30,0.999999,30.000029,3.000003,1920,1080,jpg,C:\Users\wgucg\Desktop\videos\videos\02_model_development\best_frame_selector\adaptation_v2\extracted_frames\v34\v34_004.jpg
v34,v34_005,40,1.333332,30.000029,3.000003,1920,1080,jpg,C:\Users\wgucg\Desktop\videos\videos\02_model_development\best_frame_selector\adaptation_v2\extracted_frames\v34\v34_005.jpg
v34,v34_006,50,1.666665,30.000029,3.000003,1920,1080,jpg,C:\Users\wgucg\Desktop\videos\videos\02_model_development\best_frame_selector\adaptation_v2\extracted_frames\v34\v34_006.jpg
v34,v34_007,60,1.999998,30.000029,3.000003,1920,1080,jpg,C:\Users\wgucg\Desktop\videos\videos\02_model_development\best_frame_selector\adaptation_v2\extracted_frames\v34\v34_007.jpg
v34,v34_008,70,2.333331,30.000029,3.000003,1920,1080,jpg,C:\Users\wgucg\Desktop\videos\videos\02_model_development\best_frame_selector\adaptation_v2\extracted_frames\v34\v34_008.jpg
v34,v34_009,80,2.666664,30.000029,3.000003,1920,1080,jpg,C:\Users\wgucg\Desktop\videos\videos\02_model_development\best_frame_selector\adaptation_v2\extracted_frames\v34\v34_009.jpg
v34,v34_010,90,2.999997,30.000029,3.000003,1920,1080,jpg,C:\Users\wgucg\Desktop\videos\videos\02_model_development\best_frame_selector\adaptation_v2\extracted_frames\v34\v34_010.jpg
v34,v34_011,100,3.333330,30.000029,3.000003,1920,1080,jpg,C:\Users\wgucg\Desktop\videos\videos\02_model_development\best_frame_selector\adaptation_v2\extracted_frames\v34\v34_011.jpg
v34,v34_012,110,3.666663,30.000029,3.000003,1920,1080,jpg,C:\Users\wgucg\Desktop\videos\videos\02_model_development\best_frame_selector\adaptation_v2\extracted_frames\v34\v34_012.jpg
v34,v34_013,120,3.999996,30.000029,3.000003,1920,1080,jpg,C:\Users\wgucg\Desktop\videos\videos\02_model_development\best_frame_selector\adaptation_v2\extracted_frames\v34\v34_013.jpg
v34,v34_014,130,4.333329,30.000029,3.000003,1920,1080,jpg,C:\Users\wgucg\Desktop\videos\videos\02_model_development\best_frame_selector\adaptation_v2\extracted_frames\v34\v34_014.jpg
v34,v34_015,140,4.666662,30.000029,3.000003,1920,1080,jpg,C:\Users\wgucg\Desktop\videos\videos\02_model_development\best_frame_selector\adaptation_v2\extracted_frames\v34\v34_015.jpg
v34,v34_016,150,4.999995,30.000029,3.000003,1920,1080,jpg,C:\Users\wgucg\Desktop\videos\videos\02_model_development\best_frame_selector\adaptation_v2\extracted_frames\v34\v34_016.jpg
v34,v34_017,160,5.333328,30.000029,3.000003,1920,1080,jpg,C:\Users\wgucg\Desktop\videos\videos\02_model_development\best_frame_selector\adaptation_v2\extracted_frames\v34\v34_017.jpg
v34,v34_018,170,5.666661,30.000029,3.000003,1920,1080,jpg,C:\Users\wgucg\Desktop\videos\videos\02_model_development\best_frame_selector\adaptation_v2\extracted_frames\v34\v34_018.jpg
v34,v34_019,180,5.999994,30.000029,3.000003,1920,1080,jpg,C:\Users\wgucg\Desktop\videos\videos\02_model_development\best_frame_selector\adaptation_v2\extracted_frames\v34\v34_019.jpg
v34,v34_020,190,6.333327,30.000029,3.000003,1920,1080,jpg,C:\Users\wgucg\Desktop\videos\videos\02_model_development\best_frame_selector\adaptation_v2\extracted_frames\v34\v34_020.jpg
v34,v34_021,200,6.666660,30.000029,3.000003,1920,1080,jpg,C:\Users\wgucg\Desktop\videos\videos\02_model_development\best_frame_selector\adaptation_v2\extracted_frames\v34\v34_021.jpg
v34,v34_022,210,6.999993,30.000029,3.000003,1920,1080,jpg,C:\Users\wgucg\Desktop\videos\videos\02_model_development\best_frame_selector\adaptation_v2\extracted_frames\v34\v34_022.jpg
v34,v34_023,220,7.333326,30.000029,3.000003,1920,1080,jpg,C:\Users\wgucg\Desktop\videos\videos\02_model_development\best_frame_selector\adaptation_v2\extracted_frames\v34\v34_023.jpg
v34,v34_024,230,7.666659,30.000029,3.000003,1920,1080,jpg,C:\Users\wgucg\Desktop\videos\videos\02_model_development\best_frame_selector\adaptation_v2\extracted_frames\v34\v34_024.jpg
v34,v34_025,240,7.999992,30.000029,3.000003,1920,1080,jpg,C:\Users\wgucg\Desktop\videos\videos\02_model_development\best_frame_selector\adaptation_v2\extracted_frames\v34\v34_025.jpg
v34,v34_026,250,8.333325,30.000029,3.000003,1920,1080,jpg,C:\Users\wgucg\Desktop\videos\videos\02_model_development\best_frame_selector\adaptation_v2\extracted_frames\v34\v34_026.jpg
v34,v34_027,260,8.666658,30.000029,3.000003,1920,1080,jpg,C:\Users\wgucg\Desktop\videos\videos\02_model_development\best_frame_selector\adaptation_v2\extracted_frames\v34\v34_027.jpg
v34,v34_028,270,8.999991,30.000029,3.000003,1920,1080,jpg,C:\Users\wgucg\Desktop\videos\videos\02_model_development\best_frame_selector\adaptation_v2\extracted_frames\v34\v34_028.jpg
v34,v34_029,280,9.333324,30.000029,3.000003,1920,1080,jpg,C:\Users\wgucg\Desktop\videos\videos\02_model_development\best_frame_selector\adaptation_v2\extracted_frames\v34\v34_029.jpg
v34,v34_030,290,9.666657,30.000029,3.000003,1920,1080,jpg,C:\Users\wgucg\Desktop\videos\videos\02_model_development\best_frame_selector\adaptation_v2\extracted_frames\v34\v34_030.jpg
v34,v34_031,300,9.999990,30.000029,3.000003,1920,1080,jpg,C:\Users\wgucg\Desktop\videos\videos\02_model_development\best_frame_selector\adaptation_v2\extracted_frames\v34\v34_031.jpg
v34,v34_032,310,10.333323,30.000029,3.000003,1920,1080,jpg,C:\Users\wgucg\Desktop\videos\videos\02_model_development\best_frame_selector\adaptation_v2\extracted_frames\v34\v34_032.jpg
v34,v34_033,320,10.666656,30.000029,3.000003,1920,1080,jpg,C:\Users\wgucg\Desktop\videos\videos\02_model_development\best_frame_selector\adaptation_v2\extracted_frames\v34\v34_033.jpg
v34,v34_034,330,10.999989,30.000029,3.000003,1920,1080,jpg,C:\Users\wgucg\Desktop\videos\videos\02_model_development\best_frame_selector\adaptation_v2\extracted_frames\v34\v34_034.jpg
v34,v34_035,340,11.333322,30.000029,3.000003,1920,1080,jpg,C:\Users\wgucg\Desktop\videos\videos\02_model_development\best_frame_selector\adaptation_v2\extracted_frames\v34\v34_035.jpg
v34,v34_036,350,11.666655,30.000029,3.000003,1920,1080,jpg,C:\Users\wgucg\Desktop\videos\videos\02_model_development\best_frame_selector\adaptation_v2\extracted_frames\v34\v34_036.jpg
v34,v34_037,360,11.999988,30.000029,3.000003,1920,1080,jpg,C:\Users\wgucg\Desktop\videos\videos\02_model_development\best_frame_selector\adaptation_v2\extracted_frames\v34\v34_037.jpg
v34,v34_038,370,12.333321,30.000029,3.000003,1920,1080,jpg,C:\Users\wgucg\Desktop\videos\videos\02_model_development\best_frame_selector\adaptation_v2\extracted_frames\v34\v34_038.jpg
v34,v34_039,380,12.666654,30.000029,3.000003,1920,1080,jpg,C:\Users\wgucg\Desktop\videos\videos\02_model_development\best_frame_selector\adaptation_v2\extracted_frames\v34\v34_039.jpg
v34,v34_040,390,12.999987,30.000029,3.000003,1920,1080,jpg,C:\Users\wgucg\Desktop\videos\videos\02_model_development\best_frame_selector\adaptation_v2\extracted_frames\v34\v34_040.jpg
v34,v34_041,400,13.333320,30.000029,3.000003,1920,1080,jpg,C:\Users\wgucg\Desktop\videos\videos\02_model_development\best_frame_selector\adaptation_v2\extracted_frames\v34\v34_041.jpg
v34,v34_042,410,13.666653,30.000029,3.000003,1920,1080,jpg,C:\Users\wgucg\Desktop\videos\videos\02_model_development\best_frame_selector\adaptation_v2\extracted_frames\v34\v34_042.jpg
v34,v34_043,420,13.999986,30.000029,3.000003,1920,1080,jpg,C:\Users\wgucg\Desktop\videos\videos\02_model_development\best_frame_selector\adaptation_v2\extracted_frames\v34\v34_043.jpg
v34,v34_044,430,14.333319,30.000029,3.000003,1920,1080,jpg,C:\Users\wgucg\Desktop\videos\videos\02_model_development\best_frame_selector\adaptation_v2\extracted_frames\v34\v34_044.jpg
v34,v34_045,440,14.666652,30.000029,3.000003,1920,1080,jpg,C:\Users\wgucg\Desktop\videos\videos\02_model_development\best_frame_selector\adaptation_v2\extracted_frames\v34\v34_045.jpg
v34,v34_046,450,14.999985,30.000029,3.000003,1920,1080,jpg,C:\Users\wgucg\Desktop\videos\videos\02_model_development\best_frame_selector\adaptation_v2\extracted_frames\v34\v34_046.jpg
v34,v34_047,460,15.333318,30.000029,3.000003,1920,1080,jpg,C:\Users\wgucg\Desktop\videos\videos\02_model_development\best_frame_selector\adaptation_v2\extracted_frames\v34\v34_047.jpg
v34,v34_048,470,15.666651,30.000029,3.000003,1920,1080,jpg,C:\Users\wgucg\Desktop\videos\videos\02_model_development\best_frame_selector\adaptation_v2\extracted_frames\v34\v34_048.jpg
v34,v34_049,480,15.999984,30.000029,3.000003,1920,1080,jpg,C:\Users\wgucg\Desktop\videos\videos\02_model_development\best_frame_selector\adaptation_v2\extracted_frames\v34\v34_049.jpg
v34,v34_050,490,16.333317,30.000029,3.000003,1920,1080,jpg,C:\Users\wgucg\Desktop\videos\videos\02_model_development\best_frame_selector\adaptation_v2\extracted_frames\v34\v34_050.jpg
v34,v34_051,500,16.666650,30.000029,3.000003,1920,1080,jpg,C:\Users\wgucg\Desktop\videos\videos\02_model_development\best_frame_selector\adaptation_v2\extracted_frames\v34\v34_051.jpg
v34,v34_052,510,16.999983,30.000029,3.000003,1920,1080,jpg,C:\Users\wgucg\Desktop\videos\videos\02_model_development\best_frame_selector\adaptation_v2\extracted_frames\v34\v34_052.jpg
v34,v34_053,520,17.333316,30.000029,3.000003,1920,1080,jpg,C:\Users\wgucg\Desktop\videos\videos\02_model_development\best_frame_selector\adaptation_v2\extracted_frames\v34\v34_053.jpg
v34,v34_054,530,17.666649,30.000029,3.000003,1920,1080,jpg,C:\Users\wgucg\Desktop\videos\videos\02_model_development\best_frame_selector\adaptation_v2\extracted_frames\v34\v34_054.jpg
v34,v34_055,540,17.999982,30.000029,3.000003,1920,1080,jpg,C:\Users\wgucg\Desktop\videos\videos\02_model_development\best_frame_selector\adaptation_v2\extracted_frames\v34\v34_055.jpg
v34,v34_056,550,18.333315,30.000029,3.000003,1920,1080,jpg,C:\Users\wgucg\Desktop\videos\videos\02_model_development\best_frame_selector\adaptation_v2\extracted_frames\v34\v34_056.jpg
v34,v34_057,560,18.666648,30.000029,3.000003,1920,1080,jpg,C:\Users\wgucg\Desktop\videos\videos\02_model_development\best_frame_selector\adaptation_v2\extracted_frames\v34\v34_057.jpg
v34,v34_058,570,18.999981,30.000029,3.000003,1920,1080,jpg,C:\Users\wgucg\Desktop\videos\videos\02_model_development\best_frame_selector\adaptation_v2\extracted_frames\v34\v34_058.jpg
v34,v34_059,580,19.333314,30.000029,3.000003,1920,1080,jpg,C:\Users\wgucg\Desktop\videos\videos\02_model_development\best_frame_selector\adaptation_v2\extracted_frames\v34\v34_059.jpg
v34,v34_060,590,19.666647,30.000029,3.000003,1920,1080,jpg,C:\Users\wgucg\Desktop\videos\videos\02_model_development\best_frame_selector\adaptation_v2\extracted_frames\v34\v34_060.jpg
v34,v34_061,600,19.999981,30.000029,3.000003,1920,1080,jpg,C:\Users\wgucg\Desktop\videos\videos\02_model_development\best_frame_selector\adaptation_v2\extracted_frames\v34\v34_061.jpg
v34,v34_062,610,20.333314,30.000029,3.000003,1920,1080,jpg,C:\Users\wgucg\Desktop\videos\videos\02_model_development\best_frame_selector\adaptation_v2\extracted_frames\v34\v34_062.jpg
v34,v34_063,620,20.666647,30.000029,3.000003,1920,1080,jpg,C:\Users\wgucg\Desktop\videos\videos\02_model_development\best_frame_selector\adaptation_v2\extracted_frames\v34\v34_063.jpg
v34,v34_064,630,20.999980,30.000029,3.000003,1920,1080,jpg,C:\Users\wgucg\Desktop\videos\videos\02_model_development\best_frame_selector\adaptation_v2\extracted_frames\v34\v34_064.jpg
v34,v34_065,640,21.333313,30.000029,3.000003,1920,1080,jpg,C:\Users\wgucg\Desktop\videos\videos\02_model_development\best_frame_selector\adaptation_v2\extracted_frames\v34\v34_065.jpg
v34,v34_066,650,21.666646,30.000029,3.000003,1920,1080,jpg,C:\Users\wgucg\Desktop\videos\videos\02_model_development\best_frame_selector\adaptation_v2\extracted_frames\v34\v34_066.jpg
v34,v34_067,660,21.999979,30.000029,3.000003,1920,1080,jpg,C:\Users\wgucg\Desktop\videos\videos\02_model_development\best_frame_selector\adaptation_v2\extracted_frames\v34\v34_067.jpg
v34,v34_068,670,22.333312,30.000029,3.000003,1920,1080,jpg,C:\Users\wgucg\Desktop\videos\videos\02_model_development\best_frame_selector\adaptation_v2\extracted_frames\v34\v34_068.jpg
v34,v34_069,680,22.666645,30.000029,3.000003,1920,1080,jpg,C:\Users\wgucg\Desktop\videos\videos\02_model_development\best_frame_selector\adaptation_v2\extracted_frames\v34\v34_069.jpg
v34,v34_070,690,22.999978,30.000029,3.000003,1920,1080,jpg,C:\Users\wgucg\Desktop\videos\videos\02_model_development\best_frame_selector\adaptation_v2\extracted_frames\v34\v34_070.jpg
v34,v34_071,700,23.333311,30.000029,3.000003,1920,1080,jpg,C:\Users\wgucg\Desktop\videos\videos\02_model_development\best_frame_selector\adaptation_v2\extracted_frames\v34\v34_071.jpg
v34,v34_072,710,23.666644,30.000029,3.000003,1920,1080,jpg,C:\Users\wgucg\Desktop\videos\videos\02_model_development\best_frame_selector\adaptation_v2\extracted_frames\v34\v34_072.jpg
v34,v34_073,720,23.999977,30.000029,3.000003,1920,1080,jpg,C:\Users\wgucg\Desktop\videos\videos\02_model_development\best_frame_selector\adaptation_v2\extracted_frames\v34\v34_073.jpg
v34,v34_074,730,24.333310,30.000029,3.000003,1920,1080,jpg,C:\Users\wgucg\Desktop\videos\videos\02_model_development\best_frame_selector\adaptation_v2\extracted_frames\v34\v34_074.jpg
v34,v34_075,740,24.666643,30.000029,3.000003,1920,1080,jpg,C:\Users\wgucg\Desktop\videos\videos\02_model_development\best_frame_selector\adaptation_v2\extracted_frames\v34\v34_075.jpg
v34,v34_076,750,24.999976,30.000029,3.000003,1920,1080,jpg,C:\Users\wgucg\Desktop\videos\videos\02_model_development\best_frame_selector\adaptation_v2\extracted_frames\v34\v34_076.jpg
v34,v34_077,760,25.333309,30.000029,3.000003,1920,1080,jpg,C:\Users\wgucg\Desktop\videos\videos\02_model_development\best_frame_selector\adaptation_v2\extracted_frames\v34\v34_077.jpg
v34,v34_078,770,25.666642,30.000029,3.000003,1920,1080,jpg,C:\Users\wgucg\Desktop\videos\videos\02_model_development\best_frame_selector\adaptation_v2\extracted_frames\v34\v34_078.jpg
v34,v34_079,780,25.999975,30.000029,3.000003,1920,1080,jpg,C:\Users\wgucg\Desktop\videos\videos\02_model_development\best_frame_selector\adaptation_v2\extracted_frames\v34\v34_079.jpg
v34,v34_080,790,26.333308,30.000029,3.000003,1920,1080,jpg,C:\Users\wgucg\Desktop\videos\videos\02_model_development\best_frame_selector\adaptation_v2\extracted_frames\v34\v34_080.jpg
v34,v34_081,800,26.666641,30.000029,3.000003,1920,1080,jpg,C:\Users\wgucg\Desktop\videos\videos\02_model_development\best_frame_selector\adaptation_v2\extracted_frames\v34\v34_081.jpg
v34,v34_082,810,26.999974,30.000029,3.000003,1920,1080,jpg,C:\Users\wgucg\Desktop\videos\videos\02_model_development\best_frame_selector\adaptation_v2\extracted_frames\v34\v34_082.jpg
v34,v34_083,820,27.333307,30.000029,3.000003,1920,1080,jpg,C:\Users\wgucg\Desktop\videos\videos\02_model_development\best_frame_selector\adaptation_v2\extracted_frames\v34\v34_083.jpg
v34,v34_084,830,27.666640,30.000029,3.000003,1920,1080,jpg,C:\Users\wgucg\Desktop\videos\videos\02_model_development\best_frame_selector\adaptation_v2\extracted_frames\v34\v34_084.jpg
v34,v34_085,840,27.999973,30.000029,3.000003,1920,1080,jpg,C:\Users\wgucg\Desktop\videos\videos\02_model_development\best_frame_selector\adaptation_v2\extracted_frames\v34\v34_085.jpg
v34,v34_086,850,28.333306,30.000029,3.000003,1920,1080,jpg,C:\Users\wgucg\Desktop\videos\videos\02_model_development\best_frame_selector\adaptation_v2\extracted_frames\v34\v34_086.jpg
v34,v34_087,860,28.666639,30.000029,3.000003,1920,1080,jpg,C:\Users\wgucg\Desktop\videos\videos\02_model_development\best_frame_selector\adaptation_v2\extracted_frames\v34\v34_087.jpg
v34,v34_088,870,28.999972,30.000029,3.000003,1920,1080,jpg,C:\Users\wgucg\Desktop\videos\videos\02_model_development\best_frame_selector\adaptation_v2\extracted_frames\v34\v34_088.jpg
v34,v34_089,880,29.333305,30.000029,3.000003,1920,1080,jpg,C:\Users\wgucg\Desktop\videos\videos\02_model_development\best_frame_selector\adaptation_v2\extracted_frames\v34\v34_089.jpg
v34,v34_090,890,29.666638,30.000029,3.000003,1920,1080,jpg,C:\Users\wgucg\Desktop\videos\videos\02_model_development\best_frame_selector\adaptation_v2\extracted_frames\v34\v34_090.jpg
v34,v34_091,900,29.999971,30.000029,3.000003,1920,1080,jpg,C:\Users\wgucg\Desktop\videos\videos\02_model_development\best_frame_selector\adaptation_v2\extracted_frames\v34\v34_091.jpg
v34,v34_092,910,30.333304,30.000029,3.000003,1920,1080,jpg,C:\Users\wgucg\Desktop\videos\videos\02_model_development\best_frame_selector\adaptation_v2\extracted_frames\v34\v34_092.jpg
v34,v34_093,920,30.666637,30.000029,3.000003,1920,1080,jpg,C:\Users\wgucg\Desktop\videos\videos\02_model_development\best_frame_selector\adaptation_v2\extracted_frames\v34\v34_093.jpg
v34,v34_094,930,30.999970,30.000029,3.000003,1920,1080,jpg,C:\Users\wgucg\Desktop\videos\videos\02_model_development\best_frame_selector\adaptation_v2\extracted_frames\v34\v34_094.jpg
v34,v34_095,940,31.333303,30.000029,3.000003,1920,1080,jpg,C:\Users\wgucg\Desktop\videos\videos\02_model_development\best_frame_selector\adaptation_v2\extracted_frames\v34\v34_095.jpg
v34,v34_096,950,31.666636,30.000029,3.000003,1920,1080,jpg,C:\Users\wgucg\Desktop\videos\videos\02_model_development\best_frame_selector\adaptation_v2\extracted_frames\v34\v34_096.jpg
v34,v34_097,960,31.999969,30.000029,3.000003,1920,1080,jpg,C:\Users\wgucg\Desktop\videos\videos\02_model_development\best_frame_selector\adaptation_v2\extracted_frames\v34\v34_097.jpg
v34,v34_098,970,32.333302,30.000029,3.000003,1920,1080,jpg,C:\Users\wgucg\Desktop\videos\videos\02_model_development\best_frame_selector\adaptation_v2\extracted_frames\v34\v34_098.jpg
v34,v34_099,980,32.666635,30.000029,3.000003,1920,1080,jpg,C:\Users\wgucg\Desktop\videos\videos\02_model_development\best_frame_selector\adaptation_v2\extracted_frames\v34\v34_099.jpg
v34,v34_100,990,32.999968,30.000029,3.000003,1920,1080,jpg,C:\Users\wgucg\Desktop\videos\videos\02_model_development\best_frame_selector\adaptation_v2\extracted_frames\v34\v34_100.jpg
v34,v34_101,1000,33.333301,30.000029,3.000003,1920,1080,jpg,C:\Users\wgucg\Desktop\videos\videos\02_model_development\best_frame_selector\adaptation_v2\extracted_frames\v34\v34_101.jpg
v34,v34_102,1010,33.666634,30.000029,3.000003,1920,1080,jpg,C:\Users\wgucg\Desktop\videos\videos\02_model_development\best_frame_selector\adaptation_v2\extracted_frames\v34\v34_102.jpg
v34,v34_103,1020,33.999967,30.000029,3.000003,1920,1080,jpg,C:\Users\wgucg\Desktop\videos\videos\02_model_development\best_frame_selector\adaptation_v2\extracted_frames\v34\v34_103.jpg
v34,v34_104,1030,34.333300,30.000029,3.000003,1920,1080,jpg,C:\Users\wgucg\Desktop\videos\videos\02_model_development\best_frame_selector\adaptation_v2\extracted_frames\v34\v34_104.jpg
v34,v34_105,1040,34.666633,30.000029,3.000003,1920,1080,jpg,C:\Users\wgucg\Desktop\videos\videos\02_model_development\best_frame_selector\adaptation_v2\extracted_frames\v34\v34_105.jpg
v34,v34_106,1050,34.999966,30.000029,3.000003,1920,1080,jpg,C:\Users\wgucg\Desktop\videos\videos\02_model_development\best_frame_selector\adaptation_v2\extracted_frames\v34\v34_106.jpg
v34,v34_107,1060,35.333299,30.000029,3.000003,1920,1080,jpg,C:\Users\wgucg\Desktop\videos\videos\02_model_development\best_frame_selector\adaptation_v2\extracted_frames\v34\v34_107.jpg
v34,v34_108,1070,35.666632,30.000029,3.000003,1920,1080,jpg,C:\Users\wgucg\Desktop\videos\videos\02_model_development\best_frame_selector\adaptation_v2\extracted_frames\v34\v34_108.jpg
v34,v34_109,1080,35.999965,30.000029,3.000003,1920,1080,jpg,C:\Users\wgucg\Desktop\videos\videos\02_model_development\best_frame_selector\adaptation_v2\extracted_frames\v34\v34_109.jpg
v34,v34_110,1090,36.333298,30.000029,3.000003,1920,1080,jpg,C:\Users\wgucg\Desktop\videos\videos\02_model_development\best_frame_selector\adaptation_v2\extracted_frames\v34\v34_110.jpg
v34,v34_111,1100,36.666631,30.000029,3.000003,1920,1080,jpg,C:\Users\wgucg\Desktop\videos\videos\02_model_development\best_frame_selector\adaptation_v2\extracted_frames\v34\v34_111.jpg
v34,v34_112,1110,36.999964,30.000029,3.000003,1920,1080,jpg,C:\Users\wgucg\Desktop\videos\videos\02_model_development\best_frame_selector\adaptation_v2\extracted_frames\v34\v34_112.jpg
v34,v34_113,1120,37.333297,30.000029,3.000003,1920,1080,jpg,C:\Users\wgucg\Desktop\videos\videos\02_model_development\best_frame_selector\adaptation_v2\extracted_frames\v34\v34_113.jpg
v34,v34_114,1130,37.666630,30.000029,3.000003,1920,1080,jpg,C:\Users\wgucg\Desktop\videos\videos\02_model_development\best_frame_selector\adaptation_v2\extracted_frames\v34\v34_114.jpg
v34,v34_115,1140,37.999963,30.000029,3.000003,1920,1080,jpg,C:\Users\wgucg\Desktop\videos\videos\02_model_development\best_frame_selector\adaptation_v2\extracted_frames\v34\v34_115.jpg
v34,v34_116,1150,38.333296,30.000029,3.000003,1920,1080,jpg,C:\Users\wgucg\Desktop\videos\videos\02_model_development\best_frame_selector\adaptation_v2\extracted_frames\v34\v34_116.jpg
v34,v34_117,1160,38.666629,30.000029,3.000003,1920,1080,jpg,C:\Users\wgucg\Desktop\videos\videos\02_model_development\best_frame_selector\adaptation_v2\extracted_frames\v34\v34_117.jpg
v34,v34_118,1170,38.999962,30.000029,3.000003,1920,1080,jpg,C:\Users\wgucg\Desktop\videos\videos\02_model_development\best_frame_selector\adaptation_v2\extracted_frames\v34\v34_118.jpg
v34,v34_119,1180,39.333295,30.000029,3.000003,1920,1080,jpg,C:\Users\wgucg\Desktop\videos\videos\02_model_development\best_frame_selector\adaptation_v2\extracted_frames\v34\v34_119.jpg
v34,v34_120,1190,39.666628,30.000029,3.000003,1920,1080,jpg,C:\Users\wgucg\Desktop\videos\videos\02_model_development\best_frame_selector\adaptation_v2\extracted_frames\v34\v34_120.jpg
v34,v34_121,1200,39.999961,30.000029,3.000003,1920,1080,jpg,C:\Users\wgucg\Desktop\videos\videos\02_model_development\best_frame_selector\adaptation_v2\extracted_frames\v34\v34_121.jpg
v34,v34_122,1210,40.333294,30.000029,3.000003,1920,1080,jpg,C:\Users\wgucg\Desktop\videos\videos\02_model_development\best_frame_selector\adaptation_v2\extracted_frames\v34\v34_122.jpg
v34,v34_123,1220,40.666627,30.000029,3.000003,1920,1080,jpg,C:\Users\wgucg\Desktop\videos\videos\02_model_development\best_frame_selector\adaptation_v2\extracted_frames\v34\v34_123.jpg
v34,v34_124,1230,40.999960,30.000029,3.000003,1920,1080,jpg,C:\Users\wgucg\Desktop\videos\videos\02_model_development\best_frame_selector\adaptation_v2\extracted_frames\v34\v34_124.jpg
v34,v34_125,1240,41.333293,30.000029,3.000003,1920,1080,jpg,C:\Users\wgucg\Desktop\videos\videos\02_model_development\best_frame_selector\adaptation_v2\extracted_frames\v34\v34_125.jpg
v34,v34_126,1250,41.666626,30.000029,3.000003,1920,1080,jpg,C:\Users\wgucg\Desktop\videos\videos\02_model_development\best_frame_selector\adaptation_v2\extracted_frames\v34\v34_126.jpg
v34,v34_127,1260,41.999959,30.000029,3.000003,1920,1080,jpg,C:\Users\wgucg\Desktop\videos\videos\02_model_development\best_frame_selector\adaptation_v2\extracted_frames\v34\v34_127.jpg
v34,v34_128,1270,42.333292,30.000029,3.000003,1920,1080,jpg,C:\Users\wgucg\Desktop\videos\videos\02_model_development\best_frame_selector\adaptation_v2\extracted_frames\v34\v34_128.jpg
v34,v34_129,1280,42.666625,30.000029,3.000003,1920,1080,jpg,C:\Users\wgucg\Desktop\videos\videos\02_model_development\best_frame_selector\adaptation_v2\extracted_frames\v34\v34_129.jpg
v34,v34_130,1290,42.999958,30.000029,3.000003,1920,1080,jpg,C:\Users\wgucg\Desktop\videos\videos\02_model_development\best_frame_selector\adaptation_v2\extracted_frames\v34\v34_130.jpg
v34,v34_131,1300,43.333291,30.000029,3.000003,1920,1080,jpg,C:\Users\wgucg\Desktop\videos\videos\02_model_development\best_frame_selector\adaptation_v2\extracted_frames\v34\v34_131.jpg
v34,v34_132,1310,43.666624,30.000029,3.000003,1920,1080,jpg,C:\Users\wgucg\Desktop\videos\videos\02_model_development\best_frame_selector\adaptation_v2\extracted_frames\v34\v34_132.jpg
v34,v34_133,1320,43.999957,30.000029,3.000003,1920,1080,jpg,C:\Users\wgucg\Desktop\videos\videos\02_model_development\best_frame_selector\adaptation_v2\extracted_frames\v34\v34_133.jpg
v34,v34_134,1330,44.333290,30.000029,3.000003,1920,1080,jpg,C:\Users\wgucg\Desktop\videos\videos\02_model_development\best_frame_selector\adaptation_v2\extracted_frames\v34\v34_134.jpg
v34,v34_135,1340,44.666623,30.000029,3.000003,1920,1080,jpg,C:\Users\wgucg\Desktop\videos\videos\02_model_development\best_frame_selector\adaptation_v2\extracted_frames\v34\v34_135.jpg
v34,v34_136,1350,44.999956,30.000029,3.000003,1920,1080,jpg,C:\Users\wgucg\Desktop\videos\videos\02_model_development\best_frame_selector\adaptation_v2\extracted_frames\v34\v34_136.jpg
v34,v34_137,1360,45.333289,30.000029,3.000003,1920,1080,jpg,C:\Users\wgucg\Desktop\videos\videos\02_model_development\best_frame_selector\adaptation_v2\extracted_frames\v34\v34_137.jpg
v34,v34_138,1370,45.666622,30.000029,3.000003,1920,1080,jpg,C:\Users\wgucg\Desktop\videos\videos\02_model_development\best_frame_selector\adaptation_v2\extracted_frames\v34\v34_138.jpg
v34,v34_139,1380,45.999955,30.000029,3.000003,1920,1080,jpg,C:\Users\wgucg\Desktop\videos\videos\02_model_development\best_frame_selector\adaptation_v2\extracted_frames\v34\v34_139.jpg
v34,v34_140,1390,46.333288,30.000029,3.000003,1920,1080,jpg,C:\Users\wgucg\Desktop\videos\videos\02_model_development\best_frame_selector\adaptation_v2\extracted_frames\v34\v34_140.jpg
v34,v34_141,1400,46.666621,30.000029,3.000003,1920,1080,jpg,C:\Users\wgucg\Desktop\videos\videos\02_model_development\best_frame_selector\adaptation_v2\extracted_frames\v34\v34_141.jpg
v34,v34_142,1410,46.999954,30.000029,3.000003,1920,1080,jpg,C:\Users\wgucg\Desktop\videos\videos\02_model_development\best_frame_selector\adaptation_v2\extracted_frames\v34\v34_142.jpg
v34,v34_143,1420,47.333287,30.000029,3.000003,1920,1080,jpg,C:\Users\wgucg\Desktop\videos\videos\02_model_development\best_frame_selector\adaptation_v2\extracted_frames\v34\v34_143.jpg
v34,v34_144,1430,47.666620,30.000029,3.000003,1920,1080,jpg,C:\Users\wgucg\Desktop\videos\videos\02_model_development\best_frame_selector\adaptation_v2\extracted_frames\v34\v34_144.jpg
v34,v34_145,1440,47.999953,30.000029,3.000003,1920,1080,jpg,C:\Users\wgucg\Desktop\videos\videos\02_model_development\best_frame_selector\adaptation_v2\extracted_frames\v34\v34_145.jpg
v34,v34_146,1450,48.333286,30.000029,3.000003,1920,1080,jpg,C:\Users\wgucg\Desktop\videos\videos\02_model_development\best_frame_selector\adaptation_v2\extracted_frames\v34\v34_146.jpg
v34,v34_147,1460,48.666619,30.000029,3.000003,1920,1080,jpg,C:\Users\wgucg\Desktop\videos\videos\02_model_development\best_frame_selector\adaptation_v2\extracted_frames\v34\v34_147.jpg
v34,v34_148,1470,48.999952,30.000029,3.000003,1920,1080,jpg,C:\Users\wgucg\Desktop\videos\videos\02_model_development\best_frame_selector\adaptation_v2\extracted_frames\v34\v34_148.jpg
v34,v34_149,1480,49.333285,30.000029,3.000003,1920,1080,jpg,C:\Users\wgucg\Desktop\videos\videos\02_model_development\best_frame_selector\adaptation_v2\extracted_frames\v34\v34_149.jpg
v34,v34_150,1490,49.666618,30.000029,3.000003,1920,1080,jpg,C:\Users\wgucg\Desktop\videos\videos\02_model_development\best_frame_selector\adaptation_v2\extracted_frames\v34\v34_150.jpg
v34,v34_151,1500,49.999951,30.000029,3.000003,1920,1080,jpg,C:\Users\wgucg\Desktop\videos\videos\02_model_development\best_frame_selector\adaptation_v2\extracted_frames\v34\v34_151.jpg
v34,v34_152,1510,50.333284,30.000029,3.000003,1920,1080,jpg,C:\Users\wgucg\Desktop\videos\videos\02_model_development\best_frame_selector\adaptation_v2\extracted_frames\v34\v34_152.jpg
v34,v34_153,1520,50.666617,30.000029,3.000003,1920,1080,jpg,C:\Users\wgucg\Desktop\videos\videos\02_model_development\best_frame_selector\adaptation_v2\extracted_frames\v34\v34_153.jpg
v34,v34_154,1530,50.999950,30.000029,3.000003,1920,1080,jpg,C:\Users\wgucg\Desktop\videos\videos\02_model_development\best_frame_selector\adaptation_v2\extracted_frames\v34\v34_154.jpg
v34,v34_155,1540,51.333283,30.000029,3.000003,1920,1080,jpg,C:\Users\wgucg\Desktop\videos\videos\02_model_development\best_frame_selector\adaptation_v2\extracted_frames\v34\v34_155.jpg
v34,v34_156,1550,51.666616,30.000029,3.000003,1920,1080,jpg,C:\Users\wgucg\Desktop\videos\videos\02_model_development\best_frame_selector\adaptation_v2\extracted_frames\v34\v34_156.jpg
v34,v34_157,1560,51.999949,30.000029,3.000003,1920,1080,jpg,C:\Users\wgucg\Desktop\videos\videos\02_model_development\best_frame_selector\adaptation_v2\extracted_frames\v34\v34_157.jpg
v34,v34_158,1570,52.333282,30.000029,3.000003,1920,1080,jpg,C:\Users\wgucg\Desktop\videos\videos\02_model_development\best_frame_selector\adaptation_v2\extracted_frames\v34\v34_158.jpg
v34,v34_159,1580,52.666615,30.000029,3.000003,1920,1080,jpg,C:\Users\wgucg\Desktop\videos\videos\02_model_development\best_frame_selector\adaptation_v2\extracted_frames\v34\v34_159.jpg
v34,v34_160,1590,52.999948,30.000029,3.000003,1920,1080,jpg,C:\Users\wgucg\Desktop\videos\videos\02_model_development\best_frame_selector\adaptation_v2\extracted_frames\v34\v34_160.jpg
v34,v34_161,1600,53.333281,30.000029,3.000003,1920,1080,jpg,C:\Users\wgucg\Desktop\videos\videos\02_model_development\best_frame_selector\adaptation_v2\extracted_frames\v34\v34_161.jpg
v34,v34_162,1610,53.666614,30.000029,3.000003,1920,1080,jpg,C:\Users\wgucg\Desktop\videos\videos\02_model_development\best_frame_selector\adaptation_v2\extracted_frames\v34\v34_162.jpg
v34,v34_163,1620,53.999947,30.000029,3.000003,1920,1080,jpg,C:\Users\wgucg\Desktop\videos\videos\02_model_development\best_frame_selector\adaptation_v2\extracted_frames\v34\v34_163.jpg
v34,v34_164,1630,54.333280,30.000029,3.000003,1920,1080,jpg,C:\Users\wgucg\Desktop\videos\videos\02_model_development\best_frame_selector\adaptation_v2\extracted_frames\v34\v34_164.jpg
v34,v34_165,1640,54.666613,30.000029,3.000003,1920,1080,jpg,C:\Users\wgucg\Desktop\videos\videos\02_model_development\best_frame_selector\adaptation_v2\extracted_frames\v34\v34_165.jpg
v34,v34_166,1650,54.999946,30.000029,3.000003,1920,1080,jpg,C:\Users\wgucg\Desktop\videos\videos\02_model_development\best_frame_selector\adaptation_v2\extracted_frames\v34\v34_166.jpg
v34,v34_167,1660,55.333279,30.000029,3.000003,1920,1080,jpg,C:\Users\wgucg\Desktop\videos\videos\02_model_development\best_frame_selector\adaptation_v2\extracted_frames\v34\v34_167.jpg
v34,v34_168,1670,55.666612,30.000029,3.000003,1920,1080,jpg,C:\Users\wgucg\Desktop\videos\videos\02_model_development\best_frame_selector\adaptation_v2\extracted_frames\v34\v34_168.jpg
v34,v34_169,1680,55.999945,30.000029,3.000003,1920,1080,jpg,C:\Users\wgucg\Desktop\videos\videos\02_model_development\best_frame_selector\adaptation_v2\extracted_frames\v34\v34_169.jpg
v34,v34_170,1690,56.333278,30.000029,3.000003,1920,1080,jpg,C:\Users\wgucg\Desktop\videos\videos\02_model_development\best_frame_selector\adaptation_v2\extracted_frames\v34\v34_170.jpg
v34,v34_171,1700,56.666611,30.000029,3.000003,1920,1080,jpg,C:\Users\wgucg\Desktop\videos\videos\02_model_development\best_frame_selector\adaptation_v2\extracted_frames\v34\v34_171.jpg
v34,v34_172,1710,56.999944,30.000029,3.000003,1920,1080,jpg,C:\Users\wgucg\Desktop\videos\videos\02_model_development\best_frame_selector\adaptation_v2\extracted_frames\v34\v34_172.jpg
v34,v34_173,1720,57.333277,30.000029,3.000003,1920,1080,jpg,C:\Users\wgucg\Desktop\videos\videos\02_model_development\best_frame_selector\adaptation_v2\extracted_frames\v34\v34_173.jpg
v34,v34_174,1730,57.666610,30.000029,3.000003,1920,1080,jpg,C:\Users\wgucg\Desktop\videos\videos\02_model_development\best_frame_selector\adaptation_v2\extracted_frames\v34\v34_174.jpg
v34,v34_175,1740,57.999943,30.000029,3.000003,1920,1080,jpg,C:\Users\wgucg\Desktop\videos\videos\02_model_development\best_frame_selector\adaptation_v2\extracted_frames\v34\v34_175.jpg
v34,v34_176,1750,58.333276,30.000029,3.000003,1920,1080,jpg,C:\Users\wgucg\Desktop\videos\videos\02_model_development\best_frame_selector\adaptation_v2\extracted_frames\v34\v34_176.jpg
v34,v34_177,1760,58.666609,30.000029,3.000003,1920,1080,jpg,C:\Users\wgucg\Desktop\videos\videos\02_model_development\best_frame_selector\adaptation_v2\extracted_frames\v34\v34_177.jpg
v34,v34_178,1770,58.999942,30.000029,3.000003,1920,1080,jpg,C:\Users\wgucg\Desktop\videos\videos\02_model_development\best_frame_selector\adaptation_v2\extracted_frames\v34\v34_178.jpg
v34,v34_179,1780,59.333276,30.000029,3.000003,1920,1080,jpg,C:\Users\wgucg\Desktop\videos\videos\02_model_development\best_frame_selector\adaptation_v2\extracted_frames\v34\v34_179.jpg
v34,v34_180,1790,59.666609,30.000029,3.000003,1920,1080,jpg,C:\Users\wgucg\Desktop\videos\videos\02_model_development\best_frame_selector\adaptation_v2\extracted_frames\v34\v34_180.jpg
v34,v34_181,1800,59.999942,30.000029,3.000003,1920,1080,jpg,C:\Users\wgucg\Desktop\videos\videos\02_model_development\best_frame_selector\adaptation_v2\extracted_frames\v34\v34_181.jpg
v34,v34_182,1810,60.333275,30.000029,3.000003,1920,1080,jpg,C:\Users\wgucg\Desktop\videos\videos\02_model_development\best_frame_selector\adaptation_v2\extracted_frames\v34\v34_182.jpg
v34,v34_183,1820,60.666608,30.000029,3.000003,1920,1080,jpg,C:\Users\wgucg\Desktop\videos\videos\02_model_development\best_frame_selector\adaptation_v2\extracted_frames\v34\v34_183.jpg
v34,v34_184,1830,60.999941,30.000029,3.000003,1920,1080,jpg,C:\Users\wgucg\Desktop\videos\videos\02_model_development\best_frame_selector\adaptation_v2\extracted_frames\v34\v34_184.jpg
v34,v34_185,1840,61.333274,30.000029,3.000003,1920,1080,jpg,C:\Users\wgucg\Desktop\videos\videos\02_model_development\best_frame_selector\adaptation_v2\extracted_frames\v34\v34_185.jpg
v34,v34_186,1850,61.666607,30.000029,3.000003,1920,1080,jpg,C:\Users\wgucg\Desktop\videos\videos\02_model_development\best_frame_selector\adaptation_v2\extracted_frames\v34\v34_186.jpg
v34,v34_187,1860,61.999940,30.000029,3.000003,1920,1080,jpg,C:\Users\wgucg\Desktop\videos\videos\02_model_development\best_frame_selector\adaptation_v2\extracted_frames\v34\v34_187.jpg
v34,v34_188,1870,62.333273,30.000029,3.000003,1920,1080,jpg,C:\Users\wgucg\Desktop\videos\videos\02_model_development\best_frame_selector\adaptation_v2\extracted_frames\v34\v34_188.jpg
v34,v34_189,1880,62.666606,30.000029,3.000003,1920,1080,jpg,C:\Users\wgucg\Desktop\videos\videos\02_model_development\best_frame_selector\adaptation_v2\extracted_frames\v34\v34_189.jpg
v34,v34_190,1890,62.999939,30.000029,3.000003,1920,1080,jpg,C:\Users\wgucg\Desktop\videos\videos\02_model_development\best_frame_selector\adaptation_v2\extracted_frames\v34\v34_190.jpg
v34,v34_191,1900,63.333272,30.000029,3.000003,1920,1080,jpg,C:\Users\wgucg\Desktop\videos\videos\02_model_development\best_frame_selector\adaptation_v2\extracted_frames\v34\v34_191.jpg
v34,v34_192,1910,63.666605,30.000029,3.000003,1920,1080,jpg,C:\Users\wgucg\Desktop\videos\videos\02_model_development\best_frame_selector\adaptation_v2\extracted_frames\v34\v34_192.jpg
v34,v34_193,1920,63.999938,30.000029,3.000003,1920,1080,jpg,C:\Users\wgucg\Desktop\videos\videos\02_model_development\best_frame_selector\adaptation_v2\extracted_frames\v34\v34_193.jpg
v34,v34_194,1930,64.333271,30.000029,3.000003,1920,1080,jpg,C:\Users\wgucg\Desktop\videos\videos\02_model_development\best_frame_selector\adaptation_v2\extracted_frames\v34\v34_194.jpg
v34,v34_195,1940,64.666604,30.000029,3.000003,1920,1080,jpg,C:\Users\wgucg\Desktop\videos\videos\02_model_development\best_frame_selector\adaptation_v2\extracted_frames\v34\v34_195.jpg
v34,v34_196,1950,64.999937,30.000029,3.000003,1920,1080,jpg,C:\Users\wgucg\Desktop\videos\videos\02_model_development\best_frame_selector\adaptation_v2\extracted_frames\v34\v34_196.jpg
v34,v34_197,1960,65.333270,30.000029,3.000003,1920,1080,jpg,C:\Users\wgucg\Desktop\videos\videos\02_model_development\best_frame_selector\adaptation_v2\extracted_frames\v34\v34_197.jpg
v34,v34_198,1970,65.666603,30.000029,3.000003,1920,1080,jpg,C:\Users\wgucg\Desktop\videos\videos\02_model_development\best_frame_selector\adaptation_v2\extracted_frames\v34\v34_198.jpg
v34,v34_199,1980,65.999936,30.000029,3.000003,1920,1080,jpg,C:\Users\wgucg\Desktop\videos\videos\02_model_development\best_frame_selector\adaptation_v2\extracted_frames\v34\v34_199.jpg
v34,v34_200,1990,66.333269,30.000029,3.000003,1920,1080,jpg,C:\Users\wgucg\Desktop\videos\videos\02_model_development\best_frame_selector\adaptation_v2\extracted_frames\v34\v34_200.jpg
v34,v34_201,2000,66.666602,30.000029,3.000003,1920,1080,jpg,C:\Users\wgucg\Desktop\videos\videos\02_model_development\best_frame_selector\adaptation_v2\extracted_frames\v34\v34_201.jpg
v35,v35_001,0,0.000000,30.000046,3.000005,1920,1080,jpg,C:\Users\wgucg\Desktop\videos\videos\02_model_development\best_frame_selector\adaptation_v2\extracted_frames\v35\v35_001.jpg
v35,v35_002,10,0.333333,30.000046,3.000005,1920,1080,jpg,C:\Users\wgucg\Desktop\videos\videos\02_model_development\best_frame_selector\adaptation_v2\extracted_frames\v35\v35_002.jpg
v35,v35_003,20,0.666666,30.000046,3.000005,1920,1080,jpg,C:\Users\wgucg\Desktop\videos\videos\02_model_development\best_frame_selector\adaptation_v2\extracted_frames\v35\v35_003.jpg
v35,v35_004,30,0.999998,30.000046,3.000005,1920,1080,jpg,C:\Users\wgucg\Desktop\videos\videos\02_model_development\best_frame_selector\adaptation_v2\extracted_frames\v35\v35_004.jpg
v35,v35_005,40,1.333331,30.000046,3.000005,1920,1080,jpg,C:\Users\wgucg\Desktop\videos\videos\02_model_development\best_frame_selector\adaptation_v2\extracted_frames\v35\v35_005.jpg
v35,v35_006,50,1.666664,30.000046,3.000005,1920,1080,jpg,C:\Users\wgucg\Desktop\videos\videos\02_model_development\best_frame_selector\adaptation_v2\extracted_frames\v35\v35_006.jpg
v35,v35_007,60,1.999997,30.000046,3.000005,1920,1080,jpg,C:\Users\wgucg\Desktop\videos\videos\02_model_development\best_frame_selector\adaptation_v2\extracted_frames\v35\v35_007.jpg
v35,v35_008,70,2.333330,30.000046,3.000005,1920,1080,jpg,C:\Users\wgucg\Desktop\videos\videos\02_model_development\best_frame_selector\adaptation_v2\extracted_frames\v35\v35_008.jpg
v35,v35_009,80,2.666663,30.000046,3.000005,1920,1080,jpg,C:\Users\wgucg\Desktop\videos\videos\02_model_development\best_frame_selector\adaptation_v2\extracted_frames\v35\v35_009.jpg
v35,v35_010,90,2.999995,30.000046,3.000005,1920,1080,jpg,C:\Users\wgucg\Desktop\videos\videos\02_model_development\best_frame_selector\adaptation_v2\extracted_frames\v35\v35_010.jpg
v35,v35_011,100,3.333328,30.000046,3.000005,1920,1080,jpg,C:\Users\wgucg\Desktop\videos\videos\02_model_development\best_frame_selector\adaptation_v2\extracted_frames\v35\v35_011.jpg
v35,v35_012,110,3.666661,30.000046,3.000005,1920,1080,jpg,C:\Users\wgucg\Desktop\videos\videos\02_model_development\best_frame_selector\adaptation_v2\extracted_frames\v35\v35_012.jpg
v35,v35_013,120,3.999994,30.000046,3.000005,1920,1080,jpg,C:\Users\wgucg\Desktop\videos\videos\02_model_development\best_frame_selector\adaptation_v2\extracted_frames\v35\v35_013.jpg
v35,v35_014,130,4.333327,30.000046,3.000005,1920,1080,jpg,C:\Users\wgucg\Desktop\videos\videos\02_model_development\best_frame_selector\adaptation_v2\extracted_frames\v35\v35_014.jpg
v35,v35_015,140,4.666659,30.000046,3.000005,1920,1080,jpg,C:\Users\wgucg\Desktop\videos\videos\02_model_development\best_frame_selector\adaptation_v2\extracted_frames\v35\v35_015.jpg
v35,v35_016,150,4.999992,30.000046,3.000005,1920,1080,jpg,C:\Users\wgucg\Desktop\videos\videos\02_model_development\best_frame_selector\adaptation_v2\extracted_frames\v35\v35_016.jpg
v35,v35_017,160,5.333325,30.000046,3.000005,1920,1080,jpg,C:\Users\wgucg\Desktop\videos\videos\02_model_development\best_frame_selector\adaptation_v2\extracted_frames\v35\v35_017.jpg
v35,v35_018,170,5.666658,30.000046,3.000005,1920,1080,jpg,C:\Users\wgucg\Desktop\videos\videos\02_model_development\best_frame_selector\adaptation_v2\extracted_frames\v35\v35_018.jpg
v35,v35_019,180,5.999991,30.000046,3.000005,1920,1080,jpg,C:\Users\wgucg\Desktop\videos\videos\02_model_development\best_frame_selector\adaptation_v2\extracted_frames\v35\v35_019.jpg
v35,v35_020,190,6.333324,30.000046,3.000005,1920,1080,jpg,C:\Users\wgucg\Desktop\videos\videos\02_model_development\best_frame_selector\adaptation_v2\extracted_frames\v35\v35_020.jpg
v35,v35_021,200,6.666656,30.000046,3.000005,1920,1080,jpg,C:\Users\wgucg\Desktop\videos\videos\02_model_development\best_frame_selector\adaptation_v2\extracted_frames\v35\v35_021.jpg
v35,v35_022,210,6.999989,30.000046,3.000005,1920,1080,jpg,C:\Users\wgucg\Desktop\videos\videos\02_model_development\best_frame_selector\adaptation_v2\extracted_frames\v35\v35_022.jpg
v35,v35_023,220,7.333322,30.000046,3.000005,1920,1080,jpg,C:\Users\wgucg\Desktop\videos\videos\02_model_development\best_frame_selector\adaptation_v2\extracted_frames\v35\v35_023.jpg
v35,v35_024,230,7.666655,30.000046,3.000005,1920,1080,jpg,C:\Users\wgucg\Desktop\videos\videos\02_model_development\best_frame_selector\adaptation_v2\extracted_frames\v35\v35_024.jpg
v35,v35_025,240,7.999988,30.000046,3.000005,1920,1080,jpg,C:\Users\wgucg\Desktop\videos\videos\02_model_development\best_frame_selector\adaptation_v2\extracted_frames\v35\v35_025.jpg
v35,v35_026,250,8.333320,30.000046,3.000005,1920,1080,jpg,C:\Users\wgucg\Desktop\videos\videos\02_model_development\best_frame_selector\adaptation_v2\extracted_frames\v35\v35_026.jpg
v35,v35_027,260,8.666653,30.000046,3.000005,1920,1080,jpg,C:\Users\wgucg\Desktop\videos\videos\02_model_development\best_frame_selector\adaptation_v2\extracted_frames\v35\v35_027.jpg
v35,v35_028,270,8.999986,30.000046,3.000005,1920,1080,jpg,C:\Users\wgucg\Desktop\videos\videos\02_model_development\best_frame_selector\adaptation_v2\extracted_frames\v35\v35_028.jpg
v35,v35_029,280,9.333319,30.000046,3.000005,1920,1080,jpg,C:\Users\wgucg\Desktop\videos\videos\02_model_development\best_frame_selector\adaptation_v2\extracted_frames\v35\v35_029.jpg
v35,v35_030,290,9.666652,30.000046,3.000005,1920,1080,jpg,C:\Users\wgucg\Desktop\videos\videos\02_model_development\best_frame_selector\adaptation_v2\extracted_frames\v35\v35_030.jpg
v35,v35_031,300,9.999985,30.000046,3.000005,1920,1080,jpg,C:\Users\wgucg\Desktop\videos\videos\02_model_development\best_frame_selector\adaptation_v2\extracted_frames\v35\v35_031.jpg
v35,v35_032,310,10.333317,30.000046,3.000005,1920,1080,jpg,C:\Users\wgucg\Desktop\videos\videos\02_model_development\best_frame_selector\adaptation_v2\extracted_frames\v35\v35_032.jpg
v35,v35_033,320,10.666650,30.000046,3.000005,1920,1080,jpg,C:\Users\wgucg\Desktop\videos\videos\02_model_development\best_frame_selector\adaptation_v2\extracted_frames\v35\v35_033.jpg
v35,v35_034,330,10.999983,30.000046,3.000005,1920,1080,jpg,C:\Users\wgucg\Desktop\videos\videos\02_model_development\best_frame_selector\adaptation_v2\extracted_frames\v35\v35_034.jpg
v35,v35_035,340,11.333316,30.000046,3.000005,1920,1080,jpg,C:\Users\wgucg\Desktop\videos\videos\02_model_development\best_frame_selector\adaptation_v2\extracted_frames\v35\v35_035.jpg
v35,v35_036,350,11.666649,30.000046,3.000005,1920,1080,jpg,C:\Users\wgucg\Desktop\videos\videos\02_model_development\best_frame_selector\adaptation_v2\extracted_frames\v35\v35_036.jpg
v35,v35_037,360,11.999981,30.000046,3.000005,1920,1080,jpg,C:\Users\wgucg\Desktop\videos\videos\02_model_development\best_frame_selector\adaptation_v2\extracted_frames\v35\v35_037.jpg
v35,v35_038,370,12.333314,30.000046,3.000005,1920,1080,jpg,C:\Users\wgucg\Desktop\videos\videos\02_model_development\best_frame_selector\adaptation_v2\extracted_frames\v35\v35_038.jpg
v35,v35_039,380,12.666647,30.000046,3.000005,1920,1080,jpg,C:\Users\wgucg\Desktop\videos\videos\02_model_development\best_frame_selector\adaptation_v2\extracted_frames\v35\v35_039.jpg
v35,v35_040,390,12.999980,30.000046,3.000005,1920,1080,jpg,C:\Users\wgucg\Desktop\videos\videos\02_model_development\best_frame_selector\adaptation_v2\extracted_frames\v35\v35_040.jpg
v35,v35_041,400,13.333313,30.000046,3.000005,1920,1080,jpg,C:\Users\wgucg\Desktop\videos\videos\02_model_development\best_frame_selector\adaptation_v2\extracted_frames\v35\v35_041.jpg
v35,v35_042,410,13.666646,30.000046,3.000005,1920,1080,jpg,C:\Users\wgucg\Desktop\videos\videos\02_model_development\best_frame_selector\adaptation_v2\extracted_frames\v35\v35_042.jpg
v35,v35_043,420,13.999978,30.000046,3.000005,1920,1080,jpg,C:\Users\wgucg\Desktop\videos\videos\02_model_development\best_frame_selector\adaptation_v2\extracted_frames\v35\v35_043.jpg
v35,v35_044,430,14.333311,30.000046,3.000005,1920,1080,jpg,C:\Users\wgucg\Desktop\videos\videos\02_model_development\best_frame_selector\adaptation_v2\extracted_frames\v35\v35_044.jpg
v35,v35_045,440,14.666644,30.000046,3.000005,1920,1080,jpg,C:\Users\wgucg\Desktop\videos\videos\02_model_development\best_frame_selector\adaptation_v2\extracted_frames\v35\v35_045.jpg
v35,v35_046,450,14.999977,30.000046,3.000005,1920,1080,jpg,C:\Users\wgucg\Desktop\videos\videos\02_model_development\best_frame_selector\adaptation_v2\extracted_frames\v35\v35_046.jpg
v35,v35_047,460,15.333310,30.000046,3.000005,1920,1080,jpg,C:\Users\wgucg\Desktop\videos\videos\02_model_development\best_frame_selector\adaptation_v2\extracted_frames\v35\v35_047.jpg
v35,v35_048,470,15.666642,30.000046,3.000005,1920,1080,jpg,C:\Users\wgucg\Desktop\videos\videos\02_model_development\best_frame_selector\adaptation_v2\extracted_frames\v35\v35_048.jpg
v35,v35_049,480,15.999975,30.000046,3.000005,1920,1080,jpg,C:\Users\wgucg\Desktop\videos\videos\02_model_development\best_frame_selector\adaptation_v2\extracted_frames\v35\v35_049.jpg
v35,v35_050,490,16.333308,30.000046,3.000005,1920,1080,jpg,C:\Users\wgucg\Desktop\videos\videos\02_model_development\best_frame_selector\adaptation_v2\extracted_frames\v35\v35_050.jpg
v35,v35_051,500,16.666641,30.000046,3.000005,1920,1080,jpg,C:\Users\wgucg\Desktop\videos\videos\02_model_development\best_frame_selector\adaptation_v2\extracted_frames\v35\v35_051.jpg
v35,v35_052,510,16.999974,30.000046,3.000005,1920,1080,jpg,C:\Users\wgucg\Desktop\videos\videos\02_model_development\best_frame_selector\adaptation_v2\extracted_frames\v35\v35_052.jpg
v35,v35_053,520,17.333307,30.000046,3.000005,1920,1080,jpg,C:\Users\wgucg\Desktop\videos\videos\02_model_development\best_frame_selector\adaptation_v2\extracted_frames\v35\v35_053.jpg
v35,v35_054,530,17.666639,30.000046,3.000005,1920,1080,jpg,C:\Users\wgucg\Desktop\videos\videos\02_model_development\best_frame_selector\adaptation_v2\extracted_frames\v35\v35_054.jpg
v35,v35_055,540,17.999972,30.000046,3.000005,1920,1080,jpg,C:\Users\wgucg\Desktop\videos\videos\02_model_development\best_frame_selector\adaptation_v2\extracted_frames\v35\v35_055.jpg
v35,v35_056,550,18.333305,30.000046,3.000005,1920,1080,jpg,C:\Users\wgucg\Desktop\videos\videos\02_model_development\best_frame_selector\adaptation_v2\extracted_frames\v35\v35_056.jpg
v35,v35_057,560,18.666638,30.000046,3.000005,1920,1080,jpg,C:\Users\wgucg\Desktop\videos\videos\02_model_development\best_frame_selector\adaptation_v2\extracted_frames\v35\v35_057.jpg
v35,v35_058,570,18.999971,30.000046,3.000005,1920,1080,jpg,C:\Users\wgucg\Desktop\videos\videos\02_model_development\best_frame_selector\adaptation_v2\extracted_frames\v35\v35_058.jpg
v35,v35_059,580,19.333303,30.000046,3.000005,1920,1080,jpg,C:\Users\wgucg\Desktop\videos\videos\02_model_development\best_frame_selector\adaptation_v2\extracted_frames\v35\v35_059.jpg
v35,v35_060,590,19.666636,30.000046,3.000005,1920,1080,jpg,C:\Users\wgucg\Desktop\videos\videos\02_model_development\best_frame_selector\adaptation_v2\extracted_frames\v35\v35_060.jpg
v35,v35_061,600,19.999969,30.000046,3.000005,1920,1080,jpg,C:\Users\wgucg\Desktop\videos\videos\02_model_development\best_frame_selector\adaptation_v2\extracted_frames\v35\v35_061.jpg
v35,v35_062,610,20.333302,30.000046,3.000005,1920,1080,jpg,C:\Users\wgucg\Desktop\videos\videos\02_model_development\best_frame_selector\adaptation_v2\extracted_frames\v35\v35_062.jpg
v35,v35_063,620,20.666635,30.000046,3.000005,1920,1080,jpg,C:\Users\wgucg\Desktop\videos\videos\02_model_development\best_frame_selector\adaptation_v2\extracted_frames\v35\v35_063.jpg
v35,v35_064,630,20.999968,30.000046,3.000005,1920,1080,jpg,C:\Users\wgucg\Desktop\videos\videos\02_model_development\best_frame_selector\adaptation_v2\extracted_frames\v35\v35_064.jpg
v35,v35_065,640,21.333300,30.000046,3.000005,1920,1080,jpg,C:\Users\wgucg\Desktop\videos\videos\02_model_development\best_frame_selector\adaptation_v2\extracted_frames\v35\v35_065.jpg
v35,v35_066,650,21.666633,30.000046,3.000005,1920,1080,jpg,C:\Users\wgucg\Desktop\videos\videos\02_model_development\best_frame_selector\adaptation_v2\extracted_frames\v35\v35_066.jpg
v35,v35_067,660,21.999966,30.000046,3.000005,1920,1080,jpg,C:\Users\wgucg\Desktop\videos\videos\02_model_development\best_frame_selector\adaptation_v2\extracted_frames\v35\v35_067.jpg
v35,v35_068,670,22.333299,30.000046,3.000005,1920,1080,jpg,C:\Users\wgucg\Desktop\videos\videos\02_model_development\best_frame_selector\adaptation_v2\extracted_frames\v35\v35_068.jpg
v35,v35_069,680,22.666632,30.000046,3.000005,1920,1080,jpg,C:\Users\wgucg\Desktop\videos\videos\02_model_development\best_frame_selector\adaptation_v2\extracted_frames\v35\v35_069.jpg
v35,v35_070,690,22.999964,30.000046,3.000005,1920,1080,jpg,C:\Users\wgucg\Desktop\videos\videos\02_model_development\best_frame_selector\adaptation_v2\extracted_frames\v35\v35_070.jpg
v35,v35_071,700,23.333297,30.000046,3.000005,1920,1080,jpg,C:\Users\wgucg\Desktop\videos\videos\02_model_development\best_frame_selector\adaptation_v2\extracted_frames\v35\v35_071.jpg
v35,v35_072,710,23.666630,30.000046,3.000005,1920,1080,jpg,C:\Users\wgucg\Desktop\videos\videos\02_model_development\best_frame_selector\adaptation_v2\extracted_frames\v35\v35_072.jpg
v35,v35_073,720,23.999963,30.000046,3.000005,1920,1080,jpg,C:\Users\wgucg\Desktop\videos\videos\02_model_development\best_frame_selector\adaptation_v2\extracted_frames\v35\v35_073.jpg
v35,v35_074,730,24.333296,30.000046,3.000005,1920,1080,jpg,C:\Users\wgucg\Desktop\videos\videos\02_model_development\best_frame_selector\adaptation_v2\extracted_frames\v35\v35_074.jpg
v35,v35_075,740,24.666629,30.000046,3.000005,1920,1080,jpg,C:\Users\wgucg\Desktop\videos\videos\02_model_development\best_frame_selector\adaptation_v2\extracted_frames\v35\v35_075.jpg
v35,v35_076,750,24.999961,30.000046,3.000005,1920,1080,jpg,C:\Users\wgucg\Desktop\videos\videos\02_model_development\best_frame_selector\adaptation_v2\extracted_frames\v35\v35_076.jpg
v35,v35_077,760,25.333294,30.000046,3.000005,1920,1080,jpg,C:\Users\wgucg\Desktop\videos\videos\02_model_development\best_frame_selector\adaptation_v2\extracted_frames\v35\v35_077.jpg
v35,v35_078,770,25.666627,30.000046,3.000005,1920,1080,jpg,C:\Users\wgucg\Desktop\videos\videos\02_model_development\best_frame_selector\adaptation_v2\extracted_frames\v35\v35_078.jpg
v35,v35_079,780,25.999960,30.000046,3.000005,1920,1080,jpg,C:\Users\wgucg\Desktop\videos\videos\02_model_development\best_frame_selector\adaptation_v2\extracted_frames\v35\v35_079.jpg
v35,v35_080,790,26.333293,30.000046,3.000005,1920,1080,jpg,C:\Users\wgucg\Desktop\videos\videos\02_model_development\best_frame_selector\adaptation_v2\extracted_frames\v35\v35_080.jpg
v35,v35_081,800,26.666625,30.000046,3.000005,1920,1080,jpg,C:\Users\wgucg\Desktop\videos\videos\02_model_development\best_frame_selector\adaptation_v2\extracted_frames\v35\v35_081.jpg
v35,v35_082,810,26.999958,30.000046,3.000005,1920,1080,jpg,C:\Users\wgucg\Desktop\videos\videos\02_model_development\best_frame_selector\adaptation_v2\extracted_frames\v35\v35_082.jpg
v35,v35_083,820,27.333291,30.000046,3.000005,1920,1080,jpg,C:\Users\wgucg\Desktop\videos\videos\02_model_development\best_frame_selector\adaptation_v2\extracted_frames\v35\v35_083.jpg
v35,v35_084,830,27.666624,30.000046,3.000005,1920,1080,jpg,C:\Users\wgucg\Desktop\videos\videos\02_model_development\best_frame_selector\adaptation_v2\extracted_frames\v35\v35_084.jpg
v35,v35_085,840,27.999957,30.000046,3.000005,1920,1080,jpg,C:\Users\wgucg\Desktop\videos\videos\02_model_development\best_frame_selector\adaptation_v2\extracted_frames\v35\v35_085.jpg
v35,v35_086,850,28.333290,30.000046,3.000005,1920,1080,jpg,C:\Users\wgucg\Desktop\videos\videos\02_model_development\best_frame_selector\adaptation_v2\extracted_frames\v35\v35_086.jpg
v35,v35_087,860,28.666622,30.000046,3.000005,1920,1080,jpg,C:\Users\wgucg\Desktop\videos\videos\02_model_development\best_frame_selector\adaptation_v2\extracted_frames\v35\v35_087.jpg
v35,v35_088,870,28.999955,30.000046,3.000005,1920,1080,jpg,C:\Users\wgucg\Desktop\videos\videos\02_model_development\best_frame_selector\adaptation_v2\extracted_frames\v35\v35_088.jpg
v35,v35_089,880,29.333288,30.000046,3.000005,1920,1080,jpg,C:\Users\wgucg\Desktop\videos\videos\02_model_development\best_frame_selector\adaptation_v2\extracted_frames\v35\v35_089.jpg
v35,v35_090,890,29.666621,30.000046,3.000005,1920,1080,jpg,C:\Users\wgucg\Desktop\videos\videos\02_model_development\best_frame_selector\adaptation_v2\extracted_frames\v35\v35_090.jpg
v35,v35_091,900,29.999954,30.000046,3.000005,1920,1080,jpg,C:\Users\wgucg\Desktop\videos\videos\02_model_development\best_frame_selector\adaptation_v2\extracted_frames\v35\v35_091.jpg
v35,v35_092,910,30.333286,30.000046,3.000005,1920,1080,jpg,C:\Users\wgucg\Desktop\videos\videos\02_model_development\best_frame_selector\adaptation_v2\extracted_frames\v35\v35_092.jpg
v35,v35_093,920,30.666619,30.000046,3.000005,1920,1080,jpg,C:\Users\wgucg\Desktop\videos\videos\02_model_development\best_frame_selector\adaptation_v2\extracted_frames\v35\v35_093.jpg
v35,v35_094,930,30.999952,30.000046,3.000005,1920,1080,jpg,C:\Users\wgucg\Desktop\videos\videos\02_model_development\best_frame_selector\adaptation_v2\extracted_frames\v35\v35_094.jpg
v35,v35_095,940,31.333285,30.000046,3.000005,1920,1080,jpg,C:\Users\wgucg\Desktop\videos\videos\02_model_development\best_frame_selector\adaptation_v2\extracted_frames\v35\v35_095.jpg
v35,v35_096,950,31.666618,30.000046,3.000005,1920,1080,jpg,C:\Users\wgucg\Desktop\videos\videos\02_model_development\best_frame_selector\adaptation_v2\extracted_frames\v35\v35_096.jpg
v35,v35_097,960,31.999951,30.000046,3.000005,1920,1080,jpg,C:\Users\wgucg\Desktop\videos\videos\02_model_development\best_frame_selector\adaptation_v2\extracted_frames\v35\v35_097.jpg
v35,v35_098,970,32.333283,30.000046,3.000005,1920,1080,jpg,C:\Users\wgucg\Desktop\videos\videos\02_model_development\best_frame_selector\adaptation_v2\extracted_frames\v35\v35_098.jpg
v35,v35_099,980,32.666616,30.000046,3.000005,1920,1080,jpg,C:\Users\wgucg\Desktop\videos\videos\02_model_development\best_frame_selector\adaptation_v2\extracted_frames\v35\v35_099.jpg
v35,v35_100,990,32.999949,30.000046,3.000005,1920,1080,jpg,C:\Users\wgucg\Desktop\videos\videos\02_model_development\best_frame_selector\adaptation_v2\extracted_frames\v35\v35_100.jpg
v35,v35_101,1000,33.333282,30.000046,3.000005,1920,1080,jpg,C:\Users\wgucg\Desktop\videos\videos\02_model_development\best_frame_selector\adaptation_v2\extracted_frames\v35\v35_101.jpg
v35,v35_102,1010,33.666615,30.000046,3.000005,1920,1080,jpg,C:\Users\wgucg\Desktop\videos\videos\02_model_development\best_frame_selector\adaptation_v2\extracted_frames\v35\v35_102.jpg
v35,v35_103,1020,33.999947,30.000046,3.000005,1920,1080,jpg,C:\Users\wgucg\Desktop\videos\videos\02_model_development\best_frame_selector\adaptation_v2\extracted_frames\v35\v35_103.jpg
v35,v35_104,1030,34.333280,30.000046,3.000005,1920,1080,jpg,C:\Users\wgucg\Desktop\videos\videos\02_model_development\best_frame_selector\adaptation_v2\extracted_frames\v35\v35_104.jpg
v35,v35_105,1040,34.666613,30.000046,3.000005,1920,1080,jpg,C:\Users\wgucg\Desktop\videos\videos\02_model_development\best_frame_selector\adaptation_v2\extracted_frames\v35\v35_105.jpg
v35,v35_106,1050,34.999946,30.000046,3.000005,1920,1080,jpg,C:\Users\wgucg\Desktop\videos\videos\02_model_development\best_frame_selector\adaptation_v2\extracted_frames\v35\v35_106.jpg
v35,v35_107,1060,35.333279,30.000046,3.000005,1920,1080,jpg,C:\Users\wgucg\Desktop\videos\videos\02_model_development\best_frame_selector\adaptation_v2\extracted_frames\v35\v35_107.jpg
v35,v35_108,1070,35.666612,30.000046,3.000005,1920,1080,jpg,C:\Users\wgucg\Desktop\videos\videos\02_model_development\best_frame_selector\adaptation_v2\extracted_frames\v35\v35_108.jpg
v35,v35_109,1080,35.999944,30.000046,3.000005,1920,1080,jpg,C:\Users\wgucg\Desktop\videos\videos\02_model_development\best_frame_selector\adaptation_v2\extracted_frames\v35\v35_109.jpg
v35,v35_110,1090,36.333277,30.000046,3.000005,1920,1080,jpg,C:\Users\wgucg\Desktop\videos\videos\02_model_development\best_frame_selector\adaptation_v2\extracted_frames\v35\v35_110.jpg
v35,v35_111,1100,36.666610,30.000046,3.000005,1920,1080,jpg,C:\Users\wgucg\Desktop\videos\videos\02_model_development\best_frame_selector\adaptation_v2\extracted_frames\v35\v35_111.jpg
v35,v35_112,1110,36.999943,30.000046,3.000005,1920,1080,jpg,C:\Users\wgucg\Desktop\videos\videos\02_model_development\best_frame_selector\adaptation_v2\extracted_frames\v35\v35_112.jpg
v35,v35_113,1120,37.333276,30.000046,3.000005,1920,1080,jpg,C:\Users\wgucg\Desktop\videos\videos\02_model_development\best_frame_selector\adaptation_v2\extracted_frames\v35\v35_113.jpg
v35,v35_114,1130,37.666608,30.000046,3.000005,1920,1080,jpg,C:\Users\wgucg\Desktop\videos\videos\02_model_development\best_frame_selector\adaptation_v2\extracted_frames\v35\v35_114.jpg
v35,v35_115,1140,37.999941,30.000046,3.000005,1920,1080,jpg,C:\Users\wgucg\Desktop\videos\videos\02_model_development\best_frame_selector\adaptation_v2\extracted_frames\v35\v35_115.jpg
v35,v35_116,1150,38.333274,30.000046,3.000005,1920,1080,jpg,C:\Users\wgucg\Desktop\videos\videos\02_model_development\best_frame_selector\adaptation_v2\extracted_frames\v35\v35_116.jpg
v35,v35_117,1160,38.666607,30.000046,3.000005,1920,1080,jpg,C:\Users\wgucg\Desktop\videos\videos\02_model_development\best_frame_selector\adaptation_v2\extracted_frames\v35\v35_117.jpg
v35,v35_118,1170,38.999940,30.000046,3.000005,1920,1080,jpg,C:\Users\wgucg\Desktop\videos\videos\02_model_development\best_frame_selector\adaptation_v2\extracted_frames\v35\v35_118.jpg
v35,v35_119,1180,39.333273,30.000046,3.000005,1920,1080,jpg,C:\Users\wgucg\Desktop\videos\videos\02_model_development\best_frame_selector\adaptation_v2\extracted_frames\v35\v35_119.jpg
v35,v35_120,1190,39.666605,30.000046,3.000005,1920,1080,jpg,C:\Users\wgucg\Desktop\videos\videos\02_model_development\best_frame_selector\adaptation_v2\extracted_frames\v35\v35_120.jpg
v35,v35_121,1200,39.999938,30.000046,3.000005,1920,1080,jpg,C:\Users\wgucg\Desktop\videos\videos\02_model_development\best_frame_selector\adaptation_v2\extracted_frames\v35\v35_121.jpg
v35,v35_122,1210,40.333271,30.000046,3.000005,1920,1080,jpg,C:\Users\wgucg\Desktop\videos\videos\02_model_development\best_frame_selector\adaptation_v2\extracted_frames\v35\v35_122.jpg
v35,v35_123,1220,40.666604,30.000046,3.000005,1920,1080,jpg,C:\Users\wgucg\Desktop\videos\videos\02_model_development\best_frame_selector\adaptation_v2\extracted_frames\v35\v35_123.jpg
v35,v35_124,1230,40.999937,30.000046,3.000005,1920,1080,jpg,C:\Users\wgucg\Desktop\videos\videos\02_model_development\best_frame_selector\adaptation_v2\extracted_frames\v35\v35_124.jpg
v35,v35_125,1240,41.333269,30.000046,3.000005,1920,1080,jpg,C:\Users\wgucg\Desktop\videos\videos\02_model_development\best_frame_selector\adaptation_v2\extracted_frames\v35\v35_125.jpg
v35,v35_126,1250,41.666602,30.000046,3.000005,1920,1080,jpg,C:\Users\wgucg\Desktop\videos\videos\02_model_development\best_frame_selector\adaptation_v2\extracted_frames\v35\v35_126.jpg
v35,v35_127,1260,41.999935,30.000046,3.000005,1920,1080,jpg,C:\Users\wgucg\Desktop\videos\videos\02_model_development\best_frame_selector\adaptation_v2\extracted_frames\v35\v35_127.jpg
v36,v36_001,0,0.000000,30.000055,3.000005,1920,1080,jpg,C:\Users\wgucg\Desktop\videos\videos\02_model_development\best_frame_selector\adaptation_v2\extracted_frames\v36\v36_001.jpg
v36,v36_002,10,0.333333,30.000055,3.000005,1920,1080,jpg,C:\Users\wgucg\Desktop\videos\videos\02_model_development\best_frame_selector\adaptation_v2\extracted_frames\v36\v36_002.jpg
v36,v36_003,20,0.666665,30.000055,3.000005,1920,1080,jpg,C:\Users\wgucg\Desktop\videos\videos\02_model_development\best_frame_selector\adaptation_v2\extracted_frames\v36\v36_003.jpg
v36,v36_004,30,0.999998,30.000055,3.000005,1920,1080,jpg,C:\Users\wgucg\Desktop\videos\videos\02_model_development\best_frame_selector\adaptation_v2\extracted_frames\v36\v36_004.jpg
v36,v36_005,40,1.333331,30.000055,3.000005,1920,1080,jpg,C:\Users\wgucg\Desktop\videos\videos\02_model_development\best_frame_selector\adaptation_v2\extracted_frames\v36\v36_005.jpg
v36,v36_006,50,1.666664,30.000055,3.000005,1920,1080,jpg,C:\Users\wgucg\Desktop\videos\videos\02_model_development\best_frame_selector\adaptation_v2\extracted_frames\v36\v36_006.jpg
v36,v36_007,60,1.999996,30.000055,3.000005,1920,1080,jpg,C:\Users\wgucg\Desktop\videos\videos\02_model_development\best_frame_selector\adaptation_v2\extracted_frames\v36\v36_007.jpg
v36,v36_008,70,2.333329,30.000055,3.000005,1920,1080,jpg,C:\Users\wgucg\Desktop\videos\videos\02_model_development\best_frame_selector\adaptation_v2\extracted_frames\v36\v36_008.jpg
v36,v36_009,80,2.666662,30.000055,3.000005,1920,1080,jpg,C:\Users\wgucg\Desktop\videos\videos\02_model_development\best_frame_selector\adaptation_v2\extracted_frames\v36\v36_009.jpg
v36,v36_010,90,2.999995,30.000055,3.000005,1920,1080,jpg,C:\Users\wgucg\Desktop\videos\videos\02_model_development\best_frame_selector\adaptation_v2\extracted_frames\v36\v36_010.jpg
v36,v36_011,100,3.333327,30.000055,3.000005,1920,1080,jpg,C:\Users\wgucg\Desktop\videos\videos\02_model_development\best_frame_selector\adaptation_v2\extracted_frames\v36\v36_011.jpg
v36,v36_012,110,3.666660,30.000055,3.000005,1920,1080,jpg,C:\Users\wgucg\Desktop\videos\videos\02_model_development\best_frame_selector\adaptation_v2\extracted_frames\v36\v36_012.jpg
v36,v36_013,120,3.999993,30.000055,3.000005,1920,1080,jpg,C:\Users\wgucg\Desktop\videos\videos\02_model_development\best_frame_selector\adaptation_v2\extracted_frames\v36\v36_013.jpg
v36,v36_014,130,4.333325,30.000055,3.000005,1920,1080,jpg,C:\Users\wgucg\Desktop\videos\videos\02_model_development\best_frame_selector\adaptation_v2\extracted_frames\v36\v36_014.jpg
v36,v36_015,140,4.666658,30.000055,3.000005,1920,1080,jpg,C:\Users\wgucg\Desktop\videos\videos\02_model_development\best_frame_selector\adaptation_v2\extracted_frames\v36\v36_015.jpg
v36,v36_016,150,4.999991,30.000055,3.000005,1920,1080,jpg,C:\Users\wgucg\Desktop\videos\videos\02_model_development\best_frame_selector\adaptation_v2\extracted_frames\v36\v36_016.jpg
v36,v36_017,160,5.333324,30.000055,3.000005,1920,1080,jpg,C:\Users\wgucg\Desktop\videos\videos\02_model_development\best_frame_selector\adaptation_v2\extracted_frames\v36\v36_017.jpg
v36,v36_018,170,5.666656,30.000055,3.000005,1920,1080,jpg,C:\Users\wgucg\Desktop\videos\videos\02_model_development\best_frame_selector\adaptation_v2\extracted_frames\v36\v36_018.jpg
v36,v36_019,180,5.999989,30.000055,3.000005,1920,1080,jpg,C:\Users\wgucg\Desktop\videos\videos\02_model_development\best_frame_selector\adaptation_v2\extracted_frames\v36\v36_019.jpg
v36,v36_020,190,6.333322,30.000055,3.000005,1920,1080,jpg,C:\Users\wgucg\Desktop\videos\videos\02_model_development\best_frame_selector\adaptation_v2\extracted_frames\v36\v36_020.jpg
v36,v36_021,200,6.666655,30.000055,3.000005,1920,1080,jpg,C:\Users\wgucg\Desktop\videos\videos\02_model_development\best_frame_selector\adaptation_v2\extracted_frames\v36\v36_021.jpg
v36,v36_022,210,6.999987,30.000055,3.000005,1920,1080,jpg,C:\Users\wgucg\Desktop\videos\videos\02_model_development\best_frame_selector\adaptation_v2\extracted_frames\v36\v36_022.jpg
v36,v36_023,220,7.333320,30.000055,3.000005,1920,1080,jpg,C:\Users\wgucg\Desktop\videos\videos\02_model_development\best_frame_selector\adaptation_v2\extracted_frames\v36\v36_023.jpg
v36,v36_024,230,7.666653,30.000055,3.000005,1920,1080,jpg,C:\Users\wgucg\Desktop\videos\videos\02_model_development\best_frame_selector\adaptation_v2\extracted_frames\v36\v36_024.jpg
v36,v36_025,240,7.999985,30.000055,3.000005,1920,1080,jpg,C:\Users\wgucg\Desktop\videos\videos\02_model_development\best_frame_selector\adaptation_v2\extracted_frames\v36\v36_025.jpg
v36,v36_026,250,8.333318,30.000055,3.000005,1920,1080,jpg,C:\Users\wgucg\Desktop\videos\videos\02_model_development\best_frame_selector\adaptation_v2\extracted_frames\v36\v36_026.jpg
v36,v36_027,260,8.666651,30.000055,3.000005,1920,1080,jpg,C:\Users\wgucg\Desktop\videos\videos\02_model_development\best_frame_selector\adaptation_v2\extracted_frames\v36\v36_027.jpg
v36,v36_028,270,8.999984,30.000055,3.000005,1920,1080,jpg,C:\Users\wgucg\Desktop\videos\videos\02_model_development\best_frame_selector\adaptation_v2\extracted_frames\v36\v36_028.jpg
v36,v36_029,280,9.333316,30.000055,3.000005,1920,1080,jpg,C:\Users\wgucg\Desktop\videos\videos\02_model_development\best_frame_selector\adaptation_v2\extracted_frames\v36\v36_029.jpg
v36,v36_030,290,9.666649,30.000055,3.000005,1920,1080,jpg,C:\Users\wgucg\Desktop\videos\videos\02_model_development\best_frame_selector\adaptation_v2\extracted_frames\v36\v36_030.jpg
v36,v36_031,300,9.999982,30.000055,3.000005,1920,1080,jpg,C:\Users\wgucg\Desktop\videos\videos\02_model_development\best_frame_selector\adaptation_v2\extracted_frames\v36\v36_031.jpg
v36,v36_032,310,10.333315,30.000055,3.000005,1920,1080,jpg,C:\Users\wgucg\Desktop\videos\videos\02_model_development\best_frame_selector\adaptation_v2\extracted_frames\v36\v36_032.jpg
v36,v36_033,320,10.666647,30.000055,3.000005,1920,1080,jpg,C:\Users\wgucg\Desktop\videos\videos\02_model_development\best_frame_selector\adaptation_v2\extracted_frames\v36\v36_033.jpg
v36,v36_034,330,10.999980,30.000055,3.000005,1920,1080,jpg,C:\Users\wgucg\Desktop\videos\videos\02_model_development\best_frame_selector\adaptation_v2\extracted_frames\v36\v36_034.jpg
v36,v36_035,340,11.333313,30.000055,3.000005,1920,1080,jpg,C:\Users\wgucg\Desktop\videos\videos\02_model_development\best_frame_selector\adaptation_v2\extracted_frames\v36\v36_035.jpg
v36,v36_036,350,11.666645,30.000055,3.000005,1920,1080,jpg,C:\Users\wgucg\Desktop\videos\videos\02_model_development\best_frame_selector\adaptation_v2\extracted_frames\v36\v36_036.jpg
v36,v36_037,360,11.999978,30.000055,3.000005,1920,1080,jpg,C:\Users\wgucg\Desktop\videos\videos\02_model_development\best_frame_selector\adaptation_v2\extracted_frames\v36\v36_037.jpg
v36,v36_038,370,12.333311,30.000055,3.000005,1920,1080,jpg,C:\Users\wgucg\Desktop\videos\videos\02_model_development\best_frame_selector\adaptation_v2\extracted_frames\v36\v36_038.jpg
v36,v36_039,380,12.666644,30.000055,3.000005,1920,1080,jpg,C:\Users\wgucg\Desktop\videos\videos\02_model_development\best_frame_selector\adaptation_v2\extracted_frames\v36\v36_039.jpg
v36,v36_040,390,12.999976,30.000055,3.000005,1920,1080,jpg,C:\Users\wgucg\Desktop\videos\videos\02_model_development\best_frame_selector\adaptation_v2\extracted_frames\v36\v36_040.jpg
v36,v36_041,400,13.333309,30.000055,3.000005,1920,1080,jpg,C:\Users\wgucg\Desktop\videos\videos\02_model_development\best_frame_selector\adaptation_v2\extracted_frames\v36\v36_041.jpg
v36,v36_042,410,13.666642,30.000055,3.000005,1920,1080,jpg,C:\Users\wgucg\Desktop\videos\videos\02_model_development\best_frame_selector\adaptation_v2\extracted_frames\v36\v36_042.jpg
v36,v36_043,420,13.999975,30.000055,3.000005,1920,1080,jpg,C:\Users\wgucg\Desktop\videos\videos\02_model_development\best_frame_selector\adaptation_v2\extracted_frames\v36\v36_043.jpg
v36,v36_044,430,14.333307,30.000055,3.000005,1920,1080,jpg,C:\Users\wgucg\Desktop\videos\videos\02_model_development\best_frame_selector\adaptation_v2\extracted_frames\v36\v36_044.jpg
v36,v36_045,440,14.666640,30.000055,3.000005,1920,1080,jpg,C:\Users\wgucg\Desktop\videos\videos\02_model_development\best_frame_selector\adaptation_v2\extracted_frames\v36\v36_045.jpg
v36,v36_046,450,14.999973,30.000055,3.000005,1920,1080,jpg,C:\Users\wgucg\Desktop\videos\videos\02_model_development\best_frame_selector\adaptation_v2\extracted_frames\v36\v36_046.jpg
v36,v36_047,460,15.333305,30.000055,3.000005,1920,1080,jpg,C:\Users\wgucg\Desktop\videos\videos\02_model_development\best_frame_selector\adaptation_v2\extracted_frames\v36\v36_047.jpg
v36,v36_048,470,15.666638,30.000055,3.000005,1920,1080,jpg,C:\Users\wgucg\Desktop\videos\videos\02_model_development\best_frame_selector\adaptation_v2\extracted_frames\v36\v36_048.jpg
v36,v36_049,480,15.999971,30.000055,3.000005,1920,1080,jpg,C:\Users\wgucg\Desktop\videos\videos\02_model_development\best_frame_selector\adaptation_v2\extracted_frames\v36\v36_049.jpg
v36,v36_050,490,16.333304,30.000055,3.000005,1920,1080,jpg,C:\Users\wgucg\Desktop\videos\videos\02_model_development\best_frame_selector\adaptation_v2\extracted_frames\v36\v36_050.jpg
v36,v36_051,500,16.666636,30.000055,3.000005,1920,1080,jpg,C:\Users\wgucg\Desktop\videos\videos\02_model_development\best_frame_selector\adaptation_v2\extracted_frames\v36\v36_051.jpg
v36,v36_052,510,16.999969,30.000055,3.000005,1920,1080,jpg,C:\Users\wgucg\Desktop\videos\videos\02_model_development\best_frame_selector\adaptation_v2\extracted_frames\v36\v36_052.jpg
v36,v36_053,520,17.333302,30.000055,3.000005,1920,1080,jpg,C:\Users\wgucg\Desktop\videos\videos\02_model_development\best_frame_selector\adaptation_v2\extracted_frames\v36\v36_053.jpg
v36,v36_054,530,17.666635,30.000055,3.000005,1920,1080,jpg,C:\Users\wgucg\Desktop\videos\videos\02_model_development\best_frame_selector\adaptation_v2\extracted_frames\v36\v36_054.jpg
v36,v36_055,540,17.999967,30.000055,3.000005,1920,1080,jpg,C:\Users\wgucg\Desktop\videos\videos\02_model_development\best_frame_selector\adaptation_v2\extracted_frames\v36\v36_055.jpg
v36,v36_056,550,18.333300,30.000055,3.000005,1920,1080,jpg,C:\Users\wgucg\Desktop\videos\videos\02_model_development\best_frame_selector\adaptation_v2\extracted_frames\v36\v36_056.jpg
v36,v36_057,560,18.666633,30.000055,3.000005,1920,1080,jpg,C:\Users\wgucg\Desktop\videos\videos\02_model_development\best_frame_selector\adaptation_v2\extracted_frames\v36\v36_057.jpg
v36,v36_058,570,18.999965,30.000055,3.000005,1920,1080,jpg,C:\Users\wgucg\Desktop\videos\videos\02_model_development\best_frame_selector\adaptation_v2\extracted_frames\v36\v36_058.jpg
v36,v36_059,580,19.333298,30.000055,3.000005,1920,1080,jpg,C:\Users\wgucg\Desktop\videos\videos\02_model_development\best_frame_selector\adaptation_v2\extracted_frames\v36\v36_059.jpg
v36,v36_060,590,19.666631,30.000055,3.000005,1920,1080,jpg,C:\Users\wgucg\Desktop\videos\videos\02_model_development\best_frame_selector\adaptation_v2\extracted_frames\v36\v36_060.jpg
v36,v36_061,600,19.999964,30.000055,3.000005,1920,1080,jpg,C:\Users\wgucg\Desktop\videos\videos\02_model_development\best_frame_selector\adaptation_v2\extracted_frames\v36\v36_061.jpg
v36,v36_062,610,20.333296,30.000055,3.000005,1920,1080,jpg,C:\Users\wgucg\Desktop\videos\videos\02_model_development\best_frame_selector\adaptation_v2\extracted_frames\v36\v36_062.jpg
v36,v36_063,620,20.666629,30.000055,3.000005,1920,1080,jpg,C:\Users\wgucg\Desktop\videos\videos\02_model_development\best_frame_selector\adaptation_v2\extracted_frames\v36\v36_063.jpg
v36,v36_064,630,20.999962,30.000055,3.000005,1920,1080,jpg,C:\Users\wgucg\Desktop\videos\videos\02_model_development\best_frame_selector\adaptation_v2\extracted_frames\v36\v36_064.jpg
v36,v36_065,640,21.333295,30.000055,3.000005,1920,1080,jpg,C:\Users\wgucg\Desktop\videos\videos\02_model_development\best_frame_selector\adaptation_v2\extracted_frames\v36\v36_065.jpg
v36,v36_066,650,21.666627,30.000055,3.000005,1920,1080,jpg,C:\Users\wgucg\Desktop\videos\videos\02_model_development\best_frame_selector\adaptation_v2\extracted_frames\v36\v36_066.jpg
v36,v36_067,660,21.999960,30.000055,3.000005,1920,1080,jpg,C:\Users\wgucg\Desktop\videos\videos\02_model_development\best_frame_selector\adaptation_v2\extracted_frames\v36\v36_067.jpg
v36,v36_068,670,22.333293,30.000055,3.000005,1920,1080,jpg,C:\Users\wgucg\Desktop\videos\videos\02_model_development\best_frame_selector\adaptation_v2\extracted_frames\v36\v36_068.jpg
v36,v36_069,680,22.666625,30.000055,3.000005,1920,1080,jpg,C:\Users\wgucg\Desktop\videos\videos\02_model_development\best_frame_selector\adaptation_v2\extracted_frames\v36\v36_069.jpg
v36,v36_070,690,22.999958,30.000055,3.000005,1920,1080,jpg,C:\Users\wgucg\Desktop\videos\videos\02_model_development\best_frame_selector\adaptation_v2\extracted_frames\v36\v36_070.jpg
v36,v36_071,700,23.333291,30.000055,3.000005,1920,1080,jpg,C:\Users\wgucg\Desktop\videos\videos\02_model_development\best_frame_selector\adaptation_v2\extracted_frames\v36\v36_071.jpg
v36,v36_072,710,23.666624,30.000055,3.000005,1920,1080,jpg,C:\Users\wgucg\Desktop\videos\videos\02_model_development\best_frame_selector\adaptation_v2\extracted_frames\v36\v36_072.jpg
v36,v36_073,720,23.999956,30.000055,3.000005,1920,1080,jpg,C:\Users\wgucg\Desktop\videos\videos\02_model_development\best_frame_selector\adaptation_v2\extracted_frames\v36\v36_073.jpg
v36,v36_074,730,24.333289,30.000055,3.000005,1920,1080,jpg,C:\Users\wgucg\Desktop\videos\videos\02_model_development\best_frame_selector\adaptation_v2\extracted_frames\v36\v36_074.jpg
v36,v36_075,740,24.666622,30.000055,3.000005,1920,1080,jpg,C:\Users\wgucg\Desktop\videos\videos\02_model_development\best_frame_selector\adaptation_v2\extracted_frames\v36\v36_075.jpg
v36,v36_076,750,24.999954,30.000055,3.000005,1920,1080,jpg,C:\Users\wgucg\Desktop\videos\videos\02_model_development\best_frame_selector\adaptation_v2\extracted_frames\v36\v36_076.jpg
v36,v36_077,760,25.333287,30.000055,3.000005,1920,1080,jpg,C:\Users\wgucg\Desktop\videos\videos\02_model_development\best_frame_selector\adaptation_v2\extracted_frames\v36\v36_077.jpg
v36,v36_078,770,25.666620,30.000055,3.000005,1920,1080,jpg,C:\Users\wgucg\Desktop\videos\videos\02_model_development\best_frame_selector\adaptation_v2\extracted_frames\v36\v36_078.jpg
v36,v36_079,780,25.999953,30.000055,3.000005,1920,1080,jpg,C:\Users\wgucg\Desktop\videos\videos\02_model_development\best_frame_selector\adaptation_v2\extracted_frames\v36\v36_079.jpg
v36,v36_080,790,26.333285,30.000055,3.000005,1920,1080,jpg,C:\Users\wgucg\Desktop\videos\videos\02_model_development\best_frame_selector\adaptation_v2\extracted_frames\v36\v36_080.jpg
v36,v36_081,800,26.666618,30.000055,3.000005,1920,1080,jpg,C:\Users\wgucg\Desktop\videos\videos\02_model_development\best_frame_selector\adaptation_v2\extracted_frames\v36\v36_081.jpg
v36,v36_082,810,26.999951,30.000055,3.000005,1920,1080,jpg,C:\Users\wgucg\Desktop\videos\videos\02_model_development\best_frame_selector\adaptation_v2\extracted_frames\v36\v36_082.jpg
v36,v36_083,820,27.333284,30.000055,3.000005,1920,1080,jpg,C:\Users\wgucg\Desktop\videos\videos\02_model_development\best_frame_selector\adaptation_v2\extracted_frames\v36\v36_083.jpg
v36,v36_084,830,27.666616,30.000055,3.000005,1920,1080,jpg,C:\Users\wgucg\Desktop\videos\videos\02_model_development\best_frame_selector\adaptation_v2\extracted_frames\v36\v36_084.jpg
v36,v36_085,840,27.999949,30.000055,3.000005,1920,1080,jpg,C:\Users\wgucg\Desktop\videos\videos\02_model_development\best_frame_selector\adaptation_v2\extracted_frames\v36\v36_085.jpg
v36,v36_086,850,28.333282,30.000055,3.000005,1920,1080,jpg,C:\Users\wgucg\Desktop\videos\videos\02_model_development\best_frame_selector\adaptation_v2\extracted_frames\v36\v36_086.jpg
v36,v36_087,860,28.666614,30.000055,3.000005,1920,1080,jpg,C:\Users\wgucg\Desktop\videos\videos\02_model_development\best_frame_selector\adaptation_v2\extracted_frames\v36\v36_087.jpg
v36,v36_088,870,28.999947,30.000055,3.000005,1920,1080,jpg,C:\Users\wgucg\Desktop\videos\videos\02_model_development\best_frame_selector\adaptation_v2\extracted_frames\v36\v36_088.jpg
v36,v36_089,880,29.333280,30.000055,3.000005,1920,1080,jpg,C:\Users\wgucg\Desktop\videos\videos\02_model_development\best_frame_selector\adaptation_v2\extracted_frames\v36\v36_089.jpg
v36,v36_090,890,29.666613,30.000055,3.000005,1920,1080,jpg,C:\Users\wgucg\Desktop\videos\videos\02_model_development\best_frame_selector\adaptation_v2\extracted_frames\v36\v36_090.jpg
v36,v36_091,900,29.999945,30.000055,3.000005,1920,1080,jpg,C:\Users\wgucg\Desktop\videos\videos\02_model_development\best_frame_selector\adaptation_v2\extracted_frames\v36\v36_091.jpg
v36,v36_092,910,30.333278,30.000055,3.000005,1920,1080,jpg,C:\Users\wgucg\Desktop\videos\videos\02_model_development\best_frame_selector\adaptation_v2\extracted_frames\v36\v36_092.jpg
v36,v36_093,920,30.666611,30.000055,3.000005,1920,1080,jpg,C:\Users\wgucg\Desktop\videos\videos\02_model_development\best_frame_selector\adaptation_v2\extracted_frames\v36\v36_093.jpg
v36,v36_094,930,30.999944,30.000055,3.000005,1920,1080,jpg,C:\Users\wgucg\Desktop\videos\videos\02_model_development\best_frame_selector\adaptation_v2\extracted_frames\v36\v36_094.jpg
v36,v36_095,940,31.333276,30.000055,3.000005,1920,1080,jpg,C:\Users\wgucg\Desktop\videos\videos\02_model_development\best_frame_selector\adaptation_v2\extracted_frames\v36\v36_095.jpg
v36,v36_096,950,31.666609,30.000055,3.000005,1920,1080,jpg,C:\Users\wgucg\Desktop\videos\videos\02_model_development\best_frame_selector\adaptation_v2\extracted_frames\v36\v36_096.jpg
v36,v36_097,960,31.999942,30.000055,3.000005,1920,1080,jpg,C:\Users\wgucg\Desktop\videos\videos\02_model_development\best_frame_selector\adaptation_v2\extracted_frames\v36\v36_097.jpg
v36,v36_098,970,32.333274,30.000055,3.000005,1920,1080,jpg,C:\Users\wgucg\Desktop\videos\videos\02_model_development\best_frame_selector\adaptation_v2\extracted_frames\v36\v36_098.jpg
v36,v36_099,980,32.666607,30.000055,3.000005,1920,1080,jpg,C:\Users\wgucg\Desktop\videos\videos\02_model_development\best_frame_selector\adaptation_v2\extracted_frames\v36\v36_099.jpg
v36,v36_100,990,32.999940,30.000055,3.000005,1920,1080,jpg,C:\Users\wgucg\Desktop\videos\videos\02_model_development\best_frame_selector\adaptation_v2\extracted_frames\v36\v36_100.jpg
v36,v36_101,1000,33.333273,30.000055,3.000005,1920,1080,jpg,C:\Users\wgucg\Desktop\videos\videos\02_model_development\best_frame_selector\adaptation_v2\extracted_frames\v36\v36_101.jpg
v36,v36_102,1010,33.666605,30.000055,3.000005,1920,1080,jpg,C:\Users\wgucg\Desktop\videos\videos\02_model_development\best_frame_selector\adaptation_v2\extracted_frames\v36\v36_102.jpg
v36,v36_103,1020,33.999938,30.000055,3.000005,1920,1080,jpg,C:\Users\wgucg\Desktop\videos\videos\02_model_development\best_frame_selector\adaptation_v2\extracted_frames\v36\v36_103.jpg
v36,v36_104,1030,34.333271,30.000055,3.000005,1920,1080,jpg,C:\Users\wgucg\Desktop\videos\videos\02_model_development\best_frame_selector\adaptation_v2\extracted_frames\v36\v36_104.jpg
v36,v36_105,1040,34.666604,30.000055,3.000005,1920,1080,jpg,C:\Users\wgucg\Desktop\videos\videos\02_model_development\best_frame_selector\adaptation_v2\extracted_frames\v36\v36_105.jpg
v36,v36_106,1050,34.999936,30.000055,3.000005,1920,1080,jpg,C:\Users\wgucg\Desktop\videos\videos\02_model_development\best_frame_selector\adaptation_v2\extracted_frames\v36\v36_106.jpg
v36,v36_107,1060,35.333269,30.000055,3.000005,1920,1080,jpg,C:\Users\wgucg\Desktop\videos\videos\02_model_development\best_frame_selector\adaptation_v2\extracted_frames\v36\v36_107.jpg
v36,v36_108,1070,35.666602,30.000055,3.000005,1920,1080,jpg,C:\Users\wgucg\Desktop\videos\videos\02_model_development\best_frame_selector\adaptation_v2\extracted_frames\v36\v36_108.jpg
v37,v37_001,0,0.000000,30.000052,3.000005,1920,1080,jpg,C:\Users\wgucg\Desktop\videos\videos\02_model_development\best_frame_selector\adaptation_v2\extracted_frames\v37\v37_001.jpg
v37,v37_002,10,0.333333,30.000052,3.000005,1920,1080,jpg,C:\Users\wgucg\Desktop\videos\videos\02_model_development\best_frame_selector\adaptation_v2\extracted_frames\v37\v37_002.jpg
v37,v37_003,20,0.666666,30.000052,3.000005,1920,1080,jpg,C:\Users\wgucg\Desktop\videos\videos\02_model_development\best_frame_selector\adaptation_v2\extracted_frames\v37\v37_003.jpg
v37,v37_004,30,0.999998,30.000052,3.000005,1920,1080,jpg,C:\Users\wgucg\Desktop\videos\videos\02_model_development\best_frame_selector\adaptation_v2\extracted_frames\v37\v37_004.jpg
v37,v37_005,40,1.333331,30.000052,3.000005,1920,1080,jpg,C:\Users\wgucg\Desktop\videos\videos\02_model_development\best_frame_selector\adaptation_v2\extracted_frames\v37\v37_005.jpg
v37,v37_006,50,1.666664,30.000052,3.000005,1920,1080,jpg,C:\Users\wgucg\Desktop\videos\videos\02_model_development\best_frame_selector\adaptation_v2\extracted_frames\v37\v37_006.jpg
v37,v37_007,60,1.999997,30.000052,3.000005,1920,1080,jpg,C:\Users\wgucg\Desktop\videos\videos\02_model_development\best_frame_selector\adaptation_v2\extracted_frames\v37\v37_007.jpg
v37,v37_008,70,2.333329,30.000052,3.000005,1920,1080,jpg,C:\Users\wgucg\Desktop\videos\videos\02_model_development\best_frame_selector\adaptation_v2\extracted_frames\v37\v37_008.jpg
v37,v37_009,80,2.666662,30.000052,3.000005,1920,1080,jpg,C:\Users\wgucg\Desktop\videos\videos\02_model_development\best_frame_selector\adaptation_v2\extracted_frames\v37\v37_009.jpg
v37,v37_010,90,2.999995,30.000052,3.000005,1920,1080,jpg,C:\Users\wgucg\Desktop\videos\videos\02_model_development\best_frame_selector\adaptation_v2\extracted_frames\v37\v37_010.jpg
v37,v37_011,100,3.333328,30.000052,3.000005,1920,1080,jpg,C:\Users\wgucg\Desktop\videos\videos\02_model_development\best_frame_selector\adaptation_v2\extracted_frames\v37\v37_011.jpg
v37,v37_012,110,3.666660,30.000052,3.000005,1920,1080,jpg,C:\Users\wgucg\Desktop\videos\videos\02_model_development\best_frame_selector\adaptation_v2\extracted_frames\v37\v37_012.jpg
v37,v37_013,120,3.999993,30.000052,3.000005,1920,1080,jpg,C:\Users\wgucg\Desktop\videos\videos\02_model_development\best_frame_selector\adaptation_v2\extracted_frames\v37\v37_013.jpg
v37,v37_014,130,4.333326,30.000052,3.000005,1920,1080,jpg,C:\Users\wgucg\Desktop\videos\videos\02_model_development\best_frame_selector\adaptation_v2\extracted_frames\v37\v37_014.jpg
v37,v37_015,140,4.666659,30.000052,3.000005,1920,1080,jpg,C:\Users\wgucg\Desktop\videos\videos\02_model_development\best_frame_selector\adaptation_v2\extracted_frames\v37\v37_015.jpg
v37,v37_016,150,4.999991,30.000052,3.000005,1920,1080,jpg,C:\Users\wgucg\Desktop\videos\videos\02_model_development\best_frame_selector\adaptation_v2\extracted_frames\v37\v37_016.jpg
v37,v37_017,160,5.333324,30.000052,3.000005,1920,1080,jpg,C:\Users\wgucg\Desktop\videos\videos\02_model_development\best_frame_selector\adaptation_v2\extracted_frames\v37\v37_017.jpg
v37,v37_018,170,5.666657,30.000052,3.000005,1920,1080,jpg,C:\Users\wgucg\Desktop\videos\videos\02_model_development\best_frame_selector\adaptation_v2\extracted_frames\v37\v37_018.jpg
v37,v37_019,180,5.999990,30.000052,3.000005,1920,1080,jpg,C:\Users\wgucg\Desktop\videos\videos\02_model_development\best_frame_selector\adaptation_v2\extracted_frames\v37\v37_019.jpg
v37,v37_020,190,6.333322,30.000052,3.000005,1920,1080,jpg,C:\Users\wgucg\Desktop\videos\videos\02_model_development\best_frame_selector\adaptation_v2\extracted_frames\v37\v37_020.jpg
v37,v37_021,200,6.666655,30.000052,3.000005,1920,1080,jpg,C:\Users\wgucg\Desktop\videos\videos\02_model_development\best_frame_selector\adaptation_v2\extracted_frames\v37\v37_021.jpg
v37,v37_022,210,6.999988,30.000052,3.000005,1920,1080,jpg,C:\Users\wgucg\Desktop\videos\videos\02_model_development\best_frame_selector\adaptation_v2\extracted_frames\v37\v37_022.jpg
v37,v37_023,220,7.333321,30.000052,3.000005,1920,1080,jpg,C:\Users\wgucg\Desktop\videos\videos\02_model_development\best_frame_selector\adaptation_v2\extracted_frames\v37\v37_023.jpg
v37,v37_024,230,7.666653,30.000052,3.000005,1920,1080,jpg,C:\Users\wgucg\Desktop\videos\videos\02_model_development\best_frame_selector\adaptation_v2\extracted_frames\v37\v37_024.jpg
v37,v37_025,240,7.999986,30.000052,3.000005,1920,1080,jpg,C:\Users\wgucg\Desktop\videos\videos\02_model_development\best_frame_selector\adaptation_v2\extracted_frames\v37\v37_025.jpg
v37,v37_026,250,8.333319,30.000052,3.000005,1920,1080,jpg,C:\Users\wgucg\Desktop\videos\videos\02_model_development\best_frame_selector\adaptation_v2\extracted_frames\v37\v37_026.jpg
v37,v37_027,260,8.666652,30.000052,3.000005,1920,1080,jpg,C:\Users\wgucg\Desktop\videos\videos\02_model_development\best_frame_selector\adaptation_v2\extracted_frames\v37\v37_027.jpg
v37,v37_028,270,8.999985,30.000052,3.000005,1920,1080,jpg,C:\Users\wgucg\Desktop\videos\videos\02_model_development\best_frame_selector\adaptation_v2\extracted_frames\v37\v37_028.jpg
v37,v37_029,280,9.333317,30.000052,3.000005,1920,1080,jpg,C:\Users\wgucg\Desktop\videos\videos\02_model_development\best_frame_selector\adaptation_v2\extracted_frames\v37\v37_029.jpg
v37,v37_030,290,9.666650,30.000052,3.000005,1920,1080,jpg,C:\Users\wgucg\Desktop\videos\videos\02_model_development\best_frame_selector\adaptation_v2\extracted_frames\v37\v37_030.jpg
v37,v37_031,300,9.999983,30.000052,3.000005,1920,1080,jpg,C:\Users\wgucg\Desktop\videos\videos\02_model_development\best_frame_selector\adaptation_v2\extracted_frames\v37\v37_031.jpg
v37,v37_032,310,10.333316,30.000052,3.000005,1920,1080,jpg,C:\Users\wgucg\Desktop\videos\videos\02_model_development\best_frame_selector\adaptation_v2\extracted_frames\v37\v37_032.jpg
v37,v37_033,320,10.666648,30.000052,3.000005,1920,1080,jpg,C:\Users\wgucg\Desktop\videos\videos\02_model_development\best_frame_selector\adaptation_v2\extracted_frames\v37\v37_033.jpg
v37,v37_034,330,10.999981,30.000052,3.000005,1920,1080,jpg,C:\Users\wgucg\Desktop\videos\videos\02_model_development\best_frame_selector\adaptation_v2\extracted_frames\v37\v37_034.jpg
v37,v37_035,340,11.333314,30.000052,3.000005,1920,1080,jpg,C:\Users\wgucg\Desktop\videos\videos\02_model_development\best_frame_selector\adaptation_v2\extracted_frames\v37\v37_035.jpg
v37,v37_036,350,11.666647,30.000052,3.000005,1920,1080,jpg,C:\Users\wgucg\Desktop\videos\videos\02_model_development\best_frame_selector\adaptation_v2\extracted_frames\v37\v37_036.jpg
v37,v37_037,360,11.999979,30.000052,3.000005,1920,1080,jpg,C:\Users\wgucg\Desktop\videos\videos\02_model_development\best_frame_selector\adaptation_v2\extracted_frames\v37\v37_037.jpg
v37,v37_038,370,12.333312,30.000052,3.000005,1920,1080,jpg,C:\Users\wgucg\Desktop\videos\videos\02_model_development\best_frame_selector\adaptation_v2\extracted_frames\v37\v37_038.jpg
v37,v37_039,380,12.666645,30.000052,3.000005,1920,1080,jpg,C:\Users\wgucg\Desktop\videos\videos\02_model_development\best_frame_selector\adaptation_v2\extracted_frames\v37\v37_039.jpg
v37,v37_040,390,12.999978,30.000052,3.000005,1920,1080,jpg,C:\Users\wgucg\Desktop\videos\videos\02_model_development\best_frame_selector\adaptation_v2\extracted_frames\v37\v37_040.jpg
v37,v37_041,400,13.333310,30.000052,3.000005,1920,1080,jpg,C:\Users\wgucg\Desktop\videos\videos\02_model_development\best_frame_selector\adaptation_v2\extracted_frames\v37\v37_041.jpg
v37,v37_042,410,13.666643,30.000052,3.000005,1920,1080,jpg,C:\Users\wgucg\Desktop\videos\videos\02_model_development\best_frame_selector\adaptation_v2\extracted_frames\v37\v37_042.jpg
v37,v37_043,420,13.999976,30.000052,3.000005,1920,1080,jpg,C:\Users\wgucg\Desktop\videos\videos\02_model_development\best_frame_selector\adaptation_v2\extracted_frames\v37\v37_043.jpg
v37,v37_044,430,14.333309,30.000052,3.000005,1920,1080,jpg,C:\Users\wgucg\Desktop\videos\videos\02_model_development\best_frame_selector\adaptation_v2\extracted_frames\v37\v37_044.jpg
v37,v37_045,440,14.666641,30.000052,3.000005,1920,1080,jpg,C:\Users\wgucg\Desktop\videos\videos\02_model_development\best_frame_selector\adaptation_v2\extracted_frames\v37\v37_045.jpg
v37,v37_046,450,14.999974,30.000052,3.000005,1920,1080,jpg,C:\Users\wgucg\Desktop\videos\videos\02_model_development\best_frame_selector\adaptation_v2\extracted_frames\v37\v37_046.jpg
v37,v37_047,460,15.333307,30.000052,3.000005,1920,1080,jpg,C:\Users\wgucg\Desktop\videos\videos\02_model_development\best_frame_selector\adaptation_v2\extracted_frames\v37\v37_047.jpg
v37,v37_048,470,15.666640,30.000052,3.000005,1920,1080,jpg,C:\Users\wgucg\Desktop\videos\videos\02_model_development\best_frame_selector\adaptation_v2\extracted_frames\v37\v37_048.jpg
v37,v37_049,480,15.999973,30.000052,3.000005,1920,1080,jpg,C:\Users\wgucg\Desktop\videos\videos\02_model_development\best_frame_selector\adaptation_v2\extracted_frames\v37\v37_049.jpg
v37,v37_050,490,16.333305,30.000052,3.000005,1920,1080,jpg,C:\Users\wgucg\Desktop\videos\videos\02_model_development\best_frame_selector\adaptation_v2\extracted_frames\v37\v37_050.jpg
v37,v37_051,500,16.666638,30.000052,3.000005,1920,1080,jpg,C:\Users\wgucg\Desktop\videos\videos\02_model_development\best_frame_selector\adaptation_v2\extracted_frames\v37\v37_051.jpg
v37,v37_052,510,16.999971,30.000052,3.000005,1920,1080,jpg,C:\Users\wgucg\Desktop\videos\videos\02_model_development\best_frame_selector\adaptation_v2\extracted_frames\v37\v37_052.jpg
v37,v37_053,520,17.333304,30.000052,3.000005,1920,1080,jpg,C:\Users\wgucg\Desktop\videos\videos\02_model_development\best_frame_selector\adaptation_v2\extracted_frames\v37\v37_053.jpg
v37,v37_054,530,17.666636,30.000052,3.000005,1920,1080,jpg,C:\Users\wgucg\Desktop\videos\videos\02_model_development\best_frame_selector\adaptation_v2\extracted_frames\v37\v37_054.jpg
v37,v37_055,540,17.999969,30.000052,3.000005,1920,1080,jpg,C:\Users\wgucg\Desktop\videos\videos\02_model_development\best_frame_selector\adaptation_v2\extracted_frames\v37\v37_055.jpg
v37,v37_056,550,18.333302,30.000052,3.000005,1920,1080,jpg,C:\Users\wgucg\Desktop\videos\videos\02_model_development\best_frame_selector\adaptation_v2\extracted_frames\v37\v37_056.jpg
v37,v37_057,560,18.666635,30.000052,3.000005,1920,1080,jpg,C:\Users\wgucg\Desktop\videos\videos\02_model_development\best_frame_selector\adaptation_v2\extracted_frames\v37\v37_057.jpg
v37,v37_058,570,18.999967,30.000052,3.000005,1920,1080,jpg,C:\Users\wgucg\Desktop\videos\videos\02_model_development\best_frame_selector\adaptation_v2\extracted_frames\v37\v37_058.jpg
v37,v37_059,580,19.333300,30.000052,3.000005,1920,1080,jpg,C:\Users\wgucg\Desktop\videos\videos\02_model_development\best_frame_selector\adaptation_v2\extracted_frames\v37\v37_059.jpg
v37,v37_060,590,19.666633,30.000052,3.000005,1920,1080,jpg,C:\Users\wgucg\Desktop\videos\videos\02_model_development\best_frame_selector\adaptation_v2\extracted_frames\v37\v37_060.jpg
v37,v37_061,600,19.999966,30.000052,3.000005,1920,1080,jpg,C:\Users\wgucg\Desktop\videos\videos\02_model_development\best_frame_selector\adaptation_v2\extracted_frames\v37\v37_061.jpg
v37,v37_062,610,20.333298,30.000052,3.000005,1920,1080,jpg,C:\Users\wgucg\Desktop\videos\videos\02_model_development\best_frame_selector\adaptation_v2\extracted_frames\v37\v37_062.jpg
v37,v37_063,620,20.666631,30.000052,3.000005,1920,1080,jpg,C:\Users\wgucg\Desktop\videos\videos\02_model_development\best_frame_selector\adaptation_v2\extracted_frames\v37\v37_063.jpg
v37,v37_064,630,20.999964,30.000052,3.000005,1920,1080,jpg,C:\Users\wgucg\Desktop\videos\videos\02_model_development\best_frame_selector\adaptation_v2\extracted_frames\v37\v37_064.jpg
v37,v37_065,640,21.333297,30.000052,3.000005,1920,1080,jpg,C:\Users\wgucg\Desktop\videos\videos\02_model_development\best_frame_selector\adaptation_v2\extracted_frames\v37\v37_065.jpg
v37,v37_066,650,21.666629,30.000052,3.000005,1920,1080,jpg,C:\Users\wgucg\Desktop\videos\videos\02_model_development\best_frame_selector\adaptation_v2\extracted_frames\v37\v37_066.jpg
v37,v37_067,660,21.999962,30.000052,3.000005,1920,1080,jpg,C:\Users\wgucg\Desktop\videos\videos\02_model_development\best_frame_selector\adaptation_v2\extracted_frames\v37\v37_067.jpg
v37,v37_068,670,22.333295,30.000052,3.000005,1920,1080,jpg,C:\Users\wgucg\Desktop\videos\videos\02_model_development\best_frame_selector\adaptation_v2\extracted_frames\v37\v37_068.jpg
v37,v37_069,680,22.666628,30.000052,3.000005,1920,1080,jpg,C:\Users\wgucg\Desktop\videos\videos\02_model_development\best_frame_selector\adaptation_v2\extracted_frames\v37\v37_069.jpg
v37,v37_070,690,22.999960,30.000052,3.000005,1920,1080,jpg,C:\Users\wgucg\Desktop\videos\videos\02_model_development\best_frame_selector\adaptation_v2\extracted_frames\v37\v37_070.jpg
v37,v37_071,700,23.333293,30.000052,3.000005,1920,1080,jpg,C:\Users\wgucg\Desktop\videos\videos\02_model_development\best_frame_selector\adaptation_v2\extracted_frames\v37\v37_071.jpg
v37,v37_072,710,23.666626,30.000052,3.000005,1920,1080,jpg,C:\Users\wgucg\Desktop\videos\videos\02_model_development\best_frame_selector\adaptation_v2\extracted_frames\v37\v37_072.jpg
v37,v37_073,720,23.999959,30.000052,3.000005,1920,1080,jpg,C:\Users\wgucg\Desktop\videos\videos\02_model_development\best_frame_selector\adaptation_v2\extracted_frames\v37\v37_073.jpg
v37,v37_074,730,24.333292,30.000052,3.000005,1920,1080,jpg,C:\Users\wgucg\Desktop\videos\videos\02_model_development\best_frame_selector\adaptation_v2\extracted_frames\v37\v37_074.jpg
v37,v37_075,740,24.666624,30.000052,3.000005,1920,1080,jpg,C:\Users\wgucg\Desktop\videos\videos\02_model_development\best_frame_selector\adaptation_v2\extracted_frames\v37\v37_075.jpg
v37,v37_076,750,24.999957,30.000052,3.000005,1920,1080,jpg,C:\Users\wgucg\Desktop\videos\videos\02_model_development\best_frame_selector\adaptation_v2\extracted_frames\v37\v37_076.jpg
v37,v37_077,760,25.333290,30.000052,3.000005,1920,1080,jpg,C:\Users\wgucg\Desktop\videos\videos\02_model_development\best_frame_selector\adaptation_v2\extracted_frames\v37\v37_077.jpg
v37,v37_078,770,25.666623,30.000052,3.000005,1920,1080,jpg,C:\Users\wgucg\Desktop\videos\videos\02_model_development\best_frame_selector\adaptation_v2\extracted_frames\v37\v37_078.jpg
v37,v37_079,780,25.999955,30.000052,3.000005,1920,1080,jpg,C:\Users\wgucg\Desktop\videos\videos\02_model_development\best_frame_selector\adaptation_v2\extracted_frames\v37\v37_079.jpg
v37,v37_080,790,26.333288,30.000052,3.000005,1920,1080,jpg,C:\Users\wgucg\Desktop\videos\videos\02_model_development\best_frame_selector\adaptation_v2\extracted_frames\v37\v37_080.jpg
v37,v37_081,800,26.666621,30.000052,3.000005,1920,1080,jpg,C:\Users\wgucg\Desktop\videos\videos\02_model_development\best_frame_selector\adaptation_v2\extracted_frames\v37\v37_081.jpg
v37,v37_082,810,26.999954,30.000052,3.000005,1920,1080,jpg,C:\Users\wgucg\Desktop\videos\videos\02_model_development\best_frame_selector\adaptation_v2\extracted_frames\v37\v37_082.jpg
v37,v37_083,820,27.333286,30.000052,3.000005,1920,1080,jpg,C:\Users\wgucg\Desktop\videos\videos\02_model_development\best_frame_selector\adaptation_v2\extracted_frames\v37\v37_083.jpg
v37,v37_084,830,27.666619,30.000052,3.000005,1920,1080,jpg,C:\Users\wgucg\Desktop\videos\videos\02_model_development\best_frame_selector\adaptation_v2\extracted_frames\v37\v37_084.jpg
v37,v37_085,840,27.999952,30.000052,3.000005,1920,1080,jpg,C:\Users\wgucg\Desktop\videos\videos\02_model_development\best_frame_selector\adaptation_v2\extracted_frames\v37\v37_085.jpg
v37,v37_086,850,28.333285,30.000052,3.000005,1920,1080,jpg,C:\Users\wgucg\Desktop\videos\videos\02_model_development\best_frame_selector\adaptation_v2\extracted_frames\v37\v37_086.jpg
v37,v37_087,860,28.666617,30.000052,3.000005,1920,1080,jpg,C:\Users\wgucg\Desktop\videos\videos\02_model_development\best_frame_selector\adaptation_v2\extracted_frames\v37\v37_087.jpg
v37,v37_088,870,28.999950,30.000052,3.000005,1920,1080,jpg,C:\Users\wgucg\Desktop\videos\videos\02_model_development\best_frame_selector\adaptation_v2\extracted_frames\v37\v37_088.jpg
v37,v37_089,880,29.333283,30.000052,3.000005,1920,1080,jpg,C:\Users\wgucg\Desktop\videos\videos\02_model_development\best_frame_selector\adaptation_v2\extracted_frames\v37\v37_089.jpg
v37,v37_090,890,29.666616,30.000052,3.000005,1920,1080,jpg,C:\Users\wgucg\Desktop\videos\videos\02_model_development\best_frame_selector\adaptation_v2\extracted_frames\v37\v37_090.jpg
v37,v37_091,900,29.999948,30.000052,3.000005,1920,1080,jpg,C:\Users\wgucg\Desktop\videos\videos\02_model_development\best_frame_selector\adaptation_v2\extracted_frames\v37\v37_091.jpg
v37,v37_092,910,30.333281,30.000052,3.000005,1920,1080,jpg,C:\Users\wgucg\Desktop\videos\videos\02_model_development\best_frame_selector\adaptation_v2\extracted_frames\v37\v37_092.jpg
v37,v37_093,920,30.666614,30.000052,3.000005,1920,1080,jpg,C:\Users\wgucg\Desktop\videos\videos\02_model_development\best_frame_selector\adaptation_v2\extracted_frames\v37\v37_093.jpg
v37,v37_094,930,30.999947,30.000052,3.000005,1920,1080,jpg,C:\Users\wgucg\Desktop\videos\videos\02_model_development\best_frame_selector\adaptation_v2\extracted_frames\v37\v37_094.jpg
v37,v37_095,940,31.333280,30.000052,3.000005,1920,1080,jpg,C:\Users\wgucg\Desktop\videos\videos\02_model_development\best_frame_selector\adaptation_v2\extracted_frames\v37\v37_095.jpg
v37,v37_096,950,31.666612,30.000052,3.000005,1920,1080,jpg,C:\Users\wgucg\Desktop\videos\videos\02_model_development\best_frame_selector\adaptation_v2\extracted_frames\v37\v37_096.jpg
v37,v37_097,960,31.999945,30.000052,3.000005,1920,1080,jpg,C:\Users\wgucg\Desktop\videos\videos\02_model_development\best_frame_selector\adaptation_v2\extracted_frames\v37\v37_097.jpg
v37,v37_098,970,32.333278,30.000052,3.000005,1920,1080,jpg,C:\Users\wgucg\Desktop\videos\videos\02_model_development\best_frame_selector\adaptation_v2\extracted_frames\v37\v37_098.jpg
v37,v37_099,980,32.666611,30.000052,3.000005,1920,1080,jpg,C:\Users\wgucg\Desktop\videos\videos\02_model_development\best_frame_selector\adaptation_v2\extracted_frames\v37\v37_099.jpg
v37,v37_100,990,32.999943,30.000052,3.000005,1920,1080,jpg,C:\Users\wgucg\Desktop\videos\videos\02_model_development\best_frame_selector\adaptation_v2\extracted_frames\v37\v37_100.jpg
v37,v37_101,1000,33.333276,30.000052,3.000005,1920,1080,jpg,C:\Users\wgucg\Desktop\videos\videos\02_model_development\best_frame_selector\adaptation_v2\extracted_frames\v37\v37_101.jpg
v37,v37_102,1010,33.666609,30.000052,3.000005,1920,1080,jpg,C:\Users\wgucg\Desktop\videos\videos\02_model_development\best_frame_selector\adaptation_v2\extracted_frames\v37\v37_102.jpg
v37,v37_103,1020,33.999942,30.000052,3.000005,1920,1080,jpg,C:\Users\wgucg\Desktop\videos\videos\02_model_development\best_frame_selector\adaptation_v2\extracted_frames\v37\v37_103.jpg
v37,v37_104,1030,34.333274,30.000052,3.000005,1920,1080,jpg,C:\Users\wgucg\Desktop\videos\videos\02_model_development\best_frame_selector\adaptation_v2\extracted_frames\v37\v37_104.jpg
v37,v37_105,1040,34.666607,30.000052,3.000005,1920,1080,jpg,C:\Users\wgucg\Desktop\videos\videos\02_model_development\best_frame_selector\adaptation_v2\extracted_frames\v37\v37_105.jpg
v37,v37_106,1050,34.999940,30.000052,3.000005,1920,1080,jpg,C:\Users\wgucg\Desktop\videos\videos\02_model_development\best_frame_selector\adaptation_v2\extracted_frames\v37\v37_106.jpg
v37,v37_107,1060,35.333273,30.000052,3.000005,1920,1080,jpg,C:\Users\wgucg\Desktop\videos\videos\02_model_development\best_frame_selector\adaptation_v2\extracted_frames\v37\v37_107.jpg
v37,v37_108,1070,35.666605,30.000052,3.000005,1920,1080,jpg,C:\Users\wgucg\Desktop\videos\videos\02_model_development\best_frame_selector\adaptation_v2\extracted_frames\v37\v37_108.jpg
v37,v37_109,1080,35.999938,30.000052,3.000005,1920,1080,jpg,C:\Users\wgucg\Desktop\videos\videos\02_model_development\best_frame_selector\adaptation_v2\extracted_frames\v37\v37_109.jpg
v37,v37_110,1090,36.333271,30.000052,3.000005,1920,1080,jpg,C:\Users\wgucg\Desktop\videos\videos\02_model_development\best_frame_selector\adaptation_v2\extracted_frames\v37\v37_110.jpg
v37,v37_111,1100,36.666604,30.000052,3.000005,1920,1080,jpg,C:\Users\wgucg\Desktop\videos\videos\02_model_development\best_frame_selector\adaptation_v2\extracted_frames\v37\v37_111.jpg
v37,v37_112,1110,36.999936,30.000052,3.000005,1920,1080,jpg,C:\Users\wgucg\Desktop\videos\videos\02_model_development\best_frame_selector\adaptation_v2\extracted_frames\v37\v37_112.jpg
v37,v37_113,1120,37.333269,30.000052,3.000005,1920,1080,jpg,C:\Users\wgucg\Desktop\videos\videos\02_model_development\best_frame_selector\adaptation_v2\extracted_frames\v37\v37_113.jpg
v37,v37_114,1130,37.666602,30.000052,3.000005,1920,1080,jpg,C:\Users\wgucg\Desktop\videos\videos\02_model_development\best_frame_selector\adaptation_v2\extracted_frames\v37\v37_114.jpg
v38,v38_001,0,0.000000,30.000029,3.000003,1920,1080,jpg,C:\Users\wgucg\Desktop\videos\videos\02_model_development\best_frame_selector\adaptation_v2\extracted_frames\v38\v38_001.jpg
v38,v38_002,10,0.333333,30.000029,3.000003,1920,1080,jpg,C:\Users\wgucg\Desktop\videos\videos\02_model_development\best_frame_selector\adaptation_v2\extracted_frames\v38\v38_002.jpg
v38,v38_003,20,0.666666,30.000029,3.000003,1920,1080,jpg,C:\Users\wgucg\Desktop\videos\videos\02_model_development\best_frame_selector\adaptation_v2\extracted_frames\v38\v38_003.jpg
v38,v38_004,30,0.999999,30.000029,3.000003,1920,1080,jpg,C:\Users\wgucg\Desktop\videos\videos\02_model_development\best_frame_selector\adaptation_v2\extracted_frames\v38\v38_004.jpg
v38,v38_005,40,1.333332,30.000029,3.000003,1920,1080,jpg,C:\Users\wgucg\Desktop\videos\videos\02_model_development\best_frame_selector\adaptation_v2\extracted_frames\v38\v38_005.jpg
v38,v38_006,50,1.666665,30.000029,3.000003,1920,1080,jpg,C:\Users\wgucg\Desktop\videos\videos\02_model_development\best_frame_selector\adaptation_v2\extracted_frames\v38\v38_006.jpg
v38,v38_007,60,1.999998,30.000029,3.000003,1920,1080,jpg,C:\Users\wgucg\Desktop\videos\videos\02_model_development\best_frame_selector\adaptation_v2\extracted_frames\v38\v38_007.jpg
v38,v38_008,70,2.333331,30.000029,3.000003,1920,1080,jpg,C:\Users\wgucg\Desktop\videos\videos\02_model_development\best_frame_selector\adaptation_v2\extracted_frames\v38\v38_008.jpg
v38,v38_009,80,2.666664,30.000029,3.000003,1920,1080,jpg,C:\Users\wgucg\Desktop\videos\videos\02_model_development\best_frame_selector\adaptation_v2\extracted_frames\v38\v38_009.jpg
v38,v38_010,90,2.999997,30.000029,3.000003,1920,1080,jpg,C:\Users\wgucg\Desktop\videos\videos\02_model_development\best_frame_selector\adaptation_v2\extracted_frames\v38\v38_010.jpg
v38,v38_011,100,3.333330,30.000029,3.000003,1920,1080,jpg,C:\Users\wgucg\Desktop\videos\videos\02_model_development\best_frame_selector\adaptation_v2\extracted_frames\v38\v38_011.jpg
v38,v38_012,110,3.666663,30.000029,3.000003,1920,1080,jpg,C:\Users\wgucg\Desktop\videos\videos\02_model_development\best_frame_selector\adaptation_v2\extracted_frames\v38\v38_012.jpg
v38,v38_013,120,3.999996,30.000029,3.000003,1920,1080,jpg,C:\Users\wgucg\Desktop\videos\videos\02_model_development\best_frame_selector\adaptation_v2\extracted_frames\v38\v38_013.jpg
v38,v38_014,130,4.333329,30.000029,3.000003,1920,1080,jpg,C:\Users\wgucg\Desktop\videos\videos\02_model_development\best_frame_selector\adaptation_v2\extracted_frames\v38\v38_014.jpg
v38,v38_015,140,4.666662,30.000029,3.000003,1920,1080,jpg,C:\Users\wgucg\Desktop\videos\videos\02_model_development\best_frame_selector\adaptation_v2\extracted_frames\v38\v38_015.jpg
v38,v38_016,150,4.999995,30.000029,3.000003,1920,1080,jpg,C:\Users\wgucg\Desktop\videos\videos\02_model_development\best_frame_selector\adaptation_v2\extracted_frames\v38\v38_016.jpg
v38,v38_017,160,5.333328,30.000029,3.000003,1920,1080,jpg,C:\Users\wgucg\Desktop\videos\videos\02_model_development\best_frame_selector\adaptation_v2\extracted_frames\v38\v38_017.jpg
v38,v38_018,170,5.666661,30.000029,3.000003,1920,1080,jpg,C:\Users\wgucg\Desktop\videos\videos\02_model_development\best_frame_selector\adaptation_v2\extracted_frames\v38\v38_018.jpg
v38,v38_019,180,5.999994,30.000029,3.000003,1920,1080,jpg,C:\Users\wgucg\Desktop\videos\videos\02_model_development\best_frame_selector\adaptation_v2\extracted_frames\v38\v38_019.jpg
v38,v38_020,190,6.333327,30.000029,3.000003,1920,1080,jpg,C:\Users\wgucg\Desktop\videos\videos\02_model_development\best_frame_selector\adaptation_v2\extracted_frames\v38\v38_020.jpg
v38,v38_021,200,6.666660,30.000029,3.000003,1920,1080,jpg,C:\Users\wgucg\Desktop\videos\videos\02_model_development\best_frame_selector\adaptation_v2\extracted_frames\v38\v38_021.jpg
v38,v38_022,210,6.999993,30.000029,3.000003,1920,1080,jpg,C:\Users\wgucg\Desktop\videos\videos\02_model_development\best_frame_selector\adaptation_v2\extracted_frames\v38\v38_022.jpg
v38,v38_023,220,7.333326,30.000029,3.000003,1920,1080,jpg,C:\Users\wgucg\Desktop\videos\videos\02_model_development\best_frame_selector\adaptation_v2\extracted_frames\v38\v38_023.jpg
v38,v38_024,230,7.666659,30.000029,3.000003,1920,1080,jpg,C:\Users\wgucg\Desktop\videos\videos\02_model_development\best_frame_selector\adaptation_v2\extracted_frames\v38\v38_024.jpg
v38,v38_025,240,7.999992,30.000029,3.000003,1920,1080,jpg,C:\Users\wgucg\Desktop\videos\videos\02_model_development\best_frame_selector\adaptation_v2\extracted_frames\v38\v38_025.jpg
v38,v38_026,250,8.333325,30.000029,3.000003,1920,1080,jpg,C:\Users\wgucg\Desktop\videos\videos\02_model_development\best_frame_selector\adaptation_v2\extracted_frames\v38\v38_026.jpg
v38,v38_027,260,8.666658,30.000029,3.000003,1920,1080,jpg,C:\Users\wgucg\Desktop\videos\videos\02_model_development\best_frame_selector\adaptation_v2\extracted_frames\v38\v38_027.jpg
v38,v38_028,270,8.999991,30.000029,3.000003,1920,1080,jpg,C:\Users\wgucg\Desktop\videos\videos\02_model_development\best_frame_selector\adaptation_v2\extracted_frames\v38\v38_028.jpg
v38,v38_029,280,9.333324,30.000029,3.000003,1920,1080,jpg,C:\Users\wgucg\Desktop\videos\videos\02_model_development\best_frame_selector\adaptation_v2\extracted_frames\v38\v38_029.jpg
v38,v38_030,290,9.666657,30.000029,3.000003,1920,1080,jpg,C:\Users\wgucg\Desktop\videos\videos\02_model_development\best_frame_selector\adaptation_v2\extracted_frames\v38\v38_030.jpg
v38,v38_031,300,9.999990,30.000029,3.000003,1920,1080,jpg,C:\Users\wgucg\Desktop\videos\videos\02_model_development\best_frame_selector\adaptation_v2\extracted_frames\v38\v38_031.jpg
v38,v38_032,310,10.333323,30.000029,3.000003,1920,1080,jpg,C:\Users\wgucg\Desktop\videos\videos\02_model_development\best_frame_selector\adaptation_v2\extracted_frames\v38\v38_032.jpg
v38,v38_033,320,10.666656,30.000029,3.000003,1920,1080,jpg,C:\Users\wgucg\Desktop\videos\videos\02_model_development\best_frame_selector\adaptation_v2\extracted_frames\v38\v38_033.jpg
v38,v38_034,330,10.999989,30.000029,3.000003,1920,1080,jpg,C:\Users\wgucg\Desktop\videos\videos\02_model_development\best_frame_selector\adaptation_v2\extracted_frames\v38\v38_034.jpg
v38,v38_035,340,11.333322,30.000029,3.000003,1920,1080,jpg,C:\Users\wgucg\Desktop\videos\videos\02_model_development\best_frame_selector\adaptation_v2\extracted_frames\v38\v38_035.jpg
v38,v38_036,350,11.666655,30.000029,3.000003,1920,1080,jpg,C:\Users\wgucg\Desktop\videos\videos\02_model_development\best_frame_selector\adaptation_v2\extracted_frames\v38\v38_036.jpg
v38,v38_037,360,11.999988,30.000029,3.000003,1920,1080,jpg,C:\Users\wgucg\Desktop\videos\videos\02_model_development\best_frame_selector\adaptation_v2\extracted_frames\v38\v38_037.jpg
v38,v38_038,370,12.333322,30.000029,3.000003,1920,1080,jpg,C:\Users\wgucg\Desktop\videos\videos\02_model_development\best_frame_selector\adaptation_v2\extracted_frames\v38\v38_038.jpg
v38,v38_039,380,12.666655,30.000029,3.000003,1920,1080,jpg,C:\Users\wgucg\Desktop\videos\videos\02_model_development\best_frame_selector\adaptation_v2\extracted_frames\v38\v38_039.jpg
v38,v38_040,390,12.999988,30.000029,3.000003,1920,1080,jpg,C:\Users\wgucg\Desktop\videos\videos\02_model_development\best_frame_selector\adaptation_v2\extracted_frames\v38\v38_040.jpg
v38,v38_041,400,13.333321,30.000029,3.000003,1920,1080,jpg,C:\Users\wgucg\Desktop\videos\videos\02_model_development\best_frame_selector\adaptation_v2\extracted_frames\v38\v38_041.jpg
v38,v38_042,410,13.666654,30.000029,3.000003,1920,1080,jpg,C:\Users\wgucg\Desktop\videos\videos\02_model_development\best_frame_selector\adaptation_v2\extracted_frames\v38\v38_042.jpg
v38,v38_043,420,13.999987,30.000029,3.000003,1920,1080,jpg,C:\Users\wgucg\Desktop\videos\videos\02_model_development\best_frame_selector\adaptation_v2\extracted_frames\v38\v38_043.jpg
v38,v38_044,430,14.333320,30.000029,3.000003,1920,1080,jpg,C:\Users\wgucg\Desktop\videos\videos\02_model_development\best_frame_selector\adaptation_v2\extracted_frames\v38\v38_044.jpg
v38,v38_045,440,14.666653,30.000029,3.000003,1920,1080,jpg,C:\Users\wgucg\Desktop\videos\videos\02_model_development\best_frame_selector\adaptation_v2\extracted_frames\v38\v38_045.jpg
v38,v38_046,450,14.999986,30.000029,3.000003,1920,1080,jpg,C:\Users\wgucg\Desktop\videos\videos\02_model_development\best_frame_selector\adaptation_v2\extracted_frames\v38\v38_046.jpg
v38,v38_047,460,15.333319,30.000029,3.000003,1920,1080,jpg,C:\Users\wgucg\Desktop\videos\videos\02_model_development\best_frame_selector\adaptation_v2\extracted_frames\v38\v38_047.jpg
v38,v38_048,470,15.666652,30.000029,3.000003,1920,1080,jpg,C:\Users\wgucg\Desktop\videos\videos\02_model_development\best_frame_selector\adaptation_v2\extracted_frames\v38\v38_048.jpg
v38,v38_049,480,15.999985,30.000029,3.000003,1920,1080,jpg,C:\Users\wgucg\Desktop\videos\videos\02_model_development\best_frame_selector\adaptation_v2\extracted_frames\v38\v38_049.jpg
v38,v38_050,490,16.333318,30.000029,3.000003,1920,1080,jpg,C:\Users\wgucg\Desktop\videos\videos\02_model_development\best_frame_selector\adaptation_v2\extracted_frames\v38\v38_050.jpg
v38,v38_051,500,16.666651,30.000029,3.000003,1920,1080,jpg,C:\Users\wgucg\Desktop\videos\videos\02_model_development\best_frame_selector\adaptation_v2\extracted_frames\v38\v38_051.jpg
v38,v38_052,510,16.999984,30.000029,3.000003,1920,1080,jpg,C:\Users\wgucg\Desktop\videos\videos\02_model_development\best_frame_selector\adaptation_v2\extracted_frames\v38\v38_052.jpg
v38,v38_053,520,17.333317,30.000029,3.000003,1920,1080,jpg,C:\Users\wgucg\Desktop\videos\videos\02_model_development\best_frame_selector\adaptation_v2\extracted_frames\v38\v38_053.jpg
v38,v38_054,530,17.666650,30.000029,3.000003,1920,1080,jpg,C:\Users\wgucg\Desktop\videos\videos\02_model_development\best_frame_selector\adaptation_v2\extracted_frames\v38\v38_054.jpg
v38,v38_055,540,17.999983,30.000029,3.000003,1920,1080,jpg,C:\Users\wgucg\Desktop\videos\videos\02_model_development\best_frame_selector\adaptation_v2\extracted_frames\v38\v38_055.jpg
v38,v38_056,550,18.333316,30.000029,3.000003,1920,1080,jpg,C:\Users\wgucg\Desktop\videos\videos\02_model_development\best_frame_selector\adaptation_v2\extracted_frames\v38\v38_056.jpg
v38,v38_057,560,18.666649,30.000029,3.000003,1920,1080,jpg,C:\Users\wgucg\Desktop\videos\videos\02_model_development\best_frame_selector\adaptation_v2\extracted_frames\v38\v38_057.jpg
v38,v38_058,570,18.999982,30.000029,3.000003,1920,1080,jpg,C:\Users\wgucg\Desktop\videos\videos\02_model_development\best_frame_selector\adaptation_v2\extracted_frames\v38\v38_058.jpg
v38,v38_059,580,19.333315,30.000029,3.000003,1920,1080,jpg,C:\Users\wgucg\Desktop\videos\videos\02_model_development\best_frame_selector\adaptation_v2\extracted_frames\v38\v38_059.jpg
v38,v38_060,590,19.666648,30.000029,3.000003,1920,1080,jpg,C:\Users\wgucg\Desktop\videos\videos\02_model_development\best_frame_selector\adaptation_v2\extracted_frames\v38\v38_060.jpg
v38,v38_061,600,19.999981,30.000029,3.000003,1920,1080,jpg,C:\Users\wgucg\Desktop\videos\videos\02_model_development\best_frame_selector\adaptation_v2\extracted_frames\v38\v38_061.jpg
v38,v38_062,610,20.333314,30.000029,3.000003,1920,1080,jpg,C:\Users\wgucg\Desktop\videos\videos\02_model_development\best_frame_selector\adaptation_v2\extracted_frames\v38\v38_062.jpg
v38,v38_063,620,20.666647,30.000029,3.000003,1920,1080,jpg,C:\Users\wgucg\Desktop\videos\videos\02_model_development\best_frame_selector\adaptation_v2\extracted_frames\v38\v38_063.jpg
v38,v38_064,630,20.999980,30.000029,3.000003,1920,1080,jpg,C:\Users\wgucg\Desktop\videos\videos\02_model_development\best_frame_selector\adaptation_v2\extracted_frames\v38\v38_064.jpg
v38,v38_065,640,21.333313,30.000029,3.000003,1920,1080,jpg,C:\Users\wgucg\Desktop\videos\videos\02_model_development\best_frame_selector\adaptation_v2\extracted_frames\v38\v38_065.jpg
v38,v38_066,650,21.666646,30.000029,3.000003,1920,1080,jpg,C:\Users\wgucg\Desktop\videos\videos\02_model_development\best_frame_selector\adaptation_v2\extracted_frames\v38\v38_066.jpg
v38,v38_067,660,21.999979,30.000029,3.000003,1920,1080,jpg,C:\Users\wgucg\Desktop\videos\videos\02_model_development\best_frame_selector\adaptation_v2\extracted_frames\v38\v38_067.jpg
v38,v38_068,670,22.333312,30.000029,3.000003,1920,1080,jpg,C:\Users\wgucg\Desktop\videos\videos\02_model_development\best_frame_selector\adaptation_v2\extracted_frames\v38\v38_068.jpg
v38,v38_069,680,22.666645,30.000029,3.000003,1920,1080,jpg,C:\Users\wgucg\Desktop\videos\videos\02_model_development\best_frame_selector\adaptation_v2\extracted_frames\v38\v38_069.jpg
v38,v38_070,690,22.999978,30.000029,3.000003,1920,1080,jpg,C:\Users\wgucg\Desktop\videos\videos\02_model_development\best_frame_selector\adaptation_v2\extracted_frames\v38\v38_070.jpg
v38,v38_071,700,23.333311,30.000029,3.000003,1920,1080,jpg,C:\Users\wgucg\Desktop\videos\videos\02_model_development\best_frame_selector\adaptation_v2\extracted_frames\v38\v38_071.jpg
v38,v38_072,710,23.666644,30.000029,3.000003,1920,1080,jpg,C:\Users\wgucg\Desktop\videos\videos\02_model_development\best_frame_selector\adaptation_v2\extracted_frames\v38\v38_072.jpg
v38,v38_073,720,23.999977,30.000029,3.000003,1920,1080,jpg,C:\Users\wgucg\Desktop\videos\videos\02_model_development\best_frame_selector\adaptation_v2\extracted_frames\v38\v38_073.jpg
v38,v38_074,730,24.333310,30.000029,3.000003,1920,1080,jpg,C:\Users\wgucg\Desktop\videos\videos\02_model_development\best_frame_selector\adaptation_v2\extracted_frames\v38\v38_074.jpg
v38,v38_075,740,24.666643,30.000029,3.000003,1920,1080,jpg,C:\Users\wgucg\Desktop\videos\videos\02_model_development\best_frame_selector\adaptation_v2\extracted_frames\v38\v38_075.jpg
v38,v38_076,750,24.999976,30.000029,3.000003,1920,1080,jpg,C:\Users\wgucg\Desktop\videos\videos\02_model_development\best_frame_selector\adaptation_v2\extracted_frames\v38\v38_076.jpg
v38,v38_077,760,25.333309,30.000029,3.000003,1920,1080,jpg,C:\Users\wgucg\Desktop\videos\videos\02_model_development\best_frame_selector\adaptation_v2\extracted_frames\v38\v38_077.jpg
v38,v38_078,770,25.666642,30.000029,3.000003,1920,1080,jpg,C:\Users\wgucg\Desktop\videos\videos\02_model_development\best_frame_selector\adaptation_v2\extracted_frames\v38\v38_078.jpg
v38,v38_079,780,25.999975,30.000029,3.000003,1920,1080,jpg,C:\Users\wgucg\Desktop\videos\videos\02_model_development\best_frame_selector\adaptation_v2\extracted_frames\v38\v38_079.jpg
v38,v38_080,790,26.333308,30.000029,3.000003,1920,1080,jpg,C:\Users\wgucg\Desktop\videos\videos\02_model_development\best_frame_selector\adaptation_v2\extracted_frames\v38\v38_080.jpg
v38,v38_081,800,26.666641,30.000029,3.000003,1920,1080,jpg,C:\Users\wgucg\Desktop\videos\videos\02_model_development\best_frame_selector\adaptation_v2\extracted_frames\v38\v38_081.jpg
v38,v38_082,810,26.999974,30.000029,3.000003,1920,1080,jpg,C:\Users\wgucg\Desktop\videos\videos\02_model_development\best_frame_selector\adaptation_v2\extracted_frames\v38\v38_082.jpg
v38,v38_083,820,27.333307,30.000029,3.000003,1920,1080,jpg,C:\Users\wgucg\Desktop\videos\videos\02_model_development\best_frame_selector\adaptation_v2\extracted_frames\v38\v38_083.jpg
v38,v38_084,830,27.666640,30.000029,3.000003,1920,1080,jpg,C:\Users\wgucg\Desktop\videos\videos\02_model_development\best_frame_selector\adaptation_v2\extracted_frames\v38\v38_084.jpg
v38,v38_085,840,27.999973,30.000029,3.000003,1920,1080,jpg,C:\Users\wgucg\Desktop\videos\videos\02_model_development\best_frame_selector\adaptation_v2\extracted_frames\v38\v38_085.jpg
v38,v38_086,850,28.333306,30.000029,3.000003,1920,1080,jpg,C:\Users\wgucg\Desktop\videos\videos\02_model_development\best_frame_selector\adaptation_v2\extracted_frames\v38\v38_086.jpg
v38,v38_087,860,28.666639,30.000029,3.000003,1920,1080,jpg,C:\Users\wgucg\Desktop\videos\videos\02_model_development\best_frame_selector\adaptation_v2\extracted_frames\v38\v38_087.jpg
v38,v38_088,870,28.999972,30.000029,3.000003,1920,1080,jpg,C:\Users\wgucg\Desktop\videos\videos\02_model_development\best_frame_selector\adaptation_v2\extracted_frames\v38\v38_088.jpg
v38,v38_089,880,29.333305,30.000029,3.000003,1920,1080,jpg,C:\Users\wgucg\Desktop\videos\videos\02_model_development\best_frame_selector\adaptation_v2\extracted_frames\v38\v38_089.jpg
v38,v38_090,890,29.666638,30.000029,3.000003,1920,1080,jpg,C:\Users\wgucg\Desktop\videos\videos\02_model_development\best_frame_selector\adaptation_v2\extracted_frames\v38\v38_090.jpg
v38,v38_091,900,29.999971,30.000029,3.000003,1920,1080,jpg,C:\Users\wgucg\Desktop\videos\videos\02_model_development\best_frame_selector\adaptation_v2\extracted_frames\v38\v38_091.jpg
v38,v38_092,910,30.333304,30.000029,3.000003,1920,1080,jpg,C:\Users\wgucg\Desktop\videos\videos\02_model_development\best_frame_selector\adaptation_v2\extracted_frames\v38\v38_092.jpg
v38,v38_093,920,30.666637,30.000029,3.000003,1920,1080,jpg,C:\Users\wgucg\Desktop\videos\videos\02_model_development\best_frame_selector\adaptation_v2\extracted_frames\v38\v38_093.jpg
v38,v38_094,930,30.999970,30.000029,3.000003,1920,1080,jpg,C:\Users\wgucg\Desktop\videos\videos\02_model_development\best_frame_selector\adaptation_v2\extracted_frames\v38\v38_094.jpg
v38,v38_095,940,31.333303,30.000029,3.000003,1920,1080,jpg,C:\Users\wgucg\Desktop\videos\videos\02_model_development\best_frame_selector\adaptation_v2\extracted_frames\v38\v38_095.jpg
v38,v38_096,950,31.666636,30.000029,3.000003,1920,1080,jpg,C:\Users\wgucg\Desktop\videos\videos\02_model_development\best_frame_selector\adaptation_v2\extracted_frames\v38\v38_096.jpg
v38,v38_097,960,31.999969,30.000029,3.000003,1920,1080,jpg,C:\Users\wgucg\Desktop\videos\videos\02_model_development\best_frame_selector\adaptation_v2\extracted_frames\v38\v38_097.jpg
v38,v38_098,970,32.333302,30.000029,3.000003,1920,1080,jpg,C:\Users\wgucg\Desktop\videos\videos\02_model_development\best_frame_selector\adaptation_v2\extracted_frames\v38\v38_098.jpg
v38,v38_099,980,32.666635,30.000029,3.000003,1920,1080,jpg,C:\Users\wgucg\Desktop\videos\videos\02_model_development\best_frame_selector\adaptation_v2\extracted_frames\v38\v38_099.jpg
v38,v38_100,990,32.999968,30.000029,3.000003,1920,1080,jpg,C:\Users\wgucg\Desktop\videos\videos\02_model_development\best_frame_selector\adaptation_v2\extracted_frames\v38\v38_100.jpg
v38,v38_101,1000,33.333301,30.000029,3.000003,1920,1080,jpg,C:\Users\wgucg\Desktop\videos\videos\02_model_development\best_frame_selector\adaptation_v2\extracted_frames\v38\v38_101.jpg
v38,v38_102,1010,33.666634,30.000029,3.000003,1920,1080,jpg,C:\Users\wgucg\Desktop\videos\videos\02_model_development\best_frame_selector\adaptation_v2\extracted_frames\v38\v38_102.jpg
v38,v38_103,1020,33.999967,30.000029,3.000003,1920,1080,jpg,C:\Users\wgucg\Desktop\videos\videos\02_model_development\best_frame_selector\adaptation_v2\extracted_frames\v38\v38_103.jpg
v38,v38_104,1030,34.333300,30.000029,3.000003,1920,1080,jpg,C:\Users\wgucg\Desktop\videos\videos\02_model_development\best_frame_selector\adaptation_v2\extracted_frames\v38\v38_104.jpg
v38,v38_105,1040,34.666633,30.000029,3.000003,1920,1080,jpg,C:\Users\wgucg\Desktop\videos\videos\02_model_development\best_frame_selector\adaptation_v2\extracted_frames\v38\v38_105.jpg
v38,v38_106,1050,34.999966,30.000029,3.000003,1920,1080,jpg,C:\Users\wgucg\Desktop\videos\videos\02_model_development\best_frame_selector\adaptation_v2\extracted_frames\v38\v38_106.jpg
v38,v38_107,1060,35.333299,30.000029,3.000003,1920,1080,jpg,C:\Users\wgucg\Desktop\videos\videos\02_model_development\best_frame_selector\adaptation_v2\extracted_frames\v38\v38_107.jpg
v38,v38_108,1070,35.666632,30.000029,3.000003,1920,1080,jpg,C:\Users\wgucg\Desktop\videos\videos\02_model_development\best_frame_selector\adaptation_v2\extracted_frames\v38\v38_108.jpg
v38,v38_109,1080,35.999965,30.000029,3.000003,1920,1080,jpg,C:\Users\wgucg\Desktop\videos\videos\02_model_development\best_frame_selector\adaptation_v2\extracted_frames\v38\v38_109.jpg
v38,v38_110,1090,36.333299,30.000029,3.000003,1920,1080,jpg,C:\Users\wgucg\Desktop\videos\videos\02_model_development\best_frame_selector\adaptation_v2\extracted_frames\v38\v38_110.jpg
v38,v38_111,1100,36.666632,30.000029,3.000003,1920,1080,jpg,C:\Users\wgucg\Desktop\videos\videos\02_model_development\best_frame_selector\adaptation_v2\extracted_frames\v38\v38_111.jpg
v38,v38_112,1110,36.999965,30.000029,3.000003,1920,1080,jpg,C:\Users\wgucg\Desktop\videos\videos\02_model_development\best_frame_selector\adaptation_v2\extracted_frames\v38\v38_112.jpg
v38,v38_113,1120,37.333298,30.000029,3.000003,1920,1080,jpg,C:\Users\wgucg\Desktop\videos\videos\02_model_development\best_frame_selector\adaptation_v2\extracted_frames\v38\v38_113.jpg
v38,v38_114,1130,37.666631,30.000029,3.000003,1920,1080,jpg,C:\Users\wgucg\Desktop\videos\videos\02_model_development\best_frame_selector\adaptation_v2\extracted_frames\v38\v38_114.jpg
v38,v38_115,1140,37.999964,30.000029,3.000003,1920,1080,jpg,C:\Users\wgucg\Desktop\videos\videos\02_model_development\best_frame_selector\adaptation_v2\extracted_frames\v38\v38_115.jpg
v38,v38_116,1150,38.333297,30.000029,3.000003,1920,1080,jpg,C:\Users\wgucg\Desktop\videos\videos\02_model_development\best_frame_selector\adaptation_v2\extracted_frames\v38\v38_116.jpg
v38,v38_117,1160,38.666630,30.000029,3.000003,1920,1080,jpg,C:\Users\wgucg\Desktop\videos\videos\02_model_development\best_frame_selector\adaptation_v2\extracted_frames\v38\v38_117.jpg
v38,v38_118,1170,38.999963,30.000029,3.000003,1920,1080,jpg,C:\Users\wgucg\Desktop\videos\videos\02_model_development\best_frame_selector\adaptation_v2\extracted_frames\v38\v38_118.jpg
v38,v38_119,1180,39.333296,30.000029,3.000003,1920,1080,jpg,C:\Users\wgucg\Desktop\videos\videos\02_model_development\best_frame_selector\adaptation_v2\extracted_frames\v38\v38_119.jpg
v38,v38_120,1190,39.666629,30.000029,3.000003,1920,1080,jpg,C:\Users\wgucg\Desktop\videos\videos\02_model_development\best_frame_selector\adaptation_v2\extracted_frames\v38\v38_120.jpg
v38,v38_121,1200,39.999962,30.000029,3.000003,1920,1080,jpg,C:\Users\wgucg\Desktop\videos\videos\02_model_development\best_frame_selector\adaptation_v2\extracted_frames\v38\v38_121.jpg
v38,v38_122,1210,40.333295,30.000029,3.000003,1920,1080,jpg,C:\Users\wgucg\Desktop\videos\videos\02_model_development\best_frame_selector\adaptation_v2\extracted_frames\v38\v38_122.jpg
v38,v38_123,1220,40.666628,30.000029,3.000003,1920,1080,jpg,C:\Users\wgucg\Desktop\videos\videos\02_model_development\best_frame_selector\adaptation_v2\extracted_frames\v38\v38_123.jpg
v38,v38_124,1230,40.999961,30.000029,3.000003,1920,1080,jpg,C:\Users\wgucg\Desktop\videos\videos\02_model_development\best_frame_selector\adaptation_v2\extracted_frames\v38\v38_124.jpg
v38,v38_125,1240,41.333294,30.000029,3.000003,1920,1080,jpg,C:\Users\wgucg\Desktop\videos\videos\02_model_development\best_frame_selector\adaptation_v2\extracted_frames\v38\v38_125.jpg
v38,v38_126,1250,41.666627,30.000029,3.000003,1920,1080,jpg,C:\Users\wgucg\Desktop\videos\videos\02_model_development\best_frame_selector\adaptation_v2\extracted_frames\v38\v38_126.jpg
v38,v38_127,1260,41.999960,30.000029,3.000003,1920,1080,jpg,C:\Users\wgucg\Desktop\videos\videos\02_model_development\best_frame_selector\adaptation_v2\extracted_frames\v38\v38_127.jpg
v38,v38_128,1270,42.333293,30.000029,3.000003,1920,1080,jpg,C:\Users\wgucg\Desktop\videos\videos\02_model_development\best_frame_selector\adaptation_v2\extracted_frames\v38\v38_128.jpg
v38,v38_129,1280,42.666626,30.000029,3.000003,1920,1080,jpg,C:\Users\wgucg\Desktop\videos\videos\02_model_development\best_frame_selector\adaptation_v2\extracted_frames\v38\v38_129.jpg
v38,v38_130,1290,42.999959,30.000029,3.000003,1920,1080,jpg,C:\Users\wgucg\Desktop\videos\videos\02_model_development\best_frame_selector\adaptation_v2\extracted_frames\v38\v38_130.jpg
v38,v38_131,1300,43.333292,30.000029,3.000003,1920,1080,jpg,C:\Users\wgucg\Desktop\videos\videos\02_model_development\best_frame_selector\adaptation_v2\extracted_frames\v38\v38_131.jpg
v38,v38_132,1310,43.666625,30.000029,3.000003,1920,1080,jpg,C:\Users\wgucg\Desktop\videos\videos\02_model_development\best_frame_selector\adaptation_v2\extracted_frames\v38\v38_132.jpg
v38,v38_133,1320,43.999958,30.000029,3.000003,1920,1080,jpg,C:\Users\wgucg\Desktop\videos\videos\02_model_development\best_frame_selector\adaptation_v2\extracted_frames\v38\v38_133.jpg
v38,v38_134,1330,44.333291,30.000029,3.000003,1920,1080,jpg,C:\Users\wgucg\Desktop\videos\videos\02_model_development\best_frame_selector\adaptation_v2\extracted_frames\v38\v38_134.jpg
v38,v38_135,1340,44.666624,30.000029,3.000003,1920,1080,jpg,C:\Users\wgucg\Desktop\videos\videos\02_model_development\best_frame_selector\adaptation_v2\extracted_frames\v38\v38_135.jpg
v38,v38_136,1350,44.999957,30.000029,3.000003,1920,1080,jpg,C:\Users\wgucg\Desktop\videos\videos\02_model_development\best_frame_selector\adaptation_v2\extracted_frames\v38\v38_136.jpg
v38,v38_137,1360,45.333290,30.000029,3.000003,1920,1080,jpg,C:\Users\wgucg\Desktop\videos\videos\02_model_development\best_frame_selector\adaptation_v2\extracted_frames\v38\v38_137.jpg
v38,v38_138,1370,45.666623,30.000029,3.000003,1920,1080,jpg,C:\Users\wgucg\Desktop\videos\videos\02_model_development\best_frame_selector\adaptation_v2\extracted_frames\v38\v38_138.jpg
v38,v38_139,1380,45.999956,30.000029,3.000003,1920,1080,jpg,C:\Users\wgucg\Desktop\videos\videos\02_model_development\best_frame_selector\adaptation_v2\extracted_frames\v38\v38_139.jpg
v38,v38_140,1390,46.333289,30.000029,3.000003,1920,1080,jpg,C:\Users\wgucg\Desktop\videos\videos\02_model_development\best_frame_selector\adaptation_v2\extracted_frames\v38\v38_140.jpg
v38,v38_141,1400,46.666622,30.000029,3.000003,1920,1080,jpg,C:\Users\wgucg\Desktop\videos\videos\02_model_development\best_frame_selector\adaptation_v2\extracted_frames\v38\v38_141.jpg
v38,v38_142,1410,46.999955,30.000029,3.000003,1920,1080,jpg,C:\Users\wgucg\Desktop\videos\videos\02_model_development\best_frame_selector\adaptation_v2\extracted_frames\v38\v38_142.jpg
v38,v38_143,1420,47.333288,30.000029,3.000003,1920,1080,jpg,C:\Users\wgucg\Desktop\videos\videos\02_model_development\best_frame_selector\adaptation_v2\extracted_frames\v38\v38_143.jpg
v38,v38_144,1430,47.666621,30.000029,3.000003,1920,1080,jpg,C:\Users\wgucg\Desktop\videos\videos\02_model_development\best_frame_selector\adaptation_v2\extracted_frames\v38\v38_144.jpg
v38,v38_145,1440,47.999954,30.000029,3.000003,1920,1080,jpg,C:\Users\wgucg\Desktop\videos\videos\02_model_development\best_frame_selector\adaptation_v2\extracted_frames\v38\v38_145.jpg
v38,v38_146,1450,48.333287,30.000029,3.000003,1920,1080,jpg,C:\Users\wgucg\Desktop\videos\videos\02_model_development\best_frame_selector\adaptation_v2\extracted_frames\v38\v38_146.jpg
v38,v38_147,1460,48.666620,30.000029,3.000003,1920,1080,jpg,C:\Users\wgucg\Desktop\videos\videos\02_model_development\best_frame_selector\adaptation_v2\extracted_frames\v38\v38_147.jpg
v38,v38_148,1470,48.999953,30.000029,3.000003,1920,1080,jpg,C:\Users\wgucg\Desktop\videos\videos\02_model_development\best_frame_selector\adaptation_v2\extracted_frames\v38\v38_148.jpg
v38,v38_149,1480,49.333286,30.000029,3.000003,1920,1080,jpg,C:\Users\wgucg\Desktop\videos\videos\02_model_development\best_frame_selector\adaptation_v2\extracted_frames\v38\v38_149.jpg
v38,v38_150,1490,49.666619,30.000029,3.000003,1920,1080,jpg,C:\Users\wgucg\Desktop\videos\videos\02_model_development\best_frame_selector\adaptation_v2\extracted_frames\v38\v38_150.jpg
v38,v38_151,1500,49.999952,30.000029,3.000003,1920,1080,jpg,C:\Users\wgucg\Desktop\videos\videos\02_model_development\best_frame_selector\adaptation_v2\extracted_frames\v38\v38_151.jpg
v38,v38_152,1510,50.333285,30.000029,3.000003,1920,1080,jpg,C:\Users\wgucg\Desktop\videos\videos\02_model_development\best_frame_selector\adaptation_v2\extracted_frames\v38\v38_152.jpg
v38,v38_153,1520,50.666618,30.000029,3.000003,1920,1080,jpg,C:\Users\wgucg\Desktop\videos\videos\02_model_development\best_frame_selector\adaptation_v2\extracted_frames\v38\v38_153.jpg
v38,v38_154,1530,50.999951,30.000029,3.000003,1920,1080,jpg,C:\Users\wgucg\Desktop\videos\videos\02_model_development\best_frame_selector\adaptation_v2\extracted_frames\v38\v38_154.jpg
v38,v38_155,1540,51.333284,30.000029,3.000003,1920,1080,jpg,C:\Users\wgucg\Desktop\videos\videos\02_model_development\best_frame_selector\adaptation_v2\extracted_frames\v38\v38_155.jpg
v38,v38_156,1550,51.666617,30.000029,3.000003,1920,1080,jpg,C:\Users\wgucg\Desktop\videos\videos\02_model_development\best_frame_selector\adaptation_v2\extracted_frames\v38\v38_156.jpg
v38,v38_157,1560,51.999950,30.000029,3.000003,1920,1080,jpg,C:\Users\wgucg\Desktop\videos\videos\02_model_development\best_frame_selector\adaptation_v2\extracted_frames\v38\v38_157.jpg
v38,v38_158,1570,52.333283,30.000029,3.000003,1920,1080,jpg,C:\Users\wgucg\Desktop\videos\videos\02_model_development\best_frame_selector\adaptation_v2\extracted_frames\v38\v38_158.jpg
v38,v38_159,1580,52.666616,30.000029,3.000003,1920,1080,jpg,C:\Users\wgucg\Desktop\videos\videos\02_model_development\best_frame_selector\adaptation_v2\extracted_frames\v38\v38_159.jpg
v38,v38_160,1590,52.999949,30.000029,3.000003,1920,1080,jpg,C:\Users\wgucg\Desktop\videos\videos\02_model_development\best_frame_selector\adaptation_v2\extracted_frames\v38\v38_160.jpg
v38,v38_161,1600,53.333282,30.000029,3.000003,1920,1080,jpg,C:\Users\wgucg\Desktop\videos\videos\02_model_development\best_frame_selector\adaptation_v2\extracted_frames\v38\v38_161.jpg
v38,v38_162,1610,53.666615,30.000029,3.000003,1920,1080,jpg,C:\Users\wgucg\Desktop\videos\videos\02_model_development\best_frame_selector\adaptation_v2\extracted_frames\v38\v38_162.jpg
v38,v38_163,1620,53.999948,30.000029,3.000003,1920,1080,jpg,C:\Users\wgucg\Desktop\videos\videos\02_model_development\best_frame_selector\adaptation_v2\extracted_frames\v38\v38_163.jpg
v38,v38_164,1630,54.333281,30.000029,3.000003,1920,1080,jpg,C:\Users\wgucg\Desktop\videos\videos\02_model_development\best_frame_selector\adaptation_v2\extracted_frames\v38\v38_164.jpg
v38,v38_165,1640,54.666614,30.000029,3.000003,1920,1080,jpg,C:\Users\wgucg\Desktop\videos\videos\02_model_development\best_frame_selector\adaptation_v2\extracted_frames\v38\v38_165.jpg
v38,v38_166,1650,54.999947,30.000029,3.000003,1920,1080,jpg,C:\Users\wgucg\Desktop\videos\videos\02_model_development\best_frame_selector\adaptation_v2\extracted_frames\v38\v38_166.jpg
v38,v38_167,1660,55.333280,30.000029,3.000003,1920,1080,jpg,C:\Users\wgucg\Desktop\videos\videos\02_model_development\best_frame_selector\adaptation_v2\extracted_frames\v38\v38_167.jpg
v38,v38_168,1670,55.666613,30.000029,3.000003,1920,1080,jpg,C:\Users\wgucg\Desktop\videos\videos\02_model_development\best_frame_selector\adaptation_v2\extracted_frames\v38\v38_168.jpg
v38,v38_169,1680,55.999946,30.000029,3.000003,1920,1080,jpg,C:\Users\wgucg\Desktop\videos\videos\02_model_development\best_frame_selector\adaptation_v2\extracted_frames\v38\v38_169.jpg
v38,v38_170,1690,56.333279,30.000029,3.000003,1920,1080,jpg,C:\Users\wgucg\Desktop\videos\videos\02_model_development\best_frame_selector\adaptation_v2\extracted_frames\v38\v38_170.jpg
v38,v38_171,1700,56.666612,30.000029,3.000003,1920,1080,jpg,C:\Users\wgucg\Desktop\videos\videos\02_model_development\best_frame_selector\adaptation_v2\extracted_frames\v38\v38_171.jpg
v38,v38_172,1710,56.999945,30.000029,3.000003,1920,1080,jpg,C:\Users\wgucg\Desktop\videos\videos\02_model_development\best_frame_selector\adaptation_v2\extracted_frames\v38\v38_172.jpg
v38,v38_173,1720,57.333278,30.000029,3.000003,1920,1080,jpg,C:\Users\wgucg\Desktop\videos\videos\02_model_development\best_frame_selector\adaptation_v2\extracted_frames\v38\v38_173.jpg
v38,v38_174,1730,57.666611,30.000029,3.000003,1920,1080,jpg,C:\Users\wgucg\Desktop\videos\videos\02_model_development\best_frame_selector\adaptation_v2\extracted_frames\v38\v38_174.jpg
v38,v38_175,1740,57.999944,30.000029,3.000003,1920,1080,jpg,C:\Users\wgucg\Desktop\videos\videos\02_model_development\best_frame_selector\adaptation_v2\extracted_frames\v38\v38_175.jpg
v38,v38_176,1750,58.333277,30.000029,3.000003,1920,1080,jpg,C:\Users\wgucg\Desktop\videos\videos\02_model_development\best_frame_selector\adaptation_v2\extracted_frames\v38\v38_176.jpg
v38,v38_177,1760,58.666610,30.000029,3.000003,1920,1080,jpg,C:\Users\wgucg\Desktop\videos\videos\02_model_development\best_frame_selector\adaptation_v2\extracted_frames\v38\v38_177.jpg
v38,v38_178,1770,58.999943,30.000029,3.000003,1920,1080,jpg,C:\Users\wgucg\Desktop\videos\videos\02_model_development\best_frame_selector\adaptation_v2\extracted_frames\v38\v38_178.jpg
v38,v38_179,1780,59.333276,30.000029,3.000003,1920,1080,jpg,C:\Users\wgucg\Desktop\videos\videos\02_model_development\best_frame_selector\adaptation_v2\extracted_frames\v38\v38_179.jpg
v38,v38_180,1790,59.666609,30.000029,3.000003,1920,1080,jpg,C:\Users\wgucg\Desktop\videos\videos\02_model_development\best_frame_selector\adaptation_v2\extracted_frames\v38\v38_180.jpg
v38,v38_181,1800,59.999942,30.000029,3.000003,1920,1080,jpg,C:\Users\wgucg\Desktop\videos\videos\02_model_development\best_frame_selector\adaptation_v2\extracted_frames\v38\v38_181.jpg
v38,v38_182,1810,60.333276,30.000029,3.000003,1920,1080,jpg,C:\Users\wgucg\Desktop\videos\videos\02_model_development\best_frame_selector\adaptation_v2\extracted_frames\v38\v38_182.jpg
v38,v38_183,1820,60.666609,30.000029,3.000003,1920,1080,jpg,C:\Users\wgucg\Desktop\videos\videos\02_model_development\best_frame_selector\adaptation_v2\extracted_frames\v38\v38_183.jpg
v38,v38_184,1830,60.999942,30.000029,3.000003,1920,1080,jpg,C:\Users\wgucg\Desktop\videos\videos\02_model_development\best_frame_selector\adaptation_v2\extracted_frames\v38\v38_184.jpg
v38,v38_185,1840,61.333275,30.000029,3.000003,1920,1080,jpg,C:\Users\wgucg\Desktop\videos\videos\02_model_development\best_frame_selector\adaptation_v2\extracted_frames\v38\v38_185.jpg
v38,v38_186,1850,61.666608,30.000029,3.000003,1920,1080,jpg,C:\Users\wgucg\Desktop\videos\videos\02_model_development\best_frame_selector\adaptation_v2\extracted_frames\v38\v38_186.jpg
v38,v38_187,1860,61.999941,30.000029,3.000003,1920,1080,jpg,C:\Users\wgucg\Desktop\videos\videos\02_model_development\best_frame_selector\adaptation_v2\extracted_frames\v38\v38_187.jpg
v38,v38_188,1870,62.333274,30.000029,3.000003,1920,1080,jpg,C:\Users\wgucg\Desktop\videos\videos\02_model_development\best_frame_selector\adaptation_v2\extracted_frames\v38\v38_188.jpg
v38,v38_189,1880,62.666607,30.000029,3.000003,1920,1080,jpg,C:\Users\wgucg\Desktop\videos\videos\02_model_development\best_frame_selector\adaptation_v2\extracted_frames\v38\v38_189.jpg
v38,v38_190,1890,62.999940,30.000029,3.000003,1920,1080,jpg,C:\Users\wgucg\Desktop\videos\videos\02_model_development\best_frame_selector\adaptation_v2\extracted_frames\v38\v38_190.jpg
v38,v38_191,1900,63.333273,30.000029,3.000003,1920,1080,jpg,C:\Users\wgucg\Desktop\videos\videos\02_model_development\best_frame_selector\adaptation_v2\extracted_frames\v38\v38_191.jpg
v38,v38_192,1910,63.666606,30.000029,3.000003,1920,1080,jpg,C:\Users\wgucg\Desktop\videos\videos\02_model_development\best_frame_selector\adaptation_v2\extracted_frames\v38\v38_192.jpg
v38,v38_193,1920,63.999939,30.000029,3.000003,1920,1080,jpg,C:\Users\wgucg\Desktop\videos\videos\02_model_development\best_frame_selector\adaptation_v2\extracted_frames\v38\v38_193.jpg
v38,v38_194,1930,64.333272,30.000029,3.000003,1920,1080,jpg,C:\Users\wgucg\Desktop\videos\videos\02_model_development\best_frame_selector\adaptation_v2\extracted_frames\v38\v38_194.jpg
v38,v38_195,1940,64.666605,30.000029,3.000003,1920,1080,jpg,C:\Users\wgucg\Desktop\videos\videos\02_model_development\best_frame_selector\adaptation_v2\extracted_frames\v38\v38_195.jpg
v38,v38_196,1950,64.999938,30.000029,3.000003,1920,1080,jpg,C:\Users\wgucg\Desktop\videos\videos\02_model_development\best_frame_selector\adaptation_v2\extracted_frames\v38\v38_196.jpg
v38,v38_197,1960,65.333271,30.000029,3.000003,1920,1080,jpg,C:\Users\wgucg\Desktop\videos\videos\02_model_development\best_frame_selector\adaptation_v2\extracted_frames\v38\v38_197.jpg
v38,v38_198,1970,65.666604,30.000029,3.000003,1920,1080,jpg,C:\Users\wgucg\Desktop\videos\videos\02_model_development\best_frame_selector\adaptation_v2\extracted_frames\v38\v38_198.jpg
v38,v38_199,1980,65.999937,30.000029,3.000003,1920,1080,jpg,C:\Users\wgucg\Desktop\videos\videos\02_model_development\best_frame_selector\adaptation_v2\extracted_frames\v38\v38_199.jpg
v38,v38_200,1990,66.333270,30.000029,3.000003,1920,1080,jpg,C:\Users\wgucg\Desktop\videos\videos\02_model_development\best_frame_selector\adaptation_v2\extracted_frames\v38\v38_200.jpg
v38,v38_201,2000,66.666603,30.000029,3.000003,1920,1080,jpg,C:\Users\wgucg\Desktop\videos\videos\02_model_development\best_frame_selector\adaptation_v2\extracted_frames\v38\v38_201.jpg
v38,v38_202,2010,66.999936,30.000029,3.000003,1920,1080,jpg,C:\Users\wgucg\Desktop\videos\videos\02_model_development\best_frame_selector\adaptation_v2\extracted_frames\v38\v38_202.jpg
v38,v38_203,2020,67.333269,30.000029,3.000003,1920,1080,jpg,C:\Users\wgucg\Desktop\videos\videos\02_model_development\best_frame_selector\adaptation_v2\extracted_frames\v38\v38_203.jpg
v38,v38_204,2030,67.666602,30.000029,3.000003,1920,1080,jpg,C:\Users\wgucg\Desktop\videos\videos\02_model_development\best_frame_selector\adaptation_v2\extracted_frames\v38\v38_204.jpg
v38,v38_205,2040,67.999935,30.000029,3.000003,1920,1080,jpg,C:\Users\wgucg\Desktop\videos\videos\02_model_development\best_frame_selector\adaptation_v2\extracted_frames\v38\v38_205.jpg
v38,v38_206,2050,68.333268,30.000029,3.000003,1920,1080,jpg,C:\Users\wgucg\Desktop\videos\videos\02_model_development\best_frame_selector\adaptation_v2\extracted_frames\v38\v38_206.jpg
v38,v38_207,2060,68.666601,30.000029,3.000003,1920,1080,jpg,C:\Users\wgucg\Desktop\videos\videos\02_model_development\best_frame_selector\adaptation_v2\extracted_frames\v38\v38_207.jpg
v38,v38_208,2070,68.999934,30.000029,3.000003,1920,1080,jpg,C:\Users\wgucg\Desktop\videos\videos\02_model_development\best_frame_selector\adaptation_v2\extracted_frames\v38\v38_208.jpg
v38,v38_209,2080,69.333267,30.000029,3.000003,1920,1080,jpg,C:\Users\wgucg\Desktop\videos\videos\02_model_development\best_frame_selector\adaptation_v2\extracted_frames\v38\v38_209.jpg
v38,v38_210,2090,69.666600,30.000029,3.000003,1920,1080,jpg,C:\Users\wgucg\Desktop\videos\videos\02_model_development\best_frame_selector\adaptation_v2\extracted_frames\v38\v38_210.jpg
v38,v38_211,2100,69.999933,30.000029,3.000003,1920,1080,jpg,C:\Users\wgucg\Desktop\videos\videos\02_model_development\best_frame_selector\adaptation_v2\extracted_frames\v38\v38_211.jpg
v38,v38_212,2110,70.333266,30.000029,3.000003,1920,1080,jpg,C:\Users\wgucg\Desktop\videos\videos\02_model_development\best_frame_selector\adaptation_v2\extracted_frames\v38\v38_212.jpg
v38,v38_213,2120,70.666599,30.000029,3.000003,1920,1080,jpg,C:\Users\wgucg\Desktop\videos\videos\02_model_development\best_frame_selector\adaptation_v2\extracted_frames\v38\v38_213.jpg
v38,v38_214,2130,70.999932,30.000029,3.000003,1920,1080,jpg,C:\Users\wgucg\Desktop\videos\videos\02_model_development\best_frame_selector\adaptation_v2\extracted_frames\v38\v38_214.jpg
v38,v38_215,2140,71.333265,30.000029,3.000003,1920,1080,jpg,C:\Users\wgucg\Desktop\videos\videos\02_model_development\best_frame_selector\adaptation_v2\extracted_frames\v38\v38_215.jpg
v38,v38_216,2150,71.666598,30.000029,3.000003,1920,1080,jpg,C:\Users\wgucg\Desktop\videos\videos\02_model_development\best_frame_selector\adaptation_v2\extracted_frames\v38\v38_216.jpg
v38,v38_217,2160,71.999931,30.000029,3.000003,1920,1080,jpg,C:\Users\wgucg\Desktop\videos\videos\02_model_development\best_frame_selector\adaptation_v2\extracted_frames\v38\v38_217.jpg
v38,v38_218,2170,72.333264,30.000029,3.000003,1920,1080,jpg,C:\Users\wgucg\Desktop\videos\videos\02_model_development\best_frame_selector\adaptation_v2\extracted_frames\v38\v38_218.jpg
v38,v38_219,2180,72.666597,30.000029,3.000003,1920,1080,jpg,C:\Users\wgucg\Desktop\videos\videos\02_model_development\best_frame_selector\adaptation_v2\extracted_frames\v38\v38_219.jpg
v38,v38_220,2190,72.999930,30.000029,3.000003,1920,1080,jpg,C:\Users\wgucg\Desktop\videos\videos\02_model_development\best_frame_selector\adaptation_v2\extracted_frames\v38\v38_220.jpg
v38,v38_221,2200,73.333263,30.000029,3.000003,1920,1080,jpg,C:\Users\wgucg\Desktop\videos\videos\02_model_development\best_frame_selector\adaptation_v2\extracted_frames\v38\v38_221.jpg
v38,v38_222,2210,73.666596,30.000029,3.000003,1920,1080,jpg,C:\Users\wgucg\Desktop\videos\videos\02_model_development\best_frame_selector\adaptation_v2\extracted_frames\v38\v38_222.jpg
v38,v38_223,2220,73.999929,30.000029,3.000003,1920,1080,jpg,C:\Users\wgucg\Desktop\videos\videos\02_model_development\best_frame_selector\adaptation_v2\extracted_frames\v38\v38_223.jpg
v38,v38_224,2230,74.333262,30.000029,3.000003,1920,1080,jpg,C:\Users\wgucg\Desktop\videos\videos\02_model_development\best_frame_selector\adaptation_v2\extracted_frames\v38\v38_224.jpg
v38,v38_225,2240,74.666595,30.000029,3.000003,1920,1080,jpg,C:\Users\wgucg\Desktop\videos\videos\02_model_development\best_frame_selector\adaptation_v2\extracted_frames\v38\v38_225.jpg
v38,v38_226,2250,74.999928,30.000029,3.000003,1920,1080,jpg,C:\Users\wgucg\Desktop\videos\videos\02_model_development\best_frame_selector\adaptation_v2\extracted_frames\v38\v38_226.jpg
v38,v38_227,2260,75.333261,30.000029,3.000003,1920,1080,jpg,C:\Users\wgucg\Desktop\videos\videos\02_model_development\best_frame_selector\adaptation_v2\extracted_frames\v38\v38_227.jpg
v38,v38_228,2270,75.666594,30.000029,3.000003,1920,1080,jpg,C:\Users\wgucg\Desktop\videos\videos\02_model_development\best_frame_selector\adaptation_v2\extracted_frames\v38\v38_228.jpg
v38,v38_229,2280,75.999927,30.000029,3.000003,1920,1080,jpg,C:\Users\wgucg\Desktop\videos\videos\02_model_development\best_frame_selector\adaptation_v2\extracted_frames\v38\v38_229.jpg
v38,v38_230,2290,76.333260,30.000029,3.000003,1920,1080,jpg,C:\Users\wgucg\Desktop\videos\videos\02_model_development\best_frame_selector\adaptation_v2\extracted_frames\v38\v38_230.jpg
v38,v38_231,2300,76.666593,30.000029,3.000003,1920,1080,jpg,C:\Users\wgucg\Desktop\videos\videos\02_model_development\best_frame_selector\adaptation_v2\extracted_frames\v38\v38_231.jpg
v38,v38_232,2310,76.999926,30.000029,3.000003,1920,1080,jpg,C:\Users\wgucg\Desktop\videos\videos\02_model_development\best_frame_selector\adaptation_v2\extracted_frames\v38\v38_232.jpg
v38,v38_233,2320,77.333259,30.000029,3.000003,1920,1080,jpg,C:\Users\wgucg\Desktop\videos\videos\02_model_development\best_frame_selector\adaptation_v2\extracted_frames\v38\v38_233.jpg
v38,v38_234,2330,77.666592,30.000029,3.000003,1920,1080,jpg,C:\Users\wgucg\Desktop\videos\videos\02_model_development\best_frame_selector\adaptation_v2\extracted_frames\v38\v38_234.jpg
v38,v38_235,2340,77.999925,30.000029,3.000003,1920,1080,jpg,C:\Users\wgucg\Desktop\videos\videos\02_model_development\best_frame_selector\adaptation_v2\extracted_frames\v38\v38_235.jpg
v38,v38_236,2350,78.333258,30.000029,3.000003,1920,1080,jpg,C:\Users\wgucg\Desktop\videos\videos\02_model_development\best_frame_selector\adaptation_v2\extracted_frames\v38\v38_236.jpg
v38,v38_237,2360,78.666591,30.000029,3.000003,1920,1080,jpg,C:\Users\wgucg\Desktop\videos\videos\02_model_development\best_frame_selector\adaptation_v2\extracted_frames\v38\v38_237.jpg
v38,v38_238,2370,78.999924,30.000029,3.000003,1920,1080,jpg,C:\Users\wgucg\Desktop\videos\videos\02_model_development\best_frame_selector\adaptation_v2\extracted_frames\v38\v38_238.jpg
v38,v38_239,2380,79.333257,30.000029,3.000003,1920,1080,jpg,C:\Users\wgucg\Desktop\videos\videos\02_model_development\best_frame_selector\adaptation_v2\extracted_frames\v38\v38_239.jpg
v38,v38_240,2390,79.666590,30.000029,3.000003,1920,1080,jpg,C:\Users\wgucg\Desktop\videos\videos\02_model_development\best_frame_selector\adaptation_v2\extracted_frames\v38\v38_240.jpg
v38,v38_241,2400,79.999923,30.000029,3.000003,1920,1080,jpg,C:\Users\wgucg\Desktop\videos\videos\02_model_development\best_frame_selector\adaptation_v2\extracted_frames\v38\v38_241.jpg
v38,v38_242,2410,80.333256,30.000029,3.000003,1920,1080,jpg,C:\Users\wgucg\Desktop\videos\videos\02_model_development\best_frame_selector\adaptation_v2\extracted_frames\v38\v38_242.jpg
v38,v38_243,2420,80.666589,30.000029,3.000003,1920,1080,jpg,C:\Users\wgucg\Desktop\videos\videos\02_model_development\best_frame_selector\adaptation_v2\extracted_frames\v38\v38_243.jpg
v38,v38_244,2430,80.999922,30.000029,3.000003,1920,1080,jpg,C:\Users\wgucg\Desktop\videos\videos\02_model_development\best_frame_selector\adaptation_v2\extracted_frames\v38\v38_244.jpg
v38,v38_245,2440,81.333255,30.000029,3.000003,1920,1080,jpg,C:\Users\wgucg\Desktop\videos\videos\02_model_development\best_frame_selector\adaptation_v2\extracted_frames\v38\v38_245.jpg
v38,v38_246,2450,81.666588,30.000029,3.000003,1920,1080,jpg,C:\Users\wgucg\Desktop\videos\videos\02_model_development\best_frame_selector\adaptation_v2\extracted_frames\v38\v38_246.jpg
v38,v38_247,2460,81.999921,30.000029,3.000003,1920,1080,jpg,C:\Users\wgucg\Desktop\videos\videos\02_model_development\best_frame_selector\adaptation_v2\extracted_frames\v38\v38_247.jpg
v38,v38_248,2470,82.333254,30.000029,3.000003,1920,1080,jpg,C:\Users\wgucg\Desktop\videos\videos\02_model_development\best_frame_selector\adaptation_v2\extracted_frames\v38\v38_248.jpg
v38,v38_249,2480,82.666587,30.000029,3.000003,1920,1080,jpg,C:\Users\wgucg\Desktop\videos\videos\02_model_development\best_frame_selector\adaptation_v2\extracted_frames\v38\v38_249.jpg
v38,v38_250,2490,82.999920,30.000029,3.000003,1920,1080,jpg,C:\Users\wgucg\Desktop\videos\videos\02_model_development\best_frame_selector\adaptation_v2\extracted_frames\v38\v38_250.jpg
v38,v38_251,2500,83.333253,30.000029,3.000003,1920,1080,jpg,C:\Users\wgucg\Desktop\videos\videos\02_model_development\best_frame_selector\adaptation_v2\extracted_frames\v38\v38_251.jpg
v38,v38_252,2510,83.666586,30.000029,3.000003,1920,1080,jpg,C:\Users\wgucg\Desktop\videos\videos\02_model_development\best_frame_selector\adaptation_v2\extracted_frames\v38\v38_252.jpg
v38,v38_253,2520,83.999919,30.000029,3.000003,1920,1080,jpg,C:\Users\wgucg\Desktop\videos\videos\02_model_development\best_frame_selector\adaptation_v2\extracted_frames\v38\v38_253.jpg
v38,v38_254,2530,84.333253,30.000029,3.000003,1920,1080,jpg,C:\Users\wgucg\Desktop\videos\videos\02_model_development\best_frame_selector\adaptation_v2\extracted_frames\v38\v38_254.jpg
v38,v38_255,2540,84.666586,30.000029,3.000003,1920,1080,jpg,C:\Users\wgucg\Desktop\videos\videos\02_model_development\best_frame_selector\adaptation_v2\extracted_frames\v38\v38_255.jpg
v38,v38_256,2550,84.999919,30.000029,3.000003,1920,1080,jpg,C:\Users\wgucg\Desktop\videos\videos\02_model_development\best_frame_selector\adaptation_v2\extracted_frames\v38\v38_256.jpg
v38,v38_257,2560,85.333252,30.000029,3.000003,1920,1080,jpg,C:\Users\wgucg\Desktop\videos\videos\02_model_development\best_frame_selector\adaptation_v2\extracted_frames\v38\v38_257.jpg
v38,v38_258,2570,85.666585,30.000029,3.000003,1920,1080,jpg,C:\Users\wgucg\Desktop\videos\videos\02_model_development\best_frame_selector\adaptation_v2\extracted_frames\v38\v38_258.jpg
v38,v38_259,2580,85.999918,30.000029,3.000003,1920,1080,jpg,C:\Users\wgucg\Desktop\videos\videos\02_model_development\best_frame_selector\adaptation_v2\extracted_frames\v38\v38_259.jpg
v38,v38_260,2590,86.333251,30.000029,3.000003,1920,1080,jpg,C:\Users\wgucg\Desktop\videos\videos\02_model_development\best_frame_selector\adaptation_v2\extracted_frames\v38\v38_260.jpg
v38,v38_261,2600,86.666584,30.000029,3.000003,1920,1080,jpg,C:\Users\wgucg\Desktop\videos\videos\02_model_development\best_frame_selector\adaptation_v2\extracted_frames\v38\v38_261.jpg
v38,v38_262,2610,86.999917,30.000029,3.000003,1920,1080,jpg,C:\Users\wgucg\Desktop\videos\videos\02_model_development\best_frame_selector\adaptation_v2\extracted_frames\v38\v38_262.jpg
v38,v38_263,2620,87.333250,30.000029,3.000003,1920,1080,jpg,C:\Users\wgucg\Desktop\videos\videos\02_model_development\best_frame_selector\adaptation_v2\extracted_frames\v38\v38_263.jpg
v38,v38_264,2630,87.666583,30.000029,3.000003,1920,1080,jpg,C:\Users\wgucg\Desktop\videos\videos\02_model_development\best_frame_selector\adaptation_v2\extracted_frames\v38\v38_264.jpg
v38,v38_265,2640,87.999916,30.000029,3.000003,1920,1080,jpg,C:\Users\wgucg\Desktop\videos\videos\02_model_development\best_frame_selector\adaptation_v2\extracted_frames\v38\v38_265.jpg
v38,v38_266,2650,88.333249,30.000029,3.000003,1920,1080,jpg,C:\Users\wgucg\Desktop\videos\videos\02_model_development\best_frame_selector\adaptation_v2\extracted_frames\v38\v38_266.jpg
v38,v38_267,2660,88.666582,30.000029,3.000003,1920,1080,jpg,C:\Users\wgucg\Desktop\videos\videos\02_model_development\best_frame_selector\adaptation_v2\extracted_frames\v38\v38_267.jpg
v38,v38_268,2670,88.999915,30.000029,3.000003,1920,1080,jpg,C:\Users\wgucg\Desktop\videos\videos\02_model_development\best_frame_selector\adaptation_v2\extracted_frames\v38\v38_268.jpg
v38,v38_269,2680,89.333248,30.000029,3.000003,1920,1080,jpg,C:\Users\wgucg\Desktop\videos\videos\02_model_development\best_frame_selector\adaptation_v2\extracted_frames\v38\v38_269.jpg
v38,v38_270,2690,89.666581,30.000029,3.000003,1920,1080,jpg,C:\Users\wgucg\Desktop\videos\videos\02_model_development\best_frame_selector\adaptation_v2\extracted_frames\v38\v38_270.jpg
v38,v38_271,2700,89.999914,30.000029,3.000003,1920,1080,jpg,C:\Users\wgucg\Desktop\videos\videos\02_model_development\best_frame_selector\adaptation_v2\extracted_frames\v38\v38_271.jpg
v38,v38_272,2710,90.333247,30.000029,3.000003,1920,1080,jpg,C:\Users\wgucg\Desktop\videos\videos\02_model_development\best_frame_selector\adaptation_v2\extracted_frames\v38\v38_272.jpg
v38,v38_273,2720,90.666580,30.000029,3.000003,1920,1080,jpg,C:\Users\wgucg\Desktop\videos\videos\02_model_development\best_frame_selector\adaptation_v2\extracted_frames\v38\v38_273.jpg
v38,v38_274,2730,90.999913,30.000029,3.000003,1920,1080,jpg,C:\Users\wgucg\Desktop\videos\videos\02_model_development\best_frame_selector\adaptation_v2\extracted_frames\v38\v38_274.jpg
v38,v38_275,2740,91.333246,30.000029,3.000003,1920,1080,jpg,C:\Users\wgucg\Desktop\videos\videos\02_model_development\best_frame_selector\adaptation_v2\extracted_frames\v38\v38_275.jpg
v38,v38_276,2750,91.666579,30.000029,3.000003,1920,1080,jpg,C:\Users\wgucg\Desktop\videos\videos\02_model_development\best_frame_selector\adaptation_v2\extracted_frames\v38\v38_276.jpg
v38,v38_277,2760,91.999912,30.000029,3.000003,1920,1080,jpg,C:\Users\wgucg\Desktop\videos\videos\02_model_development\best_frame_selector\adaptation_v2\extracted_frames\v38\v38_277.jpg
v38,v38_278,2770,92.333245,30.000029,3.000003,1920,1080,jpg,C:\Users\wgucg\Desktop\videos\videos\02_model_development\best_frame_selector\adaptation_v2\extracted_frames\v38\v38_278.jpg
v38,v38_279,2780,92.666578,30.000029,3.000003,1920,1080,jpg,C:\Users\wgucg\Desktop\videos\videos\02_model_development\best_frame_selector\adaptation_v2\extracted_frames\v38\v38_279.jpg
v38,v38_280,2790,92.999911,30.000029,3.000003,1920,1080,jpg,C:\Users\wgucg\Desktop\videos\videos\02_model_development\best_frame_selector\adaptation_v2\extracted_frames\v38\v38_280.jpg
v38,v38_281,2800,93.333244,30.000029,3.000003,1920,1080,jpg,C:\Users\wgucg\Desktop\videos\videos\02_model_development\best_frame_selector\adaptation_v2\extracted_frames\v38\v38_281.jpg
v38,v38_282,2810,93.666577,30.000029,3.000003,1920,1080,jpg,C:\Users\wgucg\Desktop\videos\videos\02_model_development\best_frame_selector\adaptation_v2\extracted_frames\v38\v38_282.jpg
v38,v38_283,2820,93.999910,30.000029,3.000003,1920,1080,jpg,C:\Users\wgucg\Desktop\videos\videos\02_model_development\best_frame_selector\adaptation_v2\extracted_frames\v38\v38_283.jpg
v38,v38_284,2830,94.333243,30.000029,3.000003,1920,1080,jpg,C:\Users\wgucg\Desktop\videos\videos\02_model_development\best_frame_selector\adaptation_v2\extracted_frames\v38\v38_284.jpg
v38,v38_285,2840,94.666576,30.000029,3.000003,1920,1080,jpg,C:\Users\wgucg\Desktop\videos\videos\02_model_development\best_frame_selector\adaptation_v2\extracted_frames\v38\v38_285.jpg
v38,v38_286,2850,94.999909,30.000029,3.000003,1920,1080,jpg,C:\Users\wgucg\Desktop\videos\videos\02_model_development\best_frame_selector\adaptation_v2\extracted_frames\v38\v38_286.jpg
v38,v38_287,2860,95.333242,30.000029,3.000003,1920,1080,jpg,C:\Users\wgucg\Desktop\videos\videos\02_model_development\best_frame_selector\adaptation_v2\extracted_frames\v38\v38_287.jpg
v38,v38_288,2870,95.666575,30.000029,3.000003,1920,1080,jpg,C:\Users\wgucg\Desktop\videos\videos\02_model_development\best_frame_selector\adaptation_v2\extracted_frames\v38\v38_288.jpg
v38,v38_289,2880,95.999908,30.000029,3.000003,1920,1080,jpg,C:\Users\wgucg\Desktop\videos\videos\02_model_development\best_frame_selector\adaptation_v2\extracted_frames\v38\v38_289.jpg
v38,v38_290,2890,96.333241,30.000029,3.000003,1920,1080,jpg,C:\Users\wgucg\Desktop\videos\videos\02_model_development\best_frame_selector\adaptation_v2\extracted_frames\v38\v38_290.jpg
v38,v38_291,2900,96.666574,30.000029,3.000003,1920,1080,jpg,C:\Users\wgucg\Desktop\videos\videos\02_model_development\best_frame_selector\adaptation_v2\extracted_frames\v38\v38_291.jpg
v38,v38_292,2910,96.999907,30.000029,3.000003,1920,1080,jpg,C:\Users\wgucg\Desktop\videos\videos\02_model_development\best_frame_selector\adaptation_v2\extracted_frames\v38\v38_292.jpg
v38,v38_293,2920,97.333240,30.000029,3.000003,1920,1080,jpg,C:\Users\wgucg\Desktop\videos\videos\02_model_development\best_frame_selector\adaptation_v2\extracted_frames\v38\v38_293.jpg
v38,v38_294,2930,97.666573,30.000029,3.000003,1920,1080,jpg,C:\Users\wgucg\Desktop\videos\videos\02_model_development\best_frame_selector\adaptation_v2\extracted_frames\v38\v38_294.jpg
v38,v38_295,2940,97.999906,30.000029,3.000003,1920,1080,jpg,C:\Users\wgucg\Desktop\videos\videos\02_model_development\best_frame_selector\adaptation_v2\extracted_frames\v38\v38_295.jpg
v38,v38_296,2950,98.333239,30.000029,3.000003,1920,1080,jpg,C:\Users\wgucg\Desktop\videos\videos\02_model_development\best_frame_selector\adaptation_v2\extracted_frames\v38\v38_296.jpg
v38,v38_297,2960,98.666572,30.000029,3.000003,1920,1080,jpg,C:\Users\wgucg\Desktop\videos\videos\02_model_development\best_frame_selector\adaptation_v2\extracted_frames\v38\v38_297.jpg
v38,v38_298,2970,98.999905,30.000029,3.000003,1920,1080,jpg,C:\Users\wgucg\Desktop\videos\videos\02_model_development\best_frame_selector\adaptation_v2\extracted_frames\v38\v38_298.jpg
v38,v38_299,2980,99.333238,30.000029,3.000003,1920,1080,jpg,C:\Users\wgucg\Desktop\videos\videos\02_model_development\best_frame_selector\adaptation_v2\extracted_frames\v38\v38_299.jpg
v38,v38_300,2990,99.666571,30.000029,3.000003,1920,1080,jpg,C:\Users\wgucg\Desktop\videos\videos\02_model_development\best_frame_selector\adaptation_v2\extracted_frames\v38\v38_300.jpg
v38,v38_301,3000,99.999904,30.000029,3.000003,1920,1080,jpg,C:\Users\wgucg\Desktop\videos\videos\02_model_development\best_frame_selector\adaptation_v2\extracted_frames\v38\v38_301.jpg
v38,v38_302,3010,100.333237,30.000029,3.000003,1920,1080,jpg,C:\Users\wgucg\Desktop\videos\videos\02_model_development\best_frame_selector\adaptation_v2\extracted_frames\v38\v38_302.jpg
v38,v38_303,3020,100.666570,30.000029,3.000003,1920,1080,jpg,C:\Users\wgucg\Desktop\videos\videos\02_model_development\best_frame_selector\adaptation_v2\extracted_frames\v38\v38_303.jpg
v38,v38_304,3030,100.999903,30.000029,3.000003,1920,1080,jpg,C:\Users\wgucg\Desktop\videos\videos\02_model_development\best_frame_selector\adaptation_v2\extracted_frames\v38\v38_304.jpg
v38,v38_305,3040,101.333236,30.000029,3.000003,1920,1080,jpg,C:\Users\wgucg\Desktop\videos\videos\02_model_development\best_frame_selector\adaptation_v2\extracted_frames\v38\v38_305.jpg
v38,v38_306,3050,101.666569,30.000029,3.000003,1920,1080,jpg,C:\Users\wgucg\Desktop\videos\videos\02_model_development\best_frame_selector\adaptation_v2\extracted_frames\v38\v38_306.jpg
v38,v38_307,3060,101.999902,30.000029,3.000003,1920,1080,jpg,C:\Users\wgucg\Desktop\videos\videos\02_model_development\best_frame_selector\adaptation_v2\extracted_frames\v38\v38_307.jpg
v38,v38_308,3070,102.333235,30.000029,3.000003,1920,1080,jpg,C:\Users\wgucg\Desktop\videos\videos\02_model_development\best_frame_selector\adaptation_v2\extracted_frames\v38\v38_308.jpg
v38,v38_309,3080,102.666568,30.000029,3.000003,1920,1080,jpg,C:\Users\wgucg\Desktop\videos\videos\02_model_development\best_frame_selector\adaptation_v2\extracted_frames\v38\v38_309.jpg
v38,v38_310,3090,102.999901,30.000029,3.000003,1920,1080,jpg,C:\Users\wgucg\Desktop\videos\videos\02_model_development\best_frame_selector\adaptation_v2\extracted_frames\v38\v38_310.jpg
v38,v38_311,3100,103.333234,30.000029,3.000003,1920,1080,jpg,C:\Users\wgucg\Desktop\videos\videos\02_model_development\best_frame_selector\adaptation_v2\extracted_frames\v38\v38_311.jpg
v38,v38_312,3110,103.666567,30.000029,3.000003,1920,1080,jpg,C:\Users\wgucg\Desktop\videos\videos\02_model_development\best_frame_selector\adaptation_v2\extracted_frames\v38\v38_312.jpg
v38,v38_313,3120,103.999900,30.000029,3.000003,1920,1080,jpg,C:\Users\wgucg\Desktop\videos\videos\02_model_development\best_frame_selector\adaptation_v2\extracted_frames\v38\v38_313.jpg
v38,v38_314,3130,104.333233,30.000029,3.000003,1920,1080,jpg,C:\Users\wgucg\Desktop\videos\videos\02_model_development\best_frame_selector\adaptation_v2\extracted_frames\v38\v38_314.jpg
v38,v38_315,3140,104.666566,30.000029,3.000003,1920,1080,jpg,C:\Users\wgucg\Desktop\videos\videos\02_model_development\best_frame_selector\adaptation_v2\extracted_frames\v38\v38_315.jpg
v38,v38_316,3150,104.999899,30.000029,3.000003,1920,1080,jpg,C:\Users\wgucg\Desktop\videos\videos\02_model_development\best_frame_selector\adaptation_v2\extracted_frames\v38\v38_316.jpg
v38,v38_317,3160,105.333232,30.000029,3.000003,1920,1080,jpg,C:\Users\wgucg\Desktop\videos\videos\02_model_development\best_frame_selector\adaptation_v2\extracted_frames\v38\v38_317.jpg
v38,v38_318,3170,105.666565,30.000029,3.000003,1920,1080,jpg,C:\Users\wgucg\Desktop\videos\videos\02_model_development\best_frame_selector\adaptation_v2\extracted_frames\v38\v38_318.jpg
v38,v38_319,3180,105.999898,30.000029,3.000003,1920,1080,jpg,C:\Users\wgucg\Desktop\videos\videos\02_model_development\best_frame_selector\adaptation_v2\extracted_frames\v38\v38_319.jpg
v38,v38_320,3190,106.333231,30.000029,3.000003,1920,1080,jpg,C:\Users\wgucg\Desktop\videos\videos\02_model_development\best_frame_selector\adaptation_v2\extracted_frames\v38\v38_320.jpg
v38,v38_321,3200,106.666564,30.000029,3.000003,1920,1080,jpg,C:\Users\wgucg\Desktop\videos\videos\02_model_development\best_frame_selector\adaptation_v2\extracted_frames\v38\v38_321.jpg
v38,v38_322,3210,106.999897,30.000029,3.000003,1920,1080,jpg,C:\Users\wgucg\Desktop\videos\videos\02_model_development\best_frame_selector\adaptation_v2\extracted_frames\v38\v38_322.jpg
v38,v38_323,3220,107.333230,30.000029,3.000003,1920,1080,jpg,C:\Users\wgucg\Desktop\videos\videos\02_model_development\best_frame_selector\adaptation_v2\extracted_frames\v38\v38_323.jpg
v38,v38_324,3230,107.666563,30.000029,3.000003,1920,1080,jpg,C:\Users\wgucg\Desktop\videos\videos\02_model_development\best_frame_selector\adaptation_v2\extracted_frames\v38\v38_324.jpg
v38,v38_325,3240,107.999896,30.000029,3.000003,1920,1080,jpg,C:\Users\wgucg\Desktop\videos\videos\02_model_development\best_frame_selector\adaptation_v2\extracted_frames\v38\v38_325.jpg
v38,v38_326,3250,108.333230,30.000029,3.000003,1920,1080,jpg,C:\Users\wgucg\Desktop\videos\videos\02_model_development\best_frame_selector\adaptation_v2\extracted_frames\v38\v38_326.jpg
v38,v38_327,3260,108.666563,30.000029,3.000003,1920,1080,jpg,C:\Users\wgucg\Desktop\videos\videos\02_model_development\best_frame_selector\adaptation_v2\extracted_frames\v38\v38_327.jpg
v38,v38_328,3270,108.999896,30.000029,3.000003,1920,1080,jpg,C:\Users\wgucg\Desktop\videos\videos\02_model_development\best_frame_selector\adaptation_v2\extracted_frames\v38\v38_328.jpg
v38,v38_329,3280,109.333229,30.000029,3.000003,1920,1080,jpg,C:\Users\wgucg\Desktop\videos\videos\02_model_development\best_frame_selector\adaptation_v2\extracted_frames\v38\v38_329.jpg
v38,v38_330,3290,109.666562,30.000029,3.000003,1920,1080,jpg,C:\Users\wgucg\Desktop\videos\videos\02_model_development\best_frame_selector\adaptation_v2\extracted_frames\v38\v38_330.jpg
v38,v38_331,3300,109.999895,30.000029,3.000003,1920,1080,jpg,C:\Users\wgucg\Desktop\videos\videos\02_model_development\best_frame_selector\adaptation_v2\extracted_frames\v38\v38_331.jpg
v38,v38_332,3310,110.333228,30.000029,3.000003,1920,1080,jpg,C:\Users\wgucg\Desktop\videos\videos\02_model_development\best_frame_selector\adaptation_v2\extracted_frames\v38\v38_332.jpg
v38,v38_333,3320,110.666561,30.000029,3.000003,1920,1080,jpg,C:\Users\wgucg\Desktop\videos\videos\02_model_development\best_frame_selector\adaptation_v2\extracted_frames\v38\v38_333.jpg
v38,v38_334,3330,110.999894,30.000029,3.000003,1920,1080,jpg,C:\Users\wgucg\Desktop\videos\videos\02_model_development\best_frame_selector\adaptation_v2\extracted_frames\v38\v38_334.jpg
v38,v38_335,3340,111.333227,30.000029,3.000003,1920,1080,jpg,C:\Users\wgucg\Desktop\videos\videos\02_model_development\best_frame_selector\adaptation_v2\extracted_frames\v38\v38_335.jpg
v38,v38_336,3350,111.666560,30.000029,3.000003,1920,1080,jpg,C:\Users\wgucg\Desktop\videos\videos\02_model_development\best_frame_selector\adaptation_v2\extracted_frames\v38\v38_336.jpg
v38,v38_337,3360,111.999893,30.000029,3.000003,1920,1080,jpg,C:\Users\wgucg\Desktop\videos\videos\02_model_development\best_frame_selector\adaptation_v2\extracted_frames\v38\v38_337.jpg
v38,v38_338,3370,112.333226,30.000029,3.000003,1920,1080,jpg,C:\Users\wgucg\Desktop\videos\videos\02_model_development\best_frame_selector\adaptation_v2\extracted_frames\v38\v38_338.jpg
v38,v38_339,3380,112.666559,30.000029,3.000003,1920,1080,jpg,C:\Users\wgucg\Desktop\videos\videos\02_model_development\best_frame_selector\adaptation_v2\extracted_frames\v38\v38_339.jpg
v38,v38_340,3390,112.999892,30.000029,3.000003,1920,1080,jpg,C:\Users\wgucg\Desktop\videos\videos\02_model_development\best_frame_selector\adaptation_v2\extracted_frames\v38\v38_340.jpg
v38,v38_341,3400,113.333225,30.000029,3.000003,1920,1080,jpg,C:\Users\wgucg\Desktop\videos\videos\02_model_development\best_frame_selector\adaptation_v2\extracted_frames\v38\v38_341.jpg
v38,v38_342,3410,113.666558,30.000029,3.000003,1920,1080,jpg,C:\Users\wgucg\Desktop\videos\videos\02_model_development\best_frame_selector\adaptation_v2\extracted_frames\v38\v38_342.jpg
v38,v38_343,3420,113.999891,30.000029,3.000003,1920,1080,jpg,C:\Users\wgucg\Desktop\videos\videos\02_model_development\best_frame_selector\adaptation_v2\extracted_frames\v38\v38_343.jpg
v38,v38_344,3430,114.333224,30.000029,3.000003,1920,1080,jpg,C:\Users\wgucg\Desktop\videos\videos\02_model_development\best_frame_selector\adaptation_v2\extracted_frames\v38\v38_344.jpg
v38,v38_345,3440,114.666557,30.000029,3.000003,1920,1080,jpg,C:\Users\wgucg\Desktop\videos\videos\02_model_development\best_frame_selector\adaptation_v2\extracted_frames\v38\v38_345.jpg
v38,v38_346,3450,114.999890,30.000029,3.000003,1920,1080,jpg,C:\Users\wgucg\Desktop\videos\videos\02_model_development\best_frame_selector\adaptation_v2\extracted_frames\v38\v38_346.jpg
v38,v38_347,3460,115.333223,30.000029,3.000003,1920,1080,jpg,C:\Users\wgucg\Desktop\videos\videos\02_model_development\best_frame_selector\adaptation_v2\extracted_frames\v38\v38_347.jpg
v38,v38_348,3470,115.666556,30.000029,3.000003,1920,1080,jpg,C:\Users\wgucg\Desktop\videos\videos\02_model_development\best_frame_selector\adaptation_v2\extracted_frames\v38\v38_348.jpg
v38,v38_349,3480,115.999889,30.000029,3.000003,1920,1080,jpg,C:\Users\wgucg\Desktop\videos\videos\02_model_development\best_frame_selector\adaptation_v2\extracted_frames\v38\v38_349.jpg
v38,v38_350,3490,116.333222,30.000029,3.000003,1920,1080,jpg,C:\Users\wgucg\Desktop\videos\videos\02_model_development\best_frame_selector\adaptation_v2\extracted_frames\v38\v38_350.jpg
v38,v38_351,3500,116.666555,30.000029,3.000003,1920,1080,jpg,C:\Users\wgucg\Desktop\videos\videos\02_model_development\best_frame_selector\adaptation_v2\extracted_frames\v38\v38_351.jpg
v38,v38_352,3510,116.999888,30.000029,3.000003,1920,1080,jpg,C:\Users\wgucg\Desktop\videos\videos\02_model_development\best_frame_selector\adaptation_v2\extracted_frames\v38\v38_352.jpg
v38,v38_353,3520,117.333221,30.000029,3.000003,1920,1080,jpg,C:\Users\wgucg\Desktop\videos\videos\02_model_development\best_frame_selector\adaptation_v2\extracted_frames\v38\v38_353.jpg
v38,v38_354,3530,117.666554,30.000029,3.000003,1920,1080,jpg,C:\Users\wgucg\Desktop\videos\videos\02_model_development\best_frame_selector\adaptation_v2\extracted_frames\v38\v38_354.jpg
v38,v38_355,3540,117.999887,30.000029,3.000003,1920,1080,jpg,C:\Users\wgucg\Desktop\videos\videos\02_model_development\best_frame_selector\adaptation_v2\extracted_frames\v38\v38_355.jpg
v38,v38_356,3550,118.333220,30.000029,3.000003,1920,1080,jpg,C:\Users\wgucg\Desktop\videos\videos\02_model_development\best_frame_selector\adaptation_v2\extracted_frames\v38\v38_356.jpg
v38,v38_357,3560,118.666553,30.000029,3.000003,1920,1080,jpg,C:\Users\wgucg\Desktop\videos\videos\02_model_development\best_frame_selector\adaptation_v2\extracted_frames\v38\v38_357.jpg
v38,v38_358,3570,118.999886,30.000029,3.000003,1920,1080,jpg,C:\Users\wgucg\Desktop\videos\videos\02_model_development\best_frame_selector\adaptation_v2\extracted_frames\v38\v38_358.jpg
v38,v38_359,3580,119.333219,30.000029,3.000003,1920,1080,jpg,C:\Users\wgucg\Desktop\videos\videos\02_model_development\best_frame_selector\adaptation_v2\extracted_frames\v38\v38_359.jpg
v38,v38_360,3590,119.666552,30.000029,3.000003,1920,1080,jpg,C:\Users\wgucg\Desktop\videos\videos\02_model_development\best_frame_selector\adaptation_v2\extracted_frames\v38\v38_360.jpg
v38,v38_361,3600,119.999885,30.000029,3.000003,1920,1080,jpg,C:\Users\wgucg\Desktop\videos\videos\02_model_development\best_frame_selector\adaptation_v2\extracted_frames\v38\v38_361.jpg
v38,v38_362,3610,120.333218,30.000029,3.000003,1920,1080,jpg,C:\Users\wgucg\Desktop\videos\videos\02_model_development\best_frame_selector\adaptation_v2\extracted_frames\v38\v38_362.jpg
v38,v38_363,3620,120.666551,30.000029,3.000003,1920,1080,jpg,C:\Users\wgucg\Desktop\videos\videos\02_model_development\best_frame_selector\adaptation_v2\extracted_frames\v38\v38_363.jpg
v38,v38_364,3630,120.999884,30.000029,3.000003,1920,1080,jpg,C:\Users\wgucg\Desktop\videos\videos\02_model_development\best_frame_selector\adaptation_v2\extracted_frames\v38\v38_364.jpg
v38,v38_365,3640,121.333217,30.000029,3.000003,1920,1080,jpg,C:\Users\wgucg\Desktop\videos\videos\02_model_development\best_frame_selector\adaptation_v2\extracted_frames\v38\v38_365.jpg
v38,v38_366,3650,121.666550,30.000029,3.000003,1920,1080,jpg,C:\Users\wgucg\Desktop\videos\videos\02_model_development\best_frame_selector\adaptation_v2\extracted_frames\v38\v38_366.jpg
v38,v38_367,3660,121.999883,30.000029,3.000003,1920,1080,jpg,C:\Users\wgucg\Desktop\videos\videos\02_model_development\best_frame_selector\adaptation_v2\extracted_frames\v38\v38_367.jpg
v38,v38_368,3670,122.333216,30.000029,3.000003,1920,1080,jpg,C:\Users\wgucg\Desktop\videos\videos\02_model_development\best_frame_selector\adaptation_v2\extracted_frames\v38\v38_368.jpg
v38,v38_369,3680,122.666549,30.000029,3.000003,1920,1080,jpg,C:\Users\wgucg\Desktop\videos\videos\02_model_development\best_frame_selector\adaptation_v2\extracted_frames\v38\v38_369.jpg
v38,v38_370,3690,122.999882,30.000029,3.000003,1920,1080,jpg,C:\Users\wgucg\Desktop\videos\videos\02_model_development\best_frame_selector\adaptation_v2\extracted_frames\v38\v38_370.jpg
v38,v38_371,3700,123.333215,30.000029,3.000003,1920,1080,jpg,C:\Users\wgucg\Desktop\videos\videos\02_model_development\best_frame_selector\adaptation_v2\extracted_frames\v38\v38_371.jpg
v38,v38_372,3710,123.666548,30.000029,3.000003,1920,1080,jpg,C:\Users\wgucg\Desktop\videos\videos\02_model_development\best_frame_selector\adaptation_v2\extracted_frames\v38\v38_372.jpg
v38,v38_373,3720,123.999881,30.000029,3.000003,1920,1080,jpg,C:\Users\wgucg\Desktop\videos\videos\02_model_development\best_frame_selector\adaptation_v2\extracted_frames\v38\v38_373.jpg
v38,v38_374,3730,124.333214,30.000029,3.000003,1920,1080,jpg,C:\Users\wgucg\Desktop\videos\videos\02_model_development\best_frame_selector\adaptation_v2\extracted_frames\v38\v38_374.jpg
v38,v38_375,3740,124.666547,30.000029,3.000003,1920,1080,jpg,C:\Users\wgucg\Desktop\videos\videos\02_model_development\best_frame_selector\adaptation_v2\extracted_frames\v38\v38_375.jpg
v38,v38_376,3750,124.999880,30.000029,3.000003,1920,1080,jpg,C:\Users\wgucg\Desktop\videos\videos\02_model_development\best_frame_selector\adaptation_v2\extracted_frames\v38\v38_376.jpg
v38,v38_377,3760,125.333213,30.000029,3.000003,1920,1080,jpg,C:\Users\wgucg\Desktop\videos\videos\02_model_development\best_frame_selector\adaptation_v2\extracted_frames\v38\v38_377.jpg
v38,v38_378,3770,125.666546,30.000029,3.000003,1920,1080,jpg,C:\Users\wgucg\Desktop\videos\videos\02_model_development\best_frame_selector\adaptation_v2\extracted_frames\v38\v38_378.jpg
v38,v38_379,3780,125.999879,30.000029,3.000003,1920,1080,jpg,C:\Users\wgucg\Desktop\videos\videos\02_model_development\best_frame_selector\adaptation_v2\extracted_frames\v38\v38_379.jpg
v38,v38_380,3790,126.333212,30.000029,3.000003,1920,1080,jpg,C:\Users\wgucg\Desktop\videos\videos\02_model_development\best_frame_selector\adaptation_v2\extracted_frames\v38\v38_380.jpg
v38,v38_381,3800,126.666545,30.000029,3.000003,1920,1080,jpg,C:\Users\wgucg\Desktop\videos\videos\02_model_development\best_frame_selector\adaptation_v2\extracted_frames\v38\v38_381.jpg
v38,v38_382,3810,126.999878,30.000029,3.000003,1920,1080,jpg,C:\Users\wgucg\Desktop\videos\videos\02_model_development\best_frame_selector\adaptation_v2\extracted_frames\v38\v38_382.jpg
v38,v38_383,3820,127.333211,30.000029,3.000003,1920,1080,jpg,C:\Users\wgucg\Desktop\videos\videos\02_model_development\best_frame_selector\adaptation_v2\extracted_frames\v38\v38_383.jpg
v38,v38_384,3830,127.666544,30.000029,3.000003,1920,1080,jpg,C:\Users\wgucg\Desktop\videos\videos\02_model_development\best_frame_selector\adaptation_v2\extracted_frames\v38\v38_384.jpg
v38,v38_385,3840,127.999877,30.000029,3.000003,1920,1080,jpg,C:\Users\wgucg\Desktop\videos\videos\02_model_development\best_frame_selector\adaptation_v2\extracted_frames\v38\v38_385.jpg
v38,v38_386,3850,128.333210,30.000029,3.000003,1920,1080,jpg,C:\Users\wgucg\Desktop\videos\videos\02_model_development\best_frame_selector\adaptation_v2\extracted_frames\v38\v38_386.jpg
v38,v38_387,3860,128.666543,30.000029,3.000003,1920,1080,jpg,C:\Users\wgucg\Desktop\videos\videos\02_model_development\best_frame_selector\adaptation_v2\extracted_frames\v38\v38_387.jpg
v38,v38_388,3870,128.999876,30.000029,3.000003,1920,1080,jpg,C:\Users\wgucg\Desktop\videos\videos\02_model_development\best_frame_selector\adaptation_v2\extracted_frames\v38\v38_388.jpg
v38,v38_389,3880,129.333209,30.000029,3.000003,1920,1080,jpg,C:\Users\wgucg\Desktop\videos\videos\02_model_development\best_frame_selector\adaptation_v2\extracted_frames\v38\v38_389.jpg
v38,v38_390,3890,129.666542,30.000029,3.000003,1920,1080,jpg,C:\Users\wgucg\Desktop\videos\videos\02_model_development\best_frame_selector\adaptation_v2\extracted_frames\v38\v38_390.jpg
v38,v38_391,3900,129.999875,30.000029,3.000003,1920,1080,jpg,C:\Users\wgucg\Desktop\videos\videos\02_model_development\best_frame_selector\adaptation_v2\extracted_frames\v38\v38_391.jpg
v38,v38_392,3910,130.333208,30.000029,3.000003,1920,1080,jpg,C:\Users\wgucg\Desktop\videos\videos\02_model_development\best_frame_selector\adaptation_v2\extracted_frames\v38\v38_392.jpg
v38,v38_393,3920,130.666541,30.000029,3.000003,1920,1080,jpg,C:\Users\wgucg\Desktop\videos\videos\02_model_development\best_frame_selector\adaptation_v2\extracted_frames\v38\v38_393.jpg
v38,v38_394,3930,130.999874,30.000029,3.000003,1920,1080,jpg,C:\Users\wgucg\Desktop\videos\videos\02_model_development\best_frame_selector\adaptation_v2\extracted_frames\v38\v38_394.jpg
v38,v38_395,3940,131.333207,30.000029,3.000003,1920,1080,jpg,C:\Users\wgucg\Desktop\videos\videos\02_model_development\best_frame_selector\adaptation_v2\extracted_frames\v38\v38_395.jpg
v38,v38_396,3950,131.666540,30.000029,3.000003,1920,1080,jpg,C:\Users\wgucg\Desktop\videos\videos\02_model_development\best_frame_selector\adaptation_v2\extracted_frames\v38\v38_396.jpg
v38,v38_397,3960,131.999873,30.000029,3.000003,1920,1080,jpg,C:\Users\wgucg\Desktop\videos\videos\02_model_development\best_frame_selector\adaptation_v2\extracted_frames\v38\v38_397.jpg
v38,v38_398,3970,132.333207,30.000029,3.000003,1920,1080,jpg,C:\Users\wgucg\Desktop\videos\videos\02_model_development\best_frame_selector\adaptation_v2\extracted_frames\v38\v38_398.jpg
v38,v38_399,3980,132.666540,30.000029,3.000003,1920,1080,jpg,C:\Users\wgucg\Desktop\videos\videos\02_model_development\best_frame_selector\adaptation_v2\extracted_frames\v38\v38_399.jpg
v38,v38_400,3990,132.999873,30.000029,3.000003,1920,1080,jpg,C:\Users\wgucg\Desktop\videos\videos\02_model_development\best_frame_selector\adaptation_v2\extracted_frames\v38\v38_400.jpg
v38,v38_401,4000,133.333206,30.000029,3.000003,1920,1080,jpg,C:\Users\wgucg\Desktop\videos\videos\02_model_development\best_frame_selector\adaptation_v2\extracted_frames\v38\v38_401.jpg
v38,v38_402,4010,133.666539,30.000029,3.000003,1920,1080,jpg,C:\Users\wgucg\Desktop\videos\videos\02_model_development\best_frame_selector\adaptation_v2\extracted_frames\v38\v38_402.jpg
v38,v38_403,4020,133.999872,30.000029,3.000003,1920,1080,jpg,C:\Users\wgucg\Desktop\videos\videos\02_model_development\best_frame_selector\adaptation_v2\extracted_frames\v38\v38_403.jpg
v38,v38_404,4030,134.333205,30.000029,3.000003,1920,1080,jpg,C:\Users\wgucg\Desktop\videos\videos\02_model_development\best_frame_selector\adaptation_v2\extracted_frames\v38\v38_404.jpg
v38,v38_405,4040,134.666538,30.000029,3.000003,1920,1080,jpg,C:\Users\wgucg\Desktop\videos\videos\02_model_development\best_frame_selector\adaptation_v2\extracted_frames\v38\v38_405.jpg
v38,v38_406,4050,134.999871,30.000029,3.000003,1920,1080,jpg,C:\Users\wgucg\Desktop\videos\videos\02_model_development\best_frame_selector\adaptation_v2\extracted_frames\v38\v38_406.jpg
v38,v38_407,4060,135.333204,30.000029,3.000003,1920,1080,jpg,C:\Users\wgucg\Desktop\videos\videos\02_model_development\best_frame_selector\adaptation_v2\extracted_frames\v38\v38_407.jpg
v38,v38_408,4070,135.666537,30.000029,3.000003,1920,1080,jpg,C:\Users\wgucg\Desktop\videos\videos\02_model_development\best_frame_selector\adaptation_v2\extracted_frames\v38\v38_408.jpg
v38,v38_409,4080,135.999870,30.000029,3.000003,1920,1080,jpg,C:\Users\wgucg\Desktop\videos\videos\02_model_development\best_frame_selector\adaptation_v2\extracted_frames\v38\v38_409.jpg
v38,v38_410,4090,136.333203,30.000029,3.000003,1920,1080,jpg,C:\Users\wgucg\Desktop\videos\videos\02_model_development\best_frame_selector\adaptation_v2\extracted_frames\v38\v38_410.jpg
v38,v38_411,4100,136.666536,30.000029,3.000003,1920,1080,jpg,C:\Users\wgucg\Desktop\videos\videos\02_model_development\best_frame_selector\adaptation_v2\extracted_frames\v38\v38_411.jpg
v38,v38_412,4110,136.999869,30.000029,3.000003,1920,1080,jpg,C:\Users\wgucg\Desktop\videos\videos\02_model_development\best_frame_selector\adaptation_v2\extracted_frames\v38\v38_412.jpg
v38,v38_413,4120,137.333202,30.000029,3.000003,1920,1080,jpg,C:\Users\wgucg\Desktop\videos\videos\02_model_development\best_frame_selector\adaptation_v2\extracted_frames\v38\v38_413.jpg
v38,v38_414,4130,137.666535,30.000029,3.000003,1920,1080,jpg,C:\Users\wgucg\Desktop\videos\videos\02_model_development\best_frame_selector\adaptation_v2\extracted_frames\v38\v38_414.jpg
v38,v38_415,4140,137.999868,30.000029,3.000003,1920,1080,jpg,C:\Users\wgucg\Desktop\videos\videos\02_model_development\best_frame_selector\adaptation_v2\extracted_frames\v38\v38_415.jpg
v38,v38_416,4150,138.333201,30.000029,3.000003,1920,1080,jpg,C:\Users\wgucg\Desktop\videos\videos\02_model_development\best_frame_selector\adaptation_v2\extracted_frames\v38\v38_416.jpg
v38,v38_417,4160,138.666534,30.000029,3.000003,1920,1080,jpg,C:\Users\wgucg\Desktop\videos\videos\02_model_development\best_frame_selector\adaptation_v2\extracted_frames\v38\v38_417.jpg
v38,v38_418,4170,138.999867,30.000029,3.000003,1920,1080,jpg,C:\Users\wgucg\Desktop\videos\videos\02_model_development\best_frame_selector\adaptation_v2\extracted_frames\v38\v38_418.jpg
v38,v38_419,4180,139.333200,30.000029,3.000003,1920,1080,jpg,C:\Users\wgucg\Desktop\videos\videos\02_model_development\best_frame_selector\adaptation_v2\extracted_frames\v38\v38_419.jpg
v38,v38_420,4190,139.666533,30.000029,3.000003,1920,1080,jpg,C:\Users\wgucg\Desktop\videos\videos\02_model_development\best_frame_selector\adaptation_v2\extracted_frames\v38\v38_420.jpg
v38,v38_421,4200,139.999866,30.000029,3.000003,1920,1080,jpg,C:\Users\wgucg\Desktop\videos\videos\02_model_development\best_frame_selector\adaptation_v2\extracted_frames\v38\v38_421.jpg
v38,v38_422,4210,140.333199,30.000029,3.000003,1920,1080,jpg,C:\Users\wgucg\Desktop\videos\videos\02_model_development\best_frame_selector\adaptation_v2\extracted_frames\v38\v38_422.jpg
v38,v38_423,4220,140.666532,30.000029,3.000003,1920,1080,jpg,C:\Users\wgucg\Desktop\videos\videos\02_model_development\best_frame_selector\adaptation_v2\extracted_frames\v38\v38_423.jpg
v38,v38_424,4230,140.999865,30.000029,3.000003,1920,1080,jpg,C:\Users\wgucg\Desktop\videos\videos\02_model_development\best_frame_selector\adaptation_v2\extracted_frames\v38\v38_424.jpg
v38,v38_425,4240,141.333198,30.000029,3.000003,1920,1080,jpg,C:\Users\wgucg\Desktop\videos\videos\02_model_development\best_frame_selector\adaptation_v2\extracted_frames\v38\v38_425.jpg
v38,v38_426,4250,141.666531,30.000029,3.000003,1920,1080,jpg,C:\Users\wgucg\Desktop\videos\videos\02_model_development\best_frame_selector\adaptation_v2\extracted_frames\v38\v38_426.jpg
v38,v38_427,4260,141.999864,30.000029,3.000003,1920,1080,jpg,C:\Users\wgucg\Desktop\videos\videos\02_model_development\best_frame_selector\adaptation_v2\extracted_frames\v38\v38_427.jpg
v38,v38_428,4270,142.333197,30.000029,3.000003,1920,1080,jpg,C:\Users\wgucg\Desktop\videos\videos\02_model_development\best_frame_selector\adaptation_v2\extracted_frames\v38\v38_428.jpg
v38,v38_429,4280,142.666530,30.000029,3.000003,1920,1080,jpg,C:\Users\wgucg\Desktop\videos\videos\02_model_development\best_frame_selector\adaptation_v2\extracted_frames\v38\v38_429.jpg
v38,v38_430,4290,142.999863,30.000029,3.000003,1920,1080,jpg,C:\Users\wgucg\Desktop\videos\videos\02_model_development\best_frame_selector\adaptation_v2\extracted_frames\v38\v38_430.jpg
v38,v38_431,4300,143.333196,30.000029,3.000003,1920,1080,jpg,C:\Users\wgucg\Desktop\videos\videos\02_model_development\best_frame_selector\adaptation_v2\extracted_frames\v38\v38_431.jpg
v38,v38_432,4310,143.666529,30.000029,3.000003,1920,1080,jpg,C:\Users\wgucg\Desktop\videos\videos\02_model_development\best_frame_selector\adaptation_v2\extracted_frames\v38\v38_432.jpg
v38,v38_433,4320,143.999862,30.000029,3.000003,1920,1080,jpg,C:\Users\wgucg\Desktop\videos\videos\02_model_development\best_frame_selector\adaptation_v2\extracted_frames\v38\v38_433.jpg
v38,v38_434,4330,144.333195,30.000029,3.000003,1920,1080,jpg,C:\Users\wgucg\Desktop\videos\videos\02_model_development\best_frame_selector\adaptation_v2\extracted_frames\v38\v38_434.jpg
v38,v38_435,4340,144.666528,30.000029,3.000003,1920,1080,jpg,C:\Users\wgucg\Desktop\videos\videos\02_model_development\best_frame_selector\adaptation_v2\extracted_frames\v38\v38_435.jpg
v38,v38_436,4350,144.999861,30.000029,3.000003,1920,1080,jpg,C:\Users\wgucg\Desktop\videos\videos\02_model_development\best_frame_selector\adaptation_v2\extracted_frames\v38\v38_436.jpg
v38,v38_437,4360,145.333194,30.000029,3.000003,1920,1080,jpg,C:\Users\wgucg\Desktop\videos\videos\02_model_development\best_frame_selector\adaptation_v2\extracted_frames\v38\v38_437.jpg
v38,v38_438,4370,145.666527,30.000029,3.000003,1920,1080,jpg,C:\Users\wgucg\Desktop\videos\videos\02_model_development\best_frame_selector\adaptation_v2\extracted_frames\v38\v38_438.jpg
v38,v38_439,4380,145.999860,30.000029,3.000003,1920,1080,jpg,C:\Users\wgucg\Desktop\videos\videos\02_model_development\best_frame_selector\adaptation_v2\extracted_frames\v38\v38_439.jpg
v38,v38_440,4390,146.333193,30.000029,3.000003,1920,1080,jpg,C:\Users\wgucg\Desktop\videos\videos\02_model_development\best_frame_selector\adaptation_v2\extracted_frames\v38\v38_440.jpg
v38,v38_441,4400,146.666526,30.000029,3.000003,1920,1080,jpg,C:\Users\wgucg\Desktop\videos\videos\02_model_development\best_frame_selector\adaptation_v2\extracted_frames\v38\v38_441.jpg
v38,v38_442,4410,146.999859,30.000029,3.000003,1920,1080,jpg,C:\Users\wgucg\Desktop\videos\videos\02_model_development\best_frame_selector\adaptation_v2\extracted_frames\v38\v38_442.jpg
v38,v38_443,4420,147.333192,30.000029,3.000003,1920,1080,jpg,C:\Users\wgucg\Desktop\videos\videos\02_model_development\best_frame_selector\adaptation_v2\extracted_frames\v38\v38_443.jpg
v38,v38_444,4430,147.666525,30.000029,3.000003,1920,1080,jpg,C:\Users\wgucg\Desktop\videos\videos\02_model_development\best_frame_selector\adaptation_v2\extracted_frames\v38\v38_444.jpg
v38,v38_445,4440,147.999858,30.000029,3.000003,1920,1080,jpg,C:\Users\wgucg\Desktop\videos\videos\02_model_development\best_frame_selector\adaptation_v2\extracted_frames\v38\v38_445.jpg
v38,v38_446,4450,148.333191,30.000029,3.000003,1920,1080,jpg,C:\Users\wgucg\Desktop\videos\videos\02_model_development\best_frame_selector\adaptation_v2\extracted_frames\v38\v38_446.jpg
v38,v38_447,4460,148.666524,30.000029,3.000003,1920,1080,jpg,C:\Users\wgucg\Desktop\videos\videos\02_model_development\best_frame_selector\adaptation_v2\extracted_frames\v38\v38_447.jpg
v38,v38_448,4470,148.999857,30.000029,3.000003,1920,1080,jpg,C:\Users\wgucg\Desktop\videos\videos\02_model_development\best_frame_selector\adaptation_v2\extracted_frames\v38\v38_448.jpg
v38,v38_449,4480,149.333190,30.000029,3.000003,1920,1080,jpg,C:\Users\wgucg\Desktop\videos\videos\02_model_development\best_frame_selector\adaptation_v2\extracted_frames\v38\v38_449.jpg
v38,v38_450,4490,149.666523,30.000029,3.000003,1920,1080,jpg,C:\Users\wgucg\Desktop\videos\videos\02_model_development\best_frame_selector\adaptation_v2\extracted_frames\v38\v38_450.jpg
v38,v38_451,4500,149.999856,30.000029,3.000003,1920,1080,jpg,C:\Users\wgucg\Desktop\videos\videos\02_model_development\best_frame_selector\adaptation_v2\extracted_frames\v38\v38_451.jpg
v38,v38_452,4510,150.333189,30.000029,3.000003,1920,1080,jpg,C:\Users\wgucg\Desktop\videos\videos\02_model_development\best_frame_selector\adaptation_v2\extracted_frames\v38\v38_452.jpg
v38,v38_453,4520,150.666522,30.000029,3.000003,1920,1080,jpg,C:\Users\wgucg\Desktop\videos\videos\02_model_development\best_frame_selector\adaptation_v2\extracted_frames\v38\v38_453.jpg
v38,v38_454,4530,150.999855,30.000029,3.000003,1920,1080,jpg,C:\Users\wgucg\Desktop\videos\videos\02_model_development\best_frame_selector\adaptation_v2\extracted_frames\v38\v38_454.jpg
v38,v38_455,4540,151.333188,30.000029,3.000003,1920,1080,jpg,C:\Users\wgucg\Desktop\videos\videos\02_model_development\best_frame_selector\adaptation_v2\extracted_frames\v38\v38_455.jpg
v38,v38_456,4550,151.666521,30.000029,3.000003,1920,1080,jpg,C:\Users\wgucg\Desktop\videos\videos\02_model_development\best_frame_selector\adaptation_v2\extracted_frames\v38\v38_456.jpg
v38,v38_457,4560,151.999854,30.000029,3.000003,1920,1080,jpg,C:\Users\wgucg\Desktop\videos\videos\02_model_development\best_frame_selector\adaptation_v2\extracted_frames\v38\v38_457.jpg
v38,v38_458,4570,152.333187,30.000029,3.000003,1920,1080,jpg,C:\Users\wgucg\Desktop\videos\videos\02_model_development\best_frame_selector\adaptation_v2\extracted_frames\v38\v38_458.jpg
v38,v38_459,4580,152.666520,30.000029,3.000003,1920,1080,jpg,C:\Users\wgucg\Desktop\videos\videos\02_model_development\best_frame_selector\adaptation_v2\extracted_frames\v38\v38_459.jpg
v38,v38_460,4590,152.999853,30.000029,3.000003,1920,1080,jpg,C:\Users\wgucg\Desktop\videos\videos\02_model_development\best_frame_selector\adaptation_v2\extracted_frames\v38\v38_460.jpg
v38,v38_461,4600,153.333186,30.000029,3.000003,1920,1080,jpg,C:\Users\wgucg\Desktop\videos\videos\02_model_development\best_frame_selector\adaptation_v2\extracted_frames\v38\v38_461.jpg
v38,v38_462,4610,153.666519,30.000029,3.000003,1920,1080,jpg,C:\Users\wgucg\Desktop\videos\videos\02_model_development\best_frame_selector\adaptation_v2\extracted_frames\v38\v38_462.jpg
v38,v38_463,4620,153.999852,30.000029,3.000003,1920,1080,jpg,C:\Users\wgucg\Desktop\videos\videos\02_model_development\best_frame_selector\adaptation_v2\extracted_frames\v38\v38_463.jpg
v38,v38_464,4630,154.333185,30.000029,3.000003,1920,1080,jpg,C:\Users\wgucg\Desktop\videos\videos\02_model_development\best_frame_selector\adaptation_v2\extracted_frames\v38\v38_464.jpg
v38,v38_465,4640,154.666518,30.000029,3.000003,1920,1080,jpg,C:\Users\wgucg\Desktop\videos\videos\02_model_development\best_frame_selector\adaptation_v2\extracted_frames\v38\v38_465.jpg
v38,v38_466,4650,154.999851,30.000029,3.000003,1920,1080,jpg,C:\Users\wgucg\Desktop\videos\videos\02_model_development\best_frame_selector\adaptation_v2\extracted_frames\v38\v38_466.jpg
v38,v38_467,4660,155.333184,30.000029,3.000003,1920,1080,jpg,C:\Users\wgucg\Desktop\videos\videos\02_model_development\best_frame_selector\adaptation_v2\extracted_frames\v38\v38_467.jpg
v38,v38_468,4670,155.666517,30.000029,3.000003,1920,1080,jpg,C:\Users\wgucg\Desktop\videos\videos\02_model_development\best_frame_selector\adaptation_v2\extracted_frames\v38\v38_468.jpg
v38,v38_469,4680,155.999850,30.000029,3.000003,1920,1080,jpg,C:\Users\wgucg\Desktop\videos\videos\02_model_development\best_frame_selector\adaptation_v2\extracted_frames\v38\v38_469.jpg
v38,v38_470,4690,156.333184,30.000029,3.000003,1920,1080,jpg,C:\Users\wgucg\Desktop\videos\videos\02_model_development\best_frame_selector\adaptation_v2\extracted_frames\v38\v38_470.jpg
v38,v38_471,4700,156.666517,30.000029,3.000003,1920,1080,jpg,C:\Users\wgucg\Desktop\videos\videos\02_model_development\best_frame_selector\adaptation_v2\extracted_frames\v38\v38_471.jpg
v38,v38_472,4710,156.999850,30.000029,3.000003,1920,1080,jpg,C:\Users\wgucg\Desktop\videos\videos\02_model_development\best_frame_selector\adaptation_v2\extracted_frames\v38\v38_472.jpg
v38,v38_473,4720,157.333183,30.000029,3.000003,1920,1080,jpg,C:\Users\wgucg\Desktop\videos\videos\02_model_development\best_frame_selector\adaptation_v2\extracted_frames\v38\v38_473.jpg
v38,v38_474,4730,157.666516,30.000029,3.000003,1920,1080,jpg,C:\Users\wgucg\Desktop\videos\videos\02_model_development\best_frame_selector\adaptation_v2\extracted_frames\v38\v38_474.jpg
v38,v38_475,4740,157.999849,30.000029,3.000003,1920,1080,jpg,C:\Users\wgucg\Desktop\videos\videos\02_model_development\best_frame_selector\adaptation_v2\extracted_frames\v38\v38_475.jpg
v38,v38_476,4750,158.333182,30.000029,3.000003,1920,1080,jpg,C:\Users\wgucg\Desktop\videos\videos\02_model_development\best_frame_selector\adaptation_v2\extracted_frames\v38\v38_476.jpg
v38,v38_477,4760,158.666515,30.000029,3.000003,1920,1080,jpg,C:\Users\wgucg\Desktop\videos\videos\02_model_development\best_frame_selector\adaptation_v2\extracted_frames\v38\v38_477.jpg
v38,v38_478,4770,158.999848,30.000029,3.000003,1920,1080,jpg,C:\Users\wgucg\Desktop\videos\videos\02_model_development\best_frame_selector\adaptation_v2\extracted_frames\v38\v38_478.jpg
v38,v38_479,4780,159.333181,30.000029,3.000003,1920,1080,jpg,C:\Users\wgucg\Desktop\videos\videos\02_model_development\best_frame_selector\adaptation_v2\extracted_frames\v38\v38_479.jpg
v38,v38_480,4790,159.666514,30.000029,3.000003,1920,1080,jpg,C:\Users\wgucg\Desktop\videos\videos\02_model_development\best_frame_selector\adaptation_v2\extracted_frames\v38\v38_480.jpg
v38,v38_481,4800,159.999847,30.000029,3.000003,1920,1080,jpg,C:\Users\wgucg\Desktop\videos\videos\02_model_development\best_frame_selector\adaptation_v2\extracted_frames\v38\v38_481.jpg
v38,v38_482,4810,160.333180,30.000029,3.000003,1920,1080,jpg,C:\Users\wgucg\Desktop\videos\videos\02_model_development\best_frame_selector\adaptation_v2\extracted_frames\v38\v38_482.jpg
v38,v38_483,4820,160.666513,30.000029,3.000003,1920,1080,jpg,C:\Users\wgucg\Desktop\videos\videos\02_model_development\best_frame_selector\adaptation_v2\extracted_frames\v38\v38_483.jpg
v38,v38_484,4830,160.999846,30.000029,3.000003,1920,1080,jpg,C:\Users\wgucg\Desktop\videos\videos\02_model_development\best_frame_selector\adaptation_v2\extracted_frames\v38\v38_484.jpg
v38,v38_485,4840,161.333179,30.000029,3.000003,1920,1080,jpg,C:\Users\wgucg\Desktop\videos\videos\02_model_development\best_frame_selector\adaptation_v2\extracted_frames\v38\v38_485.jpg
v38,v38_486,4850,161.666512,30.000029,3.000003,1920,1080,jpg,C:\Users\wgucg\Desktop\videos\videos\02_model_development\best_frame_selector\adaptation_v2\extracted_frames\v38\v38_486.jpg
v38,v38_487,4860,161.999845,30.000029,3.000003,1920,1080,jpg,C:\Users\wgucg\Desktop\videos\videos\02_model_development\best_frame_selector\adaptation_v2\extracted_frames\v38\v38_487.jpg
v38,v38_488,4870,162.333178,30.000029,3.000003,1920,1080,jpg,C:\Users\wgucg\Desktop\videos\videos\02_model_development\best_frame_selector\adaptation_v2\extracted_frames\v38\v38_488.jpg
v38,v38_489,4880,162.666511,30.000029,3.000003,1920,1080,jpg,C:\Users\wgucg\Desktop\videos\videos\02_model_development\best_frame_selector\adaptation_v2\extracted_frames\v38\v38_489.jpg
v38,v38_490,4890,162.999844,30.000029,3.000003,1920,1080,jpg,C:\Users\wgucg\Desktop\videos\videos\02_model_development\best_frame_selector\adaptation_v2\extracted_frames\v38\v38_490.jpg
v38,v38_491,4900,163.333177,30.000029,3.000003,1920,1080,jpg,C:\Users\wgucg\Desktop\videos\videos\02_model_development\best_frame_selector\adaptation_v2\extracted_frames\v38\v38_491.jpg
v38,v38_492,4910,163.666510,30.000029,3.000003,1920,1080,jpg,C:\Users\wgucg\Desktop\videos\videos\02_model_development\best_frame_selector\adaptation_v2\extracted_frames\v38\v38_492.jpg
v38,v38_493,4920,163.999843,30.000029,3.000003,1920,1080,jpg,C:\Users\wgucg\Desktop\videos\videos\02_model_development\best_frame_selector\adaptation_v2\extracted_frames\v38\v38_493.jpg
v38,v38_494,4930,164.333176,30.000029,3.000003,1920,1080,jpg,C:\Users\wgucg\Desktop\videos\videos\02_model_development\best_frame_selector\adaptation_v2\extracted_frames\v38\v38_494.jpg
v38,v38_495,4940,164.666509,30.000029,3.000003,1920,1080,jpg,C:\Users\wgucg\Desktop\videos\videos\02_model_development\best_frame_selector\adaptation_v2\extracted_frames\v38\v38_495.jpg
v38,v38_496,4950,164.999842,30.000029,3.000003,1920,1080,jpg,C:\Users\wgucg\Desktop\videos\videos\02_model_development\best_frame_selector\adaptation_v2\extracted_frames\v38\v38_496.jpg
v38,v38_497,4960,165.333175,30.000029,3.000003,1920,1080,jpg,C:\Users\wgucg\Desktop\videos\videos\02_model_development\best_frame_selector\adaptation_v2\extracted_frames\v38\v38_497.jpg
v38,v38_498,4970,165.666508,30.000029,3.000003,1920,1080,jpg,C:\Users\wgucg\Desktop\videos\videos\02_model_development\best_frame_selector\adaptation_v2\extracted_frames\v38\v38_498.jpg
v38,v38_499,4980,165.999841,30.000029,3.000003,1920,1080,jpg,C:\Users\wgucg\Desktop\videos\videos\02_model_development\best_frame_selector\adaptation_v2\extracted_frames\v38\v38_499.jpg
v38,v38_500,4990,166.333174,30.000029,3.000003,1920,1080,jpg,C:\Users\wgucg\Desktop\videos\videos\02_model_development\best_frame_selector\adaptation_v2\extracted_frames\v38\v38_500.jpg
v38,v38_501,5000,166.666507,30.000029,3.000003,1920,1080,jpg,C:\Users\wgucg\Desktop\videos\videos\02_model_development\best_frame_selector\adaptation_v2\extracted_frames\v38\v38_501.jpg
v38,v38_502,5010,166.999840,30.000029,3.000003,1920,1080,jpg,C:\Users\wgucg\Desktop\videos\videos\02_model_development\best_frame_selector\adaptation_v2\extracted_frames\v38\v38_502.jpg
v38,v38_503,5020,167.333173,30.000029,3.000003,1920,1080,jpg,C:\Users\wgucg\Desktop\videos\videos\02_model_development\best_frame_selector\adaptation_v2\extracted_frames\v38\v38_503.jpg
v38,v38_504,5030,167.666506,30.000029,3.000003,1920,1080,jpg,C:\Users\wgucg\Desktop\videos\videos\02_model_development\best_frame_selector\adaptation_v2\extracted_frames\v38\v38_504.jpg
v38,v38_505,5040,167.999839,30.000029,3.000003,1920,1080,jpg,C:\Users\wgucg\Desktop\videos\videos\02_model_development\best_frame_selector\adaptation_v2\extracted_frames\v38\v38_505.jpg
v38,v38_506,5050,168.333172,30.000029,3.000003,1920,1080,jpg,C:\Users\wgucg\Desktop\videos\videos\02_model_development\best_frame_selector\adaptation_v2\extracted_frames\v38\v38_506.jpg
v38,v38_507,5060,168.666505,30.000029,3.000003,1920,1080,jpg,C:\Users\wgucg\Desktop\videos\videos\02_model_development\best_frame_selector\adaptation_v2\extracted_frames\v38\v38_507.jpg
v38,v38_508,5070,168.999838,30.000029,3.000003,1920,1080,jpg,C:\Users\wgucg\Desktop\videos\videos\02_model_development\best_frame_selector\adaptation_v2\extracted_frames\v38\v38_508.jpg
v38,v38_509,5080,169.333171,30.000029,3.000003,1920,1080,jpg,C:\Users\wgucg\Desktop\videos\videos\02_model_development\best_frame_selector\adaptation_v2\extracted_frames\v38\v38_509.jpg
v38,v38_510,5090,169.666504,30.000029,3.000003,1920,1080,jpg,C:\Users\wgucg\Desktop\videos\videos\02_model_development\best_frame_selector\adaptation_v2\extracted_frames\v38\v38_510.jpg
v38,v38_511,5100,169.999837,30.000029,3.000003,1920,1080,jpg,C:\Users\wgucg\Desktop\videos\videos\02_model_development\best_frame_selector\adaptation_v2\extracted_frames\v38\v38_511.jpg
v38,v38_512,5110,170.333170,30.000029,3.000003,1920,1080,jpg,C:\Users\wgucg\Desktop\videos\videos\02_model_development\best_frame_selector\adaptation_v2\extracted_frames\v38\v38_512.jpg
v38,v38_513,5120,170.666503,30.000029,3.000003,1920,1080,jpg,C:\Users\wgucg\Desktop\videos\videos\02_model_development\best_frame_selector\adaptation_v2\extracted_frames\v38\v38_513.jpg
v38,v38_514,5130,170.999836,30.000029,3.000003,1920,1080,jpg,C:\Users\wgucg\Desktop\videos\videos\02_model_development\best_frame_selector\adaptation_v2\extracted_frames\v38\v38_514.jpg
v38,v38_515,5140,171.333169,30.000029,3.000003,1920,1080,jpg,C:\Users\wgucg\Desktop\videos\videos\02_model_development\best_frame_selector\adaptation_v2\extracted_frames\v38\v38_515.jpg
v38,v38_516,5150,171.666502,30.000029,3.000003,1920,1080,jpg,C:\Users\wgucg\Desktop\videos\videos\02_model_development\best_frame_selector\adaptation_v2\extracted_frames\v38\v38_516.jpg
v38,v38_517,5160,171.999835,30.000029,3.000003,1920,1080,jpg,C:\Users\wgucg\Desktop\videos\videos\02_model_development\best_frame_selector\adaptation_v2\extracted_frames\v38\v38_517.jpg
v38,v38_518,5170,172.333168,30.000029,3.000003,1920,1080,jpg,C:\Users\wgucg\Desktop\videos\videos\02_model_development\best_frame_selector\adaptation_v2\extracted_frames\v38\v38_518.jpg
v38,v38_519,5180,172.666501,30.000029,3.000003,1920,1080,jpg,C:\Users\wgucg\Desktop\videos\videos\02_model_development\best_frame_selector\adaptation_v2\extracted_frames\v38\v38_519.jpg
v38,v38_520,5190,172.999834,30.000029,3.000003,1920,1080,jpg,C:\Users\wgucg\Desktop\videos\videos\02_model_development\best_frame_selector\adaptation_v2\extracted_frames\v38\v38_520.jpg
v38,v38_521,5200,173.333167,30.000029,3.000003,1920,1080,jpg,C:\Users\wgucg\Desktop\videos\videos\02_model_development\best_frame_selector\adaptation_v2\extracted_frames\v38\v38_521.jpg
v38,v38_522,5210,173.666500,30.000029,3.000003,1920,1080,jpg,C:\Users\wgucg\Desktop\videos\videos\02_model_development\best_frame_selector\adaptation_v2\extracted_frames\v38\v38_522.jpg
v38,v38_523,5220,173.999833,30.000029,3.000003,1920,1080,jpg,C:\Users\wgucg\Desktop\videos\videos\02_model_development\best_frame_selector\adaptation_v2\extracted_frames\v38\v38_523.jpg
v38,v38_524,5230,174.333166,30.000029,3.000003,1920,1080,jpg,C:\Users\wgucg\Desktop\videos\videos\02_model_development\best_frame_selector\adaptation_v2\extracted_frames\v38\v38_524.jpg
v38,v38_525,5240,174.666499,30.000029,3.000003,1920,1080,jpg,C:\Users\wgucg\Desktop\videos\videos\02_model_development\best_frame_selector\adaptation_v2\extracted_frames\v38\v38_525.jpg
v38,v38_526,5250,174.999832,30.000029,3.000003,1920,1080,jpg,C:\Users\wgucg\Desktop\videos\videos\02_model_development\best_frame_selector\adaptation_v2\extracted_frames\v38\v38_526.jpg
v38,v38_527,5260,175.333165,30.000029,3.000003,1920,1080,jpg,C:\Users\wgucg\Desktop\videos\videos\02_model_development\best_frame_selector\adaptation_v2\extracted_frames\v38\v38_527.jpg
v38,v38_528,5270,175.666498,30.000029,3.000003,1920,1080,jpg,C:\Users\wgucg\Desktop\videos\videos\02_model_development\best_frame_selector\adaptation_v2\extracted_frames\v38\v38_528.jpg
v38,v38_529,5280,175.999831,30.000029,3.000003,1920,1080,jpg,C:\Users\wgucg\Desktop\videos\videos\02_model_development\best_frame_selector\adaptation_v2\extracted_frames\v38\v38_529.jpg
v38,v38_530,5290,176.333164,30.000029,3.000003,1920,1080,jpg,C:\Users\wgucg\Desktop\videos\videos\02_model_development\best_frame_selector\adaptation_v2\extracted_frames\v38\v38_530.jpg
v38,v38_531,5300,176.666497,30.000029,3.000003,1920,1080,jpg,C:\Users\wgucg\Desktop\videos\videos\02_model_development\best_frame_selector\adaptation_v2\extracted_frames\v38\v38_531.jpg
v38,v38_532,5310,176.999830,30.000029,3.000003,1920,1080,jpg,C:\Users\wgucg\Desktop\videos\videos\02_model_development\best_frame_selector\adaptation_v2\extracted_frames\v38\v38_532.jpg
v38,v38_533,5320,177.333163,30.000029,3.000003,1920,1080,jpg,C:\Users\wgucg\Desktop\videos\videos\02_model_development\best_frame_selector\adaptation_v2\extracted_frames\v38\v38_533.jpg
v38,v38_534,5330,177.666496,30.000029,3.000003,1920,1080,jpg,C:\Users\wgucg\Desktop\videos\videos\02_model_development\best_frame_selector\adaptation_v2\extracted_frames\v38\v38_534.jpg
v38,v38_535,5340,177.999829,30.000029,3.000003,1920,1080,jpg,C:\Users\wgucg\Desktop\videos\videos\02_model_development\best_frame_selector\adaptation_v2\extracted_frames\v38\v38_535.jpg
v38,v38_536,5350,178.333162,30.000029,3.000003,1920,1080,jpg,C:\Users\wgucg\Desktop\videos\videos\02_model_development\best_frame_selector\adaptation_v2\extracted_frames\v38\v38_536.jpg
v38,v38_537,5360,178.666495,30.000029,3.000003,1920,1080,jpg,C:\Users\wgucg\Desktop\videos\videos\02_model_development\best_frame_selector\adaptation_v2\extracted_frames\v38\v38_537.jpg
v38,v38_538,5370,178.999828,30.000029,3.000003,1920,1080,jpg,C:\Users\wgucg\Desktop\videos\videos\02_model_development\best_frame_selector\adaptation_v2\extracted_frames\v38\v38_538.jpg
v38,v38_539,5380,179.333161,30.000029,3.000003,1920,1080,jpg,C:\Users\wgucg\Desktop\videos\videos\02_model_development\best_frame_selector\adaptation_v2\extracted_frames\v38\v38_539.jpg
v38,v38_540,5390,179.666494,30.000029,3.000003,1920,1080,jpg,C:\Users\wgucg\Desktop\videos\videos\02_model_development\best_frame_selector\adaptation_v2\extracted_frames\v38\v38_540.jpg
v38,v38_541,5400,179.999827,30.000029,3.000003,1920,1080,jpg,C:\Users\wgucg\Desktop\videos\videos\02_model_development\best_frame_selector\adaptation_v2\extracted_frames\v38\v38_541.jpg
v38,v38_542,5410,180.333161,30.000029,3.000003,1920,1080,jpg,C:\Users\wgucg\Desktop\videos\videos\02_model_development\best_frame_selector\adaptation_v2\extracted_frames\v38\v38_542.jpg
v38,v38_543,5420,180.666494,30.000029,3.000003,1920,1080,jpg,C:\Users\wgucg\Desktop\videos\videos\02_model_development\best_frame_selector\adaptation_v2\extracted_frames\v38\v38_543.jpg
v38,v38_544,5430,180.999827,30.000029,3.000003,1920,1080,jpg,C:\Users\wgucg\Desktop\videos\videos\02_model_development\best_frame_selector\adaptation_v2\extracted_frames\v38\v38_544.jpg
v38,v38_545,5440,181.333160,30.000029,3.000003,1920,1080,jpg,C:\Users\wgucg\Desktop\videos\videos\02_model_development\best_frame_selector\adaptation_v2\extracted_frames\v38\v38_545.jpg
v38,v38_546,5450,181.666493,30.000029,3.000003,1920,1080,jpg,C:\Users\wgucg\Desktop\videos\videos\02_model_development\best_frame_selector\adaptation_v2\extracted_frames\v38\v38_546.jpg
v38,v38_547,5460,181.999826,30.000029,3.000003,1920,1080,jpg,C:\Users\wgucg\Desktop\videos\videos\02_model_development\best_frame_selector\adaptation_v2\extracted_frames\v38\v38_547.jpg
v38,v38_548,5470,182.333159,30.000029,3.000003,1920,1080,jpg,C:\Users\wgucg\Desktop\videos\videos\02_model_development\best_frame_selector\adaptation_v2\extracted_frames\v38\v38_548.jpg
v38,v38_549,5480,182.666492,30.000029,3.000003,1920,1080,jpg,C:\Users\wgucg\Desktop\videos\videos\02_model_development\best_frame_selector\adaptation_v2\extracted_frames\v38\v38_549.jpg
v38,v38_550,5490,182.999825,30.000029,3.000003,1920,1080,jpg,C:\Users\wgucg\Desktop\videos\videos\02_model_development\best_frame_selector\adaptation_v2\extracted_frames\v38\v38_550.jpg
v38,v38_551,5500,183.333158,30.000029,3.000003,1920,1080,jpg,C:\Users\wgucg\Desktop\videos\videos\02_model_development\best_frame_selector\adaptation_v2\extracted_frames\v38\v38_551.jpg
v38,v38_552,5510,183.666491,30.000029,3.000003,1920,1080,jpg,C:\Users\wgucg\Desktop\videos\videos\02_model_development\best_frame_selector\adaptation_v2\extracted_frames\v38\v38_552.jpg
v38,v38_553,5520,183.999824,30.000029,3.000003,1920,1080,jpg,C:\Users\wgucg\Desktop\videos\videos\02_model_development\best_frame_selector\adaptation_v2\extracted_frames\v38\v38_553.jpg
v38,v38_554,5530,184.333157,30.000029,3.000003,1920,1080,jpg,C:\Users\wgucg\Desktop\videos\videos\02_model_development\best_frame_selector\adaptation_v2\extracted_frames\v38\v38_554.jpg
v38,v38_555,5540,184.666490,30.000029,3.000003,1920,1080,jpg,C:\Users\wgucg\Desktop\videos\videos\02_model_development\best_frame_selector\adaptation_v2\extracted_frames\v38\v38_555.jpg
v38,v38_556,5550,184.999823,30.000029,3.000003,1920,1080,jpg,C:\Users\wgucg\Desktop\videos\videos\02_model_development\best_frame_selector\adaptation_v2\extracted_frames\v38\v38_556.jpg
v38,v38_557,5560,185.333156,30.000029,3.000003,1920,1080,jpg,C:\Users\wgucg\Desktop\videos\videos\02_model_development\best_frame_selector\adaptation_v2\extracted_frames\v38\v38_557.jpg
v38,v38_558,5570,185.666489,30.000029,3.000003,1920,1080,jpg,C:\Users\wgucg\Desktop\videos\videos\02_model_development\best_frame_selector\adaptation_v2\extracted_frames\v38\v38_558.jpg
v38,v38_559,5580,185.999822,30.000029,3.000003,1920,1080,jpg,C:\Users\wgucg\Desktop\videos\videos\02_model_development\best_frame_selector\adaptation_v2\extracted_frames\v38\v38_559.jpg
v38,v38_560,5590,186.333155,30.000029,3.000003,1920,1080,jpg,C:\Users\wgucg\Desktop\videos\videos\02_model_development\best_frame_selector\adaptation_v2\extracted_frames\v38\v38_560.jpg
v38,v38_561,5600,186.666488,30.000029,3.000003,1920,1080,jpg,C:\Users\wgucg\Desktop\videos\videos\02_model_development\best_frame_selector\adaptation_v2\extracted_frames\v38\v38_561.jpg
v38,v38_562,5610,186.999821,30.000029,3.000003,1920,1080,jpg,C:\Users\wgucg\Desktop\videos\videos\02_model_development\best_frame_selector\adaptation_v2\extracted_frames\v38\v38_562.jpg
v38,v38_563,5620,187.333154,30.000029,3.000003,1920,1080,jpg,C:\Users\wgucg\Desktop\videos\videos\02_model_development\best_frame_selector\adaptation_v2\extracted_frames\v38\v38_563.jpg
v38,v38_564,5630,187.666487,30.000029,3.000003,1920,1080,jpg,C:\Users\wgucg\Desktop\videos\videos\02_model_development\best_frame_selector\adaptation_v2\extracted_frames\v38\v38_564.jpg
v38,v38_565,5640,187.999820,30.000029,3.000003,1920,1080,jpg,C:\Users\wgucg\Desktop\videos\videos\02_model_development\best_frame_selector\adaptation_v2\extracted_frames\v38\v38_565.jpg
v38,v38_566,5650,188.333153,30.000029,3.000003,1920,1080,jpg,C:\Users\wgucg\Desktop\videos\videos\02_model_development\best_frame_selector\adaptation_v2\extracted_frames\v38\v38_566.jpg
v38,v38_567,5660,188.666486,30.000029,3.000003,1920,1080,jpg,C:\Users\wgucg\Desktop\videos\videos\02_model_development\best_frame_selector\adaptation_v2\extracted_frames\v38\v38_567.jpg
v38,v38_568,5670,188.999819,30.000029,3.000003,1920,1080,jpg,C:\Users\wgucg\Desktop\videos\videos\02_model_development\best_frame_selector\adaptation_v2\extracted_frames\v38\v38_568.jpg
v38,v38_569,5680,189.333152,30.000029,3.000003,1920,1080,jpg,C:\Users\wgucg\Desktop\videos\videos\02_model_development\best_frame_selector\adaptation_v2\extracted_frames\v38\v38_569.jpg
v38,v38_570,5690,189.666485,30.000029,3.000003,1920,1080,jpg,C:\Users\wgucg\Desktop\videos\videos\02_model_development\best_frame_selector\adaptation_v2\extracted_frames\v38\v38_570.jpg
v38,v38_571,5700,189.999818,30.000029,3.000003,1920,1080,jpg,C:\Users\wgucg\Desktop\videos\videos\02_model_development\best_frame_selector\adaptation_v2\extracted_frames\v38\v38_571.jpg
v38,v38_572,5710,190.333151,30.000029,3.000003,1920,1080,jpg,C:\Users\wgucg\Desktop\videos\videos\02_model_development\best_frame_selector\adaptation_v2\extracted_frames\v38\v38_572.jpg
v38,v38_573,5720,190.666484,30.000029,3.000003,1920,1080,jpg,C:\Users\wgucg\Desktop\videos\videos\02_model_development\best_frame_selector\adaptation_v2\extracted_frames\v38\v38_573.jpg
v38,v38_574,5730,190.999817,30.000029,3.000003,1920,1080,jpg,C:\Users\wgucg\Desktop\videos\videos\02_model_development\best_frame_selector\adaptation_v2\extracted_frames\v38\v38_574.jpg
v38,v38_575,5740,191.333150,30.000029,3.000003,1920,1080,jpg,C:\Users\wgucg\Desktop\videos\videos\02_model_development\best_frame_selector\adaptation_v2\extracted_frames\v38\v38_575.jpg
v38,v38_576,5750,191.666483,30.000029,3.000003,1920,1080,jpg,C:\Users\wgucg\Desktop\videos\videos\02_model_development\best_frame_selector\adaptation_v2\extracted_frames\v38\v38_576.jpg
v38,v38_577,5760,191.999816,30.000029,3.000003,1920,1080,jpg,C:\Users\wgucg\Desktop\videos\videos\02_model_development\best_frame_selector\adaptation_v2\extracted_frames\v38\v38_577.jpg
v38,v38_578,5770,192.333149,30.000029,3.000003,1920,1080,jpg,C:\Users\wgucg\Desktop\videos\videos\02_model_development\best_frame_selector\adaptation_v2\extracted_frames\v38\v38_578.jpg
v38,v38_579,5780,192.666482,30.000029,3.000003,1920,1080,jpg,C:\Users\wgucg\Desktop\videos\videos\02_model_development\best_frame_selector\adaptation_v2\extracted_frames\v38\v38_579.jpg
v38,v38_580,5790,192.999815,30.000029,3.000003,1920,1080,jpg,C:\Users\wgucg\Desktop\videos\videos\02_model_development\best_frame_selector\adaptation_v2\extracted_frames\v38\v38_580.jpg
v38,v38_581,5800,193.333148,30.000029,3.000003,1920,1080,jpg,C:\Users\wgucg\Desktop\videos\videos\02_model_development\best_frame_selector\adaptation_v2\extracted_frames\v38\v38_581.jpg
v38,v38_582,5810,193.666481,30.000029,3.000003,1920,1080,jpg,C:\Users\wgucg\Desktop\videos\videos\02_model_development\best_frame_selector\adaptation_v2\extracted_frames\v38\v38_582.jpg
v38,v38_583,5820,193.999814,30.000029,3.000003,1920,1080,jpg,C:\Users\wgucg\Desktop\videos\videos\02_model_development\best_frame_selector\adaptation_v2\extracted_frames\v38\v38_583.jpg
v38,v38_584,5830,194.333147,30.000029,3.000003,1920,1080,jpg,C:\Users\wgucg\Desktop\videos\videos\02_model_development\best_frame_selector\adaptation_v2\extracted_frames\v38\v38_584.jpg
v38,v38_585,5840,194.666480,30.000029,3.000003,1920,1080,jpg,C:\Users\wgucg\Desktop\videos\videos\02_model_development\best_frame_selector\adaptation_v2\extracted_frames\v38\v38_585.jpg
v38,v38_586,5850,194.999813,30.000029,3.000003,1920,1080,jpg,C:\Users\wgucg\Desktop\videos\videos\02_model_development\best_frame_selector\adaptation_v2\extracted_frames\v38\v38_586.jpg
v38,v38_587,5860,195.333146,30.000029,3.000003,1920,1080,jpg,C:\Users\wgucg\Desktop\videos\videos\02_model_development\best_frame_selector\adaptation_v2\extracted_frames\v38\v38_587.jpg
v38,v38_588,5870,195.666479,30.000029,3.000003,1920,1080,jpg,C:\Users\wgucg\Desktop\videos\videos\02_model_development\best_frame_selector\adaptation_v2\extracted_frames\v38\v38_588.jpg
v38,v38_589,5880,195.999812,30.000029,3.000003,1920,1080,jpg,C:\Users\wgucg\Desktop\videos\videos\02_model_development\best_frame_selector\adaptation_v2\extracted_frames\v38\v38_589.jpg
v38,v38_590,5890,196.333145,30.000029,3.000003,1920,1080,jpg,C:\Users\wgucg\Desktop\videos\videos\02_model_development\best_frame_selector\adaptation_v2\extracted_frames\v38\v38_590.jpg
v38,v38_591,5900,196.666478,30.000029,3.000003,1920,1080,jpg,C:\Users\wgucg\Desktop\videos\videos\02_model_development\best_frame_selector\adaptation_v2\extracted_frames\v38\v38_591.jpg
v38,v38_592,5910,196.999811,30.000029,3.000003,1920,1080,jpg,C:\Users\wgucg\Desktop\videos\videos\02_model_development\best_frame_selector\adaptation_v2\extracted_frames\v38\v38_592.jpg
v38,v38_593,5920,197.333144,30.000029,3.000003,1920,1080,jpg,C:\Users\wgucg\Desktop\videos\videos\02_model_development\best_frame_selector\adaptation_v2\extracted_frames\v38\v38_593.jpg
v38,v38_594,5930,197.666477,30.000029,3.000003,1920,1080,jpg,C:\Users\wgucg\Desktop\videos\videos\02_model_development\best_frame_selector\adaptation_v2\extracted_frames\v38\v38_594.jpg
v38,v38_595,5940,197.999810,30.000029,3.000003,1920,1080,jpg,C:\Users\wgucg\Desktop\videos\videos\02_model_development\best_frame_selector\adaptation_v2\extracted_frames\v38\v38_595.jpg
v38,v38_596,5950,198.333143,30.000029,3.000003,1920,1080,jpg,C:\Users\wgucg\Desktop\videos\videos\02_model_development\best_frame_selector\adaptation_v2\extracted_frames\v38\v38_596.jpg
v38,v38_597,5960,198.666476,30.000029,3.000003,1920,1080,jpg,C:\Users\wgucg\Desktop\videos\videos\02_model_development\best_frame_selector\adaptation_v2\extracted_frames\v38\v38_597.jpg
v38,v38_598,5970,198.999809,30.000029,3.000003,1920,1080,jpg,C:\Users\wgucg\Desktop\videos\videos\02_model_development\best_frame_selector\adaptation_v2\extracted_frames\v38\v38_598.jpg
v38,v38_599,5980,199.333142,30.000029,3.000003,1920,1080,jpg,C:\Users\wgucg\Desktop\videos\videos\02_model_development\best_frame_selector\adaptation_v2\extracted_frames\v38\v38_599.jpg
v38,v38_600,5990,199.666475,30.000029,3.000003,1920,1080,jpg,C:\Users\wgucg\Desktop\videos\videos\02_model_development\best_frame_selector\adaptation_v2\extracted_frames\v38\v38_600.jpg
v38,v38_601,6000,199.999808,30.000029,3.000003,1920,1080,jpg,C:\Users\wgucg\Desktop\videos\videos\02_model_development\best_frame_selector\adaptation_v2\extracted_frames\v38\v38_601.jpg
v38,v38_602,6010,200.333141,30.000029,3.000003,1920,1080,jpg,C:\Users\wgucg\Desktop\videos\videos\02_model_development\best_frame_selector\adaptation_v2\extracted_frames\v38\v38_602.jpg
v38,v38_603,6020,200.666474,30.000029,3.000003,1920,1080,jpg,C:\Users\wgucg\Desktop\videos\videos\02_model_development\best_frame_selector\adaptation_v2\extracted_frames\v38\v38_603.jpg
v38,v38_604,6030,200.999807,30.000029,3.000003,1920,1080,jpg,C:\Users\wgucg\Desktop\videos\videos\02_model_development\best_frame_selector\adaptation_v2\extracted_frames\v38\v38_604.jpg
v38,v38_605,6040,201.333140,30.000029,3.000003,1920,1080,jpg,C:\Users\wgucg\Desktop\videos\videos\02_model_development\best_frame_selector\adaptation_v2\extracted_frames\v38\v38_605.jpg
v38,v38_606,6050,201.666473,30.000029,3.000003,1920,1080,jpg,C:\Users\wgucg\Desktop\videos\videos\02_model_development\best_frame_selector\adaptation_v2\extracted_frames\v38\v38_606.jpg
v38,v38_607,6060,201.999806,30.000029,3.000003,1920,1080,jpg,C:\Users\wgucg\Desktop\videos\videos\02_model_development\best_frame_selector\adaptation_v2\extracted_frames\v38\v38_607.jpg
v38,v38_608,6070,202.333139,30.000029,3.000003,1920,1080,jpg,C:\Users\wgucg\Desktop\videos\videos\02_model_development\best_frame_selector\adaptation_v2\extracted_frames\v38\v38_608.jpg
v38,v38_609,6080,202.666472,30.000029,3.000003,1920,1080,jpg,C:\Users\wgucg\Desktop\videos\videos\02_model_development\best_frame_selector\adaptation_v2\extracted_frames\v38\v38_609.jpg
v38,v38_610,6090,202.999805,30.000029,3.000003,1920,1080,jpg,C:\Users\wgucg\Desktop\videos\videos\02_model_development\best_frame_selector\adaptation_v2\extracted_frames\v38\v38_610.jpg
v38,v38_611,6100,203.333138,30.000029,3.000003,1920,1080,jpg,C:\Users\wgucg\Desktop\videos\videos\02_model_development\best_frame_selector\adaptation_v2\extracted_frames\v38\v38_611.jpg
v38,v38_612,6110,203.666471,30.000029,3.000003,1920,1080,jpg,C:\Users\wgucg\Desktop\videos\videos\02_model_development\best_frame_selector\adaptation_v2\extracted_frames\v38\v38_612.jpg
v38,v38_613,6120,203.999804,30.000029,3.000003,1920,1080,jpg,C:\Users\wgucg\Desktop\videos\videos\02_model_development\best_frame_selector\adaptation_v2\extracted_frames\v38\v38_613.jpg
v38,v38_614,6130,204.333138,30.000029,3.000003,1920,1080,jpg,C:\Users\wgucg\Desktop\videos\videos\02_model_development\best_frame_selector\adaptation_v2\extracted_frames\v38\v38_614.jpg
v38,v38_615,6140,204.666471,30.000029,3.000003,1920,1080,jpg,C:\Users\wgucg\Desktop\videos\videos\02_model_development\best_frame_selector\adaptation_v2\extracted_frames\v38\v38_615.jpg
v38,v38_616,6150,204.999804,30.000029,3.000003,1920,1080,jpg,C:\Users\wgucg\Desktop\videos\videos\02_model_development\best_frame_selector\adaptation_v2\extracted_frames\v38\v38_616.jpg
v38,v38_617,6160,205.333137,30.000029,3.000003,1920,1080,jpg,C:\Users\wgucg\Desktop\videos\videos\02_model_development\best_frame_selector\adaptation_v2\extracted_frames\v38\v38_617.jpg
v38,v38_618,6170,205.666470,30.000029,3.000003,1920,1080,jpg,C:\Users\wgucg\Desktop\videos\videos\02_model_development\best_frame_selector\adaptation_v2\extracted_frames\v38\v38_618.jpg
v38,v38_619,6180,205.999803,30.000029,3.000003,1920,1080,jpg,C:\Users\wgucg\Desktop\videos\videos\02_model_development\best_frame_selector\adaptation_v2\extracted_frames\v38\v38_619.jpg
v38,v38_620,6190,206.333136,30.000029,3.000003,1920,1080,jpg,C:\Users\wgucg\Desktop\videos\videos\02_model_development\best_frame_selector\adaptation_v2\extracted_frames\v38\v38_620.jpg
v38,v38_621,6200,206.666469,30.000029,3.000003,1920,1080,jpg,C:\Users\wgucg\Desktop\videos\videos\02_model_development\best_frame_selector\adaptation_v2\extracted_frames\v38\v38_621.jpg
v38,v38_622,6210,206.999802,30.000029,3.000003,1920,1080,jpg,C:\Users\wgucg\Desktop\videos\videos\02_model_development\best_frame_selector\adaptation_v2\extracted_frames\v38\v38_622.jpg
v38,v38_623,6220,207.333135,30.000029,3.000003,1920,1080,jpg,C:\Users\wgucg\Desktop\videos\videos\02_model_development\best_frame_selector\adaptation_v2\extracted_frames\v38\v38_623.jpg
v38,v38_624,6230,207.666468,30.000029,3.000003,1920,1080,jpg,C:\Users\wgucg\Desktop\videos\videos\02_model_development\best_frame_selector\adaptation_v2\extracted_frames\v38\v38_624.jpg
v38,v38_625,6240,207.999801,30.000029,3.000003,1920,1080,jpg,C:\Users\wgucg\Desktop\videos\videos\02_model_development\best_frame_selector\adaptation_v2\extracted_frames\v38\v38_625.jpg
v38,v38_626,6250,208.333134,30.000029,3.000003,1920,1080,jpg,C:\Users\wgucg\Desktop\videos\videos\02_model_development\best_frame_selector\adaptation_v2\extracted_frames\v38\v38_626.jpg
v38,v38_627,6260,208.666467,30.000029,3.000003,1920,1080,jpg,C:\Users\wgucg\Desktop\videos\videos\02_model_development\best_frame_selector\adaptation_v2\extracted_frames\v38\v38_627.jpg
v38,v38_628,6270,208.999800,30.000029,3.000003,1920,1080,jpg,C:\Users\wgucg\Desktop\videos\videos\02_model_development\best_frame_selector\adaptation_v2\extracted_frames\v38\v38_628.jpg
v38,v38_629,6280,209.333133,30.000029,3.000003,1920,1080,jpg,C:\Users\wgucg\Desktop\videos\videos\02_model_development\best_frame_selector\adaptation_v2\extracted_frames\v38\v38_629.jpg
v38,v38_630,6290,209.666466,30.000029,3.000003,1920,1080,jpg,C:\Users\wgucg\Desktop\videos\videos\02_model_development\best_frame_selector\adaptation_v2\extracted_frames\v38\v38_630.jpg
v38,v38_631,6300,209.999799,30.000029,3.000003,1920,1080,jpg,C:\Users\wgucg\Desktop\videos\videos\02_model_development\best_frame_selector\adaptation_v2\extracted_frames\v38\v38_631.jpg
v38,v38_632,6310,210.333132,30.000029,3.000003,1920,1080,jpg,C:\Users\wgucg\Desktop\videos\videos\02_model_development\best_frame_selector\adaptation_v2\extracted_frames\v38\v38_632.jpg
v38,v38_633,6320,210.666465,30.000029,3.000003,1920,1080,jpg,C:\Users\wgucg\Desktop\videos\videos\02_model_development\best_frame_selector\adaptation_v2\extracted_frames\v38\v38_633.jpg
v38,v38_634,6330,210.999798,30.000029,3.000003,1920,1080,jpg,C:\Users\wgucg\Desktop\videos\videos\02_model_development\best_frame_selector\adaptation_v2\extracted_frames\v38\v38_634.jpg
v38,v38_635,6340,211.333131,30.000029,3.000003,1920,1080,jpg,C:\Users\wgucg\Desktop\videos\videos\02_model_development\best_frame_selector\adaptation_v2\extracted_frames\v38\v38_635.jpg
v38,v38_636,6350,211.666464,30.000029,3.000003,1920,1080,jpg,C:\Users\wgucg\Desktop\videos\videos\02_model_development\best_frame_selector\adaptation_v2\extracted_frames\v38\v38_636.jpg
v38,v38_637,6360,211.999797,30.000029,3.000003,1920,1080,jpg,C:\Users\wgucg\Desktop\videos\videos\02_model_development\best_frame_selector\adaptation_v2\extracted_frames\v38\v38_637.jpg
v38,v38_638,6370,212.333130,30.000029,3.000003,1920,1080,jpg,C:\Users\wgucg\Desktop\videos\videos\02_model_development\best_frame_selector\adaptation_v2\extracted_frames\v38\v38_638.jpg
v38,v38_639,6380,212.666463,30.000029,3.000003,1920,1080,jpg,C:\Users\wgucg\Desktop\videos\videos\02_model_development\best_frame_selector\adaptation_v2\extracted_frames\v38\v38_639.jpg
v38,v38_640,6390,212.999796,30.000029,3.000003,1920,1080,jpg,C:\Users\wgucg\Desktop\videos\videos\02_model_development\best_frame_selector\adaptation_v2\extracted_frames\v38\v38_640.jpg
v38,v38_641,6400,213.333129,30.000029,3.000003,1920,1080,jpg,C:\Users\wgucg\Desktop\videos\videos\02_model_development\best_frame_selector\adaptation_v2\extracted_frames\v38\v38_641.jpg
v38,v38_642,6410,213.666462,30.000029,3.000003,1920,1080,jpg,C:\Users\wgucg\Desktop\videos\videos\02_model_development\best_frame_selector\adaptation_v2\extracted_frames\v38\v38_642.jpg
v38,v38_643,6420,213.999795,30.000029,3.000003,1920,1080,jpg,C:\Users\wgucg\Desktop\videos\videos\02_model_development\best_frame_selector\adaptation_v2\extracted_frames\v38\v38_643.jpg
v38,v38_644,6430,214.333128,30.000029,3.000003,1920,1080,jpg,C:\Users\wgucg\Desktop\videos\videos\02_model_development\best_frame_selector\adaptation_v2\extracted_frames\v38\v38_644.jpg
v38,v38_645,6440,214.666461,30.000029,3.000003,1920,1080,jpg,C:\Users\wgucg\Desktop\videos\videos\02_model_development\best_frame_selector\adaptation_v2\extracted_frames\v38\v38_645.jpg
v38,v38_646,6450,214.999794,30.000029,3.000003,1920,1080,jpg,C:\Users\wgucg\Desktop\videos\videos\02_model_development\best_frame_selector\adaptation_v2\extracted_frames\v38\v38_646.jpg
v38,v38_647,6460,215.333127,30.000029,3.000003,1920,1080,jpg,C:\Users\wgucg\Desktop\videos\videos\02_model_development\best_frame_selector\adaptation_v2\extracted_frames\v38\v38_647.jpg
v38,v38_648,6470,215.666460,30.000029,3.000003,1920,1080,jpg,C:\Users\wgucg\Desktop\videos\videos\02_model_development\best_frame_selector\adaptation_v2\extracted_frames\v38\v38_648.jpg
v38,v38_649,6480,215.999793,30.000029,3.000003,1920,1080,jpg,C:\Users\wgucg\Desktop\videos\videos\02_model_development\best_frame_selector\adaptation_v2\extracted_frames\v38\v38_649.jpg
v38,v38_650,6490,216.333126,30.000029,3.000003,1920,1080,jpg,C:\Users\wgucg\Desktop\videos\videos\02_model_development\best_frame_selector\adaptation_v2\extracted_frames\v38\v38_650.jpg
v38,v38_651,6500,216.666459,30.000029,3.000003,1920,1080,jpg,C:\Users\wgucg\Desktop\videos\videos\02_model_development\best_frame_selector\adaptation_v2\extracted_frames\v38\v38_651.jpg
v38,v38_652,6510,216.999792,30.000029,3.000003,1920,1080,jpg,C:\Users\wgucg\Desktop\videos\videos\02_model_development\best_frame_selector\adaptation_v2\extracted_frames\v38\v38_652.jpg
v38,v38_653,6520,217.333125,30.000029,3.000003,1920,1080,jpg,C:\Users\wgucg\Desktop\videos\videos\02_model_development\best_frame_selector\adaptation_v2\extracted_frames\v38\v38_653.jpg
v38,v38_654,6530,217.666458,30.000029,3.000003,1920,1080,jpg,C:\Users\wgucg\Desktop\videos\videos\02_model_development\best_frame_selector\adaptation_v2\extracted_frames\v38\v38_654.jpg
v38,v38_655,6540,217.999791,30.000029,3.000003,1920,1080,jpg,C:\Users\wgucg\Desktop\videos\videos\02_model_development\best_frame_selector\adaptation_v2\extracted_frames\v38\v38_655.jpg
v38,v38_656,6550,218.333124,30.000029,3.000003,1920,1080,jpg,C:\Users\wgucg\Desktop\videos\videos\02_model_development\best_frame_selector\adaptation_v2\extracted_frames\v38\v38_656.jpg
v38,v38_657,6560,218.666457,30.000029,3.000003,1920,1080,jpg,C:\Users\wgucg\Desktop\videos\videos\02_model_development\best_frame_selector\adaptation_v2\extracted_frames\v38\v38_657.jpg
v38,v38_658,6570,218.999790,30.000029,3.000003,1920,1080,jpg,C:\Users\wgucg\Desktop\videos\videos\02_model_development\best_frame_selector\adaptation_v2\extracted_frames\v38\v38_658.jpg
v38,v38_659,6580,219.333123,30.000029,3.000003,1920,1080,jpg,C:\Users\wgucg\Desktop\videos\videos\02_model_development\best_frame_selector\adaptation_v2\extracted_frames\v38\v38_659.jpg
v38,v38_660,6590,219.666456,30.000029,3.000003,1920,1080,jpg,C:\Users\wgucg\Desktop\videos\videos\02_model_development\best_frame_selector\adaptation_v2\extracted_frames\v38\v38_660.jpg
v38,v38_661,6600,219.999789,30.000029,3.000003,1920,1080,jpg,C:\Users\wgucg\Desktop\videos\videos\02_model_development\best_frame_selector\adaptation_v2\extracted_frames\v38\v38_661.jpg
v38,v38_662,6610,220.333122,30.000029,3.000003,1920,1080,jpg,C:\Users\wgucg\Desktop\videos\videos\02_model_development\best_frame_selector\adaptation_v2\extracted_frames\v38\v38_662.jpg
v38,v38_663,6620,220.666455,30.000029,3.000003,1920,1080,jpg,C:\Users\wgucg\Desktop\videos\videos\02_model_development\best_frame_selector\adaptation_v2\extracted_frames\v38\v38_663.jpg
v38,v38_664,6630,220.999788,30.000029,3.000003,1920,1080,jpg,C:\Users\wgucg\Desktop\videos\videos\02_model_development\best_frame_selector\adaptation_v2\extracted_frames\v38\v38_664.jpg
v38,v38_665,6640,221.333121,30.000029,3.000003,1920,1080,jpg,C:\Users\wgucg\Desktop\videos\videos\02_model_development\best_frame_selector\adaptation_v2\extracted_frames\v38\v38_665.jpg
v38,v38_666,6650,221.666454,30.000029,3.000003,1920,1080,jpg,C:\Users\wgucg\Desktop\videos\videos\02_model_development\best_frame_selector\adaptation_v2\extracted_frames\v38\v38_666.jpg
v38,v38_667,6660,221.999787,30.000029,3.000003,1920,1080,jpg,C:\Users\wgucg\Desktop\videos\videos\02_model_development\best_frame_selector\adaptation_v2\extracted_frames\v38\v38_667.jpg
v38,v38_668,6670,222.333120,30.000029,3.000003,1920,1080,jpg,C:\Users\wgucg\Desktop\videos\videos\02_model_development\best_frame_selector\adaptation_v2\extracted_frames\v38\v38_668.jpg
v38,v38_669,6680,222.666453,30.000029,3.000003,1920,1080,jpg,C:\Users\wgucg\Desktop\videos\videos\02_model_development\best_frame_selector\adaptation_v2\extracted_frames\v38\v38_669.jpg
v38,v38_670,6690,222.999786,30.000029,3.000003,1920,1080,jpg,C:\Users\wgucg\Desktop\videos\videos\02_model_development\best_frame_selector\adaptation_v2\extracted_frames\v38\v38_670.jpg
v38,v38_671,6700,223.333119,30.000029,3.000003,1920,1080,jpg,C:\Users\wgucg\Desktop\videos\videos\02_model_development\best_frame_selector\adaptation_v2\extracted_frames\v38\v38_671.jpg
v38,v38_672,6710,223.666452,30.000029,3.000003,1920,1080,jpg,C:\Users\wgucg\Desktop\videos\videos\02_model_development\best_frame_selector\adaptation_v2\extracted_frames\v38\v38_672.jpg
v38,v38_673,6720,223.999785,30.000029,3.000003,1920,1080,jpg,C:\Users\wgucg\Desktop\videos\videos\02_model_development\best_frame_selector\adaptation_v2\extracted_frames\v38\v38_673.jpg
v38,v38_674,6730,224.333118,30.000029,3.000003,1920,1080,jpg,C:\Users\wgucg\Desktop\videos\videos\02_model_development\best_frame_selector\adaptation_v2\extracted_frames\v38\v38_674.jpg
v38,v38_675,6740,224.666451,30.000029,3.000003,1920,1080,jpg,C:\Users\wgucg\Desktop\videos\videos\02_model_development\best_frame_selector\adaptation_v2\extracted_frames\v38\v38_675.jpg
v38,v38_676,6750,224.999784,30.000029,3.000003,1920,1080,jpg,C:\Users\wgucg\Desktop\videos\videos\02_model_development\best_frame_selector\adaptation_v2\extracted_frames\v38\v38_676.jpg
v38,v38_677,6760,225.333117,30.000029,3.000003,1920,1080,jpg,C:\Users\wgucg\Desktop\videos\videos\02_model_development\best_frame_selector\adaptation_v2\extracted_frames\v38\v38_677.jpg
v38,v38_678,6770,225.666450,30.000029,3.000003,1920,1080,jpg,C:\Users\wgucg\Desktop\videos\videos\02_model_development\best_frame_selector\adaptation_v2\extracted_frames\v38\v38_678.jpg
v38,v38_679,6780,225.999783,30.000029,3.000003,1920,1080,jpg,C:\Users\wgucg\Desktop\videos\videos\02_model_development\best_frame_selector\adaptation_v2\extracted_frames\v38\v38_679.jpg
v38,v38_680,6790,226.333116,30.000029,3.000003,1920,1080,jpg,C:\Users\wgucg\Desktop\videos\videos\02_model_development\best_frame_selector\adaptation_v2\extracted_frames\v38\v38_680.jpg
v38,v38_681,6800,226.666449,30.000029,3.000003,1920,1080,jpg,C:\Users\wgucg\Desktop\videos\videos\02_model_development\best_frame_selector\adaptation_v2\extracted_frames\v38\v38_681.jpg
v38,v38_682,6810,226.999782,30.000029,3.000003,1920,1080,jpg,C:\Users\wgucg\Desktop\videos\videos\02_model_development\best_frame_selector\adaptation_v2\extracted_frames\v38\v38_682.jpg
v38,v38_683,6820,227.333115,30.000029,3.000003,1920,1080,jpg,C:\Users\wgucg\Desktop\videos\videos\02_model_development\best_frame_selector\adaptation_v2\extracted_frames\v38\v38_683.jpg
v38,v38_684,6830,227.666448,30.000029,3.000003,1920,1080,jpg,C:\Users\wgucg\Desktop\videos\videos\02_model_development\best_frame_selector\adaptation_v2\extracted_frames\v38\v38_684.jpg
v38,v38_685,6840,227.999781,30.000029,3.000003,1920,1080,jpg,C:\Users\wgucg\Desktop\videos\videos\02_model_development\best_frame_selector\adaptation_v2\extracted_frames\v38\v38_685.jpg
v38,v38_686,6850,228.333115,30.000029,3.000003,1920,1080,jpg,C:\Users\wgucg\Desktop\videos\videos\02_model_development\best_frame_selector\adaptation_v2\extracted_frames\v38\v38_686.jpg
v38,v38_687,6860,228.666448,30.000029,3.000003,1920,1080,jpg,C:\Users\wgucg\Desktop\videos\videos\02_model_development\best_frame_selector\adaptation_v2\extracted_frames\v38\v38_687.jpg
v38,v38_688,6870,228.999781,30.000029,3.000003,1920,1080,jpg,C:\Users\wgucg\Desktop\videos\videos\02_model_development\best_frame_selector\adaptation_v2\extracted_frames\v38\v38_688.jpg
v38,v38_689,6880,229.333114,30.000029,3.000003,1920,1080,jpg,C:\Users\wgucg\Desktop\videos\videos\02_model_development\best_frame_selector\adaptation_v2\extracted_frames\v38\v38_689.jpg
v38,v38_690,6890,229.666447,30.000029,3.000003,1920,1080,jpg,C:\Users\wgucg\Desktop\videos\videos\02_model_development\best_frame_selector\adaptation_v2\extracted_frames\v38\v38_690.jpg
v38,v38_691,6900,229.999780,30.000029,3.000003,1920,1080,jpg,C:\Users\wgucg\Desktop\videos\videos\02_model_development\best_frame_selector\adaptation_v2\extracted_frames\v38\v38_691.jpg
v38,v38_692,6910,230.333113,30.000029,3.000003,1920,1080,jpg,C:\Users\wgucg\Desktop\videos\videos\02_model_development\best_frame_selector\adaptation_v2\extracted_frames\v38\v38_692.jpg
v38,v38_693,6920,230.666446,30.000029,3.000003,1920,1080,jpg,C:\Users\wgucg\Desktop\videos\videos\02_model_development\best_frame_selector\adaptation_v2\extracted_frames\v38\v38_693.jpg
v38,v38_694,6930,230.999779,30.000029,3.000003,1920,1080,jpg,C:\Users\wgucg\Desktop\videos\videos\02_model_development\best_frame_selector\adaptation_v2\extracted_frames\v38\v38_694.jpg
v38,v38_695,6940,231.333112,30.000029,3.000003,1920,1080,jpg,C:\Users\wgucg\Desktop\videos\videos\02_model_development\best_frame_selector\adaptation_v2\extracted_frames\v38\v38_695.jpg
v38,v38_696,6950,231.666445,30.000029,3.000003,1920,1080,jpg,C:\Users\wgucg\Desktop\videos\videos\02_model_development\best_frame_selector\adaptation_v2\extracted_frames\v38\v38_696.jpg
v38,v38_697,6960,231.999778,30.000029,3.000003,1920,1080,jpg,C:\Users\wgucg\Desktop\videos\videos\02_model_development\best_frame_selector\adaptation_v2\extracted_frames\v38\v38_697.jpg
v38,v38_698,6970,232.333111,30.000029,3.000003,1920,1080,jpg,C:\Users\wgucg\Desktop\videos\videos\02_model_development\best_frame_selector\adaptation_v2\extracted_frames\v38\v38_698.jpg
v38,v38_699,6980,232.666444,30.000029,3.000003,1920,1080,jpg,C:\Users\wgucg\Desktop\videos\videos\02_model_development\best_frame_selector\adaptation_v2\extracted_frames\v38\v38_699.jpg
v38,v38_700,6990,232.999777,30.000029,3.000003,1920,1080,jpg,C:\Users\wgucg\Desktop\videos\videos\02_model_development\best_frame_selector\adaptation_v2\extracted_frames\v38\v38_700.jpg
v38,v38_701,7000,233.333110,30.000029,3.000003,1920,1080,jpg,C:\Users\wgucg\Desktop\videos\videos\02_model_development\best_frame_selector\adaptation_v2\extracted_frames\v38\v38_701.jpg
v38,v38_702,7010,233.666443,30.000029,3.000003,1920,1080,jpg,C:\Users\wgucg\Desktop\videos\videos\02_model_development\best_frame_selector\adaptation_v2\extracted_frames\v38\v38_702.jpg
v38,v38_703,7020,233.999776,30.000029,3.000003,1920,1080,jpg,C:\Users\wgucg\Desktop\videos\videos\02_model_development\best_frame_selector\adaptation_v2\extracted_frames\v38\v38_703.jpg
v38,v38_704,7030,234.333109,30.000029,3.000003,1920,1080,jpg,C:\Users\wgucg\Desktop\videos\videos\02_model_development\best_frame_selector\adaptation_v2\extracted_frames\v38\v38_704.jpg
v38,v38_705,7040,234.666442,30.000029,3.000003,1920,1080,jpg,C:\Users\wgucg\Desktop\videos\videos\02_model_development\best_frame_selector\adaptation_v2\extracted_frames\v38\v38_705.jpg
v38,v38_706,7050,234.999775,30.000029,3.000003,1920,1080,jpg,C:\Users\wgucg\Desktop\videos\videos\02_model_development\best_frame_selector\adaptation_v2\extracted_frames\v38\v38_706.jpg
v38,v38_707,7060,235.333108,30.000029,3.000003,1920,1080,jpg,C:\Users\wgucg\Desktop\videos\videos\02_model_development\best_frame_selector\adaptation_v2\extracted_frames\v38\v38_707.jpg
v38,v38_708,7070,235.666441,30.000029,3.000003,1920,1080,jpg,C:\Users\wgucg\Desktop\videos\videos\02_model_development\best_frame_selector\adaptation_v2\extracted_frames\v38\v38_708.jpg
v38,v38_709,7080,235.999774,30.000029,3.000003,1920,1080,jpg,C:\Users\wgucg\Desktop\videos\videos\02_model_development\best_frame_selector\adaptation_v2\extracted_frames\v38\v38_709.jpg
v38,v38_710,7090,236.333107,30.000029,3.000003,1920,1080,jpg,C:\Users\wgucg\Desktop\videos\videos\02_model_development\best_frame_selector\adaptation_v2\extracted_frames\v38\v38_710.jpg
v38,v38_711,7100,236.666440,30.000029,3.000003,1920,1080,jpg,C:\Users\wgucg\Desktop\videos\videos\02_model_development\best_frame_selector\adaptation_v2\extracted_frames\v38\v38_711.jpg
v38,v38_712,7110,236.999773,30.000029,3.000003,1920,1080,jpg,C:\Users\wgucg\Desktop\videos\videos\02_model_development\best_frame_selector\adaptation_v2\extracted_frames\v38\v38_712.jpg
v38,v38_713,7120,237.333106,30.000029,3.000003,1920,1080,jpg,C:\Users\wgucg\Desktop\videos\videos\02_model_development\best_frame_selector\adaptation_v2\extracted_frames\v38\v38_713.jpg
v38,v38_714,7130,237.666439,30.000029,3.000003,1920,1080,jpg,C:\Users\wgucg\Desktop\videos\videos\02_model_development\best_frame_selector\adaptation_v2\extracted_frames\v38\v38_714.jpg
v38,v38_715,7140,237.999772,30.000029,3.000003,1920,1080,jpg,C:\Users\wgucg\Desktop\videos\videos\02_model_development\best_frame_selector\adaptation_v2\extracted_frames\v38\v38_715.jpg
v38,v38_716,7150,238.333105,30.000029,3.000003,1920,1080,jpg,C:\Users\wgucg\Desktop\videos\videos\02_model_development\best_frame_selector\adaptation_v2\extracted_frames\v38\v38_716.jpg
v38,v38_717,7160,238.666438,30.000029,3.000003,1920,1080,jpg,C:\Users\wgucg\Desktop\videos\videos\02_model_development\best_frame_selector\adaptation_v2\extracted_frames\v38\v38_717.jpg
v38,v38_718,7170,238.999771,30.000029,3.000003,1920,1080,jpg,C:\Users\wgucg\Desktop\videos\videos\02_model_development\best_frame_selector\adaptation_v2\extracted_frames\v38\v38_718.jpg
v38,v38_719,7180,239.333104,30.000029,3.000003,1920,1080,jpg,C:\Users\wgucg\Desktop\videos\videos\02_model_development\best_frame_selector\adaptation_v2\extracted_frames\v38\v38_719.jpg
v38,v38_720,7190,239.666437,30.000029,3.000003,1920,1080,jpg,C:\Users\wgucg\Desktop\videos\videos\02_model_development\best_frame_selector\adaptation_v2\extracted_frames\v38\v38_720.jpg
v38,v38_721,7200,239.999770,30.000029,3.000003,1920,1080,jpg,C:\Users\wgucg\Desktop\videos\videos\02_model_development\best_frame_selector\adaptation_v2\extracted_frames\v38\v38_721.jpg
v38,v38_722,7210,240.333103,30.000029,3.000003,1920,1080,jpg,C:\Users\wgucg\Desktop\videos\videos\02_model_development\best_frame_selector\adaptation_v2\extracted_frames\v38\v38_722.jpg
v38,v38_723,7220,240.666436,30.000029,3.000003,1920,1080,jpg,C:\Users\wgucg\Desktop\videos\videos\02_model_development\best_frame_selector\adaptation_v2\extracted_frames\v38\v38_723.jpg
v38,v38_724,7230,240.999769,30.000029,3.000003,1920,1080,jpg,C:\Users\wgucg\Desktop\videos\videos\02_model_development\best_frame_selector\adaptation_v2\extracted_frames\v38\v38_724.jpg
v38,v38_725,7240,241.333102,30.000029,3.000003,1920,1080,jpg,C:\Users\wgucg\Desktop\videos\videos\02_model_development\best_frame_selector\adaptation_v2\extracted_frames\v38\v38_725.jpg
v38,v38_726,7250,241.666435,30.000029,3.000003,1920,1080,jpg,C:\Users\wgucg\Desktop\videos\videos\02_model_development\best_frame_selector\adaptation_v2\extracted_frames\v38\v38_726.jpg
v38,v38_727,7260,241.999768,30.000029,3.000003,1920,1080,jpg,C:\Users\wgucg\Desktop\videos\videos\02_model_development\best_frame_selector\adaptation_v2\extracted_frames\v38\v38_727.jpg
v38,v38_728,7270,242.333101,30.000029,3.000003,1920,1080,jpg,C:\Users\wgucg\Desktop\videos\videos\02_model_development\best_frame_selector\adaptation_v2\extracted_frames\v38\v38_728.jpg
v38,v38_729,7280,242.666434,30.000029,3.000003,1920,1080,jpg,C:\Users\wgucg\Desktop\videos\videos\02_model_development\best_frame_selector\adaptation_v2\extracted_frames\v38\v38_729.jpg
v38,v38_730,7290,242.999767,30.000029,3.000003,1920,1080,jpg,C:\Users\wgucg\Desktop\videos\videos\02_model_development\best_frame_selector\adaptation_v2\extracted_frames\v38\v38_730.jpg
v38,v38_731,7300,243.333100,30.000029,3.000003,1920,1080,jpg,C:\Users\wgucg\Desktop\videos\videos\02_model_development\best_frame_selector\adaptation_v2\extracted_frames\v38\v38_731.jpg
v38,v38_732,7310,243.666433,30.000029,3.000003,1920,1080,jpg,C:\Users\wgucg\Desktop\videos\videos\02_model_development\best_frame_selector\adaptation_v2\extracted_frames\v38\v38_732.jpg
v38,v38_733,7320,243.999766,30.000029,3.000003,1920,1080,jpg,C:\Users\wgucg\Desktop\videos\videos\02_model_development\best_frame_selector\adaptation_v2\extracted_frames\v38\v38_733.jpg
v38,v38_734,7330,244.333099,30.000029,3.000003,1920,1080,jpg,C:\Users\wgucg\Desktop\videos\videos\02_model_development\best_frame_selector\adaptation_v2\extracted_frames\v38\v38_734.jpg
v38,v38_735,7340,244.666432,30.000029,3.000003,1920,1080,jpg,C:\Users\wgucg\Desktop\videos\videos\02_model_development\best_frame_selector\adaptation_v2\extracted_frames\v38\v38_735.jpg
v38,v38_736,7350,244.999765,30.000029,3.000003,1920,1080,jpg,C:\Users\wgucg\Desktop\videos\videos\02_model_development\best_frame_selector\adaptation_v2\extracted_frames\v38\v38_736.jpg
v38,v38_737,7360,245.333098,30.000029,3.000003,1920,1080,jpg,C:\Users\wgucg\Desktop\videos\videos\02_model_development\best_frame_selector\adaptation_v2\extracted_frames\v38\v38_737.jpg
v38,v38_738,7370,245.666431,30.000029,3.000003,1920,1080,jpg,C:\Users\wgucg\Desktop\videos\videos\02_model_development\best_frame_selector\adaptation_v2\extracted_frames\v38\v38_738.jpg
v38,v38_739,7380,245.999764,30.000029,3.000003,1920,1080,jpg,C:\Users\wgucg\Desktop\videos\videos\02_model_development\best_frame_selector\adaptation_v2\extracted_frames\v38\v38_739.jpg
v38,v38_740,7390,246.333097,30.000029,3.000003,1920,1080,jpg,C:\Users\wgucg\Desktop\videos\videos\02_model_development\best_frame_selector\adaptation_v2\extracted_frames\v38\v38_740.jpg
v38,v38_741,7400,246.666430,30.000029,3.000003,1920,1080,jpg,C:\Users\wgucg\Desktop\videos\videos\02_model_development\best_frame_selector\adaptation_v2\extracted_frames\v38\v38_741.jpg
v38,v38_742,7410,246.999763,30.000029,3.000003,1920,1080,jpg,C:\Users\wgucg\Desktop\videos\videos\02_model_development\best_frame_selector\adaptation_v2\extracted_frames\v38\v38_742.jpg
v38,v38_743,7420,247.333096,30.000029,3.000003,1920,1080,jpg,C:\Users\wgucg\Desktop\videos\videos\02_model_development\best_frame_selector\adaptation_v2\extracted_frames\v38\v38_743.jpg
v38,v38_744,7430,247.666429,30.000029,3.000003,1920,1080,jpg,C:\Users\wgucg\Desktop\videos\videos\02_model_development\best_frame_selector\adaptation_v2\extracted_frames\v38\v38_744.jpg
v38,v38_745,7440,247.999762,30.000029,3.000003,1920,1080,jpg,C:\Users\wgucg\Desktop\videos\videos\02_model_development\best_frame_selector\adaptation_v2\extracted_frames\v38\v38_745.jpg
v38,v38_746,7450,248.333095,30.000029,3.000003,1920,1080,jpg,C:\Users\wgucg\Desktop\videos\videos\02_model_development\best_frame_selector\adaptation_v2\extracted_frames\v38\v38_746.jpg
v38,v38_747,7460,248.666428,30.000029,3.000003,1920,1080,jpg,C:\Users\wgucg\Desktop\videos\videos\02_model_development\best_frame_selector\adaptation_v2\extracted_frames\v38\v38_747.jpg
v38,v38_748,7470,248.999761,30.000029,3.000003,1920,1080,jpg,C:\Users\wgucg\Desktop\videos\videos\02_model_development\best_frame_selector\adaptation_v2\extracted_frames\v38\v38_748.jpg
v38,v38_749,7480,249.333094,30.000029,3.000003,1920,1080,jpg,C:\Users\wgucg\Desktop\videos\videos\02_model_development\best_frame_selector\adaptation_v2\extracted_frames\v38\v38_749.jpg
v38,v38_750,7490,249.666427,30.000029,3.000003,1920,1080,jpg,C:\Users\wgucg\Desktop\videos\videos\02_model_development\best_frame_selector\adaptation_v2\extracted_frames\v38\v38_750.jpg
v38,v38_751,7500,249.999760,30.000029,3.000003,1920,1080,jpg,C:\Users\wgucg\Desktop\videos\videos\02_model_development\best_frame_selector\adaptation_v2\extracted_frames\v38\v38_751.jpg
v38,v38_752,7510,250.333093,30.000029,3.000003,1920,1080,jpg,C:\Users\wgucg\Desktop\videos\videos\02_model_development\best_frame_selector\adaptation_v2\extracted_frames\v38\v38_752.jpg
v38,v38_753,7520,250.666426,30.000029,3.000003,1920,1080,jpg,C:\Users\wgucg\Desktop\videos\videos\02_model_development\best_frame_selector\adaptation_v2\extracted_frames\v38\v38_753.jpg
v38,v38_754,7530,250.999759,30.000029,3.000003,1920,1080,jpg,C:\Users\wgucg\Desktop\videos\videos\02_model_development\best_frame_selector\adaptation_v2\extracted_frames\v38\v38_754.jpg
v38,v38_755,7540,251.333092,30.000029,3.000003,1920,1080,jpg,C:\Users\wgucg\Desktop\videos\videos\02_model_development\best_frame_selector\adaptation_v2\extracted_frames\v38\v38_755.jpg
v38,v38_756,7550,251.666425,30.000029,3.000003,1920,1080,jpg,C:\Users\wgucg\Desktop\videos\videos\02_model_development\best_frame_selector\adaptation_v2\extracted_frames\v38\v38_756.jpg
v38,v38_757,7560,251.999758,30.000029,3.000003,1920,1080,jpg,C:\Users\wgucg\Desktop\videos\videos\02_model_development\best_frame_selector\adaptation_v2\extracted_frames\v38\v38_757.jpg
v38,v38_758,7570,252.333092,30.000029,3.000003,1920,1080,jpg,C:\Users\wgucg\Desktop\videos\videos\02_model_development\best_frame_selector\adaptation_v2\extracted_frames\v38\v38_758.jpg
v38,v38_759,7580,252.666425,30.000029,3.000003,1920,1080,jpg,C:\Users\wgucg\Desktop\videos\videos\02_model_development\best_frame_selector\adaptation_v2\extracted_frames\v38\v38_759.jpg
v38,v38_760,7590,252.999758,30.000029,3.000003,1920,1080,jpg,C:\Users\wgucg\Desktop\videos\videos\02_model_development\best_frame_selector\adaptation_v2\extracted_frames\v38\v38_760.jpg
v38,v38_761,7600,253.333091,30.000029,3.000003,1920,1080,jpg,C:\Users\wgucg\Desktop\videos\videos\02_model_development\best_frame_selector\adaptation_v2\extracted_frames\v38\v38_761.jpg
v38,v38_762,7610,253.666424,30.000029,3.000003,1920,1080,jpg,C:\Users\wgucg\Desktop\videos\videos\02_model_development\best_frame_selector\adaptation_v2\extracted_frames\v38\v38_762.jpg
v38,v38_763,7620,253.999757,30.000029,3.000003,1920,1080,jpg,C:\Users\wgucg\Desktop\videos\videos\02_model_development\best_frame_selector\adaptation_v2\extracted_frames\v38\v38_763.jpg
v38,v38_764,7630,254.333090,30.000029,3.000003,1920,1080,jpg,C:\Users\wgucg\Desktop\videos\videos\02_model_development\best_frame_selector\adaptation_v2\extracted_frames\v38\v38_764.jpg
v38,v38_765,7640,254.666423,30.000029,3.000003,1920,1080,jpg,C:\Users\wgucg\Desktop\videos\videos\02_model_development\best_frame_selector\adaptation_v2\extracted_frames\v38\v38_765.jpg
v38,v38_766,7650,254.999756,30.000029,3.000003,1920,1080,jpg,C:\Users\wgucg\Desktop\videos\videos\02_model_development\best_frame_selector\adaptation_v2\extracted_frames\v38\v38_766.jpg
v38,v38_767,7660,255.333089,30.000029,3.000003,1920,1080,jpg,C:\Users\wgucg\Desktop\videos\videos\02_model_development\best_frame_selector\adaptation_v2\extracted_frames\v38\v38_767.jpg
v38,v38_768,7670,255.666422,30.000029,3.000003,1920,1080,jpg,C:\Users\wgucg\Desktop\videos\videos\02_model_development\best_frame_selector\adaptation_v2\extracted_frames\v38\v38_768.jpg
v38,v38_769,7680,255.999755,30.000029,3.000003,1920,1080,jpg,C:\Users\wgucg\Desktop\videos\videos\02_model_development\best_frame_selector\adaptation_v2\extracted_frames\v38\v38_769.jpg
v38,v38_770,7690,256.333088,30.000029,3.000003,1920,1080,jpg,C:\Users\wgucg\Desktop\videos\videos\02_model_development\best_frame_selector\adaptation_v2\extracted_frames\v38\v38_770.jpg
v38,v38_771,7700,256.666421,30.000029,3.000003,1920,1080,jpg,C:\Users\wgucg\Desktop\videos\videos\02_model_development\best_frame_selector\adaptation_v2\extracted_frames\v38\v38_771.jpg
v38,v38_772,7710,256.999754,30.000029,3.000003,1920,1080,jpg,C:\Users\wgucg\Desktop\videos\videos\02_model_development\best_frame_selector\adaptation_v2\extracted_frames\v38\v38_772.jpg
v38,v38_773,7720,257.333087,30.000029,3.000003,1920,1080,jpg,C:\Users\wgucg\Desktop\videos\videos\02_model_development\best_frame_selector\adaptation_v2\extracted_frames\v38\v38_773.jpg
v38,v38_774,7730,257.666420,30.000029,3.000003,1920,1080,jpg,C:\Users\wgucg\Desktop\videos\videos\02_model_development\best_frame_selector\adaptation_v2\extracted_frames\v38\v38_774.jpg
v38,v38_775,7740,257.999753,30.000029,3.000003,1920,1080,jpg,C:\Users\wgucg\Desktop\videos\videos\02_model_development\best_frame_selector\adaptation_v2\extracted_frames\v38\v38_775.jpg
v38,v38_776,7750,258.333086,30.000029,3.000003,1920,1080,jpg,C:\Users\wgucg\Desktop\videos\videos\02_model_development\best_frame_selector\adaptation_v2\extracted_frames\v38\v38_776.jpg
v38,v38_777,7760,258.666419,30.000029,3.000003,1920,1080,jpg,C:\Users\wgucg\Desktop\videos\videos\02_model_development\best_frame_selector\adaptation_v2\extracted_frames\v38\v38_777.jpg
v38,v38_778,7770,258.999752,30.000029,3.000003,1920,1080,jpg,C:\Users\wgucg\Desktop\videos\videos\02_model_development\best_frame_selector\adaptation_v2\extracted_frames\v38\v38_778.jpg
v38,v38_779,7780,259.333085,30.000029,3.000003,1920,1080,jpg,C:\Users\wgucg\Desktop\videos\videos\02_model_development\best_frame_selector\adaptation_v2\extracted_frames\v38\v38_779.jpg
v38,v38_780,7790,259.666418,30.000029,3.000003,1920,1080,jpg,C:\Users\wgucg\Desktop\videos\videos\02_model_development\best_frame_selector\adaptation_v2\extracted_frames\v38\v38_780.jpg
v38,v38_781,7800,259.999751,30.000029,3.000003,1920,1080,jpg,C:\Users\wgucg\Desktop\videos\videos\02_model_development\best_frame_selector\adaptation_v2\extracted_frames\v38\v38_781.jpg
v38,v38_782,7810,260.333084,30.000029,3.000003,1920,1080,jpg,C:\Users\wgucg\Desktop\videos\videos\02_model_development\best_frame_selector\adaptation_v2\extracted_frames\v38\v38_782.jpg
v38,v38_783,7820,260.666417,30.000029,3.000003,1920,1080,jpg,C:\Users\wgucg\Desktop\videos\videos\02_model_development\best_frame_selector\adaptation_v2\extracted_frames\v38\v38_783.jpg
v38,v38_784,7830,260.999750,30.000029,3.000003,1920,1080,jpg,C:\Users\wgucg\Desktop\videos\videos\02_model_development\best_frame_selector\adaptation_v2\extracted_frames\v38\v38_784.jpg
v38,v38_785,7840,261.333083,30.000029,3.000003,1920,1080,jpg,C:\Users\wgucg\Desktop\videos\videos\02_model_development\best_frame_selector\adaptation_v2\extracted_frames\v38\v38_785.jpg
v38,v38_786,7850,261.666416,30.000029,3.000003,1920,1080,jpg,C:\Users\wgucg\Desktop\videos\videos\02_model_development\best_frame_selector\adaptation_v2\extracted_frames\v38\v38_786.jpg
v38,v38_787,7860,261.999749,30.000029,3.000003,1920,1080,jpg,C:\Users\wgucg\Desktop\videos\videos\02_model_development\best_frame_selector\adaptation_v2\extracted_frames\v38\v38_787.jpg
v38,v38_788,7870,262.333082,30.000029,3.000003,1920,1080,jpg,C:\Users\wgucg\Desktop\videos\videos\02_model_development\best_frame_selector\adaptation_v2\extracted_frames\v38\v38_788.jpg
v38,v38_789,7880,262.666415,30.000029,3.000003,1920,1080,jpg,C:\Users\wgucg\Desktop\videos\videos\02_model_development\best_frame_selector\adaptation_v2\extracted_frames\v38\v38_789.jpg
v38,v38_790,7890,262.999748,30.000029,3.000003,1920,1080,jpg,C:\Users\wgucg\Desktop\videos\videos\02_model_development\best_frame_selector\adaptation_v2\extracted_frames\v38\v38_790.jpg
v38,v38_791,7900,263.333081,30.000029,3.000003,1920,1080,jpg,C:\Users\wgucg\Desktop\videos\videos\02_model_development\best_frame_selector\adaptation_v2\extracted_frames\v38\v38_791.jpg
v38,v38_792,7910,263.666414,30.000029,3.000003,1920,1080,jpg,C:\Users\wgucg\Desktop\videos\videos\02_model_development\best_frame_selector\adaptation_v2\extracted_frames\v38\v38_792.jpg
v38,v38_793,7920,263.999747,30.000029,3.000003,1920,1080,jpg,C:\Users\wgucg\Desktop\videos\videos\02_model_development\best_frame_selector\adaptation_v2\extracted_frames\v38\v38_793.jpg
v38,v38_794,7930,264.333080,30.000029,3.000003,1920,1080,jpg,C:\Users\wgucg\Desktop\videos\videos\02_model_development\best_frame_selector\adaptation_v2\extracted_frames\v38\v38_794.jpg
v38,v38_795,7940,264.666413,30.000029,3.000003,1920,1080,jpg,C:\Users\wgucg\Desktop\videos\videos\02_model_development\best_frame_selector\adaptation_v2\extracted_frames\v38\v38_795.jpg
v38,v38_796,7950,264.999746,30.000029,3.000003,1920,1080,jpg,C:\Users\wgucg\Desktop\videos\videos\02_model_development\best_frame_selector\adaptation_v2\extracted_frames\v38\v38_796.jpg
v38,v38_797,7960,265.333079,30.000029,3.000003,1920,1080,jpg,C:\Users\wgucg\Desktop\videos\videos\02_model_development\best_frame_selector\adaptation_v2\extracted_frames\v38\v38_797.jpg
v38,v38_798,7970,265.666412,30.000029,3.000003,1920,1080,jpg,C:\Users\wgucg\Desktop\videos\videos\02_model_development\best_frame_selector\adaptation_v2\extracted_frames\v38\v38_798.jpg
v38,v38_799,7980,265.999745,30.000029,3.000003,1920,1080,jpg,C:\Users\wgucg\Desktop\videos\videos\02_model_development\best_frame_selector\adaptation_v2\extracted_frames\v38\v38_799.jpg
v38,v38_800,7990,266.333078,30.000029,3.000003,1920,1080,jpg,C:\Users\wgucg\Desktop\videos\videos\02_model_development\best_frame_selector\adaptation_v2\extracted_frames\v38\v38_800.jpg
v38,v38_801,8000,266.666411,30.000029,3.000003,1920,1080,jpg,C:\Users\wgucg\Desktop\videos\videos\02_model_development\best_frame_selector\adaptation_v2\extracted_frames\v38\v38_801.jpg
v38,v38_802,8010,266.999744,30.000029,3.000003,1920,1080,jpg,C:\Users\wgucg\Desktop\videos\videos\02_model_development\best_frame_selector\adaptation_v2\extracted_frames\v38\v38_802.jpg
v38,v38_803,8020,267.333077,30.000029,3.000003,1920,1080,jpg,C:\Users\wgucg\Desktop\videos\videos\02_model_development\best_frame_selector\adaptation_v2\extracted_frames\v38\v38_803.jpg
v38,v38_804,8030,267.666410,30.000029,3.000003,1920,1080,jpg,C:\Users\wgucg\Desktop\videos\videos\02_model_development\best_frame_selector\adaptation_v2\extracted_frames\v38\v38_804.jpg
v38,v38_805,8040,267.999743,30.000029,3.000003,1920,1080,jpg,C:\Users\wgucg\Desktop\videos\videos\02_model_development\best_frame_selector\adaptation_v2\extracted_frames\v38\v38_805.jpg
v38,v38_806,8050,268.333076,30.000029,3.000003,1920,1080,jpg,C:\Users\wgucg\Desktop\videos\videos\02_model_development\best_frame_selector\adaptation_v2\extracted_frames\v38\v38_806.jpg
v38,v38_807,8060,268.666409,30.000029,3.000003,1920,1080,jpg,C:\Users\wgucg\Desktop\videos\videos\02_model_development\best_frame_selector\adaptation_v2\extracted_frames\v38\v38_807.jpg
v38,v38_808,8070,268.999742,30.000029,3.000003,1920,1080,jpg,C:\Users\wgucg\Desktop\videos\videos\02_model_development\best_frame_selector\adaptation_v2\extracted_frames\v38\v38_808.jpg
v38,v38_809,8080,269.333075,30.000029,3.000003,1920,1080,jpg,C:\Users\wgucg\Desktop\videos\videos\02_model_development\best_frame_selector\adaptation_v2\extracted_frames\v38\v38_809.jpg
v38,v38_810,8090,269.666408,30.000029,3.000003,1920,1080,jpg,C:\Users\wgucg\Desktop\videos\videos\02_model_development\best_frame_selector\adaptation_v2\extracted_frames\v38\v38_810.jpg
v38,v38_811,8100,269.999741,30.000029,3.000003,1920,1080,jpg,C:\Users\wgucg\Desktop\videos\videos\02_model_development\best_frame_selector\adaptation_v2\extracted_frames\v38\v38_811.jpg
v38,v38_812,8110,270.333074,30.000029,3.000003,1920,1080,jpg,C:\Users\wgucg\Desktop\videos\videos\02_model_development\best_frame_selector\adaptation_v2\extracted_frames\v38\v38_812.jpg
v38,v38_813,8120,270.666407,30.000029,3.000003,1920,1080,jpg,C:\Users\wgucg\Desktop\videos\videos\02_model_development\best_frame_selector\adaptation_v2\extracted_frames\v38\v38_813.jpg
v38,v38_814,8130,270.999740,30.000029,3.000003,1920,1080,jpg,C:\Users\wgucg\Desktop\videos\videos\02_model_development\best_frame_selector\adaptation_v2\extracted_frames\v38\v38_814.jpg
v38,v38_815,8140,271.333073,30.000029,3.000003,1920,1080,jpg,C:\Users\wgucg\Desktop\videos\videos\02_model_development\best_frame_selector\adaptation_v2\extracted_frames\v38\v38_815.jpg
v38,v38_816,8150,271.666406,30.000029,3.000003,1920,1080,jpg,C:\Users\wgucg\Desktop\videos\videos\02_model_development\best_frame_selector\adaptation_v2\extracted_frames\v38\v38_816.jpg
v38,v38_817,8160,271.999739,30.000029,3.000003,1920,1080,jpg,C:\Users\wgucg\Desktop\videos\videos\02_model_development\best_frame_selector\adaptation_v2\extracted_frames\v38\v38_817.jpg
v38,v38_818,8170,272.333072,30.000029,3.000003,1920,1080,jpg,C:\Users\wgucg\Desktop\videos\videos\02_model_development\best_frame_selector\adaptation_v2\extracted_frames\v38\v38_818.jpg
v38,v38_819,8180,272.666405,30.000029,3.000003,1920,1080,jpg,C:\Users\wgucg\Desktop\videos\videos\02_model_development\best_frame_selector\adaptation_v2\extracted_frames\v38\v38_819.jpg
v38,v38_820,8190,272.999738,30.000029,3.000003,1920,1080,jpg,C:\Users\wgucg\Desktop\videos\videos\02_model_development\best_frame_selector\adaptation_v2\extracted_frames\v38\v38_820.jpg
v38,v38_821,8200,273.333071,30.000029,3.000003,1920,1080,jpg,C:\Users\wgucg\Desktop\videos\videos\02_model_development\best_frame_selector\adaptation_v2\extracted_frames\v38\v38_821.jpg
v38,v38_822,8210,273.666404,30.000029,3.000003,1920,1080,jpg,C:\Users\wgucg\Desktop\videos\videos\02_model_development\best_frame_selector\adaptation_v2\extracted_frames\v38\v38_822.jpg
v38,v38_823,8220,273.999737,30.000029,3.000003,1920,1080,jpg,C:\Users\wgucg\Desktop\videos\videos\02_model_development\best_frame_selector\adaptation_v2\extracted_frames\v38\v38_823.jpg
v38,v38_824,8230,274.333070,30.000029,3.000003,1920,1080,jpg,C:\Users\wgucg\Desktop\videos\videos\02_model_development\best_frame_selector\adaptation_v2\extracted_frames\v38\v38_824.jpg
v38,v38_825,8240,274.666403,30.000029,3.000003,1920,1080,jpg,C:\Users\wgucg\Desktop\videos\videos\02_model_development\best_frame_selector\adaptation_v2\extracted_frames\v38\v38_825.jpg
v38,v38_826,8250,274.999736,30.000029,3.000003,1920,1080,jpg,C:\Users\wgucg\Desktop\videos\videos\02_model_development\best_frame_selector\adaptation_v2\extracted_frames\v38\v38_826.jpg
v38,v38_827,8260,275.333069,30.000029,3.000003,1920,1080,jpg,C:\Users\wgucg\Desktop\videos\videos\02_model_development\best_frame_selector\adaptation_v2\extracted_frames\v38\v38_827.jpg
v38,v38_828,8270,275.666402,30.000029,3.000003,1920,1080,jpg,C:\Users\wgucg\Desktop\videos\videos\02_model_development\best_frame_selector\adaptation_v2\extracted_frames\v38\v38_828.jpg
v38,v38_829,8280,275.999735,30.000029,3.000003,1920,1080,jpg,C:\Users\wgucg\Desktop\videos\videos\02_model_development\best_frame_selector\adaptation_v2\extracted_frames\v38\v38_829.jpg
v38,v38_830,8290,276.333069,30.000029,3.000003,1920,1080,jpg,C:\Users\wgucg\Desktop\videos\videos\02_model_development\best_frame_selector\adaptation_v2\extracted_frames\v38\v38_830.jpg
v38,v38_831,8300,276.666402,30.000029,3.000003,1920,1080,jpg,C:\Users\wgucg\Desktop\videos\videos\02_model_development\best_frame_selector\adaptation_v2\extracted_frames\v38\v38_831.jpg
v38,v38_832,8310,276.999735,30.000029,3.000003,1920,1080,jpg,C:\Users\wgucg\Desktop\videos\videos\02_model_development\best_frame_selector\adaptation_v2\extracted_frames\v38\v38_832.jpg
v38,v38_833,8320,277.333068,30.000029,3.000003,1920,1080,jpg,C:\Users\wgucg\Desktop\videos\videos\02_model_development\best_frame_selector\adaptation_v2\extracted_frames\v38\v38_833.jpg
v38,v38_834,8330,277.666401,30.000029,3.000003,1920,1080,jpg,C:\Users\wgucg\Desktop\videos\videos\02_model_development\best_frame_selector\adaptation_v2\extracted_frames\v38\v38_834.jpg
v38,v38_835,8340,277.999734,30.000029,3.000003,1920,1080,jpg,C:\Users\wgucg\Desktop\videos\videos\02_model_development\best_frame_selector\adaptation_v2\extracted_frames\v38\v38_835.jpg
v38,v38_836,8350,278.333067,30.000029,3.000003,1920,1080,jpg,C:\Users\wgucg\Desktop\videos\videos\02_model_development\best_frame_selector\adaptation_v2\extracted_frames\v38\v38_836.jpg
v38,v38_837,8360,278.666400,30.000029,3.000003,1920,1080,jpg,C:\Users\wgucg\Desktop\videos\videos\02_model_development\best_frame_selector\adaptation_v2\extracted_frames\v38\v38_837.jpg
v38,v38_838,8370,278.999733,30.000029,3.000003,1920,1080,jpg,C:\Users\wgucg\Desktop\videos\videos\02_model_development\best_frame_selector\adaptation_v2\extracted_frames\v38\v38_838.jpg
v38,v38_839,8380,279.333066,30.000029,3.000003,1920,1080,jpg,C:\Users\wgucg\Desktop\videos\videos\02_model_development\best_frame_selector\adaptation_v2\extracted_frames\v38\v38_839.jpg
v38,v38_840,8390,279.666399,30.000029,3.000003,1920,1080,jpg,C:\Users\wgucg\Desktop\videos\videos\02_model_development\best_frame_selector\adaptation_v2\extracted_frames\v38\v38_840.jpg
v38,v38_841,8400,279.999732,30.000029,3.000003,1920,1080,jpg,C:\Users\wgucg\Desktop\videos\videos\02_model_development\best_frame_selector\adaptation_v2\extracted_frames\v38\v38_841.jpg
v38,v38_842,8410,280.333065,30.000029,3.000003,1920,1080,jpg,C:\Users\wgucg\Desktop\videos\videos\02_model_development\best_frame_selector\adaptation_v2\extracted_frames\v38\v38_842.jpg
v38,v38_843,8420,280.666398,30.000029,3.000003,1920,1080,jpg,C:\Users\wgucg\Desktop\videos\videos\02_model_development\best_frame_selector\adaptation_v2\extracted_frames\v38\v38_843.jpg
v38,v38_844,8430,280.999731,30.000029,3.000003,1920,1080,jpg,C:\Users\wgucg\Desktop\videos\videos\02_model_development\best_frame_selector\adaptation_v2\extracted_frames\v38\v38_844.jpg
v38,v38_845,8440,281.333064,30.000029,3.000003,1920,1080,jpg,C:\Users\wgucg\Desktop\videos\videos\02_model_development\best_frame_selector\adaptation_v2\extracted_frames\v38\v38_845.jpg
v38,v38_846,8450,281.666397,30.000029,3.000003,1920,1080,jpg,C:\Users\wgucg\Desktop\videos\videos\02_model_development\best_frame_selector\adaptation_v2\extracted_frames\v38\v38_846.jpg
v38,v38_847,8460,281.999730,30.000029,3.000003,1920,1080,jpg,C:\Users\wgucg\Desktop\videos\videos\02_model_development\best_frame_selector\adaptation_v2\extracted_frames\v38\v38_847.jpg
v38,v38_848,8470,282.333063,30.000029,3.000003,1920,1080,jpg,C:\Users\wgucg\Desktop\videos\videos\02_model_development\best_frame_selector\adaptation_v2\extracted_frames\v38\v38_848.jpg
v38,v38_849,8480,282.666396,30.000029,3.000003,1920,1080,jpg,C:\Users\wgucg\Desktop\videos\videos\02_model_development\best_frame_selector\adaptation_v2\extracted_frames\v38\v38_849.jpg
v38,v38_850,8490,282.999729,30.000029,3.000003,1920,1080,jpg,C:\Users\wgucg\Desktop\videos\videos\02_model_development\best_frame_selector\adaptation_v2\extracted_frames\v38\v38_850.jpg
v38,v38_851,8500,283.333062,30.000029,3.000003,1920,1080,jpg,C:\Users\wgucg\Desktop\videos\videos\02_model_development\best_frame_selector\adaptation_v2\extracted_frames\v38\v38_851.jpg
v38,v38_852,8510,283.666395,30.000029,3.000003,1920,1080,jpg,C:\Users\wgucg\Desktop\videos\videos\02_model_development\best_frame_selector\adaptation_v2\extracted_frames\v38\v38_852.jpg
v38,v38_853,8520,283.999728,30.000029,3.000003,1920,1080,jpg,C:\Users\wgucg\Desktop\videos\videos\02_model_development\best_frame_selector\adaptation_v2\extracted_frames\v38\v38_853.jpg
v38,v38_854,8530,284.333061,30.000029,3.000003,1920,1080,jpg,C:\Users\wgucg\Desktop\videos\videos\02_model_development\best_frame_selector\adaptation_v2\extracted_frames\v38\v38_854.jpg
v38,v38_855,8540,284.666394,30.000029,3.000003,1920,1080,jpg,C:\Users\wgucg\Desktop\videos\videos\02_model_development\best_frame_selector\adaptation_v2\extracted_frames\v38\v38_855.jpg
v38,v38_856,8550,284.999727,30.000029,3.000003,1920,1080,jpg,C:\Users\wgucg\Desktop\videos\videos\02_model_development\best_frame_selector\adaptation_v2\extracted_frames\v38\v38_856.jpg
v38,v38_857,8560,285.333060,30.000029,3.000003,1920,1080,jpg,C:\Users\wgucg\Desktop\videos\videos\02_model_development\best_frame_selector\adaptation_v2\extracted_frames\v38\v38_857.jpg
v38,v38_858,8570,285.666393,30.000029,3.000003,1920,1080,jpg,C:\Users\wgucg\Desktop\videos\videos\02_model_development\best_frame_selector\adaptation_v2\extracted_frames\v38\v38_858.jpg
v38,v38_859,8580,285.999726,30.000029,3.000003,1920,1080,jpg,C:\Users\wgucg\Desktop\videos\videos\02_model_development\best_frame_selector\adaptation_v2\extracted_frames\v38\v38_859.jpg
v38,v38_860,8590,286.333059,30.000029,3.000003,1920,1080,jpg,C:\Users\wgucg\Desktop\videos\videos\02_model_development\best_frame_selector\adaptation_v2\extracted_frames\v38\v38_860.jpg
v38,v38_861,8600,286.666392,30.000029,3.000003,1920,1080,jpg,C:\Users\wgucg\Desktop\videos\videos\02_model_development\best_frame_selector\adaptation_v2\extracted_frames\v38\v38_861.jpg
v38,v38_862,8610,286.999725,30.000029,3.000003,1920,1080,jpg,C:\Users\wgucg\Desktop\videos\videos\02_model_development\best_frame_selector\adaptation_v2\extracted_frames\v38\v38_862.jpg
v38,v38_863,8620,287.333058,30.000029,3.000003,1920,1080,jpg,C:\Users\wgucg\Desktop\videos\videos\02_model_development\best_frame_selector\adaptation_v2\extracted_frames\v38\v38_863.jpg
v38,v38_864,8630,287.666391,30.000029,3.000003,1920,1080,jpg,C:\Users\wgucg\Desktop\videos\videos\02_model_development\best_frame_selector\adaptation_v2\extracted_frames\v38\v38_864.jpg
v38,v38_865,8640,287.999724,30.000029,3.000003,1920,1080,jpg,C:\Users\wgucg\Desktop\videos\videos\02_model_development\best_frame_selector\adaptation_v2\extracted_frames\v38\v38_865.jpg
v38,v38_866,8650,288.333057,30.000029,3.000003,1920,1080,jpg,C:\Users\wgucg\Desktop\videos\videos\02_model_development\best_frame_selector\adaptation_v2\extracted_frames\v38\v38_866.jpg
v38,v38_867,8660,288.666390,30.000029,3.000003,1920,1080,jpg,C:\Users\wgucg\Desktop\videos\videos\02_model_development\best_frame_selector\adaptation_v2\extracted_frames\v38\v38_867.jpg
v38,v38_868,8670,288.999723,30.000029,3.000003,1920,1080,jpg,C:\Users\wgucg\Desktop\videos\videos\02_model_development\best_frame_selector\adaptation_v2\extracted_frames\v38\v38_868.jpg
v38,v38_869,8680,289.333056,30.000029,3.000003,1920,1080,jpg,C:\Users\wgucg\Desktop\videos\videos\02_model_development\best_frame_selector\adaptation_v2\extracted_frames\v38\v38_869.jpg
v38,v38_870,8690,289.666389,30.000029,3.000003,1920,1080,jpg,C:\Users\wgucg\Desktop\videos\videos\02_model_development\best_frame_selector\adaptation_v2\extracted_frames\v38\v38_870.jpg
v38,v38_871,8700,289.999722,30.000029,3.000003,1920,1080,jpg,C:\Users\wgucg\Desktop\videos\videos\02_model_development\best_frame_selector\adaptation_v2\extracted_frames\v38\v38_871.jpg
v38,v38_872,8710,290.333055,30.000029,3.000003,1920,1080,jpg,C:\Users\wgucg\Desktop\videos\videos\02_model_development\best_frame_selector\adaptation_v2\extracted_frames\v38\v38_872.jpg
v38,v38_873,8720,290.666388,30.000029,3.000003,1920,1080,jpg,C:\Users\wgucg\Desktop\videos\videos\02_model_development\best_frame_selector\adaptation_v2\extracted_frames\v38\v38_873.jpg
v38,v38_874,8730,290.999721,30.000029,3.000003,1920,1080,jpg,C:\Users\wgucg\Desktop\videos\videos\02_model_development\best_frame_selector\adaptation_v2\extracted_frames\v38\v38_874.jpg
v38,v38_875,8740,291.333054,30.000029,3.000003,1920,1080,jpg,C:\Users\wgucg\Desktop\videos\videos\02_model_development\best_frame_selector\adaptation_v2\extracted_frames\v38\v38_875.jpg
v38,v38_876,8750,291.666387,30.000029,3.000003,1920,1080,jpg,C:\Users\wgucg\Desktop\videos\videos\02_model_development\best_frame_selector\adaptation_v2\extracted_frames\v38\v38_876.jpg
v38,v38_877,8760,291.999720,30.000029,3.000003,1920,1080,jpg,C:\Users\wgucg\Desktop\videos\videos\02_model_development\best_frame_selector\adaptation_v2\extracted_frames\v38\v38_877.jpg
v38,v38_878,8770,292.333053,30.000029,3.000003,1920,1080,jpg,C:\Users\wgucg\Desktop\videos\videos\02_model_development\best_frame_selector\adaptation_v2\extracted_frames\v38\v38_878.jpg
v38,v38_879,8780,292.666386,30.000029,3.000003,1920,1080,jpg,C:\Users\wgucg\Desktop\videos\videos\02_model_development\best_frame_selector\adaptation_v2\extracted_frames\v38\v38_879.jpg
v38,v38_880,8790,292.999719,30.000029,3.000003,1920,1080,jpg,C:\Users\wgucg\Desktop\videos\videos\02_model_development\best_frame_selector\adaptation_v2\extracted_frames\v38\v38_880.jpg
v38,v38_881,8800,293.333052,30.000029,3.000003,1920,1080,jpg,C:\Users\wgucg\Desktop\videos\videos\02_model_development\best_frame_selector\adaptation_v2\extracted_frames\v38\v38_881.jpg
v38,v38_882,8810,293.666385,30.000029,3.000003,1920,1080,jpg,C:\Users\wgucg\Desktop\videos\videos\02_model_development\best_frame_selector\adaptation_v2\extracted_frames\v38\v38_882.jpg
v38,v38_883,8820,293.999718,30.000029,3.000003,1920,1080,jpg,C:\Users\wgucg\Desktop\videos\videos\02_model_development\best_frame_selector\adaptation_v2\extracted_frames\v38\v38_883.jpg
v38,v38_884,8830,294.333051,30.000029,3.000003,1920,1080,jpg,C:\Users\wgucg\Desktop\videos\videos\02_model_development\best_frame_selector\adaptation_v2\extracted_frames\v38\v38_884.jpg
v38,v38_885,8840,294.666384,30.000029,3.000003,1920,1080,jpg,C:\Users\wgucg\Desktop\videos\videos\02_model_development\best_frame_selector\adaptation_v2\extracted_frames\v38\v38_885.jpg
v38,v38_886,8850,294.999717,30.000029,3.000003,1920,1080,jpg,C:\Users\wgucg\Desktop\videos\videos\02_model_development\best_frame_selector\adaptation_v2\extracted_frames\v38\v38_886.jpg
v38,v38_887,8860,295.333050,30.000029,3.000003,1920,1080,jpg,C:\Users\wgucg\Desktop\videos\videos\02_model_development\best_frame_selector\adaptation_v2\extracted_frames\v38\v38_887.jpg
v38,v38_888,8870,295.666383,30.000029,3.000003,1920,1080,jpg,C:\Users\wgucg\Desktop\videos\videos\02_model_development\best_frame_selector\adaptation_v2\extracted_frames\v38\v38_888.jpg
v38,v38_889,8880,295.999716,30.000029,3.000003,1920,1080,jpg,C:\Users\wgucg\Desktop\videos\videos\02_model_development\best_frame_selector\adaptation_v2\extracted_frames\v38\v38_889.jpg
v38,v38_890,8890,296.333049,30.000029,3.000003,1920,1080,jpg,C:\Users\wgucg\Desktop\videos\videos\02_model_development\best_frame_selector\adaptation_v2\extracted_frames\v38\v38_890.jpg
v38,v38_891,8900,296.666382,30.000029,3.000003,1920,1080,jpg,C:\Users\wgucg\Desktop\videos\videos\02_model_development\best_frame_selector\adaptation_v2\extracted_frames\v38\v38_891.jpg
v38,v38_892,8910,296.999715,30.000029,3.000003,1920,1080,jpg,C:\Users\wgucg\Desktop\videos\videos\02_model_development\best_frame_selector\adaptation_v2\extracted_frames\v38\v38_892.jpg
v38,v38_893,8920,297.333048,30.000029,3.000003,1920,1080,jpg,C:\Users\wgucg\Desktop\videos\videos\02_model_development\best_frame_selector\adaptation_v2\extracted_frames\v38\v38_893.jpg
v38,v38_894,8930,297.666381,30.000029,3.000003,1920,1080,jpg,C:\Users\wgucg\Desktop\videos\videos\02_model_development\best_frame_selector\adaptation_v2\extracted_frames\v38\v38_894.jpg
v38,v38_895,8940,297.999714,30.000029,3.000003,1920,1080,jpg,C:\Users\wgucg\Desktop\videos\videos\02_model_development\best_frame_selector\adaptation_v2\extracted_frames\v38\v38_895.jpg
v38,v38_896,8950,298.333047,30.000029,3.000003,1920,1080,jpg,C:\Users\wgucg\Desktop\videos\videos\02_model_development\best_frame_selector\adaptation_v2\extracted_frames\v38\v38_896.jpg
v38,v38_897,8960,298.666380,30.000029,3.000003,1920,1080,jpg,C:\Users\wgucg\Desktop\videos\videos\02_model_development\best_frame_selector\adaptation_v2\extracted_frames\v38\v38_897.jpg
v38,v38_898,8970,298.999713,30.000029,3.000003,1920,1080,jpg,C:\Users\wgucg\Desktop\videos\videos\02_model_development\best_frame_selector\adaptation_v2\extracted_frames\v38\v38_898.jpg
v38,v38_899,8980,299.333046,30.000029,3.000003,1920,1080,jpg,C:\Users\wgucg\Desktop\videos\videos\02_model_development\best_frame_selector\adaptation_v2\extracted_frames\v38\v38_899.jpg
v38,v38_900,8990,299.666379,30.000029,3.000003,1920,1080,jpg,C:\Users\wgucg\Desktop\videos\videos\02_model_development\best_frame_selector\adaptation_v2\extracted_frames\v38\v38_900.jpg
v38,v38_901,9000,299.999712,30.000029,3.000003,1920,1080,jpg,C:\Users\wgucg\Desktop\videos\videos\02_model_development\best_frame_selector\adaptation_v2\extracted_frames\v38\v38_901.jpg
v38,v38_902,9010,300.333046,30.000029,3.000003,1920,1080,jpg,C:\Users\wgucg\Desktop\videos\videos\02_model_development\best_frame_selector\adaptation_v2\extracted_frames\v38\v38_902.jpg
v38,v38_903,9020,300.666379,30.000029,3.000003,1920,1080,jpg,C:\Users\wgucg\Desktop\videos\videos\02_model_development\best_frame_selector\adaptation_v2\extracted_frames\v38\v38_903.jpg
v38,v38_904,9030,300.999712,30.000029,3.000003,1920,1080,jpg,C:\Users\wgucg\Desktop\videos\videos\02_model_development\best_frame_selector\adaptation_v2\extracted_frames\v38\v38_904.jpg
v38,v38_905,9040,301.333045,30.000029,3.000003,1920,1080,jpg,C:\Users\wgucg\Desktop\videos\videos\02_model_development\best_frame_selector\adaptation_v2\extracted_frames\v38\v38_905.jpg
v38,v38_906,9050,301.666378,30.000029,3.000003,1920,1080,jpg,C:\Users\wgucg\Desktop\videos\videos\02_model_development\best_frame_selector\adaptation_v2\extracted_frames\v38\v38_906.jpg
v38,v38_907,9060,301.999711,30.000029,3.000003,1920,1080,jpg,C:\Users\wgucg\Desktop\videos\videos\02_model_development\best_frame_selector\adaptation_v2\extracted_frames\v38\v38_907.jpg
v38,v38_908,9070,302.333044,30.000029,3.000003,1920,1080,jpg,C:\Users\wgucg\Desktop\videos\videos\02_model_development\best_frame_selector\adaptation_v2\extracted_frames\v38\v38_908.jpg
v38,v38_909,9080,302.666377,30.000029,3.000003,1920,1080,jpg,C:\Users\wgucg\Desktop\videos\videos\02_model_development\best_frame_selector\adaptation_v2\extracted_frames\v38\v38_909.jpg
v38,v38_910,9090,302.999710,30.000029,3.000003,1920,1080,jpg,C:\Users\wgucg\Desktop\videos\videos\02_model_development\best_frame_selector\adaptation_v2\extracted_frames\v38\v38_910.jpg
v38,v38_911,9100,303.333043,30.000029,3.000003,1920,1080,jpg,C:\Users\wgucg\Desktop\videos\videos\02_model_development\best_frame_selector\adaptation_v2\extracted_frames\v38\v38_911.jpg
v38,v38_912,9110,303.666376,30.000029,3.000003,1920,1080,jpg,C:\Users\wgucg\Desktop\videos\videos\02_model_development\best_frame_selector\adaptation_v2\extracted_frames\v38\v38_912.jpg
v38,v38_913,9120,303.999709,30.000029,3.000003,1920,1080,jpg,C:\Users\wgucg\Desktop\videos\videos\02_model_development\best_frame_selector\adaptation_v2\extracted_frames\v38\v38_913.jpg
v38,v38_914,9130,304.333042,30.000029,3.000003,1920,1080,jpg,C:\Users\wgucg\Desktop\videos\videos\02_model_development\best_frame_selector\adaptation_v2\extracted_frames\v38\v38_914.jpg
v38,v38_915,9140,304.666375,30.000029,3.000003,1920,1080,jpg,C:\Users\wgucg\Desktop\videos\videos\02_model_development\best_frame_selector\adaptation_v2\extracted_frames\v38\v38_915.jpg
v38,v38_916,9150,304.999708,30.000029,3.000003,1920,1080,jpg,C:\Users\wgucg\Desktop\videos\videos\02_model_development\best_frame_selector\adaptation_v2\extracted_frames\v38\v38_916.jpg
v38,v38_917,9160,305.333041,30.000029,3.000003,1920,1080,jpg,C:\Users\wgucg\Desktop\videos\videos\02_model_development\best_frame_selector\adaptation_v2\extracted_frames\v38\v38_917.jpg
v38,v38_918,9170,305.666374,30.000029,3.000003,1920,1080,jpg,C:\Users\wgucg\Desktop\videos\videos\02_model_development\best_frame_selector\adaptation_v2\extracted_frames\v38\v38_918.jpg
v38,v38_919,9180,305.999707,30.000029,3.000003,1920,1080,jpg,C:\Users\wgucg\Desktop\videos\videos\02_model_development\best_frame_selector\adaptation_v2\extracted_frames\v38\v38_919.jpg
v38,v38_920,9190,306.333040,30.000029,3.000003,1920,1080,jpg,C:\Users\wgucg\Desktop\videos\videos\02_model_development\best_frame_selector\adaptation_v2\extracted_frames\v38\v38_920.jpg
v38,v38_921,9200,306.666373,30.000029,3.000003,1920,1080,jpg,C:\Users\wgucg\Desktop\videos\videos\02_model_development\best_frame_selector\adaptation_v2\extracted_frames\v38\v38_921.jpg
v38,v38_922,9210,306.999706,30.000029,3.000003,1920,1080,jpg,C:\Users\wgucg\Desktop\videos\videos\02_model_development\best_frame_selector\adaptation_v2\extracted_frames\v38\v38_922.jpg
v38,v38_923,9220,307.333039,30.000029,3.000003,1920,1080,jpg,C:\Users\wgucg\Desktop\videos\videos\02_model_development\best_frame_selector\adaptation_v2\extracted_frames\v38\v38_923.jpg
v38,v38_924,9230,307.666372,30.000029,3.000003,1920,1080,jpg,C:\Users\wgucg\Desktop\videos\videos\02_model_development\best_frame_selector\adaptation_v2\extracted_frames\v38\v38_924.jpg
v38,v38_925,9240,307.999705,30.000029,3.000003,1920,1080,jpg,C:\Users\wgucg\Desktop\videos\videos\02_model_development\best_frame_selector\adaptation_v2\extracted_frames\v38\v38_925.jpg
v38,v38_926,9250,308.333038,30.000029,3.000003,1920,1080,jpg,C:\Users\wgucg\Desktop\videos\videos\02_model_development\best_frame_selector\adaptation_v2\extracted_frames\v38\v38_926.jpg
v38,v38_927,9260,308.666371,30.000029,3.000003,1920,1080,jpg,C:\Users\wgucg\Desktop\videos\videos\02_model_development\best_frame_selector\adaptation_v2\extracted_frames\v38\v38_927.jpg
v38,v38_928,9270,308.999704,30.000029,3.000003,1920,1080,jpg,C:\Users\wgucg\Desktop\videos\videos\02_model_development\best_frame_selector\adaptation_v2\extracted_frames\v38\v38_928.jpg
v38,v38_929,9280,309.333037,30.000029,3.000003,1920,1080,jpg,C:\Users\wgucg\Desktop\videos\videos\02_model_development\best_frame_selector\adaptation_v2\extracted_frames\v38\v38_929.jpg
v38,v38_930,9290,309.666370,30.000029,3.000003,1920,1080,jpg,C:\Users\wgucg\Desktop\videos\videos\02_model_development\best_frame_selector\adaptation_v2\extracted_frames\v38\v38_930.jpg
v38,v38_931,9300,309.999703,30.000029,3.000003,1920,1080,jpg,C:\Users\wgucg\Desktop\videos\videos\02_model_development\best_frame_selector\adaptation_v2\extracted_frames\v38\v38_931.jpg
v38,v38_932,9310,310.333036,30.000029,3.000003,1920,1080,jpg,C:\Users\wgucg\Desktop\videos\videos\02_model_development\best_frame_selector\adaptation_v2\extracted_frames\v38\v38_932.jpg
v38,v38_933,9320,310.666369,30.000029,3.000003,1920,1080,jpg,C:\Users\wgucg\Desktop\videos\videos\02_model_development\best_frame_selector\adaptation_v2\extracted_frames\v38\v38_933.jpg
v38,v38_934,9330,310.999702,30.000029,3.000003,1920,1080,jpg,C:\Users\wgucg\Desktop\videos\videos\02_model_development\best_frame_selector\adaptation_v2\extracted_frames\v38\v38_934.jpg
v38,v38_935,9340,311.333035,30.000029,3.000003,1920,1080,jpg,C:\Users\wgucg\Desktop\videos\videos\02_model_development\best_frame_selector\adaptation_v2\extracted_frames\v38\v38_935.jpg
v38,v38_936,9350,311.666368,30.000029,3.000003,1920,1080,jpg,C:\Users\wgucg\Desktop\videos\videos\02_model_development\best_frame_selector\adaptation_v2\extracted_frames\v38\v38_936.jpg
v38,v38_937,9360,311.999701,30.000029,3.000003,1920,1080,jpg,C:\Users\wgucg\Desktop\videos\videos\02_model_development\best_frame_selector\adaptation_v2\extracted_frames\v38\v38_937.jpg
v38,v38_938,9370,312.333034,30.000029,3.000003,1920,1080,jpg,C:\Users\wgucg\Desktop\videos\videos\02_model_development\best_frame_selector\adaptation_v2\extracted_frames\v38\v38_938.jpg
v38,v38_939,9380,312.666367,30.000029,3.000003,1920,1080,jpg,C:\Users\wgucg\Desktop\videos\videos\02_model_development\best_frame_selector\adaptation_v2\extracted_frames\v38\v38_939.jpg
v38,v38_940,9390,312.999700,30.000029,3.000003,1920,1080,jpg,C:\Users\wgucg\Desktop\videos\videos\02_model_development\best_frame_selector\adaptation_v2\extracted_frames\v38\v38_940.jpg
v38,v38_941,9400,313.333033,30.000029,3.000003,1920,1080,jpg,C:\Users\wgucg\Desktop\videos\videos\02_model_development\best_frame_selector\adaptation_v2\extracted_frames\v38\v38_941.jpg
v38,v38_942,9410,313.666366,30.000029,3.000003,1920,1080,jpg,C:\Users\wgucg\Desktop\videos\videos\02_model_development\best_frame_selector\adaptation_v2\extracted_frames\v38\v38_942.jpg
v38,v38_943,9420,313.999699,30.000029,3.000003,1920,1080,jpg,C:\Users\wgucg\Desktop\videos\videos\02_model_development\best_frame_selector\adaptation_v2\extracted_frames\v38\v38_943.jpg
v38,v38_944,9430,314.333032,30.000029,3.000003,1920,1080,jpg,C:\Users\wgucg\Desktop\videos\videos\02_model_development\best_frame_selector\adaptation_v2\extracted_frames\v38\v38_944.jpg
v38,v38_945,9440,314.666365,30.000029,3.000003,1920,1080,jpg,C:\Users\wgucg\Desktop\videos\videos\02_model_development\best_frame_selector\adaptation_v2\extracted_frames\v38\v38_945.jpg
v38,v38_946,9450,314.999698,30.000029,3.000003,1920,1080,jpg,C:\Users\wgucg\Desktop\videos\videos\02_model_development\best_frame_selector\adaptation_v2\extracted_frames\v38\v38_946.jpg
v38,v38_947,9460,315.333031,30.000029,3.000003,1920,1080,jpg,C:\Users\wgucg\Desktop\videos\videos\02_model_development\best_frame_selector\adaptation_v2\extracted_frames\v38\v38_947.jpg
v38,v38_948,9470,315.666364,30.000029,3.000003,1920,1080,jpg,C:\Users\wgucg\Desktop\videos\videos\02_model_development\best_frame_selector\adaptation_v2\extracted_frames\v38\v38_948.jpg
v38,v38_949,9480,315.999697,30.000029,3.000003,1920,1080,jpg,C:\Users\wgucg\Desktop\videos\videos\02_model_development\best_frame_selector\adaptation_v2\extracted_frames\v38\v38_949.jpg
v38,v38_950,9490,316.333030,30.000029,3.000003,1920,1080,jpg,C:\Users\wgucg\Desktop\videos\videos\02_model_development\best_frame_selector\adaptation_v2\extracted_frames\v38\v38_950.jpg
v38,v38_951,9500,316.666363,30.000029,3.000003,1920,1080,jpg,C:\Users\wgucg\Desktop\videos\videos\02_model_development\best_frame_selector\adaptation_v2\extracted_frames\v38\v38_951.jpg
v38,v38_952,9510,316.999696,30.000029,3.000003,1920,1080,jpg,C:\Users\wgucg\Desktop\videos\videos\02_model_development\best_frame_selector\adaptation_v2\extracted_frames\v38\v38_952.jpg
v38,v38_953,9520,317.333029,30.000029,3.000003,1920,1080,jpg,C:\Users\wgucg\Desktop\videos\videos\02_model_development\best_frame_selector\adaptation_v2\extracted_frames\v38\v38_953.jpg
v38,v38_954,9530,317.666362,30.000029,3.000003,1920,1080,jpg,C:\Users\wgucg\Desktop\videos\videos\02_model_development\best_frame_selector\adaptation_v2\extracted_frames\v38\v38_954.jpg
v38,v38_955,9540,317.999695,30.000029,3.000003,1920,1080,jpg,C:\Users\wgucg\Desktop\videos\videos\02_model_development\best_frame_selector\adaptation_v2\extracted_frames\v38\v38_955.jpg
v38,v38_956,9550,318.333028,30.000029,3.000003,1920,1080,jpg,C:\Users\wgucg\Desktop\videos\videos\02_model_development\best_frame_selector\adaptation_v2\extracted_frames\v38\v38_956.jpg
v38,v38_957,9560,318.666361,30.000029,3.000003,1920,1080,jpg,C:\Users\wgucg\Desktop\videos\videos\02_model_development\best_frame_selector\adaptation_v2\extracted_frames\v38\v38_957.jpg
v38,v38_958,9570,318.999694,30.000029,3.000003,1920,1080,jpg,C:\Users\wgucg\Desktop\videos\videos\02_model_development\best_frame_selector\adaptation_v2\extracted_frames\v38\v38_958.jpg
v38,v38_959,9580,319.333027,30.000029,3.000003,1920,1080,jpg,C:\Users\wgucg\Desktop\videos\videos\02_model_development\best_frame_selector\adaptation_v2\extracted_frames\v38\v38_959.jpg
v38,v38_960,9590,319.666360,30.000029,3.000003,1920,1080,jpg,C:\Users\wgucg\Desktop\videos\videos\02_model_development\best_frame_selector\adaptation_v2\extracted_frames\v38\v38_960.jpg
v38,v38_961,9600,319.999693,30.000029,3.000003,1920,1080,jpg,C:\Users\wgucg\Desktop\videos\videos\02_model_development\best_frame_selector\adaptation_v2\extracted_frames\v38\v38_961.jpg
v38,v38_962,9610,320.333026,30.000029,3.000003,1920,1080,jpg,C:\Users\wgucg\Desktop\videos\videos\02_model_development\best_frame_selector\adaptation_v2\extracted_frames\v38\v38_962.jpg
v38,v38_963,9620,320.666359,30.000029,3.000003,1920,1080,jpg,C:\Users\wgucg\Desktop\videos\videos\02_model_development\best_frame_selector\adaptation_v2\extracted_frames\v38\v38_963.jpg
v38,v38_964,9630,320.999692,30.000029,3.000003,1920,1080,jpg,C:\Users\wgucg\Desktop\videos\videos\02_model_development\best_frame_selector\adaptation_v2\extracted_frames\v38\v38_964.jpg
v38,v38_965,9640,321.333025,30.000029,3.000003,1920,1080,jpg,C:\Users\wgucg\Desktop\videos\videos\02_model_development\best_frame_selector\adaptation_v2\extracted_frames\v38\v38_965.jpg
v38,v38_966,9650,321.666358,30.000029,3.000003,1920,1080,jpg,C:\Users\wgucg\Desktop\videos\videos\02_model_development\best_frame_selector\adaptation_v2\extracted_frames\v38\v38_966.jpg
v38,v38_967,9660,321.999691,30.000029,3.000003,1920,1080,jpg,C:\Users\wgucg\Desktop\videos\videos\02_model_development\best_frame_selector\adaptation_v2\extracted_frames\v38\v38_967.jpg
v38,v38_968,9670,322.333024,30.000029,3.000003,1920,1080,jpg,C:\Users\wgucg\Desktop\videos\videos\02_model_development\best_frame_selector\adaptation_v2\extracted_frames\v38\v38_968.jpg
v38,v38_969,9680,322.666357,30.000029,3.000003,1920,1080,jpg,C:\Users\wgucg\Desktop\videos\videos\02_model_development\best_frame_selector\adaptation_v2\extracted_frames\v38\v38_969.jpg
v38,v38_970,9690,322.999690,30.000029,3.000003,1920,1080,jpg,C:\Users\wgucg\Desktop\videos\videos\02_model_development\best_frame_selector\adaptation_v2\extracted_frames\v38\v38_970.jpg
v38,v38_971,9700,323.333023,30.000029,3.000003,1920,1080,jpg,C:\Users\wgucg\Desktop\videos\videos\02_model_development\best_frame_selector\adaptation_v2\extracted_frames\v38\v38_971.jpg
v38,v38_972,9710,323.666356,30.000029,3.000003,1920,1080,jpg,C:\Users\wgucg\Desktop\videos\videos\02_model_development\best_frame_selector\adaptation_v2\extracted_frames\v38\v38_972.jpg
v38,v38_973,9720,323.999689,30.000029,3.000003,1920,1080,jpg,C:\Users\wgucg\Desktop\videos\videos\02_model_development\best_frame_selector\adaptation_v2\extracted_frames\v38\v38_973.jpg
v38,v38_974,9730,324.333023,30.000029,3.000003,1920,1080,jpg,C:\Users\wgucg\Desktop\videos\videos\02_model_development\best_frame_selector\adaptation_v2\extracted_frames\v38\v38_974.jpg
v38,v38_975,9740,324.666356,30.000029,3.000003,1920,1080,jpg,C:\Users\wgucg\Desktop\videos\videos\02_model_development\best_frame_selector\adaptation_v2\extracted_frames\v38\v38_975.jpg
v38,v38_976,9750,324.999689,30.000029,3.000003,1920,1080,jpg,C:\Users\wgucg\Desktop\videos\videos\02_model_development\best_frame_selector\adaptation_v2\extracted_frames\v38\v38_976.jpg
v38,v38_977,9760,325.333022,30.000029,3.000003,1920,1080,jpg,C:\Users\wgucg\Desktop\videos\videos\02_model_development\best_frame_selector\adaptation_v2\extracted_frames\v38\v38_977.jpg
v38,v38_978,9770,325.666355,30.000029,3.000003,1920,1080,jpg,C:\Users\wgucg\Desktop\videos\videos\02_model_development\best_frame_selector\adaptation_v2\extracted_frames\v38\v38_978.jpg
v38,v38_979,9780,325.999688,30.000029,3.000003,1920,1080,jpg,C:\Users\wgucg\Desktop\videos\videos\02_model_development\best_frame_selector\adaptation_v2\extracted_frames\v38\v38_979.jpg
v38,v38_980,9790,326.333021,30.000029,3.000003,1920,1080,jpg,C:\Users\wgucg\Desktop\videos\videos\02_model_development\best_frame_selector\adaptation_v2\extracted_frames\v38\v38_980.jpg
v38,v38_981,9800,326.666354,30.000029,3.000003,1920,1080,jpg,C:\Users\wgucg\Desktop\videos\videos\02_model_development\best_frame_selector\adaptation_v2\extracted_frames\v38\v38_981.jpg
v38,v38_982,9810,326.999687,30.000029,3.000003,1920,1080,jpg,C:\Users\wgucg\Desktop\videos\videos\02_model_development\best_frame_selector\adaptation_v2\extracted_frames\v38\v38_982.jpg
v38,v38_983,9820,327.333020,30.000029,3.000003,1920,1080,jpg,C:\Users\wgucg\Desktop\videos\videos\02_model_development\best_frame_selector\adaptation_v2\extracted_frames\v38\v38_983.jpg
v38,v38_984,9830,327.666353,30.000029,3.000003,1920,1080,jpg,C:\Users\wgucg\Desktop\videos\videos\02_model_development\best_frame_selector\adaptation_v2\extracted_frames\v38\v38_984.jpg
v38,v38_985,9840,327.999686,30.000029,3.000003,1920,1080,jpg,C:\Users\wgucg\Desktop\videos\videos\02_model_development\best_frame_selector\adaptation_v2\extracted_frames\v38\v38_985.jpg
v38,v38_986,9850,328.333019,30.000029,3.000003,1920,1080,jpg,C:\Users\wgucg\Desktop\videos\videos\02_model_development\best_frame_selector\adaptation_v2\extracted_frames\v38\v38_986.jpg
v38,v38_987,9860,328.666352,30.000029,3.000003,1920,1080,jpg,C:\Users\wgucg\Desktop\videos\videos\02_model_development\best_frame_selector\adaptation_v2\extracted_frames\v38\v38_987.jpg
v38,v38_988,9870,328.999685,30.000029,3.000003,1920,1080,jpg,C:\Users\wgucg\Desktop\videos\videos\02_model_development\best_frame_selector\adaptation_v2\extracted_frames\v38\v38_988.jpg
v38,v38_989,9880,329.333018,30.000029,3.000003,1920,1080,jpg,C:\Users\wgucg\Desktop\videos\videos\02_model_development\best_frame_selector\adaptation_v2\extracted_frames\v38\v38_989.jpg
v38,v38_990,9890,329.666351,30.000029,3.000003,1920,1080,jpg,C:\Users\wgucg\Desktop\videos\videos\02_model_development\best_frame_selector\adaptation_v2\extracted_frames\v38\v38_990.jpg
v38,v38_991,9900,329.999684,30.000029,3.000003,1920,1080,jpg,C:\Users\wgucg\Desktop\videos\videos\02_model_development\best_frame_selector\adaptation_v2\extracted_frames\v38\v38_991.jpg
v38,v38_992,9910,330.333017,30.000029,3.000003,1920,1080,jpg,C:\Users\wgucg\Desktop\videos\videos\02_model_development\best_frame_selector\adaptation_v2\extracted_frames\v38\v38_992.jpg
v38,v38_993,9920,330.666350,30.000029,3.000003,1920,1080,jpg,C:\Users\wgucg\Desktop\videos\videos\02_model_development\best_frame_selector\adaptation_v2\extracted_frames\v38\v38_993.jpg
v38,v38_994,9930,330.999683,30.000029,3.000003,1920,1080,jpg,C:\Users\wgucg\Desktop\videos\videos\02_model_development\best_frame_selector\adaptation_v2\extracted_frames\v38\v38_994.jpg
v38,v38_995,9940,331.333016,30.000029,3.000003,1920,1080,jpg,C:\Users\wgucg\Desktop\videos\videos\02_model_development\best_frame_selector\adaptation_v2\extracted_frames\v38\v38_995.jpg
v38,v38_996,9950,331.666349,30.000029,3.000003,1920,1080,jpg,C:\Users\wgucg\Desktop\videos\videos\02_model_development\best_frame_selector\adaptation_v2\extracted_frames\v38\v38_996.jpg
v38,v38_997,9960,331.999682,30.000029,3.000003,1920,1080,jpg,C:\Users\wgucg\Desktop\videos\videos\02_model_development\best_frame_selector\adaptation_v2\extracted_frames\v38\v38_997.jpg
v38,v38_998,9970,332.333015,30.000029,3.000003,1920,1080,jpg,C:\Users\wgucg\Desktop\videos\videos\02_model_development\best_frame_selector\adaptation_v2\extracted_frames\v38\v38_998.jpg
v38,v38_999,9980,332.666348,30.000029,3.000003,1920,1080,jpg,C:\Users\wgucg\Desktop\videos\videos\02_model_development\best_frame_selector\adaptation_v2\extracted_frames\v38\v38_999.jpg
v38,v38_1000,9990,332.999681,30.000029,3.000003,1920,1080,jpg,C:\Users\wgucg\Desktop\videos\videos\02_model_development\best_frame_selector\adaptation_v2\extracted_frames\v38\v38_1000.jpg
v38,v38_1001,10000,333.333014,30.000029,3.000003,1920,1080,jpg,C:\Users\wgucg\Desktop\videos\videos\02_model_development\best_frame_selector\adaptation_v2\extracted_frames\v38\v38_1001.jpg
v38,v38_1002,10010,333.666347,30.000029,3.000003,1920,1080,jpg,C:\Users\wgucg\Desktop\videos\videos\02_model_development\best_frame_selector\adaptation_v2\extracted_frames\v38\v38_1002.jpg
v38,v38_1003,10020,333.999680,30.000029,3.000003,1920,1080,jpg,C:\Users\wgucg\Desktop\videos\videos\02_model_development\best_frame_selector\adaptation_v2\extracted_frames\v38\v38_1003.jpg
v38,v38_1004,10030,334.333013,30.000029,3.000003,1920,1080,jpg,C:\Users\wgucg\Desktop\videos\videos\02_model_development\best_frame_selector\adaptation_v2\extracted_frames\v38\v38_1004.jpg
v38,v38_1005,10040,334.666346,30.000029,3.000003,1920,1080,jpg,C:\Users\wgucg\Desktop\videos\videos\02_model_development\best_frame_selector\adaptation_v2\extracted_frames\v38\v38_1005.jpg
v38,v38_1006,10050,334.999679,30.000029,3.000003,1920,1080,jpg,C:\Users\wgucg\Desktop\videos\videos\02_model_development\best_frame_selector\adaptation_v2\extracted_frames\v38\v38_1006.jpg
v38,v38_1007,10060,335.333012,30.000029,3.000003,1920,1080,jpg,C:\Users\wgucg\Desktop\videos\videos\02_model_development\best_frame_selector\adaptation_v2\extracted_frames\v38\v38_1007.jpg
v38,v38_1008,10070,335.666345,30.000029,3.000003,1920,1080,jpg,C:\Users\wgucg\Desktop\videos\videos\02_model_development\best_frame_selector\adaptation_v2\extracted_frames\v38\v38_1008.jpg
v38,v38_1009,10080,335.999678,30.000029,3.000003,1920,1080,jpg,C:\Users\wgucg\Desktop\videos\videos\02_model_development\best_frame_selector\adaptation_v2\extracted_frames\v38\v38_1009.jpg
v38,v38_1010,10090,336.333011,30.000029,3.000003,1920,1080,jpg,C:\Users\wgucg\Desktop\videos\videos\02_model_development\best_frame_selector\adaptation_v2\extracted_frames\v38\v38_1010.jpg
v38,v38_1011,10100,336.666344,30.000029,3.000003,1920,1080,jpg,C:\Users\wgucg\Desktop\videos\videos\02_model_development\best_frame_selector\adaptation_v2\extracted_frames\v38\v38_1011.jpg
v38,v38_1012,10110,336.999677,30.000029,3.000003,1920,1080,jpg,C:\Users\wgucg\Desktop\videos\videos\02_model_development\best_frame_selector\adaptation_v2\extracted_frames\v38\v38_1012.jpg
v38,v38_1013,10120,337.333010,30.000029,3.000003,1920,1080,jpg,C:\Users\wgucg\Desktop\videos\videos\02_model_development\best_frame_selector\adaptation_v2\extracted_frames\v38\v38_1013.jpg
v38,v38_1014,10130,337.666343,30.000029,3.000003,1920,1080,jpg,C:\Users\wgucg\Desktop\videos\videos\02_model_development\best_frame_selector\adaptation_v2\extracted_frames\v38\v38_1014.jpg
v38,v38_1015,10140,337.999676,30.000029,3.000003,1920,1080,jpg,C:\Users\wgucg\Desktop\videos\videos\02_model_development\best_frame_selector\adaptation_v2\extracted_frames\v38\v38_1015.jpg
v38,v38_1016,10150,338.333009,30.000029,3.000003,1920,1080,jpg,C:\Users\wgucg\Desktop\videos\videos\02_model_development\best_frame_selector\adaptation_v2\extracted_frames\v38\v38_1016.jpg
v38,v38_1017,10160,338.666342,30.000029,3.000003,1920,1080,jpg,C:\Users\wgucg\Desktop\videos\videos\02_model_development\best_frame_selector\adaptation_v2\extracted_frames\v38\v38_1017.jpg
v38,v38_1018,10170,338.999675,30.000029,3.000003,1920,1080,jpg,C:\Users\wgucg\Desktop\videos\videos\02_model_development\best_frame_selector\adaptation_v2\extracted_frames\v38\v38_1018.jpg
v38,v38_1019,10180,339.333008,30.000029,3.000003,1920,1080,jpg,C:\Users\wgucg\Desktop\videos\videos\02_model_development\best_frame_selector\adaptation_v2\extracted_frames\v38\v38_1019.jpg
v39,v39_001,0,0.000000,30.000027,3.000003,1920,1080,jpg,C:\Users\wgucg\Desktop\videos\videos\02_model_development\best_frame_selector\adaptation_v2\extracted_frames\v39\v39_001.jpg
v39,v39_002,10,0.333333,30.000027,3.000003,1920,1080,jpg,C:\Users\wgucg\Desktop\videos\videos\02_model_development\best_frame_selector\adaptation_v2\extracted_frames\v39\v39_002.jpg
v39,v39_003,20,0.666666,30.000027,3.000003,1920,1080,jpg,C:\Users\wgucg\Desktop\videos\videos\02_model_development\best_frame_selector\adaptation_v2\extracted_frames\v39\v39_003.jpg
v39,v39_004,30,0.999999,30.000027,3.000003,1920,1080,jpg,C:\Users\wgucg\Desktop\videos\videos\02_model_development\best_frame_selector\adaptation_v2\extracted_frames\v39\v39_004.jpg
v39,v39_005,40,1.333332,30.000027,3.000003,1920,1080,jpg,C:\Users\wgucg\Desktop\videos\videos\02_model_development\best_frame_selector\adaptation_v2\extracted_frames\v39\v39_005.jpg
v39,v39_006,50,1.666665,30.000027,3.000003,1920,1080,jpg,C:\Users\wgucg\Desktop\videos\videos\02_model_development\best_frame_selector\adaptation_v2\extracted_frames\v39\v39_006.jpg
v39,v39_007,60,1.999998,30.000027,3.000003,1920,1080,jpg,C:\Users\wgucg\Desktop\videos\videos\02_model_development\best_frame_selector\adaptation_v2\extracted_frames\v39\v39_007.jpg
v39,v39_008,70,2.333331,30.000027,3.000003,1920,1080,jpg,C:\Users\wgucg\Desktop\videos\videos\02_model_development\best_frame_selector\adaptation_v2\extracted_frames\v39\v39_008.jpg
v39,v39_009,80,2.666664,30.000027,3.000003,1920,1080,jpg,C:\Users\wgucg\Desktop\videos\videos\02_model_development\best_frame_selector\adaptation_v2\extracted_frames\v39\v39_009.jpg
v39,v39_010,90,2.999997,30.000027,3.000003,1920,1080,jpg,C:\Users\wgucg\Desktop\videos\videos\02_model_development\best_frame_selector\adaptation_v2\extracted_frames\v39\v39_010.jpg
v39,v39_011,100,3.333330,30.000027,3.000003,1920,1080,jpg,C:\Users\wgucg\Desktop\videos\videos\02_model_development\best_frame_selector\adaptation_v2\extracted_frames\v39\v39_011.jpg
v39,v39_012,110,3.666663,30.000027,3.000003,1920,1080,jpg,C:\Users\wgucg\Desktop\videos\videos\02_model_development\best_frame_selector\adaptation_v2\extracted_frames\v39\v39_012.jpg
v39,v39_013,120,3.999996,30.000027,3.000003,1920,1080,jpg,C:\Users\wgucg\Desktop\videos\videos\02_model_development\best_frame_selector\adaptation_v2\extracted_frames\v39\v39_013.jpg
v39,v39_014,130,4.333329,30.000027,3.000003,1920,1080,jpg,C:\Users\wgucg\Desktop\videos\videos\02_model_development\best_frame_selector\adaptation_v2\extracted_frames\v39\v39_014.jpg
v39,v39_015,140,4.666662,30.000027,3.000003,1920,1080,jpg,C:\Users\wgucg\Desktop\videos\videos\02_model_development\best_frame_selector\adaptation_v2\extracted_frames\v39\v39_015.jpg
v39,v39_016,150,4.999995,30.000027,3.000003,1920,1080,jpg,C:\Users\wgucg\Desktop\videos\videos\02_model_development\best_frame_selector\adaptation_v2\extracted_frames\v39\v39_016.jpg
v39,v39_017,160,5.333328,30.000027,3.000003,1920,1080,jpg,C:\Users\wgucg\Desktop\videos\videos\02_model_development\best_frame_selector\adaptation_v2\extracted_frames\v39\v39_017.jpg
v39,v39_018,170,5.666662,30.000027,3.000003,1920,1080,jpg,C:\Users\wgucg\Desktop\videos\videos\02_model_development\best_frame_selector\adaptation_v2\extracted_frames\v39\v39_018.jpg
v39,v39_019,180,5.999995,30.000027,3.000003,1920,1080,jpg,C:\Users\wgucg\Desktop\videos\videos\02_model_development\best_frame_selector\adaptation_v2\extracted_frames\v39\v39_019.jpg
v39,v39_020,190,6.333328,30.000027,3.000003,1920,1080,jpg,C:\Users\wgucg\Desktop\videos\videos\02_model_development\best_frame_selector\adaptation_v2\extracted_frames\v39\v39_020.jpg
v39,v39_021,200,6.666661,30.000027,3.000003,1920,1080,jpg,C:\Users\wgucg\Desktop\videos\videos\02_model_development\best_frame_selector\adaptation_v2\extracted_frames\v39\v39_021.jpg
v39,v39_022,210,6.999994,30.000027,3.000003,1920,1080,jpg,C:\Users\wgucg\Desktop\videos\videos\02_model_development\best_frame_selector\adaptation_v2\extracted_frames\v39\v39_022.jpg
v39,v39_023,220,7.333327,30.000027,3.000003,1920,1080,jpg,C:\Users\wgucg\Desktop\videos\videos\02_model_development\best_frame_selector\adaptation_v2\extracted_frames\v39\v39_023.jpg
v39,v39_024,230,7.666660,30.000027,3.000003,1920,1080,jpg,C:\Users\wgucg\Desktop\videos\videos\02_model_development\best_frame_selector\adaptation_v2\extracted_frames\v39\v39_024.jpg
v39,v39_025,240,7.999993,30.000027,3.000003,1920,1080,jpg,C:\Users\wgucg\Desktop\videos\videos\02_model_development\best_frame_selector\adaptation_v2\extracted_frames\v39\v39_025.jpg
v39,v39_026,250,8.333326,30.000027,3.000003,1920,1080,jpg,C:\Users\wgucg\Desktop\videos\videos\02_model_development\best_frame_selector\adaptation_v2\extracted_frames\v39\v39_026.jpg
v39,v39_027,260,8.666659,30.000027,3.000003,1920,1080,jpg,C:\Users\wgucg\Desktop\videos\videos\02_model_development\best_frame_selector\adaptation_v2\extracted_frames\v39\v39_027.jpg
v39,v39_028,270,8.999992,30.000027,3.000003,1920,1080,jpg,C:\Users\wgucg\Desktop\videos\videos\02_model_development\best_frame_selector\adaptation_v2\extracted_frames\v39\v39_028.jpg
v39,v39_029,280,9.333325,30.000027,3.000003,1920,1080,jpg,C:\Users\wgucg\Desktop\videos\videos\02_model_development\best_frame_selector\adaptation_v2\extracted_frames\v39\v39_029.jpg
v39,v39_030,290,9.666658,30.000027,3.000003,1920,1080,jpg,C:\Users\wgucg\Desktop\videos\videos\02_model_development\best_frame_selector\adaptation_v2\extracted_frames\v39\v39_030.jpg
v39,v39_031,300,9.999991,30.000027,3.000003,1920,1080,jpg,C:\Users\wgucg\Desktop\videos\videos\02_model_development\best_frame_selector\adaptation_v2\extracted_frames\v39\v39_031.jpg
v39,v39_032,310,10.333324,30.000027,3.000003,1920,1080,jpg,C:\Users\wgucg\Desktop\videos\videos\02_model_development\best_frame_selector\adaptation_v2\extracted_frames\v39\v39_032.jpg
v39,v39_033,320,10.666657,30.000027,3.000003,1920,1080,jpg,C:\Users\wgucg\Desktop\videos\videos\02_model_development\best_frame_selector\adaptation_v2\extracted_frames\v39\v39_033.jpg
v39,v39_034,330,10.999990,30.000027,3.000003,1920,1080,jpg,C:\Users\wgucg\Desktop\videos\videos\02_model_development\best_frame_selector\adaptation_v2\extracted_frames\v39\v39_034.jpg
v39,v39_035,340,11.333323,30.000027,3.000003,1920,1080,jpg,C:\Users\wgucg\Desktop\videos\videos\02_model_development\best_frame_selector\adaptation_v2\extracted_frames\v39\v39_035.jpg
v39,v39_036,350,11.666656,30.000027,3.000003,1920,1080,jpg,C:\Users\wgucg\Desktop\videos\videos\02_model_development\best_frame_selector\adaptation_v2\extracted_frames\v39\v39_036.jpg
v39,v39_037,360,11.999989,30.000027,3.000003,1920,1080,jpg,C:\Users\wgucg\Desktop\videos\videos\02_model_development\best_frame_selector\adaptation_v2\extracted_frames\v39\v39_037.jpg
v39,v39_038,370,12.333322,30.000027,3.000003,1920,1080,jpg,C:\Users\wgucg\Desktop\videos\videos\02_model_development\best_frame_selector\adaptation_v2\extracted_frames\v39\v39_038.jpg
v39,v39_039,380,12.666655,30.000027,3.000003,1920,1080,jpg,C:\Users\wgucg\Desktop\videos\videos\02_model_development\best_frame_selector\adaptation_v2\extracted_frames\v39\v39_039.jpg
v39,v39_040,390,12.999988,30.000027,3.000003,1920,1080,jpg,C:\Users\wgucg\Desktop\videos\videos\02_model_development\best_frame_selector\adaptation_v2\extracted_frames\v39\v39_040.jpg
v39,v39_041,400,13.333321,30.000027,3.000003,1920,1080,jpg,C:\Users\wgucg\Desktop\videos\videos\02_model_development\best_frame_selector\adaptation_v2\extracted_frames\v39\v39_041.jpg
v39,v39_042,410,13.666654,30.000027,3.000003,1920,1080,jpg,C:\Users\wgucg\Desktop\videos\videos\02_model_development\best_frame_selector\adaptation_v2\extracted_frames\v39\v39_042.jpg
v39,v39_043,420,13.999987,30.000027,3.000003,1920,1080,jpg,C:\Users\wgucg\Desktop\videos\videos\02_model_development\best_frame_selector\adaptation_v2\extracted_frames\v39\v39_043.jpg
v39,v39_044,430,14.333320,30.000027,3.000003,1920,1080,jpg,C:\Users\wgucg\Desktop\videos\videos\02_model_development\best_frame_selector\adaptation_v2\extracted_frames\v39\v39_044.jpg
v39,v39_045,440,14.666653,30.000027,3.000003,1920,1080,jpg,C:\Users\wgucg\Desktop\videos\videos\02_model_development\best_frame_selector\adaptation_v2\extracted_frames\v39\v39_045.jpg
v39,v39_046,450,14.999986,30.000027,3.000003,1920,1080,jpg,C:\Users\wgucg\Desktop\videos\videos\02_model_development\best_frame_selector\adaptation_v2\extracted_frames\v39\v39_046.jpg
v39,v39_047,460,15.333319,30.000027,3.000003,1920,1080,jpg,C:\Users\wgucg\Desktop\videos\videos\02_model_development\best_frame_selector\adaptation_v2\extracted_frames\v39\v39_047.jpg
v39,v39_048,470,15.666652,30.000027,3.000003,1920,1080,jpg,C:\Users\wgucg\Desktop\videos\videos\02_model_development\best_frame_selector\adaptation_v2\extracted_frames\v39\v39_048.jpg
v39,v39_049,480,15.999985,30.000027,3.000003,1920,1080,jpg,C:\Users\wgucg\Desktop\videos\videos\02_model_development\best_frame_selector\adaptation_v2\extracted_frames\v39\v39_049.jpg
v39,v39_050,490,16.333318,30.000027,3.000003,1920,1080,jpg,C:\Users\wgucg\Desktop\videos\videos\02_model_development\best_frame_selector\adaptation_v2\extracted_frames\v39\v39_050.jpg
v39,v39_051,500,16.666652,30.000027,3.000003,1920,1080,jpg,C:\Users\wgucg\Desktop\videos\videos\02_model_development\best_frame_selector\adaptation_v2\extracted_frames\v39\v39_051.jpg
v39,v39_052,510,16.999985,30.000027,3.000003,1920,1080,jpg,C:\Users\wgucg\Desktop\videos\videos\02_model_development\best_frame_selector\adaptation_v2\extracted_frames\v39\v39_052.jpg
v39,v39_053,520,17.333318,30.000027,3.000003,1920,1080,jpg,C:\Users\wgucg\Desktop\videos\videos\02_model_development\best_frame_selector\adaptation_v2\extracted_frames\v39\v39_053.jpg
v39,v39_054,530,17.666651,30.000027,3.000003,1920,1080,jpg,C:\Users\wgucg\Desktop\videos\videos\02_model_development\best_frame_selector\adaptation_v2\extracted_frames\v39\v39_054.jpg
v39,v39_055,540,17.999984,30.000027,3.000003,1920,1080,jpg,C:\Users\wgucg\Desktop\videos\videos\02_model_development\best_frame_selector\adaptation_v2\extracted_frames\v39\v39_055.jpg
v39,v39_056,550,18.333317,30.000027,3.000003,1920,1080,jpg,C:\Users\wgucg\Desktop\videos\videos\02_model_development\best_frame_selector\adaptation_v2\extracted_frames\v39\v39_056.jpg
v39,v39_057,560,18.666650,30.000027,3.000003,1920,1080,jpg,C:\Users\wgucg\Desktop\videos\videos\02_model_development\best_frame_selector\adaptation_v2\extracted_frames\v39\v39_057.jpg
v39,v39_058,570,18.999983,30.000027,3.000003,1920,1080,jpg,C:\Users\wgucg\Desktop\videos\videos\02_model_development\best_frame_selector\adaptation_v2\extracted_frames\v39\v39_058.jpg
v39,v39_059,580,19.333316,30.000027,3.000003,1920,1080,jpg,C:\Users\wgucg\Desktop\videos\videos\02_model_development\best_frame_selector\adaptation_v2\extracted_frames\v39\v39_059.jpg
v39,v39_060,590,19.666649,30.000027,3.000003,1920,1080,jpg,C:\Users\wgucg\Desktop\videos\videos\02_model_development\best_frame_selector\adaptation_v2\extracted_frames\v39\v39_060.jpg
v39,v39_061,600,19.999982,30.000027,3.000003,1920,1080,jpg,C:\Users\wgucg\Desktop\videos\videos\02_model_development\best_frame_selector\adaptation_v2\extracted_frames\v39\v39_061.jpg
v39,v39_062,610,20.333315,30.000027,3.000003,1920,1080,jpg,C:\Users\wgucg\Desktop\videos\videos\02_model_development\best_frame_selector\adaptation_v2\extracted_frames\v39\v39_062.jpg
v39,v39_063,620,20.666648,30.000027,3.000003,1920,1080,jpg,C:\Users\wgucg\Desktop\videos\videos\02_model_development\best_frame_selector\adaptation_v2\extracted_frames\v39\v39_063.jpg
v39,v39_064,630,20.999981,30.000027,3.000003,1920,1080,jpg,C:\Users\wgucg\Desktop\videos\videos\02_model_development\best_frame_selector\adaptation_v2\extracted_frames\v39\v39_064.jpg
v39,v39_065,640,21.333314,30.000027,3.000003,1920,1080,jpg,C:\Users\wgucg\Desktop\videos\videos\02_model_development\best_frame_selector\adaptation_v2\extracted_frames\v39\v39_065.jpg
v39,v39_066,650,21.666647,30.000027,3.000003,1920,1080,jpg,C:\Users\wgucg\Desktop\videos\videos\02_model_development\best_frame_selector\adaptation_v2\extracted_frames\v39\v39_066.jpg
v39,v39_067,660,21.999980,30.000027,3.000003,1920,1080,jpg,C:\Users\wgucg\Desktop\videos\videos\02_model_development\best_frame_selector\adaptation_v2\extracted_frames\v39\v39_067.jpg
v39,v39_068,670,22.333313,30.000027,3.000003,1920,1080,jpg,C:\Users\wgucg\Desktop\videos\videos\02_model_development\best_frame_selector\adaptation_v2\extracted_frames\v39\v39_068.jpg
v39,v39_069,680,22.666646,30.000027,3.000003,1920,1080,jpg,C:\Users\wgucg\Desktop\videos\videos\02_model_development\best_frame_selector\adaptation_v2\extracted_frames\v39\v39_069.jpg
v39,v39_070,690,22.999979,30.000027,3.000003,1920,1080,jpg,C:\Users\wgucg\Desktop\videos\videos\02_model_development\best_frame_selector\adaptation_v2\extracted_frames\v39\v39_070.jpg
v39,v39_071,700,23.333312,30.000027,3.000003,1920,1080,jpg,C:\Users\wgucg\Desktop\videos\videos\02_model_development\best_frame_selector\adaptation_v2\extracted_frames\v39\v39_071.jpg
v39,v39_072,710,23.666645,30.000027,3.000003,1920,1080,jpg,C:\Users\wgucg\Desktop\videos\videos\02_model_development\best_frame_selector\adaptation_v2\extracted_frames\v39\v39_072.jpg
v39,v39_073,720,23.999978,30.000027,3.000003,1920,1080,jpg,C:\Users\wgucg\Desktop\videos\videos\02_model_development\best_frame_selector\adaptation_v2\extracted_frames\v39\v39_073.jpg
v39,v39_074,730,24.333311,30.000027,3.000003,1920,1080,jpg,C:\Users\wgucg\Desktop\videos\videos\02_model_development\best_frame_selector\adaptation_v2\extracted_frames\v39\v39_074.jpg
v39,v39_075,740,24.666644,30.000027,3.000003,1920,1080,jpg,C:\Users\wgucg\Desktop\videos\videos\02_model_development\best_frame_selector\adaptation_v2\extracted_frames\v39\v39_075.jpg
v39,v39_076,750,24.999977,30.000027,3.000003,1920,1080,jpg,C:\Users\wgucg\Desktop\videos\videos\02_model_development\best_frame_selector\adaptation_v2\extracted_frames\v39\v39_076.jpg
v39,v39_077,760,25.333310,30.000027,3.000003,1920,1080,jpg,C:\Users\wgucg\Desktop\videos\videos\02_model_development\best_frame_selector\adaptation_v2\extracted_frames\v39\v39_077.jpg
v39,v39_078,770,25.666643,30.000027,3.000003,1920,1080,jpg,C:\Users\wgucg\Desktop\videos\videos\02_model_development\best_frame_selector\adaptation_v2\extracted_frames\v39\v39_078.jpg
v39,v39_079,780,25.999976,30.000027,3.000003,1920,1080,jpg,C:\Users\wgucg\Desktop\videos\videos\02_model_development\best_frame_selector\adaptation_v2\extracted_frames\v39\v39_079.jpg
v39,v39_080,790,26.333309,30.000027,3.000003,1920,1080,jpg,C:\Users\wgucg\Desktop\videos\videos\02_model_development\best_frame_selector\adaptation_v2\extracted_frames\v39\v39_080.jpg
v39,v39_081,800,26.666642,30.000027,3.000003,1920,1080,jpg,C:\Users\wgucg\Desktop\videos\videos\02_model_development\best_frame_selector\adaptation_v2\extracted_frames\v39\v39_081.jpg
v39,v39_082,810,26.999975,30.000027,3.000003,1920,1080,jpg,C:\Users\wgucg\Desktop\videos\videos\02_model_development\best_frame_selector\adaptation_v2\extracted_frames\v39\v39_082.jpg
v39,v39_083,820,27.333309,30.000027,3.000003,1920,1080,jpg,C:\Users\wgucg\Desktop\videos\videos\02_model_development\best_frame_selector\adaptation_v2\extracted_frames\v39\v39_083.jpg
v39,v39_084,830,27.666642,30.000027,3.000003,1920,1080,jpg,C:\Users\wgucg\Desktop\videos\videos\02_model_development\best_frame_selector\adaptation_v2\extracted_frames\v39\v39_084.jpg
v39,v39_085,840,27.999975,30.000027,3.000003,1920,1080,jpg,C:\Users\wgucg\Desktop\videos\videos\02_model_development\best_frame_selector\adaptation_v2\extracted_frames\v39\v39_085.jpg
v39,v39_086,850,28.333308,30.000027,3.000003,1920,1080,jpg,C:\Users\wgucg\Desktop\videos\videos\02_model_development\best_frame_selector\adaptation_v2\extracted_frames\v39\v39_086.jpg
v39,v39_087,860,28.666641,30.000027,3.000003,1920,1080,jpg,C:\Users\wgucg\Desktop\videos\videos\02_model_development\best_frame_selector\adaptation_v2\extracted_frames\v39\v39_087.jpg
v39,v39_088,870,28.999974,30.000027,3.000003,1920,1080,jpg,C:\Users\wgucg\Desktop\videos\videos\02_model_development\best_frame_selector\adaptation_v2\extracted_frames\v39\v39_088.jpg
v39,v39_089,880,29.333307,30.000027,3.000003,1920,1080,jpg,C:\Users\wgucg\Desktop\videos\videos\02_model_development\best_frame_selector\adaptation_v2\extracted_frames\v39\v39_089.jpg
v39,v39_090,890,29.666640,30.000027,3.000003,1920,1080,jpg,C:\Users\wgucg\Desktop\videos\videos\02_model_development\best_frame_selector\adaptation_v2\extracted_frames\v39\v39_090.jpg
v39,v39_091,900,29.999973,30.000027,3.000003,1920,1080,jpg,C:\Users\wgucg\Desktop\videos\videos\02_model_development\best_frame_selector\adaptation_v2\extracted_frames\v39\v39_091.jpg
v39,v39_092,910,30.333306,30.000027,3.000003,1920,1080,jpg,C:\Users\wgucg\Desktop\videos\videos\02_model_development\best_frame_selector\adaptation_v2\extracted_frames\v39\v39_092.jpg
v39,v39_093,920,30.666639,30.000027,3.000003,1920,1080,jpg,C:\Users\wgucg\Desktop\videos\videos\02_model_development\best_frame_selector\adaptation_v2\extracted_frames\v39\v39_093.jpg
v39,v39_094,930,30.999972,30.000027,3.000003,1920,1080,jpg,C:\Users\wgucg\Desktop\videos\videos\02_model_development\best_frame_selector\adaptation_v2\extracted_frames\v39\v39_094.jpg
v39,v39_095,940,31.333305,30.000027,3.000003,1920,1080,jpg,C:\Users\wgucg\Desktop\videos\videos\02_model_development\best_frame_selector\adaptation_v2\extracted_frames\v39\v39_095.jpg
v39,v39_096,950,31.666638,30.000027,3.000003,1920,1080,jpg,C:\Users\wgucg\Desktop\videos\videos\02_model_development\best_frame_selector\adaptation_v2\extracted_frames\v39\v39_096.jpg
v39,v39_097,960,31.999971,30.000027,3.000003,1920,1080,jpg,C:\Users\wgucg\Desktop\videos\videos\02_model_development\best_frame_selector\adaptation_v2\extracted_frames\v39\v39_097.jpg
v39,v39_098,970,32.333304,30.000027,3.000003,1920,1080,jpg,C:\Users\wgucg\Desktop\videos\videos\02_model_development\best_frame_selector\adaptation_v2\extracted_frames\v39\v39_098.jpg
v39,v39_099,980,32.666637,30.000027,3.000003,1920,1080,jpg,C:\Users\wgucg\Desktop\videos\videos\02_model_development\best_frame_selector\adaptation_v2\extracted_frames\v39\v39_099.jpg
v39,v39_100,990,32.999970,30.000027,3.000003,1920,1080,jpg,C:\Users\wgucg\Desktop\videos\videos\02_model_development\best_frame_selector\adaptation_v2\extracted_frames\v39\v39_100.jpg
v39,v39_101,1000,33.333303,30.000027,3.000003,1920,1080,jpg,C:\Users\wgucg\Desktop\videos\videos\02_model_development\best_frame_selector\adaptation_v2\extracted_frames\v39\v39_101.jpg
v39,v39_102,1010,33.666636,30.000027,3.000003,1920,1080,jpg,C:\Users\wgucg\Desktop\videos\videos\02_model_development\best_frame_selector\adaptation_v2\extracted_frames\v39\v39_102.jpg
v39,v39_103,1020,33.999969,30.000027,3.000003,1920,1080,jpg,C:\Users\wgucg\Desktop\videos\videos\02_model_development\best_frame_selector\adaptation_v2\extracted_frames\v39\v39_103.jpg
v39,v39_104,1030,34.333302,30.000027,3.000003,1920,1080,jpg,C:\Users\wgucg\Desktop\videos\videos\02_model_development\best_frame_selector\adaptation_v2\extracted_frames\v39\v39_104.jpg
v39,v39_105,1040,34.666635,30.000027,3.000003,1920,1080,jpg,C:\Users\wgucg\Desktop\videos\videos\02_model_development\best_frame_selector\adaptation_v2\extracted_frames\v39\v39_105.jpg
v39,v39_106,1050,34.999968,30.000027,3.000003,1920,1080,jpg,C:\Users\wgucg\Desktop\videos\videos\02_model_development\best_frame_selector\adaptation_v2\extracted_frames\v39\v39_106.jpg
v39,v39_107,1060,35.333301,30.000027,3.000003,1920,1080,jpg,C:\Users\wgucg\Desktop\videos\videos\02_model_development\best_frame_selector\adaptation_v2\extracted_frames\v39\v39_107.jpg
v39,v39_108,1070,35.666634,30.000027,3.000003,1920,1080,jpg,C:\Users\wgucg\Desktop\videos\videos\02_model_development\best_frame_selector\adaptation_v2\extracted_frames\v39\v39_108.jpg
v39,v39_109,1080,35.999967,30.000027,3.000003,1920,1080,jpg,C:\Users\wgucg\Desktop\videos\videos\02_model_development\best_frame_selector\adaptation_v2\extracted_frames\v39\v39_109.jpg
v39,v39_110,1090,36.333300,30.000027,3.000003,1920,1080,jpg,C:\Users\wgucg\Desktop\videos\videos\02_model_development\best_frame_selector\adaptation_v2\extracted_frames\v39\v39_110.jpg
v39,v39_111,1100,36.666633,30.000027,3.000003,1920,1080,jpg,C:\Users\wgucg\Desktop\videos\videos\02_model_development\best_frame_selector\adaptation_v2\extracted_frames\v39\v39_111.jpg
v39,v39_112,1110,36.999966,30.000027,3.000003,1920,1080,jpg,C:\Users\wgucg\Desktop\videos\videos\02_model_development\best_frame_selector\adaptation_v2\extracted_frames\v39\v39_112.jpg
v39,v39_113,1120,37.333299,30.000027,3.000003,1920,1080,jpg,C:\Users\wgucg\Desktop\videos\videos\02_model_development\best_frame_selector\adaptation_v2\extracted_frames\v39\v39_113.jpg
v39,v39_114,1130,37.666632,30.000027,3.000003,1920,1080,jpg,C:\Users\wgucg\Desktop\videos\videos\02_model_development\best_frame_selector\adaptation_v2\extracted_frames\v39\v39_114.jpg
v39,v39_115,1140,37.999965,30.000027,3.000003,1920,1080,jpg,C:\Users\wgucg\Desktop\videos\videos\02_model_development\best_frame_selector\adaptation_v2\extracted_frames\v39\v39_115.jpg
v39,v39_116,1150,38.333299,30.000027,3.000003,1920,1080,jpg,C:\Users\wgucg\Desktop\videos\videos\02_model_development\best_frame_selector\adaptation_v2\extracted_frames\v39\v39_116.jpg
v39,v39_117,1160,38.666632,30.000027,3.000003,1920,1080,jpg,C:\Users\wgucg\Desktop\videos\videos\02_model_development\best_frame_selector\adaptation_v2\extracted_frames\v39\v39_117.jpg
v39,v39_118,1170,38.999965,30.000027,3.000003,1920,1080,jpg,C:\Users\wgucg\Desktop\videos\videos\02_model_development\best_frame_selector\adaptation_v2\extracted_frames\v39\v39_118.jpg
v39,v39_119,1180,39.333298,30.000027,3.000003,1920,1080,jpg,C:\Users\wgucg\Desktop\videos\videos\02_model_development\best_frame_selector\adaptation_v2\extracted_frames\v39\v39_119.jpg
v39,v39_120,1190,39.666631,30.000027,3.000003,1920,1080,jpg,C:\Users\wgucg\Desktop\videos\videos\02_model_development\best_frame_selector\adaptation_v2\extracted_frames\v39\v39_120.jpg
v39,v39_121,1200,39.999964,30.000027,3.000003,1920,1080,jpg,C:\Users\wgucg\Desktop\videos\videos\02_model_development\best_frame_selector\adaptation_v2\extracted_frames\v39\v39_121.jpg
v39,v39_122,1210,40.333297,30.000027,3.000003,1920,1080,jpg,C:\Users\wgucg\Desktop\videos\videos\02_model_development\best_frame_selector\adaptation_v2\extracted_frames\v39\v39_122.jpg
v39,v39_123,1220,40.666630,30.000027,3.000003,1920,1080,jpg,C:\Users\wgucg\Desktop\videos\videos\02_model_development\best_frame_selector\adaptation_v2\extracted_frames\v39\v39_123.jpg
v39,v39_124,1230,40.999963,30.000027,3.000003,1920,1080,jpg,C:\Users\wgucg\Desktop\videos\videos\02_model_development\best_frame_selector\adaptation_v2\extracted_frames\v39\v39_124.jpg
v39,v39_125,1240,41.333296,30.000027,3.000003,1920,1080,jpg,C:\Users\wgucg\Desktop\videos\videos\02_model_development\best_frame_selector\adaptation_v2\extracted_frames\v39\v39_125.jpg
v39,v39_126,1250,41.666629,30.000027,3.000003,1920,1080,jpg,C:\Users\wgucg\Desktop\videos\videos\02_model_development\best_frame_selector\adaptation_v2\extracted_frames\v39\v39_126.jpg
v39,v39_127,1260,41.999962,30.000027,3.000003,1920,1080,jpg,C:\Users\wgucg\Desktop\videos\videos\02_model_development\best_frame_selector\adaptation_v2\extracted_frames\v39\v39_127.jpg
v39,v39_128,1270,42.333295,30.000027,3.000003,1920,1080,jpg,C:\Users\wgucg\Desktop\videos\videos\02_model_development\best_frame_selector\adaptation_v2\extracted_frames\v39\v39_128.jpg
v39,v39_129,1280,42.666628,30.000027,3.000003,1920,1080,jpg,C:\Users\wgucg\Desktop\videos\videos\02_model_development\best_frame_selector\adaptation_v2\extracted_frames\v39\v39_129.jpg
v39,v39_130,1290,42.999961,30.000027,3.000003,1920,1080,jpg,C:\Users\wgucg\Desktop\videos\videos\02_model_development\best_frame_selector\adaptation_v2\extracted_frames\v39\v39_130.jpg
v39,v39_131,1300,43.333294,30.000027,3.000003,1920,1080,jpg,C:\Users\wgucg\Desktop\videos\videos\02_model_development\best_frame_selector\adaptation_v2\extracted_frames\v39\v39_131.jpg
v39,v39_132,1310,43.666627,30.000027,3.000003,1920,1080,jpg,C:\Users\wgucg\Desktop\videos\videos\02_model_development\best_frame_selector\adaptation_v2\extracted_frames\v39\v39_132.jpg
v39,v39_133,1320,43.999960,30.000027,3.000003,1920,1080,jpg,C:\Users\wgucg\Desktop\videos\videos\02_model_development\best_frame_selector\adaptation_v2\extracted_frames\v39\v39_133.jpg
v39,v39_134,1330,44.333293,30.000027,3.000003,1920,1080,jpg,C:\Users\wgucg\Desktop\videos\videos\02_model_development\best_frame_selector\adaptation_v2\extracted_frames\v39\v39_134.jpg
v39,v39_135,1340,44.666626,30.000027,3.000003,1920,1080,jpg,C:\Users\wgucg\Desktop\videos\videos\02_model_development\best_frame_selector\adaptation_v2\extracted_frames\v39\v39_135.jpg
v39,v39_136,1350,44.999959,30.000027,3.000003,1920,1080,jpg,C:\Users\wgucg\Desktop\videos\videos\02_model_development\best_frame_selector\adaptation_v2\extracted_frames\v39\v39_136.jpg
v39,v39_137,1360,45.333292,30.000027,3.000003,1920,1080,jpg,C:\Users\wgucg\Desktop\videos\videos\02_model_development\best_frame_selector\adaptation_v2\extracted_frames\v39\v39_137.jpg
v39,v39_138,1370,45.666625,30.000027,3.000003,1920,1080,jpg,C:\Users\wgucg\Desktop\videos\videos\02_model_development\best_frame_selector\adaptation_v2\extracted_frames\v39\v39_138.jpg
v39,v39_139,1380,45.999958,30.000027,3.000003,1920,1080,jpg,C:\Users\wgucg\Desktop\videos\videos\02_model_development\best_frame_selector\adaptation_v2\extracted_frames\v39\v39_139.jpg
v39,v39_140,1390,46.333291,30.000027,3.000003,1920,1080,jpg,C:\Users\wgucg\Desktop\videos\videos\02_model_development\best_frame_selector\adaptation_v2\extracted_frames\v39\v39_140.jpg
v39,v39_141,1400,46.666624,30.000027,3.000003,1920,1080,jpg,C:\Users\wgucg\Desktop\videos\videos\02_model_development\best_frame_selector\adaptation_v2\extracted_frames\v39\v39_141.jpg
v39,v39_142,1410,46.999957,30.000027,3.000003,1920,1080,jpg,C:\Users\wgucg\Desktop\videos\videos\02_model_development\best_frame_selector\adaptation_v2\extracted_frames\v39\v39_142.jpg
v39,v39_143,1420,47.333290,30.000027,3.000003,1920,1080,jpg,C:\Users\wgucg\Desktop\videos\videos\02_model_development\best_frame_selector\adaptation_v2\extracted_frames\v39\v39_143.jpg
v39,v39_144,1430,47.666623,30.000027,3.000003,1920,1080,jpg,C:\Users\wgucg\Desktop\videos\videos\02_model_development\best_frame_selector\adaptation_v2\extracted_frames\v39\v39_144.jpg
v39,v39_145,1440,47.999956,30.000027,3.000003,1920,1080,jpg,C:\Users\wgucg\Desktop\videos\videos\02_model_development\best_frame_selector\adaptation_v2\extracted_frames\v39\v39_145.jpg
v39,v39_146,1450,48.333289,30.000027,3.000003,1920,1080,jpg,C:\Users\wgucg\Desktop\videos\videos\02_model_development\best_frame_selector\adaptation_v2\extracted_frames\v39\v39_146.jpg
v39,v39_147,1460,48.666622,30.000027,3.000003,1920,1080,jpg,C:\Users\wgucg\Desktop\videos\videos\02_model_development\best_frame_selector\adaptation_v2\extracted_frames\v39\v39_147.jpg
v39,v39_148,1470,48.999955,30.000027,3.000003,1920,1080,jpg,C:\Users\wgucg\Desktop\videos\videos\02_model_development\best_frame_selector\adaptation_v2\extracted_frames\v39\v39_148.jpg
v39,v39_149,1480,49.333289,30.000027,3.000003,1920,1080,jpg,C:\Users\wgucg\Desktop\videos\videos\02_model_development\best_frame_selector\adaptation_v2\extracted_frames\v39\v39_149.jpg
v39,v39_150,1490,49.666622,30.000027,3.000003,1920,1080,jpg,C:\Users\wgucg\Desktop\videos\videos\02_model_development\best_frame_selector\adaptation_v2\extracted_frames\v39\v39_150.jpg
v39,v39_151,1500,49.999955,30.000027,3.000003,1920,1080,jpg,C:\Users\wgucg\Desktop\videos\videos\02_model_development\best_frame_selector\adaptation_v2\extracted_frames\v39\v39_151.jpg
v39,v39_152,1510,50.333288,30.000027,3.000003,1920,1080,jpg,C:\Users\wgucg\Desktop\videos\videos\02_model_development\best_frame_selector\adaptation_v2\extracted_frames\v39\v39_152.jpg
v39,v39_153,1520,50.666621,30.000027,3.000003,1920,1080,jpg,C:\Users\wgucg\Desktop\videos\videos\02_model_development\best_frame_selector\adaptation_v2\extracted_frames\v39\v39_153.jpg
v39,v39_154,1530,50.999954,30.000027,3.000003,1920,1080,jpg,C:\Users\wgucg\Desktop\videos\videos\02_model_development\best_frame_selector\adaptation_v2\extracted_frames\v39\v39_154.jpg
v39,v39_155,1540,51.333287,30.000027,3.000003,1920,1080,jpg,C:\Users\wgucg\Desktop\videos\videos\02_model_development\best_frame_selector\adaptation_v2\extracted_frames\v39\v39_155.jpg
v39,v39_156,1550,51.666620,30.000027,3.000003,1920,1080,jpg,C:\Users\wgucg\Desktop\videos\videos\02_model_development\best_frame_selector\adaptation_v2\extracted_frames\v39\v39_156.jpg
v39,v39_157,1560,51.999953,30.000027,3.000003,1920,1080,jpg,C:\Users\wgucg\Desktop\videos\videos\02_model_development\best_frame_selector\adaptation_v2\extracted_frames\v39\v39_157.jpg
v39,v39_158,1570,52.333286,30.000027,3.000003,1920,1080,jpg,C:\Users\wgucg\Desktop\videos\videos\02_model_development\best_frame_selector\adaptation_v2\extracted_frames\v39\v39_158.jpg
v39,v39_159,1580,52.666619,30.000027,3.000003,1920,1080,jpg,C:\Users\wgucg\Desktop\videos\videos\02_model_development\best_frame_selector\adaptation_v2\extracted_frames\v39\v39_159.jpg
v39,v39_160,1590,52.999952,30.000027,3.000003,1920,1080,jpg,C:\Users\wgucg\Desktop\videos\videos\02_model_development\best_frame_selector\adaptation_v2\extracted_frames\v39\v39_160.jpg
v39,v39_161,1600,53.333285,30.000027,3.000003,1920,1080,jpg,C:\Users\wgucg\Desktop\videos\videos\02_model_development\best_frame_selector\adaptation_v2\extracted_frames\v39\v39_161.jpg
v39,v39_162,1610,53.666618,30.000027,3.000003,1920,1080,jpg,C:\Users\wgucg\Desktop\videos\videos\02_model_development\best_frame_selector\adaptation_v2\extracted_frames\v39\v39_162.jpg
v39,v39_163,1620,53.999951,30.000027,3.000003,1920,1080,jpg,C:\Users\wgucg\Desktop\videos\videos\02_model_development\best_frame_selector\adaptation_v2\extracted_frames\v39\v39_163.jpg
v39,v39_164,1630,54.333284,30.000027,3.000003,1920,1080,jpg,C:\Users\wgucg\Desktop\videos\videos\02_model_development\best_frame_selector\adaptation_v2\extracted_frames\v39\v39_164.jpg
v39,v39_165,1640,54.666617,30.000027,3.000003,1920,1080,jpg,C:\Users\wgucg\Desktop\videos\videos\02_model_development\best_frame_selector\adaptation_v2\extracted_frames\v39\v39_165.jpg
v39,v39_166,1650,54.999950,30.000027,3.000003,1920,1080,jpg,C:\Users\wgucg\Desktop\videos\videos\02_model_development\best_frame_selector\adaptation_v2\extracted_frames\v39\v39_166.jpg
v39,v39_167,1660,55.333283,30.000027,3.000003,1920,1080,jpg,C:\Users\wgucg\Desktop\videos\videos\02_model_development\best_frame_selector\adaptation_v2\extracted_frames\v39\v39_167.jpg
v39,v39_168,1670,55.666616,30.000027,3.000003,1920,1080,jpg,C:\Users\wgucg\Desktop\videos\videos\02_model_development\best_frame_selector\adaptation_v2\extracted_frames\v39\v39_168.jpg
v39,v39_169,1680,55.999949,30.000027,3.000003,1920,1080,jpg,C:\Users\wgucg\Desktop\videos\videos\02_model_development\best_frame_selector\adaptation_v2\extracted_frames\v39\v39_169.jpg
v39,v39_170,1690,56.333282,30.000027,3.000003,1920,1080,jpg,C:\Users\wgucg\Desktop\videos\videos\02_model_development\best_frame_selector\adaptation_v2\extracted_frames\v39\v39_170.jpg
v39,v39_171,1700,56.666615,30.000027,3.000003,1920,1080,jpg,C:\Users\wgucg\Desktop\videos\videos\02_model_development\best_frame_selector\adaptation_v2\extracted_frames\v39\v39_171.jpg
v39,v39_172,1710,56.999948,30.000027,3.000003,1920,1080,jpg,C:\Users\wgucg\Desktop\videos\videos\02_model_development\best_frame_selector\adaptation_v2\extracted_frames\v39\v39_172.jpg
v39,v39_173,1720,57.333281,30.000027,3.000003,1920,1080,jpg,C:\Users\wgucg\Desktop\videos\videos\02_model_development\best_frame_selector\adaptation_v2\extracted_frames\v39\v39_173.jpg
v39,v39_174,1730,57.666614,30.000027,3.000003,1920,1080,jpg,C:\Users\wgucg\Desktop\videos\videos\02_model_development\best_frame_selector\adaptation_v2\extracted_frames\v39\v39_174.jpg
v39,v39_175,1740,57.999947,30.000027,3.000003,1920,1080,jpg,C:\Users\wgucg\Desktop\videos\videos\02_model_development\best_frame_selector\adaptation_v2\extracted_frames\v39\v39_175.jpg
v39,v39_176,1750,58.333280,30.000027,3.000003,1920,1080,jpg,C:\Users\wgucg\Desktop\videos\videos\02_model_development\best_frame_selector\adaptation_v2\extracted_frames\v39\v39_176.jpg
v39,v39_177,1760,58.666613,30.000027,3.000003,1920,1080,jpg,C:\Users\wgucg\Desktop\videos\videos\02_model_development\best_frame_selector\adaptation_v2\extracted_frames\v39\v39_177.jpg
v39,v39_178,1770,58.999946,30.000027,3.000003,1920,1080,jpg,C:\Users\wgucg\Desktop\videos\videos\02_model_development\best_frame_selector\adaptation_v2\extracted_frames\v39\v39_178.jpg
v39,v39_179,1780,59.333279,30.000027,3.000003,1920,1080,jpg,C:\Users\wgucg\Desktop\videos\videos\02_model_development\best_frame_selector\adaptation_v2\extracted_frames\v39\v39_179.jpg
v39,v39_180,1790,59.666612,30.000027,3.000003,1920,1080,jpg,C:\Users\wgucg\Desktop\videos\videos\02_model_development\best_frame_selector\adaptation_v2\extracted_frames\v39\v39_180.jpg
v39,v39_181,1800,59.999945,30.000027,3.000003,1920,1080,jpg,C:\Users\wgucg\Desktop\videos\videos\02_model_development\best_frame_selector\adaptation_v2\extracted_frames\v39\v39_181.jpg
v39,v39_182,1810,60.333279,30.000027,3.000003,1920,1080,jpg,C:\Users\wgucg\Desktop\videos\videos\02_model_development\best_frame_selector\adaptation_v2\extracted_frames\v39\v39_182.jpg
v39,v39_183,1820,60.666612,30.000027,3.000003,1920,1080,jpg,C:\Users\wgucg\Desktop\videos\videos\02_model_development\best_frame_selector\adaptation_v2\extracted_frames\v39\v39_183.jpg
v39,v39_184,1830,60.999945,30.000027,3.000003,1920,1080,jpg,C:\Users\wgucg\Desktop\videos\videos\02_model_development\best_frame_selector\adaptation_v2\extracted_frames\v39\v39_184.jpg
v39,v39_185,1840,61.333278,30.000027,3.000003,1920,1080,jpg,C:\Users\wgucg\Desktop\videos\videos\02_model_development\best_frame_selector\adaptation_v2\extracted_frames\v39\v39_185.jpg
v39,v39_186,1850,61.666611,30.000027,3.000003,1920,1080,jpg,C:\Users\wgucg\Desktop\videos\videos\02_model_development\best_frame_selector\adaptation_v2\extracted_frames\v39\v39_186.jpg
v39,v39_187,1860,61.999944,30.000027,3.000003,1920,1080,jpg,C:\Users\wgucg\Desktop\videos\videos\02_model_development\best_frame_selector\adaptation_v2\extracted_frames\v39\v39_187.jpg
v39,v39_188,1870,62.333277,30.000027,3.000003,1920,1080,jpg,C:\Users\wgucg\Desktop\videos\videos\02_model_development\best_frame_selector\adaptation_v2\extracted_frames\v39\v39_188.jpg
v39,v39_189,1880,62.666610,30.000027,3.000003,1920,1080,jpg,C:\Users\wgucg\Desktop\videos\videos\02_model_development\best_frame_selector\adaptation_v2\extracted_frames\v39\v39_189.jpg
v39,v39_190,1890,62.999943,30.000027,3.000003,1920,1080,jpg,C:\Users\wgucg\Desktop\videos\videos\02_model_development\best_frame_selector\adaptation_v2\extracted_frames\v39\v39_190.jpg
v39,v39_191,1900,63.333276,30.000027,3.000003,1920,1080,jpg,C:\Users\wgucg\Desktop\videos\videos\02_model_development\best_frame_selector\adaptation_v2\extracted_frames\v39\v39_191.jpg
v39,v39_192,1910,63.666609,30.000027,3.000003,1920,1080,jpg,C:\Users\wgucg\Desktop\videos\videos\02_model_development\best_frame_selector\adaptation_v2\extracted_frames\v39\v39_192.jpg
v39,v39_193,1920,63.999942,30.000027,3.000003,1920,1080,jpg,C:\Users\wgucg\Desktop\videos\videos\02_model_development\best_frame_selector\adaptation_v2\extracted_frames\v39\v39_193.jpg
v39,v39_194,1930,64.333275,30.000027,3.000003,1920,1080,jpg,C:\Users\wgucg\Desktop\videos\videos\02_model_development\best_frame_selector\adaptation_v2\extracted_frames\v39\v39_194.jpg
v39,v39_195,1940,64.666608,30.000027,3.000003,1920,1080,jpg,C:\Users\wgucg\Desktop\videos\videos\02_model_development\best_frame_selector\adaptation_v2\extracted_frames\v39\v39_195.jpg
v39,v39_196,1950,64.999941,30.000027,3.000003,1920,1080,jpg,C:\Users\wgucg\Desktop\videos\videos\02_model_development\best_frame_selector\adaptation_v2\extracted_frames\v39\v39_196.jpg
v39,v39_197,1960,65.333274,30.000027,3.000003,1920,1080,jpg,C:\Users\wgucg\Desktop\videos\videos\02_model_development\best_frame_selector\adaptation_v2\extracted_frames\v39\v39_197.jpg
v39,v39_198,1970,65.666607,30.000027,3.000003,1920,1080,jpg,C:\Users\wgucg\Desktop\videos\videos\02_model_development\best_frame_selector\adaptation_v2\extracted_frames\v39\v39_198.jpg
v39,v39_199,1980,65.999940,30.000027,3.000003,1920,1080,jpg,C:\Users\wgucg\Desktop\videos\videos\02_model_development\best_frame_selector\adaptation_v2\extracted_frames\v39\v39_199.jpg
v39,v39_200,1990,66.333273,30.000027,3.000003,1920,1080,jpg,C:\Users\wgucg\Desktop\videos\videos\02_model_development\best_frame_selector\adaptation_v2\extracted_frames\v39\v39_200.jpg
v39,v39_201,2000,66.666606,30.000027,3.000003,1920,1080,jpg,C:\Users\wgucg\Desktop\videos\videos\02_model_development\best_frame_selector\adaptation_v2\extracted_frames\v39\v39_201.jpg
v39,v39_202,2010,66.999939,30.000027,3.000003,1920,1080,jpg,C:\Users\wgucg\Desktop\videos\videos\02_model_development\best_frame_selector\adaptation_v2\extracted_frames\v39\v39_202.jpg
v39,v39_203,2020,67.333272,30.000027,3.000003,1920,1080,jpg,C:\Users\wgucg\Desktop\videos\videos\02_model_development\best_frame_selector\adaptation_v2\extracted_frames\v39\v39_203.jpg
v39,v39_204,2030,67.666605,30.000027,3.000003,1920,1080,jpg,C:\Users\wgucg\Desktop\videos\videos\02_model_development\best_frame_selector\adaptation_v2\extracted_frames\v39\v39_204.jpg
v39,v39_205,2040,67.999938,30.000027,3.000003,1920,1080,jpg,C:\Users\wgucg\Desktop\videos\videos\02_model_development\best_frame_selector\adaptation_v2\extracted_frames\v39\v39_205.jpg
v39,v39_206,2050,68.333271,30.000027,3.000003,1920,1080,jpg,C:\Users\wgucg\Desktop\videos\videos\02_model_development\best_frame_selector\adaptation_v2\extracted_frames\v39\v39_206.jpg
v39,v39_207,2060,68.666604,30.000027,3.000003,1920,1080,jpg,C:\Users\wgucg\Desktop\videos\videos\02_model_development\best_frame_selector\adaptation_v2\extracted_frames\v39\v39_207.jpg
v39,v39_208,2070,68.999937,30.000027,3.000003,1920,1080,jpg,C:\Users\wgucg\Desktop\videos\videos\02_model_development\best_frame_selector\adaptation_v2\extracted_frames\v39\v39_208.jpg
v39,v39_209,2080,69.333270,30.000027,3.000003,1920,1080,jpg,C:\Users\wgucg\Desktop\videos\videos\02_model_development\best_frame_selector\adaptation_v2\extracted_frames\v39\v39_209.jpg
v39,v39_210,2090,69.666603,30.000027,3.000003,1920,1080,jpg,C:\Users\wgucg\Desktop\videos\videos\02_model_development\best_frame_selector\adaptation_v2\extracted_frames\v39\v39_210.jpg
v39,v39_211,2100,69.999936,30.000027,3.000003,1920,1080,jpg,C:\Users\wgucg\Desktop\videos\videos\02_model_development\best_frame_selector\adaptation_v2\extracted_frames\v39\v39_211.jpg
v39,v39_212,2110,70.333269,30.000027,3.000003,1920,1080,jpg,C:\Users\wgucg\Desktop\videos\videos\02_model_development\best_frame_selector\adaptation_v2\extracted_frames\v39\v39_212.jpg
v39,v39_213,2120,70.666602,30.000027,3.000003,1920,1080,jpg,C:\Users\wgucg\Desktop\videos\videos\02_model_development\best_frame_selector\adaptation_v2\extracted_frames\v39\v39_213.jpg
v39,v39_214,2130,70.999936,30.000027,3.000003,1920,1080,jpg,C:\Users\wgucg\Desktop\videos\videos\02_model_development\best_frame_selector\adaptation_v2\extracted_frames\v39\v39_214.jpg
v39,v39_215,2140,71.333269,30.000027,3.000003,1920,1080,jpg,C:\Users\wgucg\Desktop\videos\videos\02_model_development\best_frame_selector\adaptation_v2\extracted_frames\v39\v39_215.jpg
