video_id,event_id,frame_id,state
v01,,v01_001,INVALID
v01,,v01_002,INVALID
v01,,v01_003,INVALID
v01,,v01_004,INVALID
v01,,v01_005,INVALID
v01,,v01_006,INVALID
v01,,v01_007,INVALID
v01,,v01_008,INVALID
v01,,v01_009,INVALID
v01,,v01_010,INVALID
v01,,v01_011,INVALID
v01,,v01_012,INVALID
v01,,v01_013,INVALID
v01,,v01_014,INVALID
v01,,v01_015,INVALID
v01,v01_E001,v01_016,NOT_READY
v01,v01_E001,v01_017,NOT_READY
v01,v01_E001,v01_018,NOT_READY
v01,v01_E001,v01_019,NOT_READY
v01,v01_E001,v01_020,NOT_READY
v01,v01_E001,v01_021,NOT_READY
v01,v01_E001,v01_022,NOT_READY
v01,v01_E001,v01_023,NOT_READY
v01,v01_E001,v01_024,NOT_READY
v01,v01_E001,v01_025,NOT_READY
v01,v01_E001,v01_026,NOT_READY
v01,v01_E001,v01_027,NOT_READY
v01,v01_E001,v01_028,NOT_READY
v01,v01_E001,v01_029,READY
v01,v01_E001,v01_030,READY
v01,v01_E001,v01_031,READY
v01,v01_E001,v01_032,READY
v01,v01_E001,v01_033,READY
v01,v01_E001,v01_034,READY
v01,v01_E001,v01_035,READY
v01,v01_E001,v01_036,READY
v01,v01_E001,v01_037,READY
v01,v01_E001,v01_038,READY
v01,v01_E001,v01_039,READY
v01,v01_E001,v01_040,READY
v01,v01_E001,v01_041,READY
v01,v01_E001,v01_042,READY
v01,v01_E001,v01_043,READY
v01,v01_E001,v01_044,READY
v01,v01_E001,v01_045,READY
v01,v01_E001,v01_046,READY
v01,v01_E001,v01_047,READY
v01,v01_E001,v01_048,READY
v01,v01_E001,v01_049,READY
v01,v01_E001,v01_050,READY
v01,v01_E001,v01_051,READY
v01,v01_E001,v01_052,READY
v01,v01_E001,v01_053,READY
v01,v01_E001,v01_054,READY
v01,v01_E001,v01_055,READY
v01,v01_E001,v01_056,READY
v01,v01_E001,v01_057,READY
v01,v01_E001,v01_058,READY
v01,v01_E001,v01_059,READY
v01,v01_E001,v01_060,READY
v01,v01_E001,v01_061,READY
v01,v01_E001,v01_062,READY
v01,v01_E001,v01_063,READY
v01,v01_E001,v01_064,READY
v01,v01_E001,v01_065,READY
v01,v01_E001,v01_066,READY
v01,v01_E001,v01_067,READY
v01,v01_E001,v01_068,READY
v01,v01_E001,v01_069,READY
v01,v01_E001,v01_070,READY
v01,v01_E001,v01_071,READY
v01,v01_E001,v01_072,READY
v01,v01_E001,v01_073,READY
v01,v01_E001,v01_074,READY
v01,v01_E001,v01_075,READY
v01,v01_E001,v01_076,READY
v01,v01_E001,v01_077,READY
v01,v01_E001,v01_078,READY
v01,v01_E001,v01_079,READY
v01,v01_E001,v01_080,READY
v01,v01_E001,v01_081,READY
v01,v01_E001,v01_082,READY
v01,v01_E001,v01_083,READY
v01,v01_E001,v01_084,READY
v01,v01_E001,v01_085,READY
v01,v01_E001,v01_086,READY
v01,v01_E001,v01_087,READY
v01,v01_E001,v01_088,READY
v01,v01_E001,v01_089,READY
v01,v01_E001,v01_090,READY
v01,v01_E001,v01_091,READY
v01,v01_E001,v01_092,READY
v01,v01_E001,v01_093,READY
v01,v01_E001,v01_094,READY
v01,v01_E001,v01_095,READY
v01,v01_E001,v01_096,READY
v01,v01_E001,v01_097,READY
v01,v01_E001,v01_098,READY
v01,v01_E001,v01_099,READY
v01,v01_E001,v01_100,READY
v01,v01_E001,v01_101,READY
v01,v01_E001,v01_102,READY
v01,v01_E001,v01_103,READY
v01,v01_E001,v01_104,READY
v01,v01_E001,v01_105,READY
v01,v01_E001,v01_106,READY
v01,v01_E001,v01_107,READY
v01,v01_E001,v01_108,READY
v01,v01_E001,v01_109,READY
v01,v01_E001,v01_110,READY
v01,v01_E001,v01_111,READY
v01,v01_E001,v01_112,READY
v01,v01_E001,v01_113,READY
v01,v01_E001,v01_114,READY
v01,v01_E001,v01_115,READY
v01,v01_E001,v01_116,READY
v01,v01_E001,v01_117,READY
v01,v01_E001,v01_118,READY
v01,v01_E001,v01_119,READY
v01,v01_E001,v01_120,READY
v01,v01_E001,v01_121,READY
v01,v01_E001,v01_122,READY
v01,v01_E001,v01_123,READY
v01,v01_E001,v01_124,READY
v01,v01_E001,v01_125,NOT_READY
v01,v01_E001,v01_126,NOT_READY
v01,v01_E001,v01_127,NOT_READY
v01,,v01_128,INVALID
v01,,v01_129,INVALID
v01,,v01_130,INVALID
v01,,v01_131,INVALID
v01,,v01_132,INVALID
v01,,v01_133,INVALID
v01,,v01_134,INVALID
v01,,v01_135,INVALID
v01,,v01_136,INVALID
v01,,v01_137,INVALID
v01,,v01_138,INVALID
v01,,v01_139,INVALID
v01,,v01_140,INVALID
v01,,v01_141,INVALID
v01,,v01_142,INVALID
v01,,v01_143,INVALID
v01,,v01_144,INVALID
v01,,v01_145,INVALID
v01,,v01_146,INVALID
v01,,v01_147,INVALID
v01,,v01_148,INVALID
v01,,v01_149,INVALID
v01,,v01_150,INVALID
v01,,v01_151,INVALID
v01,,v01_152,INVALID
v01,,v01_153,INVALID
v01,,v01_154,INVALID
v01,,v01_155,INVALID
v01,v01_E002,v01_156,NOT_READY
v01,v01_E002,v01_157,NOT_READY
v01,v01_E002,v01_158,NOT_READY
v01,v01_E002,v01_159,NOT_READY
v01,v01_E002,v01_160,NOT_READY
v01,v01_E002,v01_161,NOT_READY
v01,v01_E002,v01_162,NOT_READY
v01,v01_E002,v01_163,NOT_READY
v01,v01_E002,v01_164,NOT_READY
v01,v01_E002,v01_165,NOT_READY
v01,v01_E002,v01_166,NOT_READY
v01,v01_E002,v01_167,NOT_READY
v01,v01_E002,v01_168,NOT_READY
v01,v01_E002,v01_169,NOT_READY
v01,v01_E002,v01_170,NOT_READY
v01,v01_E002,v01_171,NOT_READY
v01,v01_E002,v01_172,NOT_READY
v01,v01_E002,v01_173,NOT_READY
v01,v01_E002,v01_174,NOT_READY
v01,v01_E002,v01_175,NOT_READY
v01,v01_E002,v01_176,NOT_READY
v01,v01_E002,v01_177,NOT_READY
v01,v01_E002,v01_178,NOT_READY
v01,v01_E002,v01_179,NOT_READY
v01,v01_E002,v01_180,NOT_READY
v01,v01_E002,v01_181,NOT_READY
v01,v01_E002,v01_182,NOT_READY
v01,v01_E002,v01_183,NOT_READY
v01,v01_E002,v01_184,NOT_READY
v01,v01_E002,v01_185,NOT_READY
v01,v01_E002,v01_186,NOT_READY
v01,v01_E002,v01_187,NOT_READY
v01,v01_E002,v01_188,NOT_READY
v01,v01_E002,v01_189,NOT_READY
v01,v01_E002,v01_190,NOT_READY
v01,v01_E002,v01_191,NOT_READY
v01,v01_E002,v01_192,NOT_READY
v01,v01_E002,v01_193,NOT_READY
v01,v01_E002,v01_194,NOT_READY
v01,v01_E002,v01_195,NOT_READY
v01,v01_E002,v01_196,NOT_READY
v01,v01_E002,v01_197,NOT_READY
v01,v01_E002,v01_198,NOT_READY
v01,v01_E002,v01_199,NOT_READY
v01,v01_E002,v01_200,NOT_READY
v01,v01_E002,v01_201,NOT_READY
v01,v01_E002,v01_202,NOT_READY
v01,v01_E002,v01_203,NOT_READY
v01,v01_E002,v01_204,NOT_READY
v01,v01_E002,v01_205,NOT_READY
v01,v01_E002,v01_206,NOT_READY
v01,v01_E002,v01_207,NOT_READY
v01,v01_E002,v01_208,NOT_READY
v01,v01_E002,v01_209,NOT_READY
v01,v01_E002,v01_210,NOT_READY
v01,v01_E002,v01_211,NOT_READY
v01,v01_E002,v01_212,NOT_READY
v01,v01_E002,v01_213,NOT_READY
v01,v01_E002,v01_214,NOT_READY
v01,v01_E002,v01_215,NOT_READY
v01,v01_E002,v01_216,NOT_READY
v01,v01_E002,v01_217,NOT_READY
v01,v01_E002,v01_218,NOT_READY
v01,v01_E002,v01_219,NOT_READY
v01,v01_E002,v01_220,NOT_READY
v01,v01_E002,v01_221,NOT_READY
v01,v01_E002,v01_222,NOT_READY
v01,v01_E002,v01_223,NOT_READY
v01,v01_E002,v01_224,NOT_READY
v01,v01_E002,v01_225,NOT_READY
v01,v01_E002,v01_226,NOT_READY
v01,v01_E002,v01_227,NOT_READY
v01,v01_E002,v01_228,NOT_READY
v01,v01_E002,v01_229,NOT_READY
v01,v01_E002,v01_230,NOT_READY
v01,v01_E002,v01_231,NOT_READY
v01,v01_E002,v01_232,NOT_READY
v01,v01_E002,v01_233,NOT_READY
v01,v01_E002,v01_234,NOT_READY
v01,v01_E002,v01_235,NOT_READY
v01,v01_E002,v01_236,NOT_READY
v01,v01_E002,v01_237,NOT_READY
v01,v01_E002,v01_238,NOT_READY
v01,v01_E002,v01_239,NOT_READY
v01,v01_E002,v01_240,NOT_READY
v01,v01_E002,v01_241,NOT_READY
v01,v01_E002,v01_242,NOT_READY
v01,v01_E002,v01_243,NOT_READY
v01,v01_E002,v01_244,NOT_READY
v01,v01_E002,v01_245,NOT_READY
v01,v01_E002,v01_246,NOT_READY
v01,v01_E002,v01_247,NOT_READY
v01,v01_E002,v01_248,NOT_READY
v01,v01_E002,v01_249,NOT_READY
v01,v01_E002,v01_250,NOT_READY
v01,v01_E002,v01_251,NOT_READY
v01,v01_E002,v01_252,NOT_READY
v01,v01_E002,v01_253,NOT_READY
v01,v01_E002,v01_254,NOT_READY
v01,v01_E002,v01_255,NOT_READY
v01,v01_E002,v01_256,NOT_READY
v01,v01_E002,v01_257,NOT_READY
v01,v01_E002,v01_258,NOT_READY
v01,v01_E002,v01_259,NOT_READY
v01,v01_E002,v01_260,NOT_READY
v01,v01_E002,v01_261,NOT_READY
v01,v01_E002,v01_262,NOT_READY
v01,v01_E002,v01_263,NOT_READY
v01,v01_E002,v01_264,NOT_READY
v01,v01_E002,v01_265,NOT_READY
v01,v01_E002,v01_266,NOT_READY
v01,v01_E002,v01_267,NOT_READY
v01,v01_E002,v01_268,NOT_READY
v01,v01_E002,v01_269,NOT_READY
v01,v01_E002,v01_270,NOT_READY
v01,v01_E002,v01_271,NOT_READY
v01,v01_E002,v01_272,NOT_READY
v01,v01_E002,v01_273,NOT_READY
v01,v01_E002,v01_274,NOT_READY
v01,v01_E002,v01_275,NOT_READY
v01,v01_E002,v01_276,NOT_READY
v01,v01_E002,v01_277,NOT_READY
v01,v01_E002,v01_278,NOT_READY
v01,v01_E002,v01_279,NOT_READY
v01,v01_E002,v01_280,NOT_READY
v01,v01_E002,v01_281,NOT_READY
v01,v01_E002,v01_282,NOT_READY
v01,v01_E002,v01_283,NOT_READY
v01,v01_E002,v01_284,NOT_READY
v01,v01_E002,v01_285,NOT_READY
v01,v01_E002,v01_286,NOT_READY
v01,v01_E002,v01_287,NOT_READY
v01,v01_E002,v01_288,NOT_READY
v01,v01_E002,v01_289,NOT_READY
v01,v01_E002,v01_290,NOT_READY
v01,v01_E002,v01_291,NOT_READY
v01,v01_E002,v01_292,NOT_READY
v01,v01_E002,v01_293,NOT_READY
v01,v01_E002,v01_294,NOT_READY
v01,v01_E002,v01_295,NOT_READY
v01,v01_E002,v01_296,NOT_READY
v01,v01_E002,v01_297,NOT_READY
v01,v01_E002,v01_298,NOT_READY
v01,v01_E002,v01_299,NOT_READY
v01,v01_E002,v01_300,NOT_READY
v01,v01_E002,v01_301,NOT_READY
v01,v01_E002,v01_302,NOT_READY
v01,v01_E002,v01_303,NOT_READY
v01,v01_E002,v01_304,NOT_READY
v01,v01_E002,v01_305,NOT_READY
v01,v01_E002,v01_306,NOT_READY
v01,v01_E002,v01_307,NOT_READY
v01,v01_E002,v01_308,NOT_READY
v01,v01_E002,v01_309,NOT_READY
v01,v01_E002,v01_310,NOT_READY
v01,v01_E002,v01_311,NOT_READY
v01,v01_E002,v01_312,NOT_READY
v01,v01_E002,v01_313,NOT_READY
v01,v01_E002,v01_314,NOT_READY
v01,v01_E002,v01_315,NOT_READY
v01,v01_E002,v01_316,NOT_READY
v01,v01_E002,v01_317,NOT_READY
v01,v01_E002,v01_318,NOT_READY
v01,v01_E002,v01_319,NOT_READY
v01,v01_E002,v01_320,NOT_READY
v01,v01_E002,v01_321,NOT_READY
v01,v01_E002,v01_322,NOT_READY
v01,v01_E002,v01_323,NOT_READY
v01,v01_E002,v01_324,NOT_READY
v01,v01_E002,v01_325,NOT_READY
v01,v01_E002,v01_326,NOT_READY
v01,v01_E002,v01_327,NOT_READY
v01,v01_E002,v01_328,NOT_READY
v01,v01_E002,v01_329,NOT_READY
v01,v01_E002,v01_330,NOT_READY
v01,v01_E002,v01_331,NOT_READY
v01,v01_E002,v01_332,NOT_READY
v01,v01_E002,v01_333,NOT_READY
v01,v01_E002,v01_334,NOT_READY
v01,v01_E002,v01_335,NOT_READY
v01,v01_E002,v01_336,NOT_READY
v01,v01_E002,v01_337,NOT_READY
v01,v01_E002,v01_338,NOT_READY
v01,v01_E002,v01_339,NOT_READY
v01,v01_E002,v01_340,NOT_READY
v01,v01_E002,v01_341,NOT_READY
v01,v01_E002,v01_342,NOT_READY
v01,v01_E002,v01_343,NOT_READY
v01,v01_E002,v01_344,NOT_READY
v01,v01_E002,v01_345,NOT_READY
v01,v01_E002,v01_346,NOT_READY
v01,v01_E002,v01_347,NOT_READY
v01,v01_E002,v01_348,NOT_READY
v01,v01_E002,v01_349,NOT_READY
v01,v01_E002,v01_350,NOT_READY
v01,v01_E002,v01_351,NOT_READY
v01,v01_E002,v01_352,NOT_READY
v01,v01_E002,v01_353,NOT_READY
v01,v01_E002,v01_354,NOT_READY
v01,v01_E002,v01_355,NOT_READY
v01,v01_E002,v01_356,NOT_READY
v01,v01_E002,v01_357,NOT_READY
v01,v01_E002,v01_358,NOT_READY
v01,v01_E002,v01_359,NOT_READY
v01,v01_E002,v01_360,NOT_READY
v01,v01_E002,v01_361,NOT_READY
v01,v01_E002,v01_362,NOT_READY
v01,v01_E002,v01_363,NOT_READY
v01,v01_E002,v01_364,NOT_READY
v01,v01_E002,v01_365,NOT_READY
v01,v01_E002,v01_366,NOT_READY
v01,v01_E002,v01_367,NOT_READY
v01,v01_E002,v01_368,NOT_READY
v01,v01_E002,v01_369,NOT_READY
v01,v01_E002,v01_370,NOT_READY
v01,v01_E002,v01_371,NOT_READY
v01,v01_E002,v01_372,NOT_READY
v01,v01_E002,v01_373,NOT_READY
v01,v01_E002,v01_374,NOT_READY
v01,v01_E002,v01_375,NOT_READY
v01,v01_E002,v01_376,NOT_READY
v01,v01_E002,v01_377,NOT_READY
v01,v01_E002,v01_378,NOT_READY
v01,v01_E002,v01_379,NOT_READY
v01,v01_E002,v01_380,NOT_READY
v01,v01_E002,v01_381,NOT_READY
v01,v01_E002,v01_382,NOT_READY
v01,v01_E002,v01_383,NOT_READY
v01,v01_E002,v01_384,NOT_READY
v01,v01_E002,v01_385,NOT_READY
v01,v01_E002,v01_386,NOT_READY
v01,v01_E002,v01_387,NOT_READY
v01,v01_E002,v01_388,NOT_READY
v01,v01_E002,v01_389,NOT_READY
v01,v01_E002,v01_390,NOT_READY
v01,v01_E002,v01_391,NOT_READY
v01,v01_E002,v01_392,NOT_READY
v01,v01_E002,v01_393,NOT_READY
v01,v01_E002,v01_394,NOT_READY
v01,v01_E002,v01_395,NOT_READY
v01,v01_E002,v01_396,NOT_READY
v01,v01_E002,v01_397,NOT_READY
v01,v01_E002,v01_398,NOT_READY
v01,v01_E002,v01_399,NOT_READY
v01,v01_E002,v01_400,NOT_READY
v01,v01_E002,v01_401,NOT_READY
v01,v01_E002,v01_402,NOT_READY
v01,v01_E002,v01_403,NOT_READY
v01,v01_E002,v01_404,NOT_READY
v01,v01_E002,v01_405,NOT_READY
v01,v01_E002,v01_406,NOT_READY
v01,v01_E002,v01_407,NOT_READY
v01,v01_E002,v01_408,NOT_READY
v01,v01_E002,v01_409,NOT_READY
v01,v01_E002,v01_410,NOT_READY
v01,v01_E002,v01_411,NOT_READY
v01,v01_E002,v01_412,NOT_READY
v01,v01_E002,v01_413,NOT_READY
v01,v01_E002,v01_414,NOT_READY
v01,v01_E002,v01_415,NOT_READY
v01,v01_E002,v01_416,NOT_READY
v01,v01_E002,v01_417,NOT_READY
v01,v01_E002,v01_418,NOT_READY
v01,v01_E002,v01_419,NOT_READY
v01,v01_E002,v01_420,NOT_READY
v01,v01_E002,v01_421,NOT_READY
v01,v01_E002,v01_422,NOT_READY
v01,v01_E002,v01_423,NOT_READY
v01,v01_E002,v01_424,NOT_READY
v01,v01_E002,v01_425,NOT_READY
v01,v01_E002,v01_426,NOT_READY
v01,v01_E002,v01_427,NOT_READY
v01,v01_E002,v01_428,NOT_READY
v01,v01_E002,v01_429,NOT_READY
v01,v01_E002,v01_430,NOT_READY
v01,v01_E002,v01_431,NOT_READY
v01,v01_E002,v01_432,NOT_READY
v01,v01_E002,v01_433,NOT_READY
v01,v01_E002,v01_434,NOT_READY
v01,v01_E002,v01_435,NOT_READY
v01,v01_E002,v01_436,NOT_READY
v01,v01_E002,v01_437,NOT_READY
v01,v01_E002,v01_438,NOT_READY
v01,v01_E002,v01_439,NOT_READY
v01,v01_E002,v01_440,NOT_READY
v01,v01_E002,v01_441,NOT_READY
v01,v01_E002,v01_442,NOT_READY
v01,v01_E002,v01_443,NOT_READY
v01,v01_E002,v01_444,NOT_READY
v01,v01_E002,v01_445,NOT_READY
v01,v01_E002,v01_446,NOT_READY
v01,v01_E002,v01_447,NOT_READY
v01,v01_E002,v01_448,NOT_READY
v01,v01_E002,v01_449,NOT_READY
v01,v01_E002,v01_450,NOT_READY
v01,v01_E002,v01_451,NOT_READY
v01,v01_E002,v01_452,NOT_READY
v01,v01_E002,v01_453,NOT_READY
v01,v01_E002,v01_454,NOT_READY
v01,v01_E002,v01_455,NOT_READY
v01,v01_E002,v01_456,NOT_READY
v01,v01_E002,v01_457,NOT_READY
v01,v01_E002,v01_458,NOT_READY
v01,v01_E002,v01_459,NOT_READY
v01,v01_E002,v01_460,NOT_READY
v01,v01_E002,v01_461,NOT_READY
v01,v01_E002,v01_462,NOT_READY
v01,v01_E002,v01_463,NOT_READY
v01,v01_E002,v01_464,NOT_READY
v01,v01_E002,v01_465,NOT_READY
v02,,v02_001,INVALID
v02,,v02_002,INVALID
v02,,v02_003,INVALID
v02,,v02_004,INVALID
v02,,v02_005,INVALID
v02,,v02_006,INVALID
v02,v02_E001,v02_007,NOT_READY
v02,v02_E001,v02_008,NOT_READY
v02,v02_E001,v02_009,READY
v02,v02_E001,v02_010,READY
v02,v02_E001,v02_011,READY
v02,v02_E001,v02_012,READY
v02,v02_E001,v02_013,READY
v02,v02_E001,v02_014,READY
v02,v02_E001,v02_015,READY
v02,v02_E001,v02_016,READY
v02,v02_E001,v02_017,NOT_READY
v02,v02_E001,v02_018,READY
v02,v02_E001,v02_019,NOT_READY
v02,v02_E001,v02_020,READY
v02,v02_E001,v02_021,READY
v02,v02_E001,v02_022,READY
v02,v02_E001,v02_023,READY
v02,v02_E001,v02_024,READY
v02,v02_E001,v02_025,NOT_READY
v02,v02_E001,v02_026,NOT_READY
v02,v02_E001,v02_027,READY
v02,v02_E001,v02_028,NOT_READY
v02,v02_E001,v02_029,NOT_READY
v02,v02_E001,v02_030,NOT_READY
v02,v02_E001,v02_031,READY
v02,v02_E001,v02_032,READY
v02,v02_E001,v02_033,READY
v02,v02_E001,v02_034,NOT_READY
v02,v02_E001,v02_035,NOT_READY
v02,v02_E001,v02_036,READY
v02,v02_E001,v02_037,READY
v02,v02_E001,v02_038,READY
v02,v02_E001,v02_039,READY
v02,v02_E001,v02_040,READY
v02,v02_E001,v02_041,READY
v02,v02_E001,v02_042,READY
v02,v02_E001,v02_043,NOT_READY
v02,v02_E001,v02_044,NOT_READY
v02,v02_E001,v02_045,NOT_READY
v02,v02_E001,v02_046,NOT_READY
v02,v02_E001,v02_047,NOT_READY
v02,v02_E001,v02_048,NOT_READY
v02,v02_E001,v02_049,NOT_READY
v02,v02_E001,v02_050,NOT_READY
v02,v02_E001,v02_051,NOT_READY
v02,v02_E001,v02_052,NOT_READY
v02,v02_E001,v02_053,NOT_READY
v02,v02_E001,v02_054,NOT_READY
v02,v02_E001,v02_055,NOT_READY
v02,v02_E001,v02_056,NOT_READY
v02,v02_E001,v02_057,NOT_READY
v02,v02_E001,v02_058,NOT_READY
v02,v02_E001,v02_059,NOT_READY
v02,v02_E001,v02_060,NOT_READY
v02,v02_E001,v02_061,NOT_READY
v02,v02_E001,v02_062,NOT_READY
v02,v02_E001,v02_063,NOT_READY
v02,v02_E001,v02_064,NOT_READY
v02,v02_E001,v02_065,NOT_READY
v02,v02_E001,v02_066,NOT_READY
v02,v02_E001,v02_067,INVALID
v02,,v02_068,INVALID
v02,,v02_069,INVALID
v02,,v02_070,INVALID
v02,,v02_071,INVALID
v02,,v02_072,INVALID
v02,,v02_073,INVALID
v02,,v02_074,INVALID
v02,,v02_075,INVALID
v02,,v02_076,INVALID
v02,,v02_077,INVALID
v02,,v02_078,INVALID
v02,,v02_079,INVALID
v02,,v02_080,INVALID
v02,,v02_081,INVALID
v02,,v02_082,INVALID
v02,v02_E002,v02_083,INVALID
v02,v02_E002,v02_084,READY
v02,v02_E002,v02_085,READY
v02,v02_E002,v02_086,READY
v02,v02_E002,v02_087,READY
v02,v02_E002,v02_088,READY
v02,v02_E002,v02_089,READY
v02,v02_E002,v02_090,READY
v02,v02_E002,v02_091,READY
v02,v02_E002,v02_092,NOT_READY
v02,v02_E002,v02_093,NOT_READY
v02,v02_E002,v02_094,NOT_READY
v02,v02_E002,v02_095,NOT_READY
v02,v02_E002,v02_096,READY
v02,v02_E002,v02_097,READY
v02,v02_E002,v02_098,READY
v02,v02_E002,v02_099,READY
v02,v02_E002,v02_100,READY
v02,v02_E002,v02_101,READY
v02,v02_E002,v02_102,READY
v02,v02_E002,v02_103,NOT_READY
v02,v02_E002,v02_104,NOT_READY
v02,v02_E002,v02_105,NOT_READY
v02,v02_E002,v02_106,NOT_READY
v02,v02_E002,v02_107,NOT_READY
v02,v02_E002,v02_108,NOT_READY
v02,v02_E002,v02_109,NOT_READY
v02,v02_E002,v02_110,NOT_READY
v02,v02_E002,v02_111,NOT_READY
v02,v02_E002,v02_112,NOT_READY
v02,v02_E002,v02_113,NOT_READY
v02,v02_E002,v02_114,NOT_READY
v02,v02_E002,v02_115,NOT_READY
v02,v02_E002,v02_116,NOT_READY
v02,v02_E002,v02_117,NOT_READY
v02,v02_E002,v02_118,NOT_READY
v02,v02_E002,v02_119,NOT_READY
v02,v02_E002,v02_120,NOT_READY
v02,v02_E002,v02_121,INVALID
v02,v02_E002,v02_122,INVALID
v02,,v02_123,INVALID
v02,,v02_124,INVALID
v02,,v02_125,INVALID
v02,,v02_126,INVALID
v02,,v02_127,INVALID
v02,,v02_128,INVALID
v02,,v02_129,INVALID
v02,,v02_130,INVALID
v02,,v02_131,INVALID
v02,,v02_132,INVALID
v02,,v02_133,INVALID
v02,,v02_134,INVALID
v02,,v02_135,INVALID
v02,,v02_136,INVALID
v02,,v02_137,INVALID
v02,,v02_138,INVALID
v02,v02_E003,v02_139,READY
v02,v02_E003,v02_140,READY
v02,v02_E003,v02_141,READY
v02,v02_E003,v02_142,NOT_READY
v02,v02_E003,v02_143,NOT_READY
v02,v02_E003,v02_144,READY
v02,v02_E003,v02_145,READY
v02,v02_E003,v02_146,NOT_READY
v02,v02_E003,v02_147,READY
v02,v02_E003,v02_148,NOT_READY
v02,v02_E003,v02_149,READY
v02,v02_E003,v02_150,READY
v02,v02_E003,v02_151,READY
v02,v02_E003,v02_152,READY
v02,v02_E003,v02_153,READY
v02,v02_E003,v02_154,READY
v02,v02_E003,v02_155,READY
v02,v02_E003,v02_156,NOT_READY
v02,v02_E003,v02_157,NOT_READY
v02,v02_E003,v02_158,NOT_READY
v02,v02_E003,v02_159,NOT_READY
v02,v02_E003,v02_160,NOT_READY
v02,v02_E003,v02_161,NOT_READY
v02,v02_E003,v02_162,NOT_READY
v02,v02_E003,v02_163,NOT_READY
v02,v02_E003,v02_164,NOT_READY
v02,v02_E003,v02_165,NOT_READY
v02,v02_E003,v02_166,NOT_READY
v02,v02_E003,v02_167,NOT_READY
v02,v02_E003,v02_168,NOT_READY
v02,v02_E003,v02_169,NOT_READY
v02,,v02_170,INVALID
v02,,v02_171,INVALID
v02,,v02_172,INVALID
v02,,v02_173,INVALID
v02,,v02_174,INVALID
v02,,v02_175,INVALID
v02,,v02_176,INVALID
v02,,v02_177,INVALID
v02,,v02_178,INVALID
v02,,v02_179,INVALID
v02,,v02_180,INVALID
v02,,v02_181,INVALID
v02,,v02_182,INVALID
v02,,v02_183,INVALID
v02,,v02_184,INVALID
v02,,v02_185,INVALID
v02,,v02_186,INVALID
v02,,v02_187,INVALID
v02,,v02_188,INVALID
v02,,v02_189,INVALID
v02,,v02_190,INVALID
v02,,v02_191,INVALID
v02,,v02_192,INVALID
v02,,v02_193,INVALID
v02,,v02_194,INVALID
v02,,v02_195,INVALID
v02,,v02_196,INVALID
v02,,v02_197,INVALID
v02,,v02_198,INVALID
v02,,v02_199,INVALID
v02,,v02_200,INVALID
v02,,v02_201,INVALID
v02,,v02_202,INVALID
v02,,v02_203,INVALID
v02,,v02_204,INVALID
v02,,v02_205,INVALID
v02,,v02_206,INVALID
v02,,v02_207,INVALID
v02,v02_E004,v02_208,NOT_READY
v02,v02_E004,v02_209,READY
v02,v02_E004,v02_210,READY
v02,v02_E004,v02_211,NOT_READY
v02,v02_E004,v02_212,READY
v02,v02_E004,v02_213,READY
v02,v02_E004,v02_214,NOT_READY
v02,v02_E004,v02_215,NOT_READY
v02,v02_E004,v02_216,NOT_READY
v02,v02_E004,v02_217,NOT_READY
v02,v02_E004,v02_218,READY
v02,v02_E004,v02_219,READY
v02,v02_E004,v02_220,READY
v02,v02_E004,v02_221,READY
v02,v02_E004,v02_222,READY
v02,v02_E004,v02_223,READY
v02,v02_E004,v02_224,READY
v02,v02_E004,v02_225,READY
v02,v02_E004,v02_226,READY
v02,v02_E004,v02_227,READY
v02,v02_E004,v02_228,READY
v02,v02_E004,v02_229,READY
v02,v02_E004,v02_230,READY
v02,v02_E004,v02_231,READY
v02,v02_E004,v02_232,READY
v02,v02_E004,v02_233,NOT_READY
v02,v02_E004,v02_234,NOT_READY
v02,v02_E004,v02_235,NOT_READY
v02,v02_E004,v02_236,NOT_READY
v02,v02_E004,v02_237,NOT_READY
v02,v02_E004,v02_238,NOT_READY
v02,v02_E004,v02_239,NOT_READY
v02,v02_E004,v02_240,NOT_READY
v02,v02_E004,v02_241,NOT_READY
v02,v02_E004,v02_242,NOT_READY
v02,v02_E004,v02_243,NOT_READY
v02,v02_E004,v02_244,NOT_READY
v02,v02_E004,v02_245,NOT_READY
v02,v02_E004,v02_246,NOT_READY
v02,v02_E004,v02_247,NOT_READY
v02,v02_E004,v02_248,NOT_READY
v02,v02_E004,v02_249,NOT_READY
v02,v02_E004,v02_250,NOT_READY
v02,v02_E004,v02_251,NOT_READY
v02,v02_E004,v02_252,NOT_READY
v02,v02_E004,v02_253,NOT_READY
v02,v02_E004,v02_254,NOT_READY
v02,v02_E004,v02_255,NOT_READY
v02,v02_E004,v02_256,NOT_READY
v02,v02_E004,v02_257,NOT_READY
v02,v02_E004,v02_258,NOT_READY
v02,v02_E004,v02_259,NOT_READY
v02,v02_E004,v02_260,NOT_READY
v02,v02_E004,v02_261,NOT_READY
v02,v02_E004,v02_262,NOT_READY
v02,v02_E004,v02_263,INVALID
v02,,v02_264,INVALID
v02,,v02_265,INVALID
v02,,v02_266,INVALID
v02,,v02_267,INVALID
v02,,v02_268,INVALID
v02,,v02_269,INVALID
v02,,v02_270,INVALID
v02,,v02_271,INVALID
v02,,v02_272,INVALID
v02,,v02_273,INVALID
v02,,v02_274,INVALID
v02,,v02_275,INVALID
v02,,v02_276,INVALID
v02,,v02_277,INVALID
v02,,v02_278,INVALID
v02,,v02_279,INVALID
v02,,v02_280,INVALID
v02,,v02_281,INVALID
v02,,v02_282,INVALID
v02,,v02_283,INVALID
v02,,v02_284,INVALID
v02,,v02_285,INVALID
v02,,v02_286,INVALID
v02,,v02_287,INVALID
v02,,v02_288,INVALID
v02,,v02_289,INVALID
v02,,v02_290,INVALID
v02,,v02_291,INVALID
v02,,v02_292,INVALID
v02,,v02_293,INVALID
v02,,v02_294,INVALID
v02,,v02_295,INVALID
v02,,v02_296,INVALID
v02,v02_E005,v02_297,NOT_READY
v02,v02_E005,v02_298,NOT_READY
v02,v02_E005,v02_299,NOT_READY
v02,v02_E005,v02_300,NOT_READY
v02,v02_E005,v02_301,NOT_READY
v02,v02_E005,v02_302,READY
v02,v02_E005,v02_303,READY
v02,v02_E005,v02_304,READY
v02,v02_E005,v02_305,READY
v02,v02_E005,v02_306,READY
v02,v02_E005,v02_307,READY
v02,v02_E005,v02_308,READY
v02,v02_E005,v02_309,READY
v02,v02_E005,v02_310,READY
v02,v02_E005,v02_311,READY
v02,v02_E005,v02_312,READY
v02,v02_E005,v02_313,READY
v02,v02_E005,v02_314,READY
v02,v02_E005,v02_315,READY
v02,v02_E005,v02_316,READY
v02,v02_E005,v02_317,NOT_READY
v02,v02_E005,v02_318,NOT_READY
v02,v02_E005,v02_319,NOT_READY
v02,v02_E005,v02_320,NOT_READY
v02,v02_E005,v02_321,NOT_READY
v02,v02_E005,v02_322,NOT_READY
v02,v02_E005,v02_323,NOT_READY
v02,v02_E005,v02_324,NOT_READY
v02,v02_E005,v02_325,NOT_READY
v02,v02_E005,v02_326,NOT_READY
v02,v02_E005,v02_327,NOT_READY
v02,v02_E005,v02_328,NOT_READY
v02,v02_E005,v02_329,NOT_READY
v02,v02_E005,v02_330,NOT_READY
v02,v02_E005,v02_331,NOT_READY
v02,v02_E005,v02_332,NOT_READY
v02,v02_E005,v02_333,NOT_READY
v02,v02_E005,v02_334,NOT_READY
v02,v02_E005,v02_335,NOT_READY
v02,v02_E005,v02_336,NOT_READY
v02,v02_E005,v02_337,NOT_READY
v02,,v02_338,INVALID
v02,,v02_339,INVALID
v02,,v02_340,INVALID
v02,,v02_341,INVALID
v02,,v02_342,INVALID
v02,,v02_343,INVALID
v02,,v02_344,INVALID
v02,,v02_345,INVALID
v02,,v02_346,INVALID
v02,,v02_347,INVALID
v02,,v02_348,INVALID
v02,,v02_349,INVALID
v02,,v02_350,INVALID
v02,,v02_351,INVALID
v02,,v02_352,INVALID
v02,,v02_353,INVALID
v02,,v02_354,INVALID
v02,,v02_355,INVALID
v02,,v02_356,INVALID
v02,v02_E006,v02_357,NOT_READY
v02,v02_E006,v02_358,READY
v02,v02_E006,v02_359,READY
v02,v02_E006,v02_360,READY
v02,v02_E006,v02_361,READY
v02,v02_E006,v02_362,READY
v02,v02_E006,v02_363,READY
v02,v02_E006,v02_364,READY
v02,v02_E006,v02_365,READY
v02,v02_E006,v02_366,READY
v02,v02_E006,v02_367,NOT_READY
v02,v02_E006,v02_368,NOT_READY
v02,v02_E006,v02_369,NOT_READY
v02,v02_E006,v02_370,READY
v02,v02_E006,v02_371,READY
v02,v02_E006,v02_372,READY
v02,v02_E006,v02_373,READY
v02,v02_E006,v02_374,READY
v02,v02_E006,v02_375,READY
v02,v02_E006,v02_376,READY
v02,v02_E006,v02_377,READY
v02,v02_E006,v02_378,READY
v02,v02_E006,v02_379,NOT_READY
v02,v02_E006,v02_380,NOT_READY
v02,v02_E006,v02_381,NOT_READY
v02,v02_E006,v02_382,READY
v02,v02_E006,v02_383,READY
v02,v02_E006,v02_384,READY
v02,v02_E006,v02_385,READY
v02,v02_E006,v02_386,READY
v02,v02_E006,v02_387,READY
v02,v02_E006,v02_388,READY
v02,v02_E006,v02_389,NOT_READY
v02,v02_E006,v02_390,NOT_READY
v02,v02_E006,v02_391,READY
v02,v02_E006,v02_392,READY
v02,v02_E006,v02_393,READY
v02,v02_E006,v02_394,READY
v02,v02_E006,v02_395,READY
v02,v02_E006,v02_396,READY
v02,v02_E006,v02_397,READY
v02,v02_E006,v02_398,READY
v02,v02_E006,v02_399,READY
v02,v02_E006,v02_400,READY
v02,v02_E006,v02_401,READY
v02,v02_E006,v02_402,READY
v02,v02_E006,v02_403,READY
v02,v02_E006,v02_404,READY
v02,v02_E006,v02_405,READY
v02,v02_E006,v02_406,READY
v02,v02_E006,v02_407,READY
v02,v02_E006,v02_408,NOT_READY
v02,v02_E006,v02_409,NOT_READY
v02,v02_E006,v02_410,NOT_READY
v02,v02_E006,v02_411,NOT_READY
v02,v02_E006,v02_412,NOT_READY
v02,v02_E006,v02_413,NOT_READY
v02,v02_E006,v02_414,NOT_READY
v02,v02_E006,v02_415,NOT_READY
v02,v02_E006,v02_416,NOT_READY
v02,v02_E006,v02_417,NOT_READY
v02,v02_E006,v02_418,NOT_READY
v02,v02_E006,v02_419,NOT_READY
v02,v02_E006,v02_420,NOT_READY
v02,v02_E006,v02_421,NOT_READY
v02,v02_E006,v02_422,NOT_READY
v02,v02_E006,v02_423,NOT_READY
v02,v02_E006,v02_424,NOT_READY
v02,v02_E006,v02_425,NOT_READY
v02,v02_E006,v02_426,NOT_READY
v02,v02_E006,v02_427,NOT_READY
v02,v02_E006,v02_428,NOT_READY
v02,,v02_429,INVALID
v02,,v02_430,INVALID
v02,,v02_431,INVALID
v02,,v02_432,INVALID
v02,,v02_433,INVALID
v02,,v02_434,INVALID
v02,,v02_435,INVALID
v02,,v02_436,INVALID
v02,,v02_437,INVALID
v02,,v02_438,INVALID
v02,v02_E007,v02_439,NOT_READY
v02,v02_E007,v02_440,NOT_READY
v02,v02_E007,v02_441,NOT_READY
v02,,v02_442,INVALID
v02,,v02_443,INVALID
v02,,v02_444,INVALID
v02,,v02_445,INVALID
v02,,v02_446,INVALID
v02,,v02_447,INVALID
v02,,v02_448,INVALID
v02,,v02_449,INVALID
v02,,v02_450,INVALID
v02,,v02_451,INVALID
v02,,v02_452,INVALID
v02,,v02_453,INVALID
v02,,v02_454,INVALID
v02,,v02_455,INVALID
v02,,v02_456,INVALID
v02,,v02_457,INVALID
v02,v02_E008,v02_458,READY
v02,v02_E008,v02_459,READY
v02,v02_E008,v02_460,READY
v02,v02_E008,v02_461,READY
v02,v02_E008,v02_462,READY
v02,v02_E008,v02_463,READY
v02,v02_E008,v02_464,READY
v02,v02_E008,v02_465,READY
v02,v02_E008,v02_466,READY
v02,v02_E008,v02_467,READY
v02,v02_E008,v02_468,READY
v02,v02_E008,v02_469,READY
v02,v02_E008,v02_470,READY
v02,v02_E008,v02_471,READY
v02,v02_E008,v02_472,READY
v02,v02_E008,v02_473,READY
v02,v02_E008,v02_474,NOT_READY
v02,v02_E008,v02_475,NOT_READY
v02,v02_E008,v02_476,NOT_READY
v02,v02_E008,v02_477,NOT_READY
v02,v02_E008,v02_478,NOT_READY
v02,v02_E008,v02_479,NOT_READY
v02,v02_E008,v02_480,NOT_READY
v02,v02_E008,v02_481,NOT_READY
v02,v02_E008,v02_482,NOT_READY
v02,v02_E008,v02_483,NOT_READY
v02,v02_E008,v02_484,NOT_READY
v02,v02_E008,v02_485,NOT_READY
v02,v02_E008,v02_486,NOT_READY
v02,v02_E008,v02_487,NOT_READY
v02,v02_E008,v02_488,NOT_READY
v02,v02_E008,v02_489,NOT_READY
v02,v02_E008,v02_490,NOT_READY
v02,,v02_491,INVALID
v02,,v02_492,INVALID
v02,,v02_493,INVALID
v02,,v02_494,INVALID
v02,,v02_495,INVALID
v02,,v02_496,INVALID
v02,,v02_497,INVALID
v02,,v02_498,INVALID
v02,,v02_499,INVALID
v02,,v02_500,INVALID
v02,,v02_501,INVALID
v02,,v02_502,INVALID
v02,,v02_503,INVALID
v02,,v02_504,INVALID
v02,,v02_505,INVALID
v02,,v02_506,INVALID
v02,,v02_507,INVALID
v02,,v02_508,INVALID
v02,,v02_509,INVALID
v02,,v02_510,INVALID
v02,,v02_511,INVALID
v02,v02_E009,v02_512,NOT_READY
v02,v02_E009,v02_513,READY
v02,v02_E009,v02_514,READY
v02,v02_E009,v02_515,READY
v02,v02_E009,v02_516,READY
v02,v02_E009,v02_517,READY
v02,v02_E009,v02_518,READY
v02,v02_E009,v02_519,READY
v02,v02_E009,v02_520,READY
v02,v02_E009,v02_521,READY
v02,v02_E009,v02_522,READY
v02,v02_E009,v02_523,READY
v02,v02_E009,v02_524,READY
v02,v02_E009,v02_525,NOT_READY
v02,v02_E009,v02_526,NOT_READY
v02,v02_E009,v02_527,NOT_READY
v02,v02_E009,v02_528,NOT_READY
v02,v02_E009,v02_529,NOT_READY
v02,v02_E009,v02_530,NOT_READY
v02,v02_E009,v02_531,NOT_READY
v02,v02_E009,v02_532,NOT_READY
v02,v02_E009,v02_533,NOT_READY
v02,v02_E009,v02_534,NOT_READY
v02,v02_E009,v02_535,NOT_READY
v02,v02_E009,v02_536,NOT_READY
v02,v02_E009,v02_537,NOT_READY
v02,v02_E009,v02_538,NOT_READY
v02,v02_E009,v02_539,NOT_READY
v02,v02_E009,v02_540,NOT_READY
v02,v02_E009,v02_541,NOT_READY
v02,v02_E009,v02_542,NOT_READY
v02,v02_E009,v02_543,NOT_READY
v02,v02_E009,v02_544,NOT_READY
v02,,v02_545,INVALID
v02,,v02_546,INVALID
v02,,v02_547,INVALID
v02,,v02_548,INVALID
v02,,v02_549,INVALID
v02,,v02_550,INVALID
v02,,v02_551,INVALID
v02,,v02_552,INVALID
v02,,v02_553,INVALID
v02,,v02_554,INVALID
v02,,v02_555,INVALID
v02,,v02_556,INVALID
v02,,v02_557,INVALID
v02,,v02_558,INVALID
v02,,v02_559,INVALID
v02,,v02_560,INVALID
v02,,v02_561,INVALID
v02,,v02_562,INVALID
v02,,v02_563,INVALID
v02,,v02_564,INVALID
v02,,v02_565,INVALID
v02,,v02_566,INVALID
v02,,v02_567,INVALID
v02,,v02_568,INVALID
v02,v02_E010,v02_569,NOT_READY
v02,v02_E010,v02_570,READY
v02,v02_E010,v02_571,READY
v02,v02_E010,v02_572,NOT_READY
v02,v02_E010,v02_573,NOT_READY
v02,v02_E010,v02_574,NOT_READY
v02,v02_E010,v02_575,NOT_READY
v02,v02_E010,v02_576,READY
v02,v02_E010,v02_577,READY
v02,v02_E010,v02_578,READY
v02,v02_E010,v02_579,READY
v02,v02_E010,v02_580,READY
v02,v02_E010,v02_581,NOT_READY
v02,v02_E010,v02_582,NOT_READY
v02,v02_E010,v02_583,READY
v02,v02_E010,v02_584,NOT_READY
v02,v02_E010,v02_585,READY
v02,v02_E010,v02_586,READY
v02,v02_E010,v02_587,READY
v02,v02_E010,v02_588,READY
v02,v02_E010,v02_589,NOT_READY
v02,v02_E010,v02_590,NOT_READY
v02,v02_E010,v02_591,NOT_READY
v02,v02_E010,v02_592,READY
v02,v02_E010,v02_593,READY
v02,v02_E010,v02_594,READY
v02,v02_E010,v02_595,READY
v02,v02_E010,v02_596,READY
v02,v02_E010,v02_597,READY
v02,v02_E010,v02_598,READY
v02,v02_E010,v02_599,READY
v02,v02_E010,v02_600,READY
v02,v02_E010,v02_601,READY
v02,v02_E010,v02_602,READY
v02,v02_E010,v02_603,READY
v02,v02_E010,v02_604,READY
v02,v02_E010,v02_605,READY
v02,v02_E010,v02_606,NOT_READY
v02,v02_E010,v02_607,NOT_READY
v02,v02_E010,v02_608,NOT_READY
v02,v02_E010,v02_609,NOT_READY
v02,v02_E010,v02_610,NOT_READY
v02,v02_E010,v02_611,NOT_READY
v02,v02_E010,v02_612,NOT_READY
v02,v02_E010,v02_613,NOT_READY
v02,v02_E010,v02_614,NOT_READY
v02,v02_E010,v02_615,NOT_READY
v02,v02_E010,v02_616,NOT_READY
v02,v02_E010,v02_617,NOT_READY
v02,v02_E010,v02_618,NOT_READY
v02,v02_E010,v02_619,NOT_READY
v02,v02_E010,v02_620,NOT_READY
v02,v02_E010,v02_621,NOT_READY
v02,v02_E010,v02_622,NOT_READY
v02,v02_E010,v02_623,NOT_READY
v02,v02_E010,v02_624,NOT_READY
v02,v02_E010,v02_625,NOT_READY
v02,v02_E010,v02_626,NOT_READY
v02,v02_E010,v02_627,NOT_READY
v02,v02_E010,v02_628,NOT_READY
v02,,v02_629,INVALID
v02,,v02_630,INVALID
v02,,v02_631,INVALID
v02,,v02_632,INVALID
v02,,v02_633,INVALID
v02,,v02_634,INVALID
v02,,v02_635,INVALID
v02,,v02_636,INVALID
v02,,v02_637,INVALID
v02,,v02_638,INVALID
v02,,v02_639,INVALID
v02,,v02_640,INVALID
v02,,v02_641,INVALID
v02,,v02_642,INVALID
v02,,v02_643,INVALID
v02,,v02_644,INVALID
v02,,v02_645,INVALID
v02,,v02_646,INVALID
v02,,v02_647,INVALID
v02,,v02_648,INVALID
v02,,v02_649,INVALID
v02,,v02_650,INVALID
v02,,v02_651,INVALID
v02,,v02_652,INVALID
v02,,v02_653,INVALID
v02,,v02_654,INVALID
v02,,v02_655,INVALID
v02,,v02_656,INVALID
v02,,v02_657,INVALID
v02,,v02_658,INVALID
v02,,v02_659,INVALID
v02,,v02_660,INVALID
v02,,v02_661,INVALID
v02,,v02_662,INVALID
v02,,v02_663,INVALID
v02,,v02_664,INVALID
v02,,v02_665,INVALID
v02,,v02_666,INVALID
v02,,v02_667,INVALID
v02,,v02_668,INVALID
v02,,v02_669,INVALID
v02,,v02_670,INVALID
v02,v02_E011,v02_671,NOT_READY
v02,v02_E011,v02_672,READY
v02,v02_E011,v02_673,READY
v02,v02_E011,v02_674,READY
v02,v02_E011,v02_675,READY
v02,v02_E011,v02_676,READY
v02,v02_E011,v02_677,READY
v02,v02_E011,v02_678,READY
v02,v02_E011,v02_679,READY
v02,v02_E011,v02_680,READY
v02,v02_E011,v02_681,READY
v02,v02_E011,v02_682,READY
v02,v02_E011,v02_683,READY
v02,v02_E011,v02_684,NOT_READY
v02,v02_E011,v02_685,NOT_READY
v02,v02_E011,v02_686,READY
v02,v02_E011,v02_687,READY
v02,v02_E011,v02_688,READY
v02,v02_E011,v02_689,READY
v02,v02_E011,v02_690,READY
v02,v02_E011,v02_691,READY
v02,v02_E011,v02_692,READY
v02,v02_E011,v02_693,READY
v02,v02_E011,v02_694,READY
v02,v02_E011,v02_695,READY
v02,v02_E011,v02_696,READY
v02,v02_E011,v02_697,READY
v02,v02_E011,v02_698,READY
v02,v02_E011,v02_699,READY
v02,v02_E011,v02_700,READY
v02,v02_E011,v02_701,READY
v02,v02_E011,v02_702,READY
v02,v02_E011,v02_703,READY
v02,v02_E011,v02_704,READY
v02,v02_E011,v02_705,READY
v02,v02_E011,v02_706,NOT_READY
v02,v02_E011,v02_707,NOT_READY
v02,v02_E011,v02_708,NOT_READY
v02,v02_E011,v02_709,NOT_READY
v02,v02_E011,v02_710,NOT_READY
v02,v02_E011,v02_711,NOT_READY
v02,v02_E011,v02_712,NOT_READY
v02,v02_E011,v02_713,NOT_READY
v02,v02_E011,v02_714,NOT_READY
v02,v02_E011,v02_715,NOT_READY
v02,v02_E011,v02_716,NOT_READY
v02,v02_E011,v02_717,NOT_READY
v02,v02_E011,v02_718,NOT_READY
v02,v02_E011,v02_719,NOT_READY
v02,v02_E011,v02_720,NOT_READY
v02,v02_E011,v02_721,NOT_READY
v02,v02_E011,v02_722,NOT_READY
v02,v02_E011,v02_723,NOT_READY
v02,v02_E011,v02_724,NOT_READY
v02,v02_E011,v02_725,NOT_READY
v02,v02_E011,v02_726,NOT_READY
v02,v02_E011,v02_727,NOT_READY
v02,v02_E011,v02_728,NOT_READY
v02,,v02_729,INVALID
v02,,v02_730,INVALID
v02,,v02_731,INVALID
v02,,v02_732,INVALID
v02,,v02_733,INVALID
v02,,v02_734,INVALID
v02,,v02_735,INVALID
v02,,v02_736,INVALID
v02,,v02_737,INVALID
v02,,v02_738,INVALID
v02,,v02_739,INVALID
v02,,v02_740,INVALID
v02,,v02_741,INVALID
v02,,v02_742,INVALID
v02,,v02_743,INVALID
v02,,v02_744,INVALID
v02,,v02_745,INVALID
v02,,v02_746,INVALID
v02,,v02_747,INVALID
v02,,v02_748,INVALID
v02,,v02_749,INVALID
v02,,v02_750,INVALID
v02,,v02_751,INVALID
v02,,v02_752,INVALID
v02,,v02_753,INVALID
v02,,v02_754,INVALID
v02,,v02_755,INVALID
v02,,v02_756,INVALID
v02,,v02_757,INVALID
v02,,v02_758,INVALID
v02,,v02_759,INVALID
v02,,v02_760,INVALID
v02,,v02_761,INVALID
v02,,v02_762,INVALID
v02,,v02_763,INVALID
v02,,v02_764,INVALID
v02,,v02_765,INVALID
v02,,v02_766,INVALID
v02,,v02_767,NOT_READY
v02,v02_E012,v02_768,READY
v02,v02_E012,v02_769,READY
v02,v02_E012,v02_770,NOT_READY
v02,v02_E012,v02_771,READY
v02,v02_E012,v02_772,READY
v02,v02_E012,v02_773,READY
v02,v02_E012,v02_774,READY
v02,v02_E012,v02_775,READY
v02,v02_E012,v02_776,READY
v02,v02_E012,v02_777,READY
v02,v02_E012,v02_778,READY
v02,v02_E012,v02_779,READY
v02,v02_E012,v02_780,READY
v02,v02_E012,v02_781,READY
v02,v02_E012,v02_782,READY
v02,v02_E012,v02_783,READY
v02,v02_E012,v02_784,READY
v02,v02_E012,v02_785,READY
v02,v02_E012,v02_786,READY
v02,v02_E012,v02_787,READY
v02,v02_E012,v02_788,READY
v02,v02_E012,v02_789,READY
v02,v02_E012,v02_790,READY
v02,v02_E012,v02_791,READY
v02,v02_E012,v02_792,NOT_READY
v02,v02_E012,v02_793,NOT_READY
v02,v02_E012,v02_794,NOT_READY
v02,v02_E012,v02_795,NOT_READY
v02,v02_E012,v02_796,NOT_READY
v02,v02_E012,v02_797,NOT_READY
v02,v02_E012,v02_798,NOT_READY
v02,v02_E012,v02_799,NOT_READY
v02,v02_E012,v02_800,NOT_READY
v02,v02_E012,v02_801,NOT_READY
v02,v02_E012,v02_802,NOT_READY
v02,v02_E012,v02_803,NOT_READY
v02,v02_E012,v02_804,NOT_READY
v02,v02_E012,v02_805,NOT_READY
v02,v02_E012,v02_806,NOT_READY
v02,v02_E012,v02_807,NOT_READY
v02,v02_E012,v02_808,NOT_READY
v02,v02_E012,v02_809,NOT_READY
v02,v02_E012,v02_810,NOT_READY
v02,v02_E012,v02_811,NOT_READY
v02,v02_E012,v02_812,NOT_READY
v02,v02_E012,v02_813,NOT_READY
v02,v02_E012,v02_814,NOT_READY
v02,v02_E012,v02_815,NOT_READY
v02,,v02_816,INVALID
v02,,v02_817,INVALID
v02,,v02_818,INVALID
v02,,v02_819,INVALID
v02,,v02_820,INVALID
v02,,v02_821,INVALID
v02,,v02_822,INVALID
v02,,v02_823,INVALID
v02,,v02_824,INVALID
v02,,v02_825,INVALID
v02,,v02_826,INVALID
v02,,v02_827,INVALID
v02,,v02_828,INVALID
v02,,v02_829,INVALID
v02,,v02_830,INVALID
v02,,v02_831,INVALID
v02,,v02_832,INVALID
v02,,v02_833,INVALID
v02,,v02_834,INVALID
v02,,v02_835,INVALID
v02,,v02_836,INVALID
v02,,v02_837,INVALID
v02,v02_E013,v02_838,NOT_READY
v02,v02_E013,v02_839,NOT_READY
v02,v02_E013,v02_840,NOT_READY
v02,,v02_841,INVALID
v02,,v02_842,INVALID
v02,,v02_843,INVALID
v02,,v02_844,INVALID
v02,,v02_845,INVALID
v02,,v02_846,INVALID
v02,,v02_847,INVALID
v02,,v02_848,INVALID
v02,,v02_849,INVALID
v02,,v02_850,INVALID
v02,,v02_851,INVALID
v02,,v02_852,INVALID
v02,,v02_853,INVALID
v02,,v02_854,INVALID
v02,,v02_855,INVALID
v02,,v02_856,INVALID
v02,v02_E014,v02_857,NOT_READY
v02,v02_E014,v02_858,READY
v02,v02_E014,v02_859,READY
v02,v02_E014,v02_860,READY
v02,v02_E014,v02_861,READY
v02,v02_E014,v02_862,READY
v02,v02_E014,v02_863,READY
v02,v02_E014,v02_864,READY
v02,v02_E014,v02_865,READY
v02,v02_E014,v02_866,READY
v02,v02_E014,v02_867,READY
v02,v02_E014,v02_868,READY
v02,v02_E014,v02_869,READY
v02,v02_E014,v02_870,READY
v02,v02_E014,v02_871,READY
v02,v02_E014,v02_872,READY
v02,v02_E014,v02_873,NOT_READY
v02,v02_E014,v02_874,NOT_READY
v02,v02_E014,v02_875,NOT_READY
v02,v02_E014,v02_876,NOT_READY
v02,v02_E014,v02_877,NOT_READY
v02,v02_E014,v02_878,NOT_READY
v02,v02_E014,v02_879,NOT_READY
v02,v02_E014,v02_880,NOT_READY
v02,v02_E014,v02_881,NOT_READY
v02,v02_E014,v02_882,NOT_READY
v02,v02_E014,v02_883,NOT_READY
v02,v02_E014,v02_884,NOT_READY
v02,v02_E014,v02_885,NOT_READY
v02,v02_E014,v02_886,NOT_READY
v02,v02_E014,v02_887,NOT_READY
v02,v02_E014,v02_888,NOT_READY
v02,v02_E014,v02_889,NOT_READY
v02,v02_E014,v02_890,NOT_READY
v02,,v02_891,INVALID
v02,,v02_892,INVALID
v02,,v02_893,INVALID
v02,,v02_894,INVALID
v02,,v02_895,INVALID
v02,,v02_896,INVALID
v02,,v02_897,INVALID
v02,,v02_898,INVALID
v02,,v02_899,INVALID
v02,,v02_900,INVALID
v02,,v02_901,INVALID
v02,,v02_902,INVALID
v02,,v02_903,INVALID
v02,,v02_904,INVALID
v02,,v02_905,INVALID
v02,,v02_906,INVALID
v02,,v02_907,INVALID
v02,,v02_908,INVALID
v02,,v02_909,INVALID
v02,,v02_910,INVALID
v02,,v02_911,INVALID
v02,,v02_912,INVALID
v02,,v02_913,INVALID
v02,v02_E015,v02_914,NOT_READY
v02,v02_E015,v02_915,READY
v02,v02_E015,v02_916,READY
v02,v02_E015,v02_917,READY
v02,v02_E015,v02_918,READY
v02,v02_E015,v02_919,READY
v02,v02_E015,v02_920,READY
v02,v02_E015,v02_921,READY
v02,v02_E015,v02_922,READY
v02,v02_E015,v02_923,READY
v02,v02_E015,v02_924,READY
v02,v02_E015,v02_925,READY
v02,v02_E015,v02_926,READY
v02,v02_E015,v02_927,NOT_READY
v02,v02_E015,v02_928,NOT_READY
v02,v02_E015,v02_929,NOT_READY
v02,v02_E015,v02_930,NOT_READY
v02,v02_E015,v02_931,NOT_READY
v02,v02_E015,v02_932,NOT_READY
v02,v02_E015,v02_933,NOT_READY
v02,v02_E015,v02_934,NOT_READY
v02,v02_E015,v02_935,NOT_READY
v02,v02_E015,v02_936,NOT_READY
v02,v02_E015,v02_937,NOT_READY
v02,v02_E015,v02_938,NOT_READY
v02,v02_E015,v02_939,NOT_READY
v02,v02_E015,v02_940,NOT_READY
v02,v02_E015,v02_941,NOT_READY
v02,v02_E015,v02_942,NOT_READY
v02,,v02_943,INVALID
v02,,v02_944,INVALID
v02,,v02_945,INVALID
v02,,v02_946,INVALID
v02,,v02_947,INVALID
v02,,v02_948,INVALID
v02,,v02_949,INVALID
v02,,v02_950,INVALID
v02,,v02_951,INVALID
v02,,v02_952,INVALID
v02,,v02_953,INVALID
v02,,v02_954,INVALID
v02,,v02_955,INVALID
v02,,v02_956,INVALID
v02,,v02_957,INVALID
v02,,v02_958,INVALID
v02,,v02_959,INVALID
v02,,v02_960,INVALID
v02,,v02_961,INVALID
v02,v02_E016,v02_962,NOT_READY
v02,v02_E016,v02_963,NOT_READY
v02,v02_E016,v02_964,NOT_READY
v02,v02_E016,v02_965,NOT_READY
v02,v02_E016,v02_966,NOT_READY
v02,v02_E016,v02_967,NOT_READY
v02,v02_E016,v02_968,NOT_READY
v02,v02_E016,v02_969,NOT_READY
v02,v02_E016,v02_970,NOT_READY
v02,v02_E016,v02_971,NOT_READY
v02,v02_E016,v02_972,NOT_READY
v03,v03_E001,v03_001,READY
v03,v03_E001,v03_002,READY
v03,v03_E001,v03_003,READY
v03,v03_E001,v03_004,READY
v03,v03_E001,v03_005,READY
v03,v03_E001,v03_006,READY
v03,v03_E001,v03_007,READY
v03,v03_E001,v03_008,READY
v03,v03_E001,v03_009,READY
v03,v03_E001,v03_010,READY
v03,v03_E001,v03_011,READY
v03,v03_E001,v03_012,READY
v03,v03_E001,v03_013,READY
v03,v03_E001,v03_014,READY
v03,v03_E001,v03_015,READY
v03,v03_E001,v03_016,READY
v03,v03_E001,v03_017,READY
v03,v03_E001,v03_018,READY
v03,v03_E001,v03_019,READY
v03,v03_E001,v03_020,READY
v03,v03_E001,v03_021,READY
v03,v03_E001,v03_022,READY
v03,v03_E001,v03_023,READY
v03,v03_E001,v03_024,READY
v03,v03_E001,v03_025,READY
v03,v03_E001,v03_026,READY
v03,v03_E001,v03_027,READY
v03,v03_E001,v03_028,READY
v03,v03_E001,v03_029,READY
v03,v03_E001,v03_030,READY
v03,v03_E001,v03_031,READY
v03,v03_E001,v03_032,READY
v03,v03_E001,v03_033,READY
v03,v03_E001,v03_034,READY
v03,v03_E001,v03_035,READY
v03,v03_E001,v03_036,READY
v03,v03_E001,v03_037,READY
v03,v03_E001,v03_038,READY
v03,v03_E001,v03_039,READY
v03,v03_E001,v03_040,READY
v03,v03_E001,v03_041,READY
v03,v03_E001,v03_042,READY
v03,v03_E001,v03_043,READY
v03,v03_E001,v03_044,READY
v03,v03_E001,v03_045,READY
v03,v03_E001,v03_046,READY
v03,v03_E001,v03_047,READY
v03,v03_E001,v03_048,READY
v03,v03_E001,v03_049,NOT_READY
v03,v03_E001,v03_050,NOT_READY
v03,v03_E001,v03_051,NOT_READY
v03,v03_E001,v03_052,NOT_READY
v03,v03_E001,v03_053,NOT_READY
v03,v03_E001,v03_054,NOT_READY
v03,v03_E001,v03_055,NOT_READY
v03,v03_E001,v03_056,NOT_READY
v03,v03_E001,v03_057,NOT_READY
v03,v03_E001,v03_058,NOT_READY
v03,v03_E001,v03_059,NOT_READY
v03,v03_E001,v03_060,NOT_READY
v03,v03_E001,v03_061,NOT_READY
v03,v03_E001,v03_062,NOT_READY
v03,v03_E001,v03_063,NOT_READY
v03,v03_E001,v03_064,NOT_READY
v03,v03_E001,v03_065,NOT_READY
v03,v03_E001,v03_066,NOT_READY
v03,v03_E001,v03_067,NOT_READY
v03,v03_E001,v03_068,NOT_READY
v03,v03_E001,v03_069,NOT_READY
v03,,v03_070,INVALID
v03,,v03_071,INVALID
v03,,v03_072,INVALID
v03,,v03_073,INVALID
v03,,v03_074,INVALID
v03,,v03_075,INVALID
v03,,v03_076,INVALID
v03,,v03_077,INVALID
v03,,v03_078,INVALID
v03,,v03_079,INVALID
v03,,v03_080,INVALID
v03,,v03_081,INVALID
v03,,v03_082,INVALID
v03,v03_E002,v03_083,NOT_READY
v03,v03_E002,v03_084,NOT_READY
v03,v03_E002,v03_085,NOT_READY
v03,v03_E002,v03_086,READY
v03,v03_E002,v03_087,READY
v03,v03_E002,v03_088,READY
v03,v03_E002,v03_089,READY
v03,v03_E002,v03_090,READY
v03,v03_E002,v03_091,READY
v03,v03_E002,v03_092,READY
v03,v03_E002,v03_093,READY
v03,v03_E002,v03_094,READY
v03,v03_E002,v03_095,READY
v03,v03_E002,v03_096,READY
v03,v03_E002,v03_097,READY
v03,v03_E002,v03_098,READY
v03,v03_E002,v03_099,READY
v03,v03_E002,v03_100,READY
v03,v03_E002,v03_101,READY
v03,v03_E002,v03_102,READY
v03,v03_E002,v03_103,READY
v03,v03_E002,v03_104,READY
v03,v03_E002,v03_105,READY
v03,v03_E002,v03_106,READY
v03,v03_E002,v03_107,NOT_READY
v03,v03_E002,v03_108,NOT_READY
v03,v03_E002,v03_109,NOT_READY
v03,v03_E002,v03_110,READY
v03,v03_E002,v03_111,READY
v03,v03_E002,v03_112,READY
v03,v03_E002,v03_113,READY
v03,v03_E002,v03_114,READY
v03,v03_E002,v03_115,READY
v03,v03_E002,v03_116,READY
v03,v03_E002,v03_117,READY
v03,v03_E002,v03_118,READY
v03,v03_E002,v03_119,READY
v03,v03_E002,v03_120,READY
v03,v03_E002,v03_121,READY
v03,v03_E002,v03_122,READY
v03,v03_E002,v03_123,READY
v03,v03_E002,v03_124,READY
v03,v03_E002,v03_125,READY
v03,v03_E002,v03_126,READY
v03,v03_E002,v03_127,READY
v03,v03_E002,v03_128,READY
v03,v03_E002,v03_129,READY
v03,v03_E002,v03_130,READY
v03,v03_E002,v03_131,READY
v03,v03_E002,v03_132,READY
v03,v03_E002,v03_133,READY
v03,v03_E002,v03_134,READY
v03,v03_E002,v03_135,READY
v03,v03_E002,v03_136,READY
v03,v03_E002,v03_137,READY
v03,v03_E002,v03_138,READY
v03,v03_E002,v03_139,READY
v03,v03_E002,v03_140,READY
v03,v03_E002,v03_141,READY
v03,v03_E002,v03_142,READY
v03,v03_E002,v03_143,READY
v03,v03_E002,v03_144,READY
v03,v03_E002,v03_145,READY
v03,v03_E002,v03_146,READY
v03,v03_E002,v03_147,READY
v03,v03_E002,v03_148,READY
v03,v03_E002,v03_149,READY
v03,v03_E002,v03_150,READY
v03,v03_E002,v03_151,READY
v03,v03_E002,v03_152,READY
v03,v03_E002,v03_153,READY
v03,v03_E002,v03_154,READY
v03,v03_E002,v03_155,READY
v03,v03_E002,v03_156,READY
v03,v03_E002,v03_157,READY
v03,v03_E002,v03_158,READY
v03,v03_E002,v03_159,READY
v03,v03_E002,v03_160,READY
v03,v03_E002,v03_161,NOT_READY
v03,v03_E002,v03_162,NOT_READY
v03,v03_E002,v03_163,NOT_READY
v03,v03_E002,v03_164,NOT_READY
v03,v03_E002,v03_165,NOT_READY
v03,v03_E002,v03_166,NOT_READY
v03,v03_E002,v03_167,NOT_READY
v03,v03_E002,v03_168,NOT_READY
v03,v03_E002,v03_169,NOT_READY
v03,v03_E002,v03_170,NOT_READY
v03,v03_E002,v03_171,NOT_READY
v03,v03_E002,v03_172,NOT_READY
v03,v03_E002,v03_173,NOT_READY
v03,v03_E002,v03_174,NOT_READY
v03,v03_E002,v03_175,NOT_READY
v03,v03_E002,v03_176,NOT_READY
v03,v03_E002,v03_177,NOT_READY
v03,v03_E002,v03_178,NOT_READY
v03,v03_E002,v03_179,NOT_READY
v03,v03_E002,v03_180,NOT_READY
v03,v03_E002,v03_181,NOT_READY
v03,v03_E002,v03_182,NOT_READY
v03,v03_E002,v03_183,NOT_READY
v03,v03_E002,v03_184,NOT_READY
v03,v03_E002,v03_185,NOT_READY
v03,v03_E002,v03_186,NOT_READY
v03,v03_E002,v03_187,NOT_READY
v03,v03_E002,v03_188,NOT_READY
v03,v03_E002,v03_189,NOT_READY
v03,v03_E002,v03_190,NOT_READY
v03,v03_E002,v03_191,NOT_READY
v03,v03_E002,v03_192,NOT_READY
v03,v03_E002,v03_193,NOT_READY
v03,v03_E002,v03_194,NOT_READY
v03,v03_E002,v03_195,NOT_READY
v03,v03_E002,v03_196,NOT_READY
v03,v03_E002,v03_197,NOT_READY
v03,v03_E002,v03_198,NOT_READY
v03,v03_E002,v03_199,NOT_READY
v03,v03_E002,v03_200,NOT_READY
v03,v03_E002,v03_201,NOT_READY
v03,v03_E002,v03_202,NOT_READY
v03,v03_E002,v03_203,NOT_READY
v03,v03_E002,v03_204,NOT_READY
v03,v03_E002,v03_205,NOT_READY
v03,,v03_206,INVALID
v03,,v03_207,INVALID
v03,,v03_208,INVALID
v03,,v03_209,INVALID
v03,,v03_210,INVALID
v03,,v03_211,INVALID
v03,,v03_212,INVALID
v03,,v03_213,INVALID
v03,,v03_214,INVALID
v03,,v03_215,INVALID
v03,,v03_216,INVALID
v03,,v03_217,INVALID
v03,,v03_218,INVALID
v03,,v03_219,INVALID
v03,v03_E003,v03_220,NOT_READY
v03,v03_E003,v03_221,NOT_READY
v03,v03_E003,v03_222,NOT_READY
v03,v03_E003,v03_223,READY
v03,v03_E003,v03_224,READY
v03,v03_E003,v03_225,READY
v03,v03_E003,v03_226,READY
v03,v03_E003,v03_227,READY
v03,v03_E003,v03_228,READY
v03,v03_E003,v03_229,READY
v03,v03_E003,v03_230,READY
v03,v03_E003,v03_231,READY
v03,v03_E003,v03_232,READY
v03,v03_E003,v03_233,READY
v03,v03_E003,v03_234,READY
v03,v03_E003,v03_235,READY
v03,v03_E003,v03_236,NOT_READY
v03,v03_E003,v03_237,NOT_READY
v03,v03_E003,v03_238,NOT_READY
v03,v03_E003,v03_239,NOT_READY
v03,v03_E003,v03_240,NOT_READY
v03,v03_E003,v03_241,NOT_READY
v03,v03_E003,v03_242,NOT_READY
v03,v03_E003,v03_243,NOT_READY
v03,v03_E003,v03_244,NOT_READY
v03,v03_E003,v03_245,NOT_READY
v03,v03_E003,v03_246,NOT_READY
v03,v03_E003,v03_247,NOT_READY
v03,v03_E003,v03_248,NOT_READY
v03,v03_E003,v03_249,NOT_READY
v03,v03_E003,v03_250,NOT_READY
v03,v03_E003,v03_251,NOT_READY
v03,v03_E003,v03_252,NOT_READY
v03,v03_E003,v03_253,NOT_READY
v03,v03_E003,v03_254,NOT_READY
v03,v03_E003,v03_255,NOT_READY
v03,v03_E003,v03_256,NOT_READY
v03,v03_E003,v03_257,NOT_READY
v03,v03_E003,v03_258,NOT_READY
v03,v03_E003,v03_259,NOT_READY
v03,v03_E003,v03_260,NOT_READY
v03,v03_E003,v03_261,NOT_READY
v03,v03_E003,v03_262,NOT_READY
v03,v03_E003,v03_263,NOT_READY
v03,v03_E003,v03_264,NOT_READY
v03,v03_E003,v03_265,NOT_READY
v03,v03_E003,v03_266,NOT_READY
v03,v03_E003,v03_267,NOT_READY
v03,v03_E003,v03_268,NOT_READY
v03,v03_E003,v03_269,NOT_READY
v03,v03_E003,v03_270,NOT_READY
v03,v03_E003,v03_271,NOT_READY
v03,v03_E003,v03_272,NOT_READY
v03,v03_E003,v03_273,NOT_READY
v03,v03_E003,v03_274,NOT_READY
v03,v03_E003,v03_275,NOT_READY
v03,v03_E003,v03_276,NOT_READY
v03,v03_E003,v03_277,NOT_READY
v03,v03_E003,v03_278,NOT_READY
v03,v03_E003,v03_279,NOT_READY
v03,v03_E003,v03_280,NOT_READY
v03,v03_E003,v03_281,NOT_READY
v03,v03_E003,v03_282,NOT_READY
v03,v03_E003,v03_283,NOT_READY
v03,v03_E003,v03_284,NOT_READY
v03,v03_E003,v03_285,NOT_READY
v03,v03_E003,v03_286,NOT_READY
v03,v03_E003,v03_287,NOT_READY
v03,v03_E003,v03_288,NOT_READY
v03,,v03_289,INVALID
v03,,v03_290,INVALID
v03,,v03_291,INVALID
v03,,v03_292,INVALID
v03,,v03_293,INVALID
v03,,v03_294,INVALID
v03,,v03_295,INVALID
v03,,v03_296,INVALID
v03,,v03_297,INVALID
v03,,v03_298,INVALID
v03,,v03_299,INVALID
v03,,v03_300,INVALID
v03,,v03_301,INVALID
v03,,v03_302,INVALID
v03,,v03_303,INVALID
v03,,v03_304,INVALID
v03,v03_E004,v03_305,NOT_READY
v03,v03_E004,v03_306,NOT_READY
v03,v03_E004,v03_307,NOT_READY
v03,v03_E004,v03_308,NOT_READY
v03,v03_E004,v03_309,NOT_READY
v03,v03_E004,v03_310,READY
v03,v03_E004,v03_311,READY
v03,v03_E004,v03_312,READY
v03,v03_E004,v03_313,READY
v03,v03_E004,v03_314,READY
v03,v03_E004,v03_315,READY
v03,v03_E004,v03_316,READY
v03,v03_E004,v03_317,READY
v03,v03_E004,v03_318,READY
v03,v03_E004,v03_319,READY
v03,v03_E004,v03_320,READY
v03,v03_E004,v03_321,READY
v03,v03_E004,v03_322,READY
v03,v03_E004,v03_323,READY
v03,v03_E004,v03_324,READY
v03,v03_E004,v03_325,READY
v03,v03_E004,v03_326,READY
v03,v03_E004,v03_327,READY
v03,v03_E004,v03_328,NOT_READY
v03,v03_E004,v03_329,NOT_READY
v03,v03_E004,v03_330,NOT_READY
v03,v03_E004,v03_331,NOT_READY
v03,v03_E004,v03_332,NOT_READY
v03,v03_E004,v03_333,NOT_READY
v03,v03_E004,v03_334,NOT_READY
v03,v03_E004,v03_335,NOT_READY
v03,v03_E004,v03_336,NOT_READY
v03,v03_E004,v03_337,NOT_READY
v03,v03_E004,v03_338,NOT_READY
v03,v03_E004,v03_339,NOT_READY
v03,v03_E004,v03_340,NOT_READY
v03,v03_E004,v03_341,NOT_READY
v03,v03_E004,v03_342,NOT_READY
v03,v03_E004,v03_343,NOT_READY
v03,v03_E004,v03_344,NOT_READY
v03,v03_E004,v03_345,NOT_READY
v03,v03_E004,v03_346,NOT_READY
v03,v03_E004,v03_347,NOT_READY
v03,v03_E004,v03_348,NOT_READY
v03,v03_E004,v03_349,NOT_READY
v03,v03_E004,v03_350,NOT_READY
v03,v03_E004,v03_351,NOT_READY
v03,v03_E004,v03_352,NOT_READY
v03,v03_E004,v03_353,NOT_READY
v03,v03_E004,v03_354,NOT_READY
v03,v03_E004,v03_355,NOT_READY
v03,v03_E004,v03_356,NOT_READY
v03,v03_E004,v03_357,NOT_READY
v03,v03_E004,v03_358,NOT_READY
v03,v03_E004,v03_359,NOT_READY
v03,v03_E004,v03_360,NOT_READY
v03,v03_E004,v03_361,NOT_READY
v03,v03_E004,v03_362,NOT_READY
v03,v03_E004,v03_363,NOT_READY
v03,v03_E004,v03_364,NOT_READY
v03,v03_E004,v03_365,NOT_READY
v03,v03_E004,v03_366,NOT_READY
v03,v03_E004,v03_367,NOT_READY
v03,v03_E004,v03_368,NOT_READY
v03,v03_E004,v03_369,NOT_READY
v03,v03_E004,v03_370,NOT_READY
v03,v03_E004,v03_371,NOT_READY
v03,v03_E004,v03_372,NOT_READY
v03,v03_E004,v03_373,NOT_READY
v03,v03_E004,v03_374,NOT_READY
v03,v03_E004,v03_375,NOT_READY
v03,v03_E004,v03_376,NOT_READY
v03,v03_E004,v03_377,NOT_READY
v03,v03_E004,v03_378,NOT_READY
v03,v03_E004,v03_379,NOT_READY
v03,v03_E004,v03_380,NOT_READY
v03,v03_E004,v03_381,NOT_READY
v03,v03_E004,v03_382,NOT_READY
v03,v03_E004,v03_383,NOT_READY
v03,v03_E004,v03_384,NOT_READY
v03,v03_E004,v03_385,NOT_READY
v03,v03_E004,v03_386,NOT_READY
v03,v03_E004,v03_387,NOT_READY
v03,v03_E004,v03_388,NOT_READY
v03,v03_E004,v03_389,NOT_READY
v03,v03_E004,v03_390,NOT_READY
v03,v03_E004,v03_391,NOT_READY
v03,v03_E004,v03_392,NOT_READY
v03,v03_E004,v03_393,NOT_READY
v03,v03_E004,v03_394,NOT_READY
v03,v03_E004,v03_395,NOT_READY
v03,v03_E004,v03_396,NOT_READY
v03,v03_E004,v03_397,NOT_READY
v03,v03_E004,v03_398,NOT_READY
v03,v03_E004,v03_399,NOT_READY
v03,v03_E004,v03_400,NOT_READY
v03,v03_E004,v03_401,NOT_READY
v03,v03_E004,v03_402,NOT_READY
v03,v03_E004,v03_403,NOT_READY
v03,v03_E004,v03_404,NOT_READY
v03,v03_E004,v03_405,NOT_READY
v03,,v03_406,INVALID
v03,,v03_407,INVALID
v03,,v03_408,INVALID
v03,,v03_409,INVALID
v03,,v03_410,INVALID
v03,,v03_411,INVALID
v03,,v03_412,INVALID
v03,,v03_413,INVALID
v03,,v03_414,INVALID
v03,,v03_415,INVALID
v03,,v03_416,INVALID
v03,,v03_417,INVALID
v03,,v03_418,INVALID
v03,v03_E005,v03_419,NOT_READY
v03,v03_E005,v03_420,NOT_READY
v03,v03_E005,v03_421,NOT_READY
v03,v03_E005,v03_422,READY
v03,v03_E005,v03_423,READY
v03,v03_E005,v03_424,READY
v03,v03_E005,v03_425,READY
v03,v03_E005,v03_426,READY
v03,v03_E005,v03_427,READY
v03,v03_E005,v03_428,READY
v03,v03_E005,v03_429,READY
v03,v03_E005,v03_430,READY
v03,v03_E005,v03_431,READY
v03,v03_E005,v03_432,READY
v03,v03_E005,v03_433,READY
v03,v03_E005,v03_434,READY
v03,v03_E005,v03_435,NOT_READY
v03,v03_E005,v03_436,NOT_READY
v03,v03_E005,v03_437,NOT_READY
v03,v03_E005,v03_438,NOT_READY
v03,v03_E005,v03_439,NOT_READY
v03,v03_E005,v03_440,NOT_READY
v03,v03_E005,v03_441,NOT_READY
v03,v03_E005,v03_442,NOT_READY
v03,v03_E005,v03_443,NOT_READY
v03,v03_E005,v03_444,NOT_READY
v03,v03_E005,v03_445,NOT_READY
v03,v03_E005,v03_446,NOT_READY
v03,v03_E005,v03_447,NOT_READY
v03,v03_E005,v03_448,NOT_READY
v03,v03_E005,v03_449,NOT_READY
v03,v03_E005,v03_450,NOT_READY
v03,v03_E005,v03_451,NOT_READY
v03,v03_E005,v03_452,NOT_READY
v03,v03_E005,v03_453,NOT_READY
v03,v03_E005,v03_454,NOT_READY
v03,v03_E005,v03_455,NOT_READY
v03,v03_E005,v03_456,NOT_READY
v03,v03_E005,v03_457,NOT_READY
v03,v03_E005,v03_458,NOT_READY
v03,v03_E005,v03_459,NOT_READY
v03,v03_E005,v03_460,NOT_READY
v03,v03_E005,v03_461,NOT_READY
v03,v03_E005,v03_462,NOT_READY
v03,v03_E005,v03_463,NOT_READY
v03,v03_E005,v03_464,NOT_READY
v03,v03_E005,v03_465,NOT_READY
v03,v03_E005,v03_466,NOT_READY
v03,v03_E005,v03_467,NOT_READY
v03,v03_E005,v03_468,NOT_READY
v03,v03_E005,v03_469,NOT_READY
v03,v03_E005,v03_470,NOT_READY
v03,v03_E005,v03_471,NOT_READY
v03,v03_E005,v03_472,NOT_READY
v03,v03_E005,v03_473,NOT_READY
v03,v03_E005,v03_474,NOT_READY
v03,v03_E005,v03_475,NOT_READY
v03,v03_E005,v03_476,NOT_READY
v03,v03_E005,v03_477,NOT_READY
v03,v03_E005,v03_478,NOT_READY
v03,v03_E005,v03_479,NOT_READY
v03,v03_E005,v03_480,NOT_READY
v03,v03_E005,v03_481,NOT_READY
v03,v03_E005,v03_482,NOT_READY
v03,v03_E005,v03_483,NOT_READY
v03,v03_E005,v03_484,NOT_READY
v03,v03_E005,v03_485,NOT_READY
v03,v03_E005,v03_486,NOT_READY
v03,v03_E005,v03_487,NOT_READY
v03,v03_E005,v03_488,NOT_READY
v03,v03_E005,v03_489,NOT_READY
v03,v03_E005,v03_490,NOT_READY
v03,v03_E005,v03_491,NOT_READY
v03,v03_E005,v03_492,NOT_READY
v03,,v03_493,INVALID
v03,,v03_494,INVALID
v03,,v03_495,INVALID
v03,,v03_496,INVALID
v03,,v03_497,INVALID
v03,,v03_498,INVALID
v03,v03_E006,v03_499,NOT_READY
v03,,v03_500,INVALID
v03,,v03_501,INVALID
v03,,v03_502,INVALID
v03,,v03_503,INVALID
v03,v03_E007,v03_504,NOT_READY
v03,v03_E007,v03_505,NOT_READY
v03,v03_E007,v03_506,NOT_READY
v03,v03_E007,v03_507,NOT_READY
v03,v03_E007,v03_508,NOT_READY
v03,v03_E007,v03_509,READY
v03,v03_E007,v03_510,READY
v03,v03_E007,v03_511,READY
v03,v03_E007,v03_512,READY
v03,v03_E007,v03_513,READY
v03,v03_E007,v03_514,READY
v03,v03_E007,v03_515,READY
v03,v03_E007,v03_516,READY
v03,v03_E007,v03_517,READY
v03,v03_E007,v03_518,NOT_READY
v03,v03_E007,v03_519,NOT_READY
v03,v03_E007,v03_520,NOT_READY
v03,v03_E007,v03_521,NOT_READY
v03,v03_E007,v03_522,NOT_READY
v03,v03_E007,v03_523,NOT_READY
v03,v03_E007,v03_524,NOT_READY
v03,v03_E007,v03_525,NOT_READY
v03,v03_E007,v03_526,NOT_READY
v03,v03_E007,v03_527,NOT_READY
v03,v03_E007,v03_528,NOT_READY
v03,v03_E007,v03_529,NOT_READY
v03,v03_E007,v03_530,NOT_READY
v03,v03_E007,v03_531,NOT_READY
v03,v03_E007,v03_532,NOT_READY
v03,v03_E007,v03_533,NOT_READY
v03,v03_E007,v03_534,NOT_READY
v03,v03_E007,v03_535,NOT_READY
v03,v03_E007,v03_536,NOT_READY
v03,v03_E007,v03_537,NOT_READY
v03,v03_E007,v03_538,NOT_READY
v03,v03_E007,v03_539,NOT_READY
v03,v03_E007,v03_540,NOT_READY
v03,v03_E007,v03_541,NOT_READY
v03,v03_E007,v03_542,NOT_READY
v03,v03_E007,v03_543,NOT_READY
v03,v03_E007,v03_544,NOT_READY
v03,v03_E007,v03_545,NOT_READY
v03,v03_E007,v03_546,NOT_READY
v03,v03_E007,v03_547,NOT_READY
v03,v03_E007,v03_548,NOT_READY
v03,v03_E007,v03_549,NOT_READY
v03,v03_E007,v03_550,NOT_READY
v03,v03_E007,v03_551,NOT_READY
v03,v03_E007,v03_552,NOT_READY
v03,v03_E007,v03_553,NOT_READY
v03,v03_E007,v03_554,NOT_READY
v03,v03_E007,v03_555,NOT_READY
v03,v03_E007,v03_556,NOT_READY
v03,v03_E007,v03_557,NOT_READY
v03,v03_E007,v03_558,NOT_READY
v03,v03_E007,v03_559,NOT_READY
v03,v03_E007,v03_560,NOT_READY
v03,v03_E007,v03_561,NOT_READY
v03,v03_E007,v03_562,NOT_READY
v03,v03_E007,v03_563,NOT_READY
v03,v03_E007,v03_564,NOT_READY
v03,,v03_565,INVALID
v03,,v03_566,INVALID
v03,,v03_567,INVALID
v03,,v03_568,INVALID
v03,,v03_569,INVALID
v03,,v03_570,INVALID
v03,,v03_571,INVALID
v03,,v03_572,INVALID
v03,,v03_573,INVALID
v03,,v03_574,INVALID
v03,,v03_575,INVALID
v03,,v03_576,INVALID
v03,,v03_577,INVALID
v03,,v03_578,INVALID
v03,,v03_579,INVALID
v03,,v03_580,INVALID
v03,,v03_581,INVALID
v03,,v03_582,INVALID
v03,,v03_583,INVALID
v03,,v03_584,INVALID
v03,,v03_585,INVALID
v03,,v03_586,INVALID
v03,,v03_587,INVALID
v03,,v03_588,INVALID
v03,,v03_589,INVALID
v03,,v03_590,INVALID
v03,,v03_591,INVALID
v03,,v03_592,INVALID
v03,,v03_593,INVALID
v03,,v03_594,INVALID
v03,,v03_595,INVALID
v04,v04_E001,v04_001,READY
v04,v04_E001,v04_002,READY
v04,v04_E001,v04_003,READY
v04,v04_E001,v04_004,READY
v04,v04_E001,v04_005,READY
v04,v04_E001,v04_006,READY
v04,v04_E001,v04_007,READY
v04,v04_E001,v04_008,READY
v04,v04_E001,v04_009,READY
v04,v04_E001,v04_010,READY
v04,v04_E001,v04_011,READY
v04,v04_E001,v04_012,READY
v04,v04_E001,v04_013,READY
v04,v04_E001,v04_014,READY
v04,v04_E001,v04_015,READY
v04,v04_E001,v04_016,READY
v04,v04_E001,v04_017,READY
v04,v04_E001,v04_018,READY
v04,v04_E001,v04_019,READY
v04,v04_E001,v04_020,READY
v04,v04_E001,v04_021,READY
v04,v04_E001,v04_022,READY
v04,v04_E001,v04_023,READY
v04,v04_E001,v04_024,READY
v04,v04_E001,v04_025,READY
v04,v04_E001,v04_026,READY
v04,v04_E001,v04_027,READY
v04,v04_E001,v04_028,READY
v04,v04_E001,v04_029,READY
v04,v04_E001,v04_030,READY
v04,v04_E001,v04_031,READY
v04,v04_E001,v04_032,READY
v04,v04_E001,v04_033,READY
v04,v04_E001,v04_034,READY
v04,v04_E001,v04_035,READY
v04,v04_E001,v04_036,READY
v04,v04_E001,v04_037,READY
v04,v04_E001,v04_038,READY
v04,v04_E001,v04_039,READY
v04,v04_E001,v04_040,READY
v04,v04_E001,v04_041,READY
v04,v04_E001,v04_042,READY
v04,v04_E001,v04_043,READY
v04,v04_E001,v04_044,READY
v04,v04_E001,v04_045,READY
v04,v04_E001,v04_046,READY
v04,v04_E001,v04_047,READY
v04,v04_E001,v04_048,READY
v04,v04_E001,v04_049,READY
v04,v04_E001,v04_050,READY
v04,v04_E001,v04_051,READY
v04,v04_E001,v04_052,READY
v04,v04_E001,v04_053,READY
v04,v04_E001,v04_054,READY
v04,v04_E001,v04_055,READY
v04,v04_E001,v04_056,READY
v04,v04_E001,v04_057,READY
v04,v04_E001,v04_058,READY
v04,v04_E001,v04_059,READY
v04,v04_E001,v04_060,READY
v04,v04_E001,v04_061,READY
v04,v04_E001,v04_062,READY
v04,v04_E001,v04_063,READY
v04,v04_E001,v04_064,READY
v04,v04_E001,v04_065,READY
v04,v04_E001,v04_066,READY
v04,v04_E001,v04_067,READY
v04,v04_E001,v04_068,READY
v04,v04_E001,v04_069,READY
v04,v04_E001,v04_070,READY
v04,v04_E001,v04_071,READY
v04,v04_E001,v04_072,READY
v04,v04_E001,v04_073,READY
v04,v04_E001,v04_074,READY
v04,v04_E001,v04_075,READY
v04,v04_E001,v04_076,READY
v04,v04_E001,v04_077,READY
v04,v04_E001,v04_078,READY
v04,v04_E001,v04_079,READY
v04,v04_E001,v04_080,READY
v04,v04_E001,v04_081,READY
v04,v04_E001,v04_082,READY
v04,v04_E001,v04_083,READY
v04,v04_E001,v04_084,READY
v04,v04_E001,v04_085,READY
v04,v04_E001,v04_086,READY
v04,v04_E001,v04_087,READY
v04,v04_E001,v04_088,READY
v04,v04_E001,v04_089,READY
v04,v04_E001,v04_090,READY
v04,v04_E001,v04_091,READY
v04,v04_E001,v04_092,READY
v04,v04_E001,v04_093,READY
v04,v04_E001,v04_094,READY
v04,v04_E001,v04_095,READY
v04,v04_E001,v04_096,READY
v04,v04_E001,v04_097,READY
v04,v04_E001,v04_098,READY
v04,v04_E001,v04_099,READY
v04,v04_E001,v04_100,READY
v04,v04_E001,v04_101,READY
v04,v04_E001,v04_102,READY
v04,v04_E001,v04_103,READY
v04,v04_E001,v04_104,READY
v04,v04_E001,v04_105,READY
v04,v04_E001,v04_106,READY
v04,v04_E001,v04_107,READY
v04,v04_E001,v04_108,READY
v04,v04_E001,v04_109,NOT_READY
v04,v04_E001,v04_110,NOT_READY
v04,v04_E001,v04_111,NOT_READY
v04,v04_E001,v04_112,NOT_READY
v04,,v04_113,INVALID
v04,,v04_114,INVALID
v04,,v04_115,INVALID
v04,,v04_116,INVALID
v04,,v04_117,INVALID
v04,,v04_118,INVALID
v04,,v04_119,INVALID
v04,,v04_120,INVALID
v04,,v04_121,INVALID
v04,,v04_122,INVALID
v04,,v04_123,INVALID
v04,,v04_124,INVALID
v04,,v04_125,INVALID
v04,,v04_126,INVALID
v04,,v04_127,INVALID
v04,,v04_128,INVALID
v04,,v04_129,INVALID
v04,,v04_130,INVALID
v04,,v04_131,INVALID
v04,,v04_132,INVALID
v04,,v04_133,INVALID
v04,,v04_134,INVALID
v04,,v04_135,INVALID
v04,,v04_136,INVALID
v04,,v04_137,INVALID
v04,,v04_138,INVALID
v04,,v04_139,INVALID
v04,,v04_140,INVALID
v04,,v04_141,INVALID
v04,,v04_142,INVALID
v04,,v04_143,INVALID
v04,,v04_144,INVALID
v04,,v04_145,INVALID
v04,,v04_146,INVALID
v04,,v04_147,INVALID
v04,,v04_148,INVALID
v04,,v04_149,INVALID
v04,,v04_150,INVALID
v04,,v04_151,INVALID
v04,,v04_152,INVALID
v04,,v04_153,INVALID
v04,,v04_154,INVALID
v04,,v04_155,INVALID
v04,,v04_156,INVALID
v04,,v04_157,INVALID
v04,,v04_158,INVALID
v04,,v04_159,INVALID
v04,,v04_160,INVALID
v04,,v04_161,INVALID
v04,,v04_162,INVALID
v04,,v04_163,INVALID
v04,,v04_164,INVALID
v04,v04_E002,v04_165,NOT_READY
v04,v04_E002,v04_166,NOT_READY
v04,v04_E002,v04_167,NOT_READY
v04,v04_E002,v04_168,NOT_READY
v04,v04_E002,v04_169,NOT_READY
v04,v04_E002,v04_170,NOT_READY
v04,v04_E002,v04_171,NOT_READY
v04,v04_E002,v04_172,NOT_READY
v04,v04_E002,v04_173,NOT_READY
v04,v04_E002,v04_174,NOT_READY
v04,v04_E002,v04_175,NOT_READY
v04,v04_E002,v04_176,NOT_READY
v04,v04_E002,v04_177,NOT_READY
v04,v04_E002,v04_178,NOT_READY
v04,v04_E002,v04_179,NOT_READY
v04,v04_E002,v04_180,NOT_READY
v04,v04_E002,v04_181,NOT_READY
v04,v04_E002,v04_182,NOT_READY
v04,v04_E002,v04_183,NOT_READY
v04,v04_E002,v04_184,NOT_READY
v04,v04_E002,v04_185,NOT_READY
v04,v04_E002,v04_186,NOT_READY
v04,v04_E002,v04_187,NOT_READY
v04,v04_E002,v04_188,NOT_READY
v04,v04_E002,v04_189,NOT_READY
v04,v04_E002,v04_190,READY
v04,v04_E002,v04_191,READY
v04,v04_E002,v04_192,READY
v04,v04_E002,v04_193,READY
v04,v04_E002,v04_194,READY
v04,v04_E002,v04_195,READY
v04,v04_E002,v04_196,READY
v04,v04_E002,v04_197,READY
v04,v04_E002,v04_198,READY
v04,v04_E002,v04_199,READY
v04,v04_E002,v04_200,READY
v04,v04_E002,v04_201,READY
v04,v04_E002,v04_202,READY
v04,v04_E002,v04_203,READY
v04,v04_E002,v04_204,READY
v04,v04_E002,v04_205,READY
v04,v04_E002,v04_206,READY
v04,v04_E002,v04_207,READY
v04,v04_E002,v04_208,READY
v04,v04_E002,v04_209,READY
v04,v04_E002,v04_210,READY
v04,v04_E002,v04_211,READY
v04,v04_E002,v04_212,READY
v04,v04_E002,v04_213,READY
v04,v04_E002,v04_214,READY
v04,v04_E002,v04_215,READY
v04,v04_E002,v04_216,READY
v04,v04_E002,v04_217,READY
v04,v04_E002,v04_218,READY
v04,v04_E002,v04_219,READY
v04,v04_E002,v04_220,READY
v04,v04_E002,v04_221,READY
v04,v04_E002,v04_222,READY
v04,v04_E002,v04_223,READY
v04,v04_E002,v04_224,READY
v04,v04_E002,v04_225,READY
v04,v04_E002,v04_226,READY
v04,v04_E002,v04_227,READY
v04,v04_E002,v04_228,READY
v04,v04_E002,v04_229,READY
v04,v04_E002,v04_230,READY
v04,v04_E002,v04_231,READY
v04,v04_E002,v04_232,READY
v04,v04_E002,v04_233,READY
v04,v04_E002,v04_234,READY
v04,v04_E002,v04_235,READY
v04,v04_E002,v04_236,READY
v04,v04_E002,v04_237,READY
v04,v04_E002,v04_238,READY
v04,v04_E002,v04_239,READY
v04,v04_E002,v04_240,READY
v04,v04_E002,v04_241,READY
v04,v04_E002,v04_242,READY
v04,v04_E002,v04_243,READY
v04,v04_E002,v04_244,READY
v04,v04_E002,v04_245,READY
v04,v04_E002,v04_246,READY
v04,v04_E002,v04_247,READY
v04,v04_E002,v04_248,READY
v04,v04_E002,v04_249,READY
v04,v04_E002,v04_250,READY
v04,v04_E002,v04_251,READY
v04,v04_E002,v04_252,READY
v04,v04_E002,v04_253,READY
v04,v04_E002,v04_254,READY
v04,v04_E002,v04_255,READY
v04,v04_E002,v04_256,READY
v04,v04_E002,v04_257,READY
v04,v04_E002,v04_258,READY
v04,v04_E002,v04_259,READY
v04,v04_E002,v04_260,READY
v04,v04_E002,v04_261,READY
v04,v04_E002,v04_262,READY
v04,v04_E002,v04_263,READY
v04,v04_E002,v04_264,READY
v04,v04_E002,v04_265,READY
v04,v04_E002,v04_266,READY
v04,v04_E002,v04_267,READY
v04,v04_E002,v04_268,READY
v04,v04_E002,v04_269,READY
v04,v04_E002,v04_270,READY
v04,v04_E002,v04_271,READY
v04,v04_E002,v04_272,READY
v04,v04_E002,v04_273,READY
v04,v04_E002,v04_274,READY
v04,v04_E002,v04_275,READY
v04,v04_E002,v04_276,READY
v04,v04_E002,v04_277,READY
v04,v04_E002,v04_278,READY
v04,v04_E002,v04_279,READY
v04,v04_E002,v04_280,READY
v04,v04_E002,v04_281,READY
v04,v04_E002,v04_282,READY
v04,v04_E002,v04_283,READY
v04,v04_E002,v04_284,READY
v04,v04_E002,v04_285,READY
v04,v04_E002,v04_286,READY
v04,v04_E002,v04_287,READY
v04,v04_E002,v04_288,READY
v04,v04_E002,v04_289,READY
v04,v04_E002,v04_290,READY
v04,v04_E002,v04_291,READY
v04,v04_E002,v04_292,READY
v04,v04_E002,v04_293,READY
v04,v04_E002,v04_294,READY
v04,v04_E002,v04_295,READY
v04,v04_E002,v04_296,READY
v04,v04_E002,v04_297,READY
v04,v04_E002,v04_298,NOT_READY
v04,v04_E002,v04_299,NOT_READY
v04,v04_E002,v04_300,NOT_READY
v04,v04_E002,v04_301,NOT_READY
v04,,v04_302,INVALID
v04,,v04_303,INVALID
v04,,v04_304,INVALID
v04,,v04_305,INVALID
v04,,v04_306,INVALID
v04,,v04_307,INVALID
v04,,v04_308,INVALID
v04,,v04_309,INVALID
v04,,v04_310,INVALID
v04,,v04_311,INVALID
v04,,v04_312,INVALID
v04,,v04_313,INVALID
v04,,v04_314,INVALID
v04,,v04_315,INVALID
v04,,v04_316,INVALID
v04,,v04_317,INVALID
v04,,v04_318,INVALID
v04,,v04_319,INVALID
v04,,v04_320,INVALID
v04,,v04_321,INVALID
v04,,v04_322,INVALID
v04,,v04_323,INVALID
v04,,v04_324,INVALID
v04,,v04_325,INVALID
v04,,v04_326,INVALID
v04,,v04_327,INVALID
v04,,v04_328,INVALID
v04,,v04_329,INVALID
v04,,v04_330,INVALID
v04,,v04_331,INVALID
v04,,v04_332,INVALID
v04,,v04_333,INVALID
v04,,v04_334,INVALID
v04,,v04_335,INVALID
v04,,v04_336,INVALID
v04,,v04_337,INVALID
v04,,v04_338,INVALID
v04,,v04_339,INVALID
v04,,v04_340,INVALID
v04,,v04_341,INVALID
v04,,v04_342,INVALID
v04,,v04_343,INVALID
v04,,v04_344,INVALID
v04,,v04_345,INVALID
v04,,v04_346,INVALID
v04,,v04_347,INVALID
v04,,v04_348,INVALID
v04,,v04_349,INVALID
v04,,v04_350,INVALID
v04,,v04_351,INVALID
v04,,v04_352,INVALID
v04,,v04_353,INVALID
v04,,v04_354,INVALID
v04,,v04_355,INVALID
v04,,v04_356,INVALID
v04,,v04_357,INVALID
v04,,v04_358,INVALID
v04,,v04_359,INVALID
v04,,v04_360,INVALID
v04,,v04_361,INVALID
v04,,v04_362,INVALID
v04,,v04_363,INVALID
v04,,v04_364,INVALID
v04,,v04_365,INVALID
v04,,v04_366,INVALID
v04,,v04_367,INVALID
v04,v04_E003,v04_368,NOT_READY
v04,v04_E003,v04_369,NOT_READY
v04,v04_E003,v04_370,NOT_READY
v04,v04_E003,v04_371,NOT_READY
v04,v04_E003,v04_372,NOT_READY
v04,v04_E003,v04_373,NOT_READY
v04,v04_E003,v04_374,READY
v04,v04_E003,v04_375,READY
v04,v04_E003,v04_376,NOT_READY
v04,v04_E003,v04_377,NOT_READY
v04,v04_E003,v04_378,NOT_READY
v04,v04_E003,v04_379,NOT_READY
v04,v04_E003,v04_380,READY
v04,v04_E003,v04_381,READY
v04,v04_E003,v04_382,READY
v04,v04_E003,v04_383,READY
v04,v04_E003,v04_384,READY
v04,v04_E003,v04_385,READY
v04,v04_E003,v04_386,READY
v04,v04_E003,v04_387,READY
v04,v04_E003,v04_388,READY
v04,v04_E003,v04_389,READY
v04,v04_E003,v04_390,READY
v04,v04_E003,v04_391,READY
v04,v04_E003,v04_392,READY
v04,v04_E003,v04_393,READY
v04,v04_E003,v04_394,READY
v04,v04_E003,v04_395,READY
v04,v04_E003,v04_396,READY
v04,v04_E003,v04_397,READY
v04,v04_E003,v04_398,READY
v04,v04_E003,v04_399,READY
v04,v04_E003,v04_400,READY
v04,v04_E003,v04_401,READY
v04,v04_E003,v04_402,READY
v04,v04_E003,v04_403,READY
v04,v04_E003,v04_404,READY
v04,v04_E003,v04_405,READY
v04,v04_E003,v04_406,READY
v04,v04_E003,v04_407,READY
v04,v04_E003,v04_408,READY
v04,v04_E003,v04_409,READY
v04,v04_E003,v04_410,READY
v04,v04_E003,v04_411,READY
v04,v04_E003,v04_412,READY
v04,v04_E003,v04_413,READY
v04,v04_E003,v04_414,READY
v04,v04_E003,v04_415,READY
v04,v04_E003,v04_416,READY
v04,v04_E003,v04_417,READY
v04,v04_E003,v04_418,READY
v04,v04_E003,v04_419,READY
v04,v04_E003,v04_420,READY
v04,v04_E003,v04_421,READY
v04,v04_E003,v04_422,READY
v04,v04_E003,v04_423,READY
v04,v04_E003,v04_424,READY
v04,v04_E003,v04_425,READY
v04,v04_E003,v04_426,READY
v04,v04_E003,v04_427,READY
v04,v04_E003,v04_428,READY
v04,v04_E003,v04_429,READY
v04,v04_E003,v04_430,READY
v04,v04_E003,v04_431,READY
v04,v04_E003,v04_432,READY
v04,v04_E003,v04_433,READY
v04,v04_E003,v04_434,READY
v04,v04_E003,v04_435,READY
v04,v04_E003,v04_436,READY
v04,v04_E003,v04_437,READY
v04,v04_E003,v04_438,READY
v04,v04_E003,v04_439,READY
v04,v04_E003,v04_440,READY
v04,v04_E003,v04_441,READY
v04,v04_E003,v04_442,READY
v04,v04_E003,v04_443,READY
v04,v04_E003,v04_444,READY
v04,v04_E003,v04_445,READY
v04,v04_E003,v04_446,READY
v04,v04_E003,v04_447,READY
v04,v04_E003,v04_448,READY
v04,v04_E003,v04_449,READY
v04,v04_E003,v04_450,READY
v04,v04_E003,v04_451,READY
v04,v04_E003,v04_452,READY
v04,v04_E003,v04_453,READY
v04,v04_E003,v04_454,READY
v04,v04_E003,v04_455,READY
v04,v04_E003,v04_456,READY
v04,v04_E003,v04_457,READY
v04,v04_E003,v04_458,READY
v04,v04_E003,v04_459,READY
v04,v04_E003,v04_460,READY
v04,v04_E003,v04_461,READY
v04,v04_E003,v04_462,READY
v04,v04_E003,v04_463,READY
v04,v04_E003,v04_464,READY
v04,v04_E003,v04_465,READY
v04,v04_E003,v04_466,READY
v04,v04_E003,v04_467,READY
v04,v04_E003,v04_468,READY
v04,v04_E003,v04_469,READY
v04,v04_E003,v04_470,READY
v04,v04_E003,v04_471,READY
v04,v04_E003,v04_472,READY
v04,v04_E003,v04_473,READY
v04,v04_E003,v04_474,READY
v04,v04_E003,v04_475,READY
v04,v04_E003,v04_476,READY
v04,v04_E003,v04_477,READY
v04,v04_E003,v04_478,READY
v04,v04_E003,v04_479,READY
v04,v04_E003,v04_480,READY
v04,v04_E003,v04_481,READY
v04,v04_E003,v04_482,READY
v04,v04_E003,v04_483,READY
v04,v04_E003,v04_484,READY
v04,v04_E003,v04_485,READY
v04,v04_E003,v04_486,READY
v04,v04_E003,v04_487,READY
v04,v04_E003,v04_488,READY
v04,v04_E003,v04_489,READY
v04,v04_E003,v04_490,READY
v04,v04_E003,v04_491,READY
v04,v04_E003,v04_492,READY
v04,v04_E003,v04_493,READY
v04,v04_E003,v04_494,READY
v04,v04_E003,v04_495,READY
v04,v04_E003,v04_496,READY
v04,v04_E003,v04_497,READY
v04,v04_E003,v04_498,READY
v04,v04_E003,v04_499,READY
v04,v04_E003,v04_500,READY
v04,v04_E003,v04_501,READY
v04,v04_E003,v04_502,READY
v04,v04_E003,v04_503,READY
v04,v04_E003,v04_504,READY
v04,v04_E003,v04_505,READY
v04,v04_E003,v04_506,READY
v04,v04_E003,v04_507,READY
v04,v04_E003,v04_508,NOT_READY
v04,v04_E003,v04_509,NOT_READY
v04,v04_E003,v04_510,NOT_READY
v04,,v04_511,INVALID
v04,,v04_512,INVALID
v04,,v04_513,INVALID
v04,,v04_514,INVALID
v04,,v04_515,INVALID
v04,,v04_516,INVALID
v04,,v04_517,INVALID
v04,,v04_518,INVALID
v04,,v04_519,INVALID
v04,,v04_520,INVALID
v04,,v04_521,INVALID
v04,,v04_522,INVALID
v04,,v04_523,INVALID
v04,,v04_524,INVALID
v04,,v04_525,INVALID
v04,,v04_526,INVALID
v04,,v04_527,INVALID
v04,,v04_528,INVALID
v04,,v04_529,INVALID
v04,,v04_530,INVALID
v04,,v04_531,INVALID
v04,,v04_532,INVALID
v04,,v04_533,INVALID
v04,,v04_534,INVALID
v04,,v04_535,INVALID
v04,,v04_536,INVALID
v04,,v04_537,INVALID
v04,,v04_538,INVALID
v05,v05_E001,v05_001,NOT_READY
v05,v05_E001,v05_002,NOT_READY
v05,v05_E001,v05_003,NOT_READY
v05,v05_E001,v05_004,NOT_READY
v05,v05_E001,v05_005,NOT_READY
v05,v05_E001,v05_006,NOT_READY
v05,v05_E001,v05_007,NOT_READY
v05,v05_E001,v05_008,NOT_READY
v05,v05_E001,v05_009,NOT_READY
v05,v05_E001,v05_010,NOT_READY
v05,v05_E001,v05_011,NOT_READY
v05,v05_E001,v05_012,NOT_READY
v05,v05_E001,v05_013,NOT_READY
v05,v05_E001,v05_014,NOT_READY
v05,v05_E001,v05_015,NOT_READY
v05,v05_E001,v05_016,NOT_READY
v05,v05_E001,v05_017,NOT_READY
v05,v05_E001,v05_018,NOT_READY
v05,v05_E001,v05_019,NOT_READY
v05,v05_E001,v05_020,NOT_READY
v05,v05_E001,v05_021,NOT_READY
v05,v05_E001,v05_022,NOT_READY
v05,v05_E001,v05_023,NOT_READY
v05,v05_E001,v05_024,NOT_READY
v05,v05_E001,v05_025,NOT_READY
v05,v05_E001,v05_026,NOT_READY
v05,v05_E001,v05_027,NOT_READY
v05,v05_E001,v05_028,NOT_READY
v05,,v05_029,INVALID
v05,,v05_030,INVALID
v05,,v05_031,INVALID
v05,,v05_032,INVALID
v05,,v05_033,INVALID
v05,,v05_034,INVALID
v05,,v05_035,INVALID
v05,,v05_036,INVALID
v05,,v05_037,INVALID
v05,,v05_038,INVALID
v05,,v05_039,INVALID
v05,,v05_040,INVALID
v05,,v05_041,INVALID
v05,v05_E002,v05_042,NOT_READY
v05,v05_E002,v05_043,NOT_READY
v05,v05_E002,v05_044,NOT_READY
v05,v05_E002,v05_045,READY
v05,v05_E002,v05_046,READY
v05,v05_E002,v05_047,READY
v05,v05_E002,v05_048,READY
v05,v05_E002,v05_049,READY
v05,v05_E002,v05_050,READY
v05,v05_E002,v05_051,READY
v05,v05_E002,v05_052,READY
v05,v05_E002,v05_053,READY
v05,v05_E002,v05_054,READY
v05,v05_E002,v05_055,READY
v05,v05_E002,v05_056,READY
v05,v05_E002,v05_057,READY
v05,v05_E002,v05_058,READY
v05,v05_E002,v05_059,READY
v05,v05_E002,v05_060,READY
v05,v05_E002,v05_061,READY
v05,v05_E002,v05_062,READY
v05,v05_E002,v05_063,READY
v05,v05_E002,v05_064,READY
v05,v05_E002,v05_065,READY
v05,v05_E002,v05_066,READY
v05,v05_E002,v05_067,READY
v05,v05_E002,v05_068,READY
v05,v05_E002,v05_069,READY
v05,v05_E002,v05_070,READY
v05,v05_E002,v05_071,READY
v05,v05_E002,v05_072,READY
v05,v05_E002,v05_073,READY
v05,v05_E002,v05_074,READY
v05,v05_E002,v05_075,READY
v05,v05_E002,v05_076,READY
v05,v05_E002,v05_077,READY
v05,v05_E002,v05_078,READY
v05,v05_E002,v05_079,READY
v05,v05_E002,v05_080,READY
v05,v05_E002,v05_081,READY
v05,v05_E002,v05_082,READY
v05,v05_E002,v05_083,READY
v05,v05_E002,v05_084,READY
v05,v05_E002,v05_085,READY
v05,v05_E002,v05_086,READY
v05,v05_E002,v05_087,READY
v05,v05_E002,v05_088,READY
v05,v05_E002,v05_089,NOT_READY
v05,v05_E002,v05_090,NOT_READY
v05,v05_E002,v05_091,NOT_READY
v05,v05_E002,v05_092,NOT_READY
v05,v05_E002,v05_093,NOT_READY
v05,v05_E002,v05_094,NOT_READY
v05,v05_E002,v05_095,NOT_READY
v05,v05_E002,v05_096,NOT_READY
v05,v05_E002,v05_097,NOT_READY
v05,v05_E002,v05_098,NOT_READY
v05,v05_E002,v05_099,NOT_READY
v05,v05_E002,v05_100,NOT_READY
v05,v05_E002,v05_101,NOT_READY
v05,v05_E002,v05_102,NOT_READY
v05,v05_E002,v05_103,NOT_READY
v05,v05_E002,v05_104,NOT_READY
v05,v05_E002,v05_105,NOT_READY
v05,v05_E002,v05_106,NOT_READY
v05,v05_E002,v05_107,NOT_READY
v05,v05_E002,v05_108,NOT_READY
v05,v05_E002,v05_109,NOT_READY
v05,v05_E002,v05_110,NOT_READY
v05,v05_E002,v05_111,NOT_READY
v05,v05_E002,v05_112,NOT_READY
v05,v05_E002,v05_113,NOT_READY
v05,v05_E002,v05_114,NOT_READY
v05,v05_E002,v05_115,NOT_READY
v05,v05_E002,v05_116,NOT_READY
v05,v05_E002,v05_117,NOT_READY
v05,v05_E002,v05_118,NOT_READY
v05,v05_E002,v05_119,NOT_READY
v05,v05_E002,v05_120,NOT_READY
v05,v05_E002,v05_121,NOT_READY
v05,v05_E002,v05_122,NOT_READY
v05,v05_E002,v05_123,NOT_READY
v05,v05_E002,v05_124,NOT_READY
v05,v05_E002,v05_125,NOT_READY
v05,v05_E002,v05_126,NOT_READY
v05,v05_E002,v05_127,NOT_READY
v05,v05_E002,v05_128,NOT_READY
v05,v05_E002,v05_129,NOT_READY
v05,v05_E002,v05_130,NOT_READY
v05,v05_E002,v05_131,NOT_READY
v05,v05_E002,v05_132,NOT_READY
v05,v05_E002,v05_133,NOT_READY
v05,v05_E002,v05_134,NOT_READY
v05,v05_E002,v05_135,NOT_READY
v05,v05_E002,v05_136,NOT_READY
v05,v05_E002,v05_137,NOT_READY
v05,v05_E002,v05_138,NOT_READY
v05,v05_E002,v05_139,NOT_READY
v05,,v05_140,INVALID
v05,,v05_141,INVALID
v05,,v05_142,INVALID
v05,,v05_143,INVALID
v05,,v05_144,INVALID
v05,,v05_145,INVALID
v05,,v05_146,INVALID
v05,,v05_147,INVALID
v05,,v05_148,INVALID
v05,,v05_149,INVALID
v05,,v05_150,INVALID
v05,,v05_151,INVALID
v05,,v05_152,INVALID
v05,,v05_153,INVALID
v05,,v05_154,INVALID
v05,,v05_155,INVALID
v05,v05_E003,v05_156,NOT_READY
v05,v05_E003,v05_157,NOT_READY
v05,v05_E003,v05_158,NOT_READY
v05,v05_E003,v05_159,READY
v05,v05_E003,v05_160,READY
v05,v05_E003,v05_161,READY
v05,v05_E003,v05_162,READY
v05,v05_E003,v05_163,READY
v05,v05_E003,v05_164,READY
v05,v05_E003,v05_165,READY
v05,v05_E003,v05_166,READY
v05,v05_E003,v05_167,READY
v05,v05_E003,v05_168,READY
v05,v05_E003,v05_169,READY
v05,v05_E003,v05_170,READY
v05,v05_E003,v05_171,READY
v05,v05_E003,v05_172,READY
v05,v05_E003,v05_173,NOT_READY
v05,v05_E003,v05_174,NOT_READY
v05,v05_E003,v05_175,NOT_READY
v05,v05_E003,v05_176,NOT_READY
v05,v05_E003,v05_177,NOT_READY
v05,v05_E003,v05_178,NOT_READY
v05,v05_E003,v05_179,NOT_READY
v05,v05_E003,v05_180,NOT_READY
v05,v05_E003,v05_181,NOT_READY
v05,v05_E003,v05_182,NOT_READY
v05,v05_E003,v05_183,NOT_READY
v05,v05_E003,v05_184,NOT_READY
v05,v05_E003,v05_185,NOT_READY
v05,v05_E003,v05_186,NOT_READY
v05,v05_E003,v05_187,NOT_READY
v05,v05_E003,v05_188,NOT_READY
v05,v05_E003,v05_189,NOT_READY
v05,v05_E003,v05_190,NOT_READY
v05,v05_E003,v05_191,NOT_READY
v05,v05_E003,v05_192,NOT_READY
v05,v05_E003,v05_193,NOT_READY
v05,v05_E003,v05_194,NOT_READY
v05,v05_E003,v05_195,NOT_READY
v05,v05_E003,v05_196,NOT_READY
v05,v05_E003,v05_197,NOT_READY
v05,v05_E003,v05_198,NOT_READY
v05,v05_E003,v05_199,NOT_READY
v05,v05_E003,v05_200,NOT_READY
v05,v05_E003,v05_201,NOT_READY
v05,v05_E003,v05_202,NOT_READY
v05,v05_E003,v05_203,NOT_READY
v05,v05_E003,v05_204,NOT_READY
v05,v05_E003,v05_205,NOT_READY
v05,v05_E003,v05_206,NOT_READY
v05,v05_E003,v05_207,NOT_READY
v05,v05_E003,v05_208,NOT_READY
v05,v05_E003,v05_209,NOT_READY
v05,v05_E003,v05_210,NOT_READY
v05,v05_E003,v05_211,NOT_READY
v05,v05_E003,v05_212,NOT_READY
v05,v05_E003,v05_213,NOT_READY
v05,v05_E003,v05_214,NOT_READY
v05,v05_E003,v05_215,NOT_READY
v05,v05_E003,v05_216,NOT_READY
v05,v05_E003,v05_217,NOT_READY
v05,v05_E003,v05_218,NOT_READY
v05,v05_E003,v05_219,NOT_READY
v05,v05_E003,v05_220,NOT_READY
v05,v05_E003,v05_221,NOT_READY
v05,v05_E003,v05_222,NOT_READY
v05,v05_E003,v05_223,NOT_READY
v05,v05_E003,v05_224,NOT_READY
v05,v05_E003,v05_225,NOT_READY
v05,v05_E003,v05_226,NOT_READY
v05,v05_E003,v05_227,NOT_READY
v05,v05_E003,v05_228,NOT_READY
v05,v05_E003,v05_229,NOT_READY
v05,v05_E003,v05_230,NOT_READY
v05,v05_E003,v05_231,NOT_READY
v05,v05_E003,v05_232,NOT_READY
v05,v05_E003,v05_233,NOT_READY
v05,v05_E003,v05_234,NOT_READY
v05,v05_E003,v05_235,NOT_READY
v05,v05_E003,v05_236,NOT_READY
v05,v05_E003,v05_237,NOT_READY
v05,v05_E003,v05_238,NOT_READY
v05,v05_E003,v05_239,NOT_READY
v05,v05_E003,v05_240,NOT_READY
v05,v05_E003,v05_241,NOT_READY
v05,v05_E003,v05_242,NOT_READY
v05,v05_E003,v05_243,NOT_READY
v05,v05_E003,v05_244,NOT_READY
v05,v05_E003,v05_245,NOT_READY
v05,v05_E003,v05_246,NOT_READY
v05,v05_E003,v05_247,NOT_READY
v05,v05_E003,v05_248,NOT_READY
v05,v05_E003,v05_249,NOT_READY
v05,v05_E003,v05_250,NOT_READY
v05,v05_E003,v05_251,NOT_READY
v05,v05_E003,v05_252,NOT_READY
v05,v05_E003,v05_253,NOT_READY
v05,v05_E003,v05_254,NOT_READY
v05,v05_E003,v05_255,NOT_READY
v05,v05_E003,v05_256,NOT_READY
v05,v05_E003,v05_257,NOT_READY
v05,v05_E003,v05_258,NOT_READY
v05,v05_E003,v05_259,NOT_READY
v05,v05_E003,v05_260,NOT_READY
v05,v05_E003,v05_261,NOT_READY
v05,v05_E003,v05_262,NOT_READY
v05,v05_E003,v05_263,NOT_READY
v05,v05_E003,v05_264,NOT_READY
v05,v05_E003,v05_265,NOT_READY
v05,v05_E003,v05_266,NOT_READY
v05,,v05_267,INVALID
v05,,v05_268,INVALID
v05,,v05_269,INVALID
v05,,v05_270,INVALID
v05,,v05_271,INVALID
v05,,v05_272,INVALID
v05,,v05_273,INVALID
v05,,v05_274,INVALID
v05,,v05_275,INVALID
v05,,v05_276,INVALID
v05,,v05_277,INVALID
v05,,v05_278,INVALID
v05,,v05_279,INVALID
v05,,v05_280,INVALID
v05,,v05_281,INVALID
v05,,v05_282,INVALID
v05,,v05_283,INVALID
v05,,v05_284,INVALID
v05,,v05_285,INVALID
v05,,v05_286,INVALID
v05,,v05_287,INVALID
v05,v05_E004,v05_288,NOT_READY
v05,v05_E004,v05_289,NOT_READY
v05,v05_E004,v05_290,NOT_READY
v05,v05_E004,v05_291,READY
v05,v05_E004,v05_292,READY
v05,v05_E004,v05_293,READY
v05,v05_E004,v05_294,READY
v05,v05_E004,v05_295,READY
v05,v05_E004,v05_296,READY
v05,v05_E004,v05_297,READY
v05,v05_E004,v05_298,READY
v05,v05_E004,v05_299,READY
v05,v05_E004,v05_300,READY
v05,v05_E004,v05_301,READY
v05,v05_E004,v05_302,READY
v05,v05_E004,v05_303,READY
v05,v05_E004,v05_304,READY
v05,v05_E004,v05_305,NOT_READY
v05,v05_E004,v05_306,NOT_READY
v05,v05_E004,v05_307,NOT_READY
v05,v05_E004,v05_308,NOT_READY
v05,v05_E004,v05_309,NOT_READY
v05,v05_E004,v05_310,NOT_READY
v05,v05_E004,v05_311,NOT_READY
v05,v05_E004,v05_312,NOT_READY
v05,v05_E004,v05_313,NOT_READY
v05,v05_E004,v05_314,NOT_READY
v05,v05_E004,v05_315,NOT_READY
v05,v05_E004,v05_316,NOT_READY
v05,v05_E004,v05_317,NOT_READY
v05,v05_E004,v05_318,NOT_READY
v05,v05_E004,v05_319,NOT_READY
v05,v05_E004,v05_320,NOT_READY
v05,v05_E004,v05_321,NOT_READY
v05,v05_E004,v05_322,NOT_READY
v05,v05_E004,v05_323,NOT_READY
v05,v05_E004,v05_324,NOT_READY
v05,v05_E004,v05_325,NOT_READY
v05,v05_E004,v05_326,NOT_READY
v05,v05_E004,v05_327,NOT_READY
v05,v05_E004,v05_328,NOT_READY
v05,v05_E004,v05_329,NOT_READY
v05,v05_E004,v05_330,NOT_READY
v05,v05_E004,v05_331,NOT_READY
v05,v05_E004,v05_332,NOT_READY
v05,v05_E004,v05_333,NOT_READY
v05,v05_E004,v05_334,NOT_READY
v05,v05_E004,v05_335,NOT_READY
v05,v05_E004,v05_336,NOT_READY
v05,v05_E004,v05_337,NOT_READY
v05,v05_E004,v05_338,NOT_READY
v05,v05_E004,v05_339,NOT_READY
v05,v05_E004,v05_340,NOT_READY
v05,v05_E004,v05_341,NOT_READY
v05,v05_E004,v05_342,NOT_READY
v05,v05_E004,v05_343,NOT_READY
v05,v05_E004,v05_344,NOT_READY
v05,v05_E004,v05_345,NOT_READY
v05,v05_E004,v05_346,NOT_READY
v05,v05_E004,v05_347,NOT_READY
v05,v05_E004,v05_348,NOT_READY
v05,v05_E004,v05_349,NOT_READY
v05,v05_E004,v05_350,NOT_READY
v05,v05_E004,v05_351,NOT_READY
v05,v05_E004,v05_352,NOT_READY
v05,v05_E004,v05_353,NOT_READY
v05,v05_E004,v05_354,NOT_READY
v05,,v05_355,INVALID
v05,,v05_356,INVALID
v05,,v05_357,INVALID
v05,,v05_358,INVALID
v05,,v05_359,INVALID
v05,,v05_360,INVALID
v05,,v05_361,INVALID
v05,,v05_362,INVALID
v05,,v05_363,INVALID
v05,,v05_364,INVALID
v05,,v05_365,INVALID
v05,,v05_366,INVALID
v05,,v05_367,INVALID
v05,,v05_368,INVALID
v05,,v05_369,INVALID
v05,,v05_370,INVALID
v05,,v05_371,INVALID
v05,,v05_372,INVALID
v05,,v05_373,INVALID
v05,,v05_374,INVALID
v05,,v05_375,INVALID
v05,,v05_376,INVALID
v05,,v05_377,INVALID
v05,,v05_378,INVALID
v05,,v05_379,INVALID
v05,,v05_380,INVALID
v05,,v05_381,INVALID
v05,,v05_382,INVALID
v05,v05_E005,v05_383,NOT_READY
v05,v05_E005,v05_384,NOT_READY
v05,v05_E005,v05_385,NOT_READY
v05,v05_E005,v05_386,READY
v05,v05_E005,v05_387,READY
v05,v05_E005,v05_388,READY
v05,v05_E005,v05_389,READY
v05,v05_E005,v05_390,READY
v05,v05_E005,v05_391,NOT_READY
v05,v05_E005,v05_392,NOT_READY
v05,v05_E005,v05_393,NOT_READY
v05,v05_E005,v05_394,NOT_READY
v05,v05_E005,v05_395,NOT_READY
v05,v05_E005,v05_396,NOT_READY
v05,v05_E005,v05_397,NOT_READY
v05,v05_E005,v05_398,NOT_READY
v05,v05_E005,v05_399,NOT_READY
v05,v05_E005,v05_400,NOT_READY
v05,v05_E005,v05_401,NOT_READY
v05,v05_E005,v05_402,NOT_READY
v05,v05_E005,v05_403,NOT_READY
v05,v05_E005,v05_404,NOT_READY
v05,v05_E005,v05_405,NOT_READY
v05,v05_E005,v05_406,NOT_READY
v05,v05_E005,v05_407,NOT_READY
v05,v05_E005,v05_408,NOT_READY
v05,v05_E005,v05_409,NOT_READY
v05,v05_E005,v05_410,NOT_READY
v05,v05_E005,v05_411,NOT_READY
v05,v05_E005,v05_412,NOT_READY
v05,v05_E005,v05_413,NOT_READY
v05,v05_E005,v05_414,NOT_READY
v05,v05_E005,v05_415,NOT_READY
v05,v05_E005,v05_416,NOT_READY
v05,v05_E005,v05_417,NOT_READY
v05,v05_E005,v05_418,NOT_READY
v05,v05_E005,v05_419,NOT_READY
v05,v05_E005,v05_420,NOT_READY
v05,v05_E005,v05_421,NOT_READY
v05,v05_E005,v05_422,NOT_READY
v05,v05_E005,v05_423,NOT_READY
v05,v05_E005,v05_424,NOT_READY
v05,v05_E005,v05_425,NOT_READY
v05,v05_E005,v05_426,NOT_READY
v05,v05_E005,v05_427,NOT_READY
v05,v05_E005,v05_428,NOT_READY
v05,v05_E005,v05_429,NOT_READY
v05,v05_E005,v05_430,NOT_READY
v05,,v05_431,INVALID
v05,,v05_432,INVALID
v05,,v05_433,INVALID
v05,,v05_434,INVALID
v05,,v05_435,INVALID
v05,,v05_436,INVALID
v05,,v05_437,INVALID
v05,,v05_438,INVALID
v05,,v05_439,INVALID
v05,,v05_440,INVALID
v05,v05_E006,v05_441,NOT_READY
v05,v05_E006,v05_442,NOT_READY
v05,v05_E006,v05_443,NOT_READY
v05,v05_E006,v05_444,NOT_READY
v05,v05_E006,v05_445,NOT_READY
v05,v05_E006,v05_446,READY
v05,v05_E006,v05_447,READY
v05,v05_E006,v05_448,READY
v05,v05_E006,v05_449,READY
v05,v05_E006,v05_450,READY
v05,v05_E006,v05_451,READY
v05,v05_E006,v05_452,NOT_READY
v05,v05_E006,v05_453,NOT_READY
v05,v05_E006,v05_454,NOT_READY
v05,v05_E006,v05_455,NOT_READY
v05,v05_E006,v05_456,NOT_READY
v05,v05_E006,v05_457,NOT_READY
v05,v05_E006,v05_458,NOT_READY
v05,v05_E006,v05_459,NOT_READY
v05,v05_E006,v05_460,NOT_READY
v05,v05_E006,v05_461,NOT_READY
v05,v05_E006,v05_462,NOT_READY
v05,v05_E006,v05_463,NOT_READY
v05,v05_E006,v05_464,NOT_READY
v05,v05_E006,v05_465,NOT_READY
v05,v05_E006,v05_466,NOT_READY
v05,v05_E006,v05_467,NOT_READY
v05,v05_E006,v05_468,NOT_READY
v05,v05_E006,v05_469,NOT_READY
v05,v05_E006,v05_470,NOT_READY
v05,v05_E006,v05_471,NOT_READY
v05,v05_E006,v05_472,NOT_READY
v05,v05_E006,v05_473,NOT_READY
v05,v05_E006,v05_474,NOT_READY
v05,v05_E006,v05_475,NOT_READY
v05,v05_E006,v05_476,NOT_READY
v05,v05_E006,v05_477,NOT_READY
v05,v05_E006,v05_478,NOT_READY
v05,v05_E006,v05_479,NOT_READY
v05,v05_E006,v05_480,NOT_READY
v05,v05_E006,v05_481,NOT_READY
v05,v05_E006,v05_482,NOT_READY
v05,v05_E006,v05_483,NOT_READY
v05,v05_E006,v05_484,NOT_READY
v05,v05_E006,v05_485,NOT_READY
v05,v05_E006,v05_486,NOT_READY
v05,v05_E006,v05_487,NOT_READY
v05,v05_E006,v05_488,NOT_READY
v05,v05_E006,v05_489,NOT_READY
v05,v05_E006,v05_490,NOT_READY
v05,v05_E006,v05_491,NOT_READY
v05,v05_E006,v05_492,NOT_READY
v05,v05_E006,v05_493,NOT_READY
v05,,v05_494,INVALID
v05,,v05_495,INVALID
v05,,v05_496,INVALID
v05,,v05_497,INVALID
v05,,v05_498,INVALID
v05,,v05_499,INVALID
v05,,v05_500,INVALID
v05,,v05_501,INVALID
v05,,v05_502,INVALID
v05,v05_E007,v05_503,NOT_READY
v05,v05_E007,v05_504,NOT_READY
v05,v05_E007,v05_505,NOT_READY
v05,v05_E007,v05_506,NOT_READY
v05,v05_E007,v05_507,READY
v05,v05_E007,v05_508,READY
v05,v05_E007,v05_509,READY
v05,v05_E007,v05_510,READY
v05,v05_E007,v05_511,READY
v05,v05_E007,v05_512,READY
v05,v05_E007,v05_513,READY
v05,v05_E007,v05_514,NOT_READY
v05,v05_E007,v05_515,NOT_READY
v05,v05_E007,v05_516,NOT_READY
v05,v05_E007,v05_517,NOT_READY
v05,v05_E007,v05_518,NOT_READY
v05,v05_E007,v05_519,NOT_READY
v05,v05_E007,v05_520,NOT_READY
v05,v05_E007,v05_521,NOT_READY
v05,v05_E007,v05_522,NOT_READY
v05,v05_E007,v05_523,NOT_READY
v05,v05_E007,v05_524,NOT_READY
v05,v05_E007,v05_525,NOT_READY
v05,v05_E007,v05_526,NOT_READY
v05,v05_E007,v05_527,NOT_READY
v05,v05_E007,v05_528,NOT_READY
v05,v05_E007,v05_529,NOT_READY
v05,v05_E007,v05_530,NOT_READY
v05,v05_E007,v05_531,NOT_READY
v05,v05_E007,v05_532,NOT_READY
v05,v05_E007,v05_533,NOT_READY
v05,v05_E007,v05_534,NOT_READY
v05,v05_E007,v05_535,NOT_READY
v05,v05_E007,v05_536,NOT_READY
v05,v05_E007,v05_537,NOT_READY
v05,v05_E007,v05_538,NOT_READY
v05,v05_E007,v05_539,NOT_READY
v05,v05_E007,v05_540,NOT_READY
v05,v05_E007,v05_541,NOT_READY
v05,v05_E007,v05_542,NOT_READY
v05,v05_E007,v05_543,NOT_READY
v05,v05_E007,v05_544,NOT_READY
v05,v05_E007,v05_545,NOT_READY
v05,v05_E007,v05_546,NOT_READY
v05,v05_E007,v05_547,NOT_READY
v05,v05_E007,v05_548,NOT_READY
v05,v05_E007,v05_549,NOT_READY
v05,v05_E007,v05_550,NOT_READY
v05,v05_E007,v05_551,NOT_READY
v05,v05_E007,v05_552,NOT_READY
v05,v05_E007,v05_553,NOT_READY
v05,v05_E007,v05_554,NOT_READY
v05,v05_E007,v05_555,NOT_READY
v05,v05_E007,v05_556,NOT_READY
v05,v05_E007,v05_557,NOT_READY
v05,v05_E007,v05_558,NOT_READY
v05,,v05_559,INVALID
v05,,v05_560,INVALID
v05,,v05_561,INVALID
v05,,v05_562,INVALID
v05,,v05_563,INVALID
v05,,v05_564,INVALID
v05,,v05_565,INVALID
v05,,v05_566,INVALID
v05,,v05_567,INVALID
v05,v05_E008,v05_568,NOT_READY
v05,v05_E008,v05_569,NOT_READY
v05,v05_E008,v05_570,NOT_READY
v05,v05_E008,v05_571,NOT_READY
v05,v05_E008,v05_572,NOT_READY
v05,v05_E008,v05_573,NOT_READY
v05,v05_E008,v05_574,NOT_READY
v05,v05_E008,v05_575,NOT_READY
v05,v05_E008,v05_576,NOT_READY
v05,v05_E008,v05_577,NOT_READY
v05,v05_E008,v05_578,NOT_READY
v05,v05_E008,v05_579,NOT_READY
v05,v05_E008,v05_580,NOT_READY
v05,v05_E008,v05_581,NOT_READY
v05,v05_E008,v05_582,NOT_READY
v05,v05_E008,v05_583,READY
v05,v05_E008,v05_584,READY
v05,v05_E008,v05_585,READY
v05,v05_E008,v05_586,READY
v05,v05_E008,v05_587,READY
v05,v05_E008,v05_588,READY
v05,v05_E008,v05_589,READY
v05,v05_E008,v05_590,NOT_READY
v05,v05_E008,v05_591,NOT_READY
v05,v05_E008,v05_592,NOT_READY
v05,v05_E008,v05_593,NOT_READY
v05,v05_E008,v05_594,NOT_READY
v05,v05_E008,v05_595,NOT_READY
v05,v05_E008,v05_596,NOT_READY
v05,v05_E008,v05_597,NOT_READY
v05,v05_E008,v05_598,NOT_READY
v05,v05_E008,v05_599,NOT_READY
v05,v05_E008,v05_600,NOT_READY
v05,v05_E008,v05_601,NOT_READY
v05,v05_E008,v05_602,NOT_READY
v05,v05_E008,v05_603,NOT_READY
v05,v05_E008,v05_604,NOT_READY
v05,v05_E008,v05_605,NOT_READY
v05,v05_E008,v05_606,NOT_READY
v05,v05_E008,v05_607,NOT_READY
v05,v05_E008,v05_608,NOT_READY
v05,v05_E008,v05_609,NOT_READY
v05,v05_E008,v05_610,NOT_READY
v05,v05_E008,v05_611,NOT_READY
v05,v05_E008,v05_612,NOT_READY
v05,v05_E008,v05_613,NOT_READY
v05,v05_E008,v05_614,NOT_READY
v05,v05_E008,v05_615,NOT_READY
v05,v05_E008,v05_616,NOT_READY
v05,v05_E008,v05_617,NOT_READY
v05,v05_E008,v05_618,NOT_READY
v05,v05_E008,v05_619,NOT_READY
v05,v05_E008,v05_620,NOT_READY
v05,v05_E008,v05_621,NOT_READY
v05,v05_E008,v05_622,NOT_READY
v05,,v05_623,INVALID
v05,,v05_624,INVALID
v05,,v05_625,INVALID
v05,,v05_626,INVALID
v05,,v05_627,INVALID
v05,,v05_628,INVALID
v05,,v05_629,INVALID
v05,,v05_630,INVALID
v05,,v05_631,INVALID
v05,,v05_632,INVALID
v05,,v05_633,INVALID
v05,,v05_634,INVALID
v05,,v05_635,INVALID
v05,,v05_636,INVALID
v05,,v05_637,INVALID
v05,v05_E009,v05_638,NOT_READY
v05,v05_E009,v05_639,NOT_READY
v05,v05_E009,v05_640,NOT_READY
v05,v05_E009,v05_641,NOT_READY
v05,v05_E009,v05_642,NOT_READY
v05,v05_E009,v05_643,NOT_READY
v05,v05_E009,v05_644,NOT_READY
v05,v05_E009,v05_645,NOT_READY
v05,v05_E009,v05_646,NOT_READY
v05,v05_E009,v05_647,NOT_READY
v05,v05_E009,v05_648,NOT_READY
v05,v05_E009,v05_649,READY
v05,v05_E009,v05_650,READY
v05,v05_E009,v05_651,READY
v05,v05_E009,v05_652,READY
v05,v05_E009,v05_653,READY
v05,v05_E009,v05_654,READY
v05,v05_E009,v05_655,READY
v05,v05_E009,v05_656,NOT_READY
v05,v05_E009,v05_657,NOT_READY
v05,v05_E009,v05_658,NOT_READY
v05,v05_E009,v05_659,NOT_READY
v05,v05_E009,v05_660,NOT_READY
v05,v05_E009,v05_661,NOT_READY
v05,v05_E009,v05_662,NOT_READY
v05,v05_E009,v05_663,NOT_READY
v05,v05_E009,v05_664,NOT_READY
v05,v05_E009,v05_665,NOT_READY
v05,v05_E009,v05_666,NOT_READY
v05,v05_E009,v05_667,NOT_READY
v05,v05_E009,v05_668,NOT_READY
v05,v05_E009,v05_669,NOT_READY
v05,v05_E009,v05_670,NOT_READY
v05,v05_E009,v05_671,NOT_READY
v05,v05_E009,v05_672,NOT_READY
v05,v05_E009,v05_673,NOT_READY
v05,v05_E009,v05_674,NOT_READY
v05,v05_E009,v05_675,NOT_READY
v05,v05_E009,v05_676,NOT_READY
v05,v05_E009,v05_677,NOT_READY
v05,v05_E009,v05_678,NOT_READY
v05,v05_E009,v05_679,NOT_READY
v05,v05_E009,v05_680,NOT_READY
v05,v05_E009,v05_681,NOT_READY
v05,v05_E009,v05_682,NOT_READY
v05,v05_E009,v05_683,NOT_READY
v05,v05_E009,v05_684,NOT_READY
v05,v05_E009,v05_685,NOT_READY
v05,v05_E009,v05_686,NOT_READY
v05,v05_E009,v05_687,NOT_READY
v05,v05_E009,v05_688,NOT_READY
v05,v05_E009,v05_689,NOT_READY
v05,v05_E009,v05_690,NOT_READY
v05,v05_E009,v05_691,NOT_READY
v05,v05_E009,v05_692,NOT_READY
v05,v05_E009,v05_693,NOT_READY
v05,v05_E009,v05_694,NOT_READY
v05,v05_E009,v05_695,NOT_READY
v05,v05_E009,v05_696,NOT_READY
v05,v05_E009,v05_697,NOT_READY
v05,v05_E009,v05_698,NOT_READY
v05,v05_E009,v05_699,NOT_READY
v05,v05_E009,v05_700,NOT_READY
v05,v05_E009,v05_701,NOT_READY
v05,v05_E009,v05_702,NOT_READY
v05,v05_E009,v05_703,NOT_READY
v05,v05_E009,v05_704,NOT_READY
v05,v05_E009,v05_705,NOT_READY
v05,v05_E009,v05_706,NOT_READY
v05,,v05_707,INVALID
v05,,v05_708,INVALID
v05,,v05_709,INVALID
v05,,v05_710,INVALID
v05,,v05_711,INVALID
v05,,v05_712,INVALID
v05,,v05_713,INVALID
v05,,v05_714,INVALID
v05,,v05_715,INVALID
v05,,v05_716,INVALID
v05,,v05_717,INVALID
v05,v05_E010,v05_718,NOT_READY
v05,v05_E010,v05_719,NOT_READY
v05,v05_E010,v05_720,NOT_READY
v05,v05_E010,v05_721,NOT_READY
v05,v05_E010,v05_722,NOT_READY
v05,v05_E010,v05_723,NOT_READY
v05,v05_E010,v05_724,READY
v05,v05_E010,v05_725,READY
v05,v05_E010,v05_726,READY
v05,v05_E010,v05_727,READY
v05,v05_E010,v05_728,READY
v05,v05_E010,v05_729,READY
v05,v05_E010,v05_730,READY
v05,v05_E010,v05_731,READY
v05,v05_E010,v05_732,READY
v05,v05_E010,v05_733,READY
v05,v05_E010,v05_734,READY
v05,v05_E010,v05_735,READY
v05,v05_E010,v05_736,READY
v05,v05_E010,v05_737,NOT_READY
v05,v05_E010,v05_738,NOT_READY
v05,v05_E010,v05_739,NOT_READY
v05,v05_E010,v05_740,NOT_READY
v05,v05_E010,v05_741,NOT_READY
v05,v05_E010,v05_742,NOT_READY
v05,v05_E010,v05_743,NOT_READY
v05,v05_E010,v05_744,NOT_READY
v05,v05_E010,v05_745,NOT_READY
v05,v05_E010,v05_746,NOT_READY
v05,v05_E010,v05_747,NOT_READY
v05,v05_E010,v05_748,NOT_READY
v05,v05_E010,v05_749,NOT_READY
v05,v05_E010,v05_750,NOT_READY
v05,v05_E010,v05_751,NOT_READY
v05,v05_E010,v05_752,NOT_READY
v05,v05_E010,v05_753,NOT_READY
v05,v05_E010,v05_754,NOT_READY
v05,v05_E010,v05_755,NOT_READY
v05,v05_E010,v05_756,NOT_READY
v05,v05_E010,v05_757,NOT_READY
v05,v05_E010,v05_758,NOT_READY
v05,v05_E010,v05_759,NOT_READY
v05,v05_E010,v05_760,NOT_READY
v05,v05_E010,v05_761,NOT_READY
v05,v05_E010,v05_762,NOT_READY
v05,v05_E010,v05_763,NOT_READY
v05,v05_E010,v05_764,NOT_READY
v05,v05_E010,v05_765,NOT_READY
v05,v05_E010,v05_766,NOT_READY
v05,v05_E010,v05_767,NOT_READY
v05,v05_E010,v05_768,NOT_READY
v05,v05_E010,v05_769,NOT_READY
v05,v05_E010,v05_770,NOT_READY
v05,v05_E010,v05_771,NOT_READY
v05,v05_E010,v05_772,NOT_READY
v05,v05_E010,v05_773,NOT_READY
v05,v05_E010,v05_774,NOT_READY
v05,v05_E010,v05_775,NOT_READY
v05,v05_E010,v05_776,NOT_READY
v05,v05_E010,v05_777,NOT_READY
v05,v05_E010,v05_778,NOT_READY
v05,v05_E010,v05_779,NOT_READY
v05,,v05_780,INVALID
v05,,v05_781,INVALID
v05,,v05_782,INVALID
v05,,v05_783,INVALID
v05,,v05_784,INVALID
v05,,v05_785,INVALID
v05,,v05_786,INVALID
v05,,v05_787,INVALID
v05,,v05_788,INVALID
v05,,v05_789,INVALID
v05,,v05_790,INVALID
v05,,v05_791,INVALID
v05,,v05_792,INVALID
v05,,v05_793,INVALID
v05,v05_E011,v05_794,NOT_READY
v05,v05_E011,v05_795,NOT_READY
v05,v05_E011,v05_796,NOT_READY
v05,v05_E011,v05_797,NOT_READY
v05,v05_E011,v05_798,READY
v05,v05_E011,v05_799,READY
v05,v05_E011,v05_800,READY
v05,v05_E011,v05_801,READY
v05,v05_E011,v05_802,READY
v05,v05_E011,v05_803,READY
v05,v05_E011,v05_804,READY
v05,v05_E011,v05_805,READY
v05,v05_E011,v05_806,READY
v05,v05_E011,v05_807,READY
v05,v05_E011,v05_808,READY
v05,v05_E011,v05_809,READY
v05,v05_E011,v05_810,READY
v05,v05_E011,v05_811,NOT_READY
v05,v05_E011,v05_812,NOT_READY
v05,v05_E011,v05_813,NOT_READY
v05,v05_E011,v05_814,NOT_READY
v05,v05_E011,v05_815,NOT_READY
v05,v05_E011,v05_816,NOT_READY
v05,v05_E011,v05_817,NOT_READY
v05,v05_E011,v05_818,NOT_READY
v05,v05_E011,v05_819,NOT_READY
v05,v05_E011,v05_820,NOT_READY
v05,v05_E011,v05_821,NOT_READY
v05,v05_E011,v05_822,NOT_READY
v05,v05_E011,v05_823,NOT_READY
v05,v05_E011,v05_824,NOT_READY
v05,v05_E011,v05_825,NOT_READY
v05,v05_E011,v05_826,NOT_READY
v05,v05_E011,v05_827,NOT_READY
v05,v05_E011,v05_828,NOT_READY
v05,v05_E011,v05_829,NOT_READY
v05,v05_E011,v05_830,NOT_READY
v05,v05_E011,v05_831,NOT_READY
v05,v05_E011,v05_832,NOT_READY
v05,v05_E011,v05_833,NOT_READY
v05,v05_E011,v05_834,NOT_READY
v05,v05_E011,v05_835,NOT_READY
v05,v05_E011,v05_836,NOT_READY
v05,v05_E011,v05_837,NOT_READY
v05,v05_E011,v05_838,NOT_READY
v05,v05_E011,v05_839,NOT_READY
v05,v05_E011,v05_840,NOT_READY
v05,v05_E011,v05_841,NOT_READY
v05,v05_E011,v05_842,NOT_READY
v05,v05_E011,v05_843,NOT_READY
v05,v05_E011,v05_844,NOT_READY
v05,v05_E011,v05_845,NOT_READY
v05,v05_E011,v05_846,NOT_READY
v05,v05_E011,v05_847,NOT_READY
v05,v05_E011,v05_848,NOT_READY
v05,v05_E011,v05_849,NOT_READY
v05,v05_E011,v05_850,NOT_READY
v05,v05_E011,v05_851,NOT_READY
v05,v05_E011,v05_852,NOT_READY
v05,v05_E011,v05_853,NOT_READY
v05,v05_E011,v05_854,NOT_READY
v05,v05_E011,v05_855,NOT_READY
v05,v05_E011,v05_856,NOT_READY
v05,v05_E011,v05_857,NOT_READY
v05,v05_E011,v05_858,NOT_READY
v05,v05_E011,v05_859,NOT_READY
v05,,v05_860,INVALID
v05,,v05_861,INVALID
v05,,v05_862,INVALID
v05,,v05_863,INVALID
v05,,v05_864,INVALID
v05,,v05_865,INVALID
v05,,v05_866,INVALID
v05,,v05_867,INVALID
v05,,v05_868,INVALID
v05,,v05_869,INVALID
v05,v05_E012,v05_870,NOT_READY
v05,v05_E012,v05_871,NOT_READY
v05,v05_E012,v05_872,READY
v05,v05_E012,v05_873,READY
v05,v05_E012,v05_874,READY
v05,v05_E012,v05_875,READY
v05,v05_E012,v05_876,READY
v05,v05_E012,v05_877,READY
v05,v05_E012,v05_878,READY
v05,v05_E012,v05_879,READY
v05,v05_E012,v05_880,READY
v05,v05_E012,v05_881,READY
v05,v05_E012,v05_882,READY
v05,v05_E012,v05_883,READY
v05,v05_E012,v05_884,READY
v05,v05_E012,v05_885,NOT_READY
v05,v05_E012,v05_886,NOT_READY
v05,v05_E012,v05_887,NOT_READY
v05,v05_E012,v05_888,NOT_READY
v05,v05_E012,v05_889,NOT_READY
v05,v05_E012,v05_890,NOT_READY
v05,v05_E012,v05_891,NOT_READY
v05,v05_E012,v05_892,NOT_READY
v05,v05_E012,v05_893,NOT_READY
v05,v05_E012,v05_894,NOT_READY
v05,v05_E012,v05_895,NOT_READY
v05,v05_E012,v05_896,NOT_READY
v05,v05_E012,v05_897,NOT_READY
v05,v05_E012,v05_898,NOT_READY
v05,v05_E012,v05_899,NOT_READY
v05,v05_E012,v05_900,NOT_READY
v05,v05_E012,v05_901,NOT_READY
v05,v05_E012,v05_902,NOT_READY
v05,v05_E012,v05_903,NOT_READY
v05,v05_E012,v05_904,NOT_READY
v05,v05_E012,v05_905,NOT_READY
v05,v05_E012,v05_906,NOT_READY
v05,v05_E012,v05_907,NOT_READY
v05,v05_E012,v05_908,NOT_READY
v05,v05_E012,v05_909,NOT_READY
v05,v05_E012,v05_910,NOT_READY
v05,v05_E012,v05_911,NOT_READY
v05,v05_E012,v05_912,NOT_READY
v05,v05_E012,v05_913,NOT_READY
v05,v05_E012,v05_914,NOT_READY
v05,v05_E012,v05_915,NOT_READY
v05,v05_E012,v05_916,NOT_READY
v05,v05_E012,v05_917,NOT_READY
v05,v05_E012,v05_918,NOT_READY
v05,v05_E012,v05_919,NOT_READY
v05,v05_E012,v05_920,NOT_READY
v05,v05_E012,v05_921,NOT_READY
v05,v05_E012,v05_922,NOT_READY
v05,v05_E012,v05_923,NOT_READY
v05,v05_E012,v05_924,NOT_READY
v05,v05_E012,v05_925,NOT_READY
v05,v05_E012,v05_926,NOT_READY
v05,v05_E012,v05_927,NOT_READY
v05,v05_E012,v05_928,NOT_READY
v05,v05_E012,v05_929,NOT_READY
v05,v05_E012,v05_930,NOT_READY
v05,v05_E012,v05_931,NOT_READY
v05,v05_E012,v05_932,NOT_READY
v05,v05_E012,v05_933,NOT_READY
v05,,v05_934,INVALID
v05,,v05_935,INVALID
v05,,v05_936,INVALID
v05,,v05_937,INVALID
v05,,v05_938,INVALID
v05,,v05_939,INVALID
v05,,v05_940,INVALID
v05,,v05_941,INVALID
v05,,v05_942,INVALID
v05,,v05_943,INVALID
v05,,v05_944,INVALID
v05,v05_E013,v05_945,NOT_READY
v05,v05_E013,v05_946,NOT_READY
v05,v05_E013,v05_947,NOT_READY
v05,v05_E013,v05_948,NOT_READY
v05,v05_E013,v05_949,READY
v05,v05_E013,v05_950,READY
v05,v05_E013,v05_951,READY
v05,v05_E013,v05_952,READY
v05,v05_E013,v05_953,READY
v05,v05_E013,v05_954,READY
v05,v05_E013,v05_955,READY
v05,v05_E013,v05_956,READY
v05,v05_E013,v05_957,READY
v05,v05_E013,v05_958,READY
v05,v05_E013,v05_959,READY
v05,v05_E013,v05_960,READY
v05,v05_E013,v05_961,READY
v05,v05_E013,v05_962,READY
v05,v05_E013,v05_963,NOT_READY
v05,v05_E013,v05_964,NOT_READY
v05,v05_E013,v05_965,NOT_READY
v05,v05_E013,v05_966,NOT_READY
v05,v05_E013,v05_967,NOT_READY
v05,v05_E013,v05_968,NOT_READY
v05,v05_E013,v05_969,NOT_READY
v05,v05_E013,v05_970,NOT_READY
v05,v05_E013,v05_971,NOT_READY
v05,v05_E013,v05_972,NOT_READY
v05,v05_E013,v05_973,NOT_READY
v05,v05_E013,v05_974,NOT_READY
v05,v05_E013,v05_975,NOT_READY
v05,v05_E013,v05_976,NOT_READY
v05,v05_E013,v05_977,NOT_READY
v05,v05_E013,v05_978,NOT_READY
v05,v05_E013,v05_979,NOT_READY
v05,v05_E013,v05_980,NOT_READY
v05,v05_E013,v05_981,NOT_READY
v05,v05_E013,v05_982,NOT_READY
v05,v05_E013,v05_983,NOT_READY
v05,v05_E013,v05_984,NOT_READY
v05,v05_E013,v05_985,NOT_READY
v05,v05_E013,v05_986,NOT_READY
v05,v05_E013,v05_987,NOT_READY
v05,v05_E013,v05_988,NOT_READY
v05,v05_E013,v05_989,NOT_READY
v05,v05_E013,v05_990,NOT_READY
v05,v05_E013,v05_991,NOT_READY
v05,v05_E013,v05_992,NOT_READY
v05,v05_E013,v05_993,NOT_READY
v05,v05_E013,v05_994,NOT_READY
v05,v05_E013,v05_995,NOT_READY
v05,v05_E013,v05_996,NOT_READY
v05,v05_E013,v05_997,NOT_READY
v05,v05_E013,v05_998,NOT_READY
v05,v05_E013,v05_999,NOT_READY
v05,v05_E013,v05_1000,NOT_READY
v05,v05_E013,v05_1001,NOT_READY
v05,v05_E013,v05_1002,NOT_READY
v05,v05_E013,v05_1003,NOT_READY
v05,v05_E013,v05_1004,NOT_READY
v05,v05_E013,v05_1005,NOT_READY
v05,v05_E013,v05_1006,NOT_READY
v05,v05_E013,v05_1007,NOT_READY
v05,v05_E013,v05_1008,NOT_READY
v05,v05_E013,v05_1009,NOT_READY
v05,v05_E013,v05_1010,NOT_READY
v05,v05_E013,v05_1011,NOT_READY
v05,v05_E013,v05_1012,NOT_READY
v05,v05_E013,v05_1013,NOT_READY
v05,v05_E013,v05_1014,NOT_READY
v05,v05_E013,v05_1015,NOT_READY
v05,v05_E013,v05_1016,NOT_READY
v05,v05_E013,v05_1017,NOT_READY
v05,v05_E013,v05_1018,NOT_READY
v05,,v05_1019,INVALID
v05,,v05_1020,INVALID
v05,,v05_1021,INVALID
v05,,v05_1022,INVALID
v05,,v05_1023,INVALID
v05,,v05_1024,INVALID
v05,,v05_1025,INVALID
v05,,v05_1026,INVALID
v05,,v05_1027,INVALID
v05,,v05_1028,INVALID
v05,v05_E014,v05_1029,NOT_READY
v05,v05_E014,v05_1030,NOT_READY
v05,v05_E014,v05_1031,NOT_READY
v05,v05_E014,v05_1032,READY
v05,v05_E014,v05_1033,READY
v05,v05_E014,v05_1034,READY
v05,v05_E014,v05_1035,READY
v05,v05_E014,v05_1036,READY
v05,v05_E014,v05_1037,READY
v05,v05_E014,v05_1038,NOT_READY
v05,v05_E014,v05_1039,NOT_READY
v05,v05_E014,v05_1040,NOT_READY
v05,v05_E014,v05_1041,NOT_READY
v05,v05_E014,v05_1042,NOT_READY
v05,v05_E014,v05_1043,NOT_READY
v05,v05_E014,v05_1044,NOT_READY
v05,v05_E014,v05_1045,NOT_READY
v05,v05_E014,v05_1046,NOT_READY
v05,v05_E014,v05_1047,NOT_READY
v05,v05_E014,v05_1048,NOT_READY
v05,v05_E014,v05_1049,NOT_READY
v05,v05_E014,v05_1050,NOT_READY
v05,v05_E014,v05_1051,NOT_READY
v05,v05_E014,v05_1052,NOT_READY
v05,v05_E014,v05_1053,NOT_READY
v05,v05_E014,v05_1054,NOT_READY
v05,v05_E014,v05_1055,NOT_READY
v05,v05_E014,v05_1056,NOT_READY
v05,v05_E014,v05_1057,NOT_READY
v05,v05_E014,v05_1058,NOT_READY
v05,v05_E014,v05_1059,NOT_READY
v05,v05_E014,v05_1060,NOT_READY
v05,v05_E014,v05_1061,NOT_READY
v05,v05_E014,v05_1062,NOT_READY
v05,v05_E014,v05_1063,NOT_READY
v05,v05_E014,v05_1064,NOT_READY
v05,v05_E014,v05_1065,NOT_READY
v05,v05_E014,v05_1066,NOT_READY
v05,v05_E014,v05_1067,NOT_READY
v05,v05_E014,v05_1068,NOT_READY
v05,v05_E014,v05_1069,NOT_READY
v05,v05_E014,v05_1070,NOT_READY
v05,v05_E014,v05_1071,NOT_READY
v05,v05_E014,v05_1072,NOT_READY
v05,,v05_1073,INVALID
v05,,v05_1074,INVALID
v05,,v05_1075,INVALID
v05,,v05_1076,INVALID
v05,,v05_1077,INVALID
v05,,v05_1078,INVALID
v05,,v05_1079,INVALID
v05,,v05_1080,INVALID
v05,,v05_1081,INVALID
v05,,v05_1082,INVALID
v05,v05_E015,v05_1083,NOT_READY
v05,v05_E015,v05_1084,NOT_READY
v05,v05_E015,v05_1085,NOT_READY
v05,v05_E015,v05_1086,NOT_READY
v05,v05_E015,v05_1087,NOT_READY
v05,v05_E015,v05_1088,READY
v05,v05_E015,v05_1089,READY
v05,v05_E015,v05_1090,READY
v05,v05_E015,v05_1091,READY
v05,v05_E015,v05_1092,READY
v05,v05_E015,v05_1093,READY
v05,v05_E015,v05_1094,READY
v05,v05_E015,v05_1095,READY
v05,v05_E015,v05_1096,READY
v05,v05_E015,v05_1097,READY
v05,v05_E015,v05_1098,READY
v05,v05_E015,v05_1099,READY
v05,v05_E015,v05_1100,READY
v05,v05_E015,v05_1101,READY
v05,v05_E015,v05_1102,READY
v05,v05_E015,v05_1103,READY
v05,v05_E015,v05_1104,READY
v05,v05_E015,v05_1105,NOT_READY
v05,v05_E015,v05_1106,NOT_READY
v05,v05_E015,v05_1107,NOT_READY
v05,v05_E015,v05_1108,NOT_READY
v05,v05_E015,v05_1109,NOT_READY
v05,v05_E015,v05_1110,NOT_READY
v05,v05_E015,v05_1111,NOT_READY
v05,v05_E015,v05_1112,NOT_READY
v05,v05_E015,v05_1113,NOT_READY
v05,v05_E015,v05_1114,NOT_READY
v05,v05_E015,v05_1115,NOT_READY
v05,v05_E015,v05_1116,NOT_READY
v05,v05_E015,v05_1117,NOT_READY
v05,v05_E015,v05_1118,NOT_READY
v05,v05_E015,v05_1119,NOT_READY
v05,v05_E015,v05_1120,NOT_READY
v05,v05_E015,v05_1121,NOT_READY
v05,v05_E015,v05_1122,NOT_READY
v05,v05_E015,v05_1123,NOT_READY
v05,v05_E015,v05_1124,NOT_READY
v05,v05_E015,v05_1125,NOT_READY
v05,v05_E015,v05_1126,NOT_READY
v05,v05_E015,v05_1127,NOT_READY
v05,v05_E015,v05_1128,NOT_READY
v05,v05_E015,v05_1129,NOT_READY
v05,v05_E015,v05_1130,NOT_READY
v05,v05_E015,v05_1131,NOT_READY
v05,v05_E015,v05_1132,NOT_READY
v05,v05_E015,v05_1133,NOT_READY
v05,v05_E015,v05_1134,NOT_READY
v05,v05_E015,v05_1135,NOT_READY
v05,v05_E015,v05_1136,NOT_READY
v05,v05_E015,v05_1137,NOT_READY
v05,v05_E015,v05_1138,NOT_READY
v05,v05_E015,v05_1139,NOT_READY
v05,v05_E015,v05_1140,NOT_READY
v05,v05_E015,v05_1141,NOT_READY
v05,v05_E015,v05_1142,NOT_READY
v05,v05_E015,v05_1143,NOT_READY
v05,v05_E015,v05_1144,NOT_READY
v05,v05_E015,v05_1145,NOT_READY
v05,v05_E015,v05_1146,NOT_READY
v05,v05_E015,v05_1147,NOT_READY
v05,v05_E015,v05_1148,NOT_READY
v05,v05_E015,v05_1149,NOT_READY
v05,v05_E015,v05_1150,NOT_READY
v05,,v05_1151,INVALID
v05,,v05_1152,INVALID
v05,,v05_1153,INVALID
v05,,v05_1154,INVALID
v05,,v05_1155,INVALID
v05,,v05_1156,INVALID
v05,,v05_1157,INVALID
v05,,v05_1158,INVALID
v05,,v05_1159,INVALID
v05,,v05_1160,INVALID
v05,,v05_1161,INVALID
v05,v05_E016,v05_1162,NOT_READY
v05,v05_E016,v05_1163,NOT_READY
v05,v05_E016,v05_1164,NOT_READY
v05,v05_E016,v05_1165,NOT_READY
v05,v05_E016,v05_1166,NOT_READY
v05,v05_E016,v05_1167,NOT_READY
v05,v05_E016,v05_1168,READY
v05,v05_E016,v05_1169,READY
v05,v05_E016,v05_1170,READY
v05,v05_E016,v05_1171,READY
v05,v05_E016,v05_1172,NOT_READY
v05,v05_E016,v05_1173,NOT_READY
v05,v05_E016,v05_1174,NOT_READY
v05,v05_E016,v05_1175,NOT_READY
v05,v05_E016,v05_1176,NOT_READY
v05,v05_E016,v05_1177,NOT_READY
v05,v05_E016,v05_1178,NOT_READY
v05,v05_E016,v05_1179,NOT_READY
v05,v05_E016,v05_1180,NOT_READY
v05,v05_E016,v05_1181,NOT_READY
v05,v05_E016,v05_1182,NOT_READY
v05,v05_E016,v05_1183,NOT_READY
v05,v05_E016,v05_1184,NOT_READY
v05,v05_E016,v05_1185,NOT_READY
v05,v05_E016,v05_1186,NOT_READY
v05,v05_E016,v05_1187,NOT_READY
v05,v05_E016,v05_1188,NOT_READY
v05,v05_E016,v05_1189,NOT_READY
v05,v05_E016,v05_1190,NOT_READY
v05,v05_E016,v05_1191,NOT_READY
v05,v05_E016,v05_1192,NOT_READY
v05,v05_E016,v05_1193,NOT_READY
v05,v05_E016,v05_1194,NOT_READY
v05,v05_E016,v05_1195,NOT_READY
v05,v05_E016,v05_1196,NOT_READY
v05,v05_E016,v05_1197,NOT_READY
v05,v05_E016,v05_1198,NOT_READY
v05,v05_E016,v05_1199,NOT_READY
v05,v05_E016,v05_1200,NOT_READY
v05,v05_E016,v05_1201,NOT_READY
v05,v05_E016,v05_1202,NOT_READY
v05,v05_E016,v05_1203,NOT_READY
v05,v05_E016,v05_1204,NOT_READY
v05,v05_E016,v05_1205,NOT_READY
v05,v05_E016,v05_1206,NOT_READY
v05,v05_E016,v05_1207,NOT_READY
v05,v05_E016,v05_1208,NOT_READY
v05,v05_E016,v05_1209,NOT_READY
v05,v05_E016,v05_1210,NOT_READY
v05,v05_E016,v05_1211,NOT_READY
v05,v05_E016,v05_1212,NOT_READY
v05,v05_E016,v05_1213,NOT_READY
v05,v05_E016,v05_1214,NOT_READY
v05,v05_E016,v05_1215,NOT_READY
v05,v05_E016,v05_1216,NOT_READY
v05,v05_E016,v05_1217,NOT_READY
v05,v05_E016,v05_1218,NOT_READY
v05,v05_E016,v05_1219,NOT_READY
v05,v05_E016,v05_1220,NOT_READY
v05,v05_E016,v05_1221,NOT_READY
v05,v05_E016,v05_1222,NOT_READY
v05,v05_E016,v05_1223,NOT_READY
v05,v05_E016,v05_1224,NOT_READY
v05,v05_E016,v05_1225,NOT_READY
v05,v05_E016,v05_1226,NOT_READY
v05,v05_E016,v05_1227,NOT_READY
v05,,v05_1228,INVALID
v05,,v05_1229,INVALID
v05,,v05_1230,INVALID
v05,,v05_1231,INVALID
v05,,v05_1232,INVALID
v05,,v05_1233,INVALID
v05,,v05_1234,INVALID
v05,,v05_1235,INVALID
v05,,v05_1236,INVALID
v05,,v05_1237,INVALID
v05,v05_E017,v05_1238,NOT_READY
v05,v05_E017,v05_1239,NOT_READY
v05,v05_E017,v05_1240,NOT_READY
v05,v05_E017,v05_1241,NOT_READY
v05,v05_E017,v05_1242,READY
v05,v05_E017,v05_1243,READY
v05,v05_E017,v05_1244,READY
v05,v05_E017,v05_1245,READY
v05,v05_E017,v05_1246,READY
v05,v05_E017,v05_1247,READY
v05,v05_E017,v05_1248,READY
v05,v05_E017,v05_1249,READY
v05,v05_E017,v05_1250,READY
v05,v05_E017,v05_1251,READY
v05,v05_E017,v05_1252,READY
v05,v05_E017,v05_1253,READY
v05,v05_E017,v05_1254,READY
v05,v05_E017,v05_1255,READY
v05,v05_E017,v05_1256,READY
v05,v05_E017,v05_1257,READY
v05,v05_E017,v05_1258,READY
v05,v05_E017,v05_1259,READY
v05,v05_E017,v05_1260,READY
v05,v05_E017,v05_1261,NOT_READY
v05,v05_E017,v05_1262,NOT_READY
v05,v05_E017,v05_1263,NOT_READY
v05,v05_E017,v05_1264,NOT_READY
v05,v05_E017,v05_1265,NOT_READY
v05,v05_E017,v05_1266,NOT_READY
v05,v05_E017,v05_1267,NOT_READY
v05,v05_E017,v05_1268,NOT_READY
v05,v05_E017,v05_1269,NOT_READY
v05,v05_E017,v05_1270,NOT_READY
v05,v05_E017,v05_1271,NOT_READY
v05,v05_E017,v05_1272,NOT_READY
v05,v05_E017,v05_1273,NOT_READY
v05,v05_E017,v05_1274,NOT_READY
v05,v05_E017,v05_1275,NOT_READY
v05,v05_E017,v05_1276,NOT_READY
v05,v05_E017,v05_1277,NOT_READY
v05,v05_E017,v05_1278,NOT_READY
v05,v05_E017,v05_1279,NOT_READY
v05,v05_E017,v05_1280,NOT_READY
v05,v05_E017,v05_1281,NOT_READY
v05,v05_E017,v05_1282,NOT_READY
v05,v05_E017,v05_1283,NOT_READY
v05,v05_E017,v05_1284,NOT_READY
v05,v05_E017,v05_1285,NOT_READY
v05,v05_E017,v05_1286,NOT_READY
v05,v05_E017,v05_1287,NOT_READY
v05,v05_E017,v05_1288,NOT_READY
v05,v05_E017,v05_1289,NOT_READY
v05,v05_E017,v05_1290,NOT_READY
v05,v05_E017,v05_1291,NOT_READY
v05,v05_E017,v05_1292,NOT_READY
v05,v05_E017,v05_1293,NOT_READY
v05,v05_E017,v05_1294,NOT_READY
v05,v05_E017,v05_1295,NOT_READY
v05,v05_E017,v05_1296,NOT_READY
v05,v05_E017,v05_1297,NOT_READY
v05,v05_E017,v05_1298,NOT_READY
v05,v05_E017,v05_1299,NOT_READY
v05,v05_E017,v05_1300,NOT_READY
v05,v05_E017,v05_1301,NOT_READY
v05,,v05_1302,INVALID
v05,,v05_1303,INVALID
v05,,v05_1304,INVALID
v05,,v05_1305,INVALID
v05,,v05_1306,INVALID
v05,,v05_1307,INVALID
v05,,v05_1308,INVALID
v05,,v05_1309,INVALID
v05,,v05_1310,INVALID
v05,,v05_1311,INVALID
v05,,v05_1312,INVALID
v05,,v05_1313,INVALID
v05,,v05_1314,INVALID
v05,,v05_1315,INVALID
v05,,v05_1316,INVALID
v05,v05_E018,v05_1317,NOT_READY
v05,v05_E018,v05_1318,NOT_READY
v05,v05_E018,v05_1319,NOT_READY
v05,v05_E018,v05_1320,READY
v05,v05_E018,v05_1321,READY
v05,v05_E018,v05_1322,READY
v05,v05_E018,v05_1323,READY
v05,v05_E018,v05_1324,READY
v05,v05_E018,v05_1325,READY
v05,v05_E018,v05_1326,READY
v05,v05_E018,v05_1327,READY
v05,v05_E018,v05_1328,READY
v05,v05_E018,v05_1329,READY
v05,v05_E018,v05_1330,READY
v05,v05_E018,v05_1331,READY
v05,v05_E018,v05_1332,READY
v05,v05_E018,v05_1333,NOT_READY
v05,v05_E018,v05_1334,NOT_READY
v05,v05_E018,v05_1335,NOT_READY
v05,v05_E018,v05_1336,NOT_READY
v05,v05_E018,v05_1337,NOT_READY
v05,v05_E018,v05_1338,NOT_READY
v05,v05_E018,v05_1339,NOT_READY
v05,v05_E018,v05_1340,NOT_READY
v05,v05_E018,v05_1341,NOT_READY
v05,v05_E018,v05_1342,NOT_READY
v05,v05_E018,v05_1343,NOT_READY
v05,v05_E018,v05_1344,NOT_READY
v05,v05_E018,v05_1345,NOT_READY
v05,v05_E018,v05_1346,NOT_READY
v05,v05_E018,v05_1347,NOT_READY
v05,v05_E018,v05_1348,NOT_READY
v05,v05_E018,v05_1349,NOT_READY
v05,v05_E018,v05_1350,NOT_READY
v05,v05_E018,v05_1351,NOT_READY
v05,v05_E018,v05_1352,NOT_READY
v05,v05_E018,v05_1353,NOT_READY
v05,v05_E018,v05_1354,NOT_READY
v05,v05_E018,v05_1355,NOT_READY
v05,v05_E018,v05_1356,NOT_READY
v05,v05_E018,v05_1357,NOT_READY
v05,v05_E018,v05_1358,NOT_READY
v05,v05_E018,v05_1359,NOT_READY
v05,v05_E018,v05_1360,NOT_READY
v05,v05_E018,v05_1361,NOT_READY
v05,v05_E018,v05_1362,NOT_READY
v05,v05_E018,v05_1363,NOT_READY
v05,v05_E018,v05_1364,NOT_READY
v05,v05_E018,v05_1365,NOT_READY
v05,v05_E018,v05_1366,NOT_READY
v05,v05_E018,v05_1367,NOT_READY
v05,v05_E018,v05_1368,NOT_READY
v05,v05_E018,v05_1369,NOT_READY
v05,v05_E018,v05_1370,NOT_READY
v05,v05_E018,v05_1371,NOT_READY
v05,v05_E018,v05_1372,NOT_READY
v05,v05_E018,v05_1373,NOT_READY
v05,v05_E018,v05_1374,NOT_READY
v05,v05_E018,v05_1375,NOT_READY
v05,v05_E018,v05_1376,NOT_READY
v05,v05_E018,v05_1377,NOT_READY
v05,,v05_1378,INVALID
v05,,v05_1379,INVALID
v05,,v05_1380,INVALID
v05,,v05_1381,INVALID
v05,,v05_1382,INVALID
v05,,v05_1383,INVALID
v05,,v05_1384,INVALID
v05,,v05_1385,INVALID
v05,,v05_1386,INVALID
v05,,v05_1387,INVALID
v05,,v05_1388,INVALID
v05,,v05_1389,INVALID
v05,,v05_1390,INVALID
v05,,v05_1391,INVALID
v05,,v05_1392,INVALID
v05,,v05_1393,INVALID
v05,v05_E019,v05_1394,NOT_READY
v05,v05_E019,v05_1395,NOT_READY
v05,v05_E019,v05_1396,NOT_READY
v05,v05_E019,v05_1397,NOT_READY
v05,v05_E019,v05_1398,NOT_READY
v05,v05_E019,v05_1399,NOT_READY
v05,v05_E019,v05_1400,NOT_READY
v05,v05_E019,v05_1401,NOT_READY
v05,v05_E019,v05_1402,NOT_READY
v05,v05_E019,v05_1403,READY
v05,v05_E019,v05_1404,READY
v05,v05_E019,v05_1405,READY
v05,v05_E019,v05_1406,READY
v05,v05_E019,v05_1407,READY
v05,v05_E019,v05_1408,READY
v05,v05_E019,v05_1409,READY
v05,v05_E019,v05_1410,READY
v05,v05_E019,v05_1411,READY
v05,v05_E019,v05_1412,READY
v05,v05_E019,v05_1413,READY
v05,v05_E019,v05_1414,READY
v05,v05_E019,v05_1415,READY
v05,v05_E019,v05_1416,READY
v05,v05_E019,v05_1417,READY
v05,v05_E019,v05_1418,READY
v05,v05_E019,v05_1419,READY
v05,v05_E019,v05_1420,NOT_READY
v05,v05_E019,v05_1421,NOT_READY
v05,v05_E019,v05_1422,NOT_READY
v05,v05_E019,v05_1423,NOT_READY
v05,v05_E019,v05_1424,NOT_READY
v05,v05_E019,v05_1425,NOT_READY
v05,v05_E019,v05_1426,NOT_READY
v05,v05_E019,v05_1427,NOT_READY
v05,v05_E019,v05_1428,NOT_READY
v05,v05_E019,v05_1429,NOT_READY
v05,v05_E019,v05_1430,NOT_READY
v05,v05_E019,v05_1431,NOT_READY
v05,v05_E019,v05_1432,NOT_READY
v05,v05_E019,v05_1433,NOT_READY
v05,v05_E019,v05_1434,NOT_READY
v05,v05_E019,v05_1435,NOT_READY
v05,v05_E019,v05_1436,NOT_READY
v05,v05_E019,v05_1437,NOT_READY
v05,v05_E019,v05_1438,NOT_READY
v05,v05_E019,v05_1439,NOT_READY
v05,v05_E019,v05_1440,NOT_READY
v05,v05_E019,v05_1441,NOT_READY
v05,v05_E019,v05_1442,NOT_READY
v05,v05_E019,v05_1443,NOT_READY
v05,v05_E019,v05_1444,NOT_READY
v05,v05_E019,v05_1445,NOT_READY
v05,v05_E019,v05_1446,NOT_READY
v05,v05_E019,v05_1447,NOT_READY
v05,v05_E019,v05_1448,NOT_READY
v05,v05_E019,v05_1449,NOT_READY
v05,v05_E019,v05_1450,NOT_READY
v05,v05_E019,v05_1451,NOT_READY
v05,v05_E019,v05_1452,NOT_READY
v05,v05_E019,v05_1453,NOT_READY
v05,v05_E019,v05_1454,NOT_READY
v05,v05_E019,v05_1455,NOT_READY
v05,v05_E019,v05_1456,NOT_READY
v05,v05_E019,v05_1457,NOT_READY
v05,v05_E019,v05_1458,NOT_READY
v05,v05_E019,v05_1459,NOT_READY
v05,v05_E019,v05_1460,NOT_READY
v05,v05_E019,v05_1461,NOT_READY
v05,v05_E019,v05_1462,NOT_READY
v05,v05_E019,v05_1463,NOT_READY
v05,v05_E019,v05_1464,NOT_READY
v05,v05_E019,v05_1465,NOT_READY
v05,v05_E019,v05_1466,NOT_READY
v05,,v05_1467,INVALID
v05,,v05_1468,INVALID
v05,,v05_1469,INVALID
v05,,v05_1470,INVALID
v05,,v05_1471,INVALID
v05,,v05_1472,INVALID
v05,,v05_1473,INVALID
v05,,v05_1474,INVALID
v05,,v05_1475,INVALID
v05,,v05_1476,INVALID
v05,,v05_1477,INVALID
v05,,v05_1478,INVALID
v05,v05_E020,v05_1479,NOT_READY
v05,v05_E020,v05_1480,NOT_READY
v05,v05_E020,v05_1481,NOT_READY
v05,v05_E020,v05_1482,READY
v05,v05_E020,v05_1483,READY
v05,v05_E020,v05_1484,READY
v05,v05_E020,v05_1485,READY
v05,v05_E020,v05_1486,READY
v05,v05_E020,v05_1487,READY
v05,v05_E020,v05_1488,READY
v05,v05_E020,v05_1489,READY
v05,v05_E020,v05_1490,READY
v05,v05_E020,v05_1491,READY
v05,v05_E020,v05_1492,READY
v05,v05_E020,v05_1493,NOT_READY
v05,v05_E020,v05_1494,NOT_READY
v05,v05_E020,v05_1495,NOT_READY
v05,v05_E020,v05_1496,NOT_READY
v05,v05_E020,v05_1497,NOT_READY
v05,v05_E020,v05_1498,NOT_READY
v05,v05_E020,v05_1499,NOT_READY
v05,v05_E020,v05_1500,NOT_READY
v05,v05_E020,v05_1501,NOT_READY
v05,v05_E020,v05_1502,NOT_READY
v05,v05_E020,v05_1503,NOT_READY
v05,v05_E020,v05_1504,NOT_READY
v05,v05_E020,v05_1505,NOT_READY
v05,v05_E020,v05_1506,NOT_READY
v05,v05_E020,v05_1507,NOT_READY
v05,v05_E020,v05_1508,NOT_READY
v05,v05_E020,v05_1509,NOT_READY
v05,v05_E020,v05_1510,NOT_READY
v05,v05_E020,v05_1511,NOT_READY
v05,v05_E020,v05_1512,NOT_READY
v05,v05_E020,v05_1513,NOT_READY
v05,v05_E020,v05_1514,NOT_READY
v05,v05_E020,v05_1515,NOT_READY
v05,v05_E020,v05_1516,NOT_READY
v05,v05_E020,v05_1517,NOT_READY
v05,v05_E020,v05_1518,NOT_READY
v05,v05_E020,v05_1519,NOT_READY
v05,v05_E020,v05_1520,NOT_READY
v05,v05_E020,v05_1521,NOT_READY
v05,v05_E020,v05_1522,NOT_READY
v05,v05_E020,v05_1523,NOT_READY
v05,v05_E020,v05_1524,NOT_READY
v05,v05_E020,v05_1525,NOT_READY
v05,v05_E020,v05_1526,NOT_READY
v05,v05_E020,v05_1527,NOT_READY
v05,v05_E020,v05_1528,NOT_READY
v05,v05_E020,v05_1529,NOT_READY
v05,v05_E020,v05_1530,NOT_READY
v05,v05_E020,v05_1531,NOT_READY
v05,v05_E020,v05_1532,NOT_READY
v05,v05_E020,v05_1533,NOT_READY
v05,v05_E020,v05_1534,NOT_READY
v05,v05_E020,v05_1535,NOT_READY
v05,v05_E020,v05_1536,NOT_READY
v05,v05_E020,v05_1537,NOT_READY
v05,v05_E020,v05_1538,NOT_READY
v05,v05_E020,v05_1539,NOT_READY
v05,v05_E020,v05_1540,NOT_READY
v05,v05_E020,v05_1541,NOT_READY
v05,v05_E020,v05_1542,NOT_READY
v05,v05_E020,v05_1543,NOT_READY
v05,v05_E020,v05_1544,NOT_READY
v05,v05_E020,v05_1545,NOT_READY
v05,v05_E020,v05_1546,NOT_READY
v05,v05_E020,v05_1547,NOT_READY
v05,v05_E020,v05_1548,NOT_READY
v05,v05_E020,v05_1549,NOT_READY
v05,v05_E020,v05_1550,NOT_READY
v05,,v05_1551,INVALID
v05,,v05_1552,INVALID
v05,,v05_1553,INVALID
v05,,v05_1554,INVALID
v05,,v05_1555,INVALID
v05,,v05_1556,INVALID
v05,,v05_1557,INVALID
v05,,v05_1558,INVALID
v05,,v05_1559,INVALID
v05,,v05_1560,INVALID
v05,,v05_1561,INVALID
v05,,v05_1562,INVALID
v05,,v05_1563,INVALID
v05,,v05_1564,INVALID
v05,v05_E021,v05_1565,NOT_READY
v05,v05_E021,v05_1566,NOT_READY
v05,v05_E021,v05_1567,NOT_READY
v05,v05_E021,v05_1568,NOT_READY
v05,v05_E021,v05_1569,READY
v05,v05_E021,v05_1570,READY
v05,v05_E021,v05_1571,READY
v05,v05_E021,v05_1572,READY
v05,v05_E021,v05_1573,READY
v05,v05_E021,v05_1574,READY
v05,v05_E021,v05_1575,READY
v05,v05_E021,v05_1576,READY
v05,v05_E021,v05_1577,READY
v05,v05_E021,v05_1578,READY
v05,v05_E021,v05_1579,READY
v05,v05_E021,v05_1580,READY
v05,v05_E021,v05_1581,READY
v05,v05_E021,v05_1582,READY
v05,v05_E021,v05_1583,NOT_READY
v05,v05_E021,v05_1584,NOT_READY
v05,v05_E021,v05_1585,NOT_READY
v05,v05_E021,v05_1586,NOT_READY
v05,v05_E021,v05_1587,NOT_READY
v05,v05_E021,v05_1588,NOT_READY
v05,v05_E021,v05_1589,NOT_READY
v05,v05_E021,v05_1590,NOT_READY
v05,v05_E021,v05_1591,NOT_READY
v05,v05_E021,v05_1592,NOT_READY
v05,v05_E021,v05_1593,NOT_READY
v05,v05_E021,v05_1594,NOT_READY
v05,v05_E021,v05_1595,NOT_READY
v05,v05_E021,v05_1596,NOT_READY
v05,v05_E021,v05_1597,NOT_READY
v05,v05_E021,v05_1598,NOT_READY
v05,v05_E021,v05_1599,NOT_READY
v05,v05_E021,v05_1600,NOT_READY
v05,v05_E021,v05_1601,NOT_READY
v05,v05_E021,v05_1602,NOT_READY
v05,v05_E021,v05_1603,NOT_READY
v05,v05_E021,v05_1604,NOT_READY
v05,v05_E021,v05_1605,NOT_READY
v05,v05_E021,v05_1606,NOT_READY
v05,v05_E021,v05_1607,NOT_READY
v05,v05_E021,v05_1608,NOT_READY
v05,v05_E021,v05_1609,NOT_READY
v05,v05_E021,v05_1610,NOT_READY
v05,v05_E021,v05_1611,NOT_READY
v05,v05_E021,v05_1612,NOT_READY
v05,v05_E021,v05_1613,NOT_READY
v05,v05_E021,v05_1614,NOT_READY
v05,v05_E021,v05_1615,NOT_READY
v05,v05_E021,v05_1616,NOT_READY
v05,v05_E021,v05_1617,NOT_READY
v05,v05_E021,v05_1618,NOT_READY
v05,v05_E021,v05_1619,NOT_READY
v05,v05_E021,v05_1620,NOT_READY
v05,v05_E021,v05_1621,NOT_READY
v05,v05_E021,v05_1622,NOT_READY
v05,v05_E021,v05_1623,NOT_READY
v05,v05_E021,v05_1624,NOT_READY
v05,v05_E021,v05_1625,NOT_READY
v05,v05_E021,v05_1626,NOT_READY
v05,v05_E021,v05_1627,NOT_READY
v05,v05_E021,v05_1628,NOT_READY
v05,v05_E021,v05_1629,NOT_READY
v05,v05_E021,v05_1630,NOT_READY
v05,v05_E021,v05_1631,NOT_READY
v05,v05_E021,v05_1632,NOT_READY
v05,v05_E021,v05_1633,NOT_READY
v05,v05_E021,v05_1634,NOT_READY
v05,v05_E021,v05_1635,NOT_READY
v05,v05_E021,v05_1636,NOT_READY
v05,v05_E021,v05_1637,NOT_READY
v05,v05_E021,v05_1638,NOT_READY
v05,v05_E021,v05_1639,NOT_READY
v05,v05_E021,v05_1640,NOT_READY
v05,v05_E021,v05_1641,NOT_READY
v05,v05_E021,v05_1642,NOT_READY
v05,v05_E021,v05_1643,NOT_READY
v05,v05_E021,v05_1644,NOT_READY
v05,v05_E021,v05_1645,NOT_READY
v05,v05_E021,v05_1646,NOT_READY
v05,v05_E021,v05_1647,NOT_READY
v05,v05_E021,v05_1648,NOT_READY
v05,v05_E021,v05_1649,NOT_READY
v05,v05_E021,v05_1650,NOT_READY
v05,v05_E021,v05_1651,NOT_READY
v05,v05_E021,v05_1652,NOT_READY
v05,v05_E021,v05_1653,NOT_READY
v05,v05_E021,v05_1654,NOT_READY
v05,v05_E021,v05_1655,NOT_READY
v05,v05_E021,v05_1656,NOT_READY
v05,v05_E021,v05_1657,NOT_READY
v05,v05_E021,v05_1658,NOT_READY
v05,v05_E021,v05_1659,NOT_READY
v05,v05_E021,v05_1660,NOT_READY
v05,v05_E021,v05_1661,NOT_READY
v05,v05_E021,v05_1662,NOT_READY
v05,v05_E021,v05_1663,NOT_READY
v05,v05_E021,v05_1664,NOT_READY
v05,v05_E021,v05_1665,NOT_READY
v05,v05_E021,v05_1666,NOT_READY
v05,v05_E021,v05_1667,NOT_READY
v05,v05_E021,v05_1668,NOT_READY
v05,v05_E021,v05_1669,NOT_READY
v05,v05_E021,v05_1670,NOT_READY
v05,v05_E021,v05_1671,NOT_READY
v05,,v05_1672,INVALID
v05,,v05_1673,INVALID
v05,,v05_1674,INVALID
v05,,v05_1675,INVALID
v05,,v05_1676,INVALID
v05,,v05_1677,INVALID
v05,,v05_1678,INVALID
v05,,v05_1679,INVALID
v05,,v05_1680,INVALID
v05,,v05_1681,INVALID
v05,v05_E022,v05_1682,NOT_READY
v05,v05_E022,v05_1683,NOT_READY
v05,v05_E022,v05_1684,NOT_READY
v05,v05_E022,v05_1685,NOT_READY
v05,v05_E022,v05_1686,READY
v05,v05_E022,v05_1687,READY
v05,v05_E022,v05_1688,READY
v05,v05_E022,v05_1689,READY
v05,v05_E022,v05_1690,READY
v05,v05_E022,v05_1691,NOT_READY
v05,v05_E022,v05_1692,NOT_READY
v05,v05_E022,v05_1693,NOT_READY
v05,v05_E022,v05_1694,NOT_READY
v05,v05_E022,v05_1695,NOT_READY
v05,v05_E022,v05_1696,NOT_READY
v05,v05_E022,v05_1697,NOT_READY
v05,v05_E022,v05_1698,NOT_READY
v05,v05_E022,v05_1699,NOT_READY
v05,v05_E022,v05_1700,NOT_READY
v05,v05_E022,v05_1701,NOT_READY
v05,v05_E022,v05_1702,NOT_READY
v05,v05_E022,v05_1703,NOT_READY
v05,v05_E022,v05_1704,NOT_READY
v05,v05_E022,v05_1705,NOT_READY
v05,v05_E022,v05_1706,NOT_READY
v05,v05_E022,v05_1707,NOT_READY
v05,v05_E022,v05_1708,NOT_READY
v05,v05_E022,v05_1709,NOT_READY
v05,v05_E022,v05_1710,NOT_READY
v05,v05_E022,v05_1711,NOT_READY
v05,v05_E022,v05_1712,NOT_READY
v05,v05_E022,v05_1713,NOT_READY
v05,v05_E022,v05_1714,NOT_READY
v05,v05_E022,v05_1715,NOT_READY
v05,v05_E022,v05_1716,NOT_READY
v05,v05_E022,v05_1717,NOT_READY
v05,v05_E022,v05_1718,NOT_READY
v05,v05_E022,v05_1719,NOT_READY
v05,v05_E022,v05_1720,NOT_READY
v05,v05_E022,v05_1721,NOT_READY
v05,v05_E022,v05_1722,NOT_READY
v05,v05_E022,v05_1723,NOT_READY
v05,v05_E022,v05_1724,NOT_READY
v05,v05_E022,v05_1725,NOT_READY
v05,v05_E022,v05_1726,NOT_READY
v05,v05_E022,v05_1727,NOT_READY
v05,v05_E022,v05_1728,NOT_READY
v05,v05_E022,v05_1729,NOT_READY
v05,v05_E022,v05_1730,NOT_READY
v05,v05_E022,v05_1731,NOT_READY
v05,v05_E022,v05_1732,NOT_READY
v05,v05_E022,v05_1733,NOT_READY
v05,v05_E022,v05_1734,NOT_READY
v05,v05_E022,v05_1735,NOT_READY
v05,v05_E022,v05_1736,NOT_READY
v05,,v05_1737,INVALID
v05,,v05_1738,INVALID
v05,,v05_1739,INVALID
v05,,v05_1740,INVALID
v05,,v05_1741,INVALID
v05,,v05_1742,INVALID
v05,,v05_1743,INVALID
v05,,v05_1744,INVALID
v05,,v05_1745,INVALID
v05,,v05_1746,INVALID
v05,,v05_1747,INVALID
v05,v05_E023,v05_1748,NOT_READY
v05,v05_E023,v05_1749,NOT_READY
v05,v05_E023,v05_1750,NOT_READY
v05,v05_E023,v05_1751,NOT_READY
v05,v05_E023,v05_1752,NOT_READY
v05,v05_E023,v05_1753,NOT_READY
v05,v05_E023,v05_1754,NOT_READY
v05,v05_E023,v05_1755,NOT_READY
v05,v05_E023,v05_1756,NOT_READY
v05,v05_E023,v05_1757,NOT_READY
v05,v05_E023,v05_1758,NOT_READY
v05,v05_E023,v05_1759,NOT_READY
v05,v05_E023,v05_1760,NOT_READY
v05,v05_E023,v05_1761,READY
v05,v05_E023,v05_1762,READY
v05,v05_E023,v05_1763,READY
v05,v05_E023,v05_1764,READY
v05,v05_E023,v05_1765,READY
v05,v05_E023,v05_1766,READY
v05,v05_E023,v05_1767,READY
v05,v05_E023,v05_1768,READY
v05,v05_E023,v05_1769,READY
v05,v05_E023,v05_1770,READY
v05,v05_E023,v05_1771,READY
v05,v05_E023,v05_1772,READY
v05,v05_E023,v05_1773,READY
v05,v05_E023,v05_1774,NOT_READY
v05,v05_E023,v05_1775,NOT_READY
v05,v05_E023,v05_1776,NOT_READY
v05,v05_E023,v05_1777,NOT_READY
v05,v05_E023,v05_1778,NOT_READY
v05,v05_E023,v05_1779,NOT_READY
v05,v05_E023,v05_1780,NOT_READY
v05,v05_E023,v05_1781,NOT_READY
v05,v05_E023,v05_1782,NOT_READY
v05,v05_E023,v05_1783,NOT_READY
v05,v05_E023,v05_1784,NOT_READY
v05,v05_E023,v05_1785,NOT_READY
v05,v05_E023,v05_1786,NOT_READY
v05,v05_E023,v05_1787,NOT_READY
v05,v05_E023,v05_1788,NOT_READY
v05,v05_E023,v05_1789,NOT_READY
v05,v05_E023,v05_1790,NOT_READY
v05,v05_E023,v05_1791,NOT_READY
v05,v05_E023,v05_1792,NOT_READY
v05,v05_E023,v05_1793,NOT_READY
v05,v05_E023,v05_1794,NOT_READY
v05,v05_E023,v05_1795,NOT_READY
v05,v05_E023,v05_1796,NOT_READY
v05,v05_E023,v05_1797,NOT_READY
v05,v05_E023,v05_1798,NOT_READY
v05,v05_E023,v05_1799,NOT_READY
v05,v05_E023,v05_1800,NOT_READY
v05,v05_E023,v05_1801,NOT_READY
v05,v05_E023,v05_1802,NOT_READY
v05,v05_E023,v05_1803,NOT_READY
v05,v05_E023,v05_1804,NOT_READY
v05,v05_E023,v05_1805,NOT_READY
v05,v05_E023,v05_1806,NOT_READY
v05,v05_E023,v05_1807,NOT_READY
v05,v05_E023,v05_1808,NOT_READY
v05,v05_E023,v05_1809,NOT_READY
v05,v05_E023,v05_1810,NOT_READY
v05,v05_E023,v05_1811,NOT_READY
v05,v05_E023,v05_1812,NOT_READY
v05,v05_E023,v05_1813,NOT_READY
v05,v05_E023,v05_1814,NOT_READY
v05,v05_E023,v05_1815,NOT_READY
v05,v05_E023,v05_1816,NOT_READY
v05,v05_E023,v05_1817,NOT_READY
v05,v05_E023,v05_1818,NOT_READY
v05,v05_E023,v05_1819,NOT_READY
v05,,v05_1820,INVALID
v05,,v05_1821,INVALID
v05,,v05_1822,INVALID
v05,,v05_1823,INVALID
v05,,v05_1824,INVALID
v05,,v05_1825,INVALID
v05,,v05_1826,INVALID
v05,,v05_1827,INVALID
v05,,v05_1828,INVALID
v05,,v05_1829,INVALID
v05,,v05_1830,INVALID
v05,,v05_1831,INVALID
v05,,v05_1832,INVALID
v05,,v05_1833,INVALID
v05,,v05_1834,INVALID
v05,v05_E024,v05_1835,NOT_READY
v05,v05_E024,v05_1836,NOT_READY
v05,v05_E024,v05_1837,NOT_READY
v05,v05_E024,v05_1838,NOT_READY
v05,v05_E024,v05_1839,NOT_READY
v05,v05_E024,v05_1840,READY
v05,v05_E024,v05_1841,READY
v05,v05_E024,v05_1842,READY
v05,v05_E024,v05_1843,READY
v05,v05_E024,v05_1844,READY
v05,v05_E024,v05_1845,READY
v05,v05_E024,v05_1846,READY
v05,v05_E024,v05_1847,READY
v05,v05_E024,v05_1848,READY
v05,v05_E024,v05_1849,READY
v05,v05_E024,v05_1850,READY
v05,v05_E024,v05_1851,READY
v05,v05_E024,v05_1852,READY
v05,v05_E024,v05_1853,READY
v05,v05_E024,v05_1854,READY
v05,v05_E024,v05_1855,READY
v05,v05_E024,v05_1856,NOT_READY
v05,v05_E024,v05_1857,NOT_READY
v05,v05_E024,v05_1858,NOT_READY
v05,v05_E024,v05_1859,NOT_READY
v05,v05_E024,v05_1860,NOT_READY
v05,v05_E024,v05_1861,NOT_READY
v05,v05_E024,v05_1862,NOT_READY
v05,v05_E024,v05_1863,NOT_READY
v05,v05_E024,v05_1864,NOT_READY
v05,v05_E024,v05_1865,NOT_READY
v05,v05_E024,v05_1866,NOT_READY
v05,v05_E024,v05_1867,NOT_READY
v05,v05_E024,v05_1868,NOT_READY
v05,v05_E024,v05_1869,NOT_READY
v05,v05_E024,v05_1870,NOT_READY
v05,v05_E024,v05_1871,NOT_READY
v05,v05_E024,v05_1872,NOT_READY
v05,v05_E024,v05_1873,NOT_READY
v05,v05_E024,v05_1874,NOT_READY
v05,v05_E024,v05_1875,NOT_READY
v05,v05_E024,v05_1876,NOT_READY
v05,v05_E024,v05_1877,NOT_READY
v05,v05_E024,v05_1878,NOT_READY
v05,v05_E024,v05_1879,NOT_READY
v05,v05_E024,v05_1880,NOT_READY
v05,v05_E024,v05_1881,NOT_READY
v05,v05_E024,v05_1882,NOT_READY
v05,v05_E024,v05_1883,NOT_READY
v05,v05_E024,v05_1884,NOT_READY
v05,v05_E024,v05_1885,NOT_READY
v05,v05_E024,v05_1886,NOT_READY
v05,v05_E024,v05_1887,NOT_READY
v05,v05_E024,v05_1888,NOT_READY
v05,v05_E024,v05_1889,NOT_READY
v05,v05_E024,v05_1890,NOT_READY
v05,v05_E024,v05_1891,NOT_READY
v05,,v05_1892,INVALID
v05,,v05_1893,INVALID
v05,,v05_1894,INVALID
v05,,v05_1895,INVALID
v05,,v05_1896,INVALID
v05,,v05_1897,INVALID
v05,,v05_1898,INVALID
v05,,v05_1899,INVALID
v05,,v05_1900,INVALID
v05,,v05_1901,INVALID
v05,,v05_1902,INVALID
v05,v05_E025,v05_1903,NOT_READY
v05,v05_E025,v05_1904,NOT_READY
v05,v05_E025,v05_1905,NOT_READY
v05,v05_E025,v05_1906,NOT_READY
v05,v05_E025,v05_1907,NOT_READY
v05,v05_E025,v05_1908,READY
v05,v05_E025,v05_1909,READY
v05,v05_E025,v05_1910,READY
v05,v05_E025,v05_1911,READY
v05,v05_E025,v05_1912,READY
v05,v05_E025,v05_1913,READY
v05,v05_E025,v05_1914,READY
v05,v05_E025,v05_1915,READY
v05,v05_E025,v05_1916,READY
v05,v05_E025,v05_1917,READY
v05,v05_E025,v05_1918,READY
v05,v05_E025,v05_1919,READY
v05,v05_E025,v05_1920,READY
v05,v05_E025,v05_1921,READY
v05,v05_E025,v05_1922,READY
v05,v05_E025,v05_1923,NOT_READY
v05,v05_E025,v05_1924,NOT_READY
v05,v05_E025,v05_1925,NOT_READY
v05,v05_E025,v05_1926,NOT_READY
v05,v05_E025,v05_1927,NOT_READY
v05,v05_E025,v05_1928,NOT_READY
v05,v05_E025,v05_1929,NOT_READY
v05,v05_E025,v05_1930,NOT_READY
v05,v05_E025,v05_1931,NOT_READY
v05,v05_E025,v05_1932,NOT_READY
v05,v05_E025,v05_1933,NOT_READY
v05,v05_E025,v05_1934,NOT_READY
v05,v05_E025,v05_1935,NOT_READY
v05,v05_E025,v05_1936,NOT_READY
v05,v05_E025,v05_1937,NOT_READY
v05,v05_E025,v05_1938,NOT_READY
v05,v05_E025,v05_1939,NOT_READY
v05,v05_E025,v05_1940,NOT_READY
v05,v05_E025,v05_1941,NOT_READY
v05,v05_E025,v05_1942,NOT_READY
v05,v05_E025,v05_1943,NOT_READY
v05,v05_E025,v05_1944,NOT_READY
v05,v05_E025,v05_1945,NOT_READY
v05,v05_E025,v05_1946,NOT_READY
v05,v05_E025,v05_1947,NOT_READY
v05,v05_E025,v05_1948,NOT_READY
v05,v05_E025,v05_1949,NOT_READY
v05,v05_E025,v05_1950,NOT_READY
v05,v05_E025,v05_1951,NOT_READY
v05,v05_E025,v05_1952,NOT_READY
v05,v05_E025,v05_1953,NOT_READY
v05,v05_E025,v05_1954,NOT_READY
v05,v05_E025,v05_1955,NOT_READY
v05,v05_E025,v05_1956,NOT_READY
v05,v05_E025,v05_1957,NOT_READY
v05,v05_E025,v05_1958,NOT_READY
v05,v05_E025,v05_1959,NOT_READY
v05,v05_E025,v05_1960,NOT_READY
v05,,v05_1961,INVALID
v05,,v05_1962,INVALID
v05,,v05_1963,INVALID
v05,,v05_1964,INVALID
v05,,v05_1965,INVALID
v05,,v05_1966,INVALID
v05,,v05_1967,INVALID
v05,,v05_1968,INVALID
v05,,v05_1969,INVALID
v05,,v05_1970,INVALID
v05,,v05_1971,INVALID
v05,,v05_1972,INVALID
v05,v05_E026,v05_1973,NOT_READY
v05,v05_E026,v05_1974,NOT_READY
v05,v05_E026,v05_1975,NOT_READY
v05,v05_E026,v05_1976,NOT_READY
v05,v05_E026,v05_1977,NOT_READY
v05,v05_E026,v05_1978,NOT_READY
v05,v05_E026,v05_1979,READY
v05,v05_E026,v05_1980,READY
v05,v05_E026,v05_1981,READY
v05,v05_E026,v05_1982,READY
v05,v05_E026,v05_1983,READY
v05,v05_E026,v05_1984,READY
v05,v05_E026,v05_1985,NOT_READY
v05,v05_E026,v05_1986,NOT_READY
v05,v05_E026,v05_1987,NOT_READY
v05,v05_E026,v05_1988,NOT_READY
v05,v05_E026,v05_1989,NOT_READY
v05,v05_E026,v05_1990,NOT_READY
v05,v05_E026,v05_1991,NOT_READY
v05,v05_E026,v05_1992,NOT_READY
v05,v05_E026,v05_1993,NOT_READY
v05,v05_E026,v05_1994,NOT_READY
v05,v05_E026,v05_1995,NOT_READY
v05,v05_E026,v05_1996,NOT_READY
v05,v05_E026,v05_1997,NOT_READY
v05,v05_E026,v05_1998,NOT_READY
v05,v05_E026,v05_1999,NOT_READY
v05,v05_E026,v05_2000,NOT_READY
v05,v05_E026,v05_2001,NOT_READY
v05,v05_E026,v05_2002,NOT_READY
v05,v05_E026,v05_2003,NOT_READY
v05,v05_E026,v05_2004,NOT_READY
v05,v05_E026,v05_2005,NOT_READY
v05,v05_E026,v05_2006,NOT_READY
v05,v05_E026,v05_2007,NOT_READY
v05,v05_E026,v05_2008,NOT_READY
v05,v05_E026,v05_2009,NOT_READY
v05,v05_E026,v05_2010,NOT_READY
v05,v05_E026,v05_2011,NOT_READY
v05,v05_E026,v05_2012,NOT_READY
v05,v05_E026,v05_2013,NOT_READY
v05,v05_E026,v05_2014,NOT_READY
v05,v05_E026,v05_2015,NOT_READY
v05,v05_E026,v05_2016,NOT_READY
v05,v05_E026,v05_2017,NOT_READY
v05,v05_E026,v05_2018,NOT_READY
v05,v05_E026,v05_2019,NOT_READY
v05,v05_E026,v05_2020,NOT_READY
v05,v05_E026,v05_2021,NOT_READY
v05,v05_E026,v05_2022,NOT_READY
v05,v05_E026,v05_2023,NOT_READY
v05,v05_E026,v05_2024,NOT_READY
v05,v05_E026,v05_2025,NOT_READY
v05,v05_E026,v05_2026,NOT_READY
v05,v05_E026,v05_2027,NOT_READY
v05,v05_E026,v05_2028,NOT_READY
v05,v05_E026,v05_2029,NOT_READY
v05,v05_E026,v05_2030,NOT_READY
v05,v05_E026,v05_2031,NOT_READY
v05,v05_E026,v05_2032,NOT_READY
v05,v05_E026,v05_2033,NOT_READY
v05,,v05_2034,INVALID
v05,,v05_2035,INVALID
v05,,v05_2036,INVALID
v05,,v05_2037,INVALID
v05,,v05_2038,INVALID
v05,,v05_2039,INVALID
v05,,v05_2040,INVALID
v05,,v05_2041,INVALID
v05,,v05_2042,INVALID
v05,,v05_2043,INVALID
v05,v05_E027,v05_2044,NOT_READY
v05,v05_E027,v05_2045,NOT_READY
v05,v05_E027,v05_2046,NOT_READY
v05,v05_E027,v05_2047,NOT_READY
v05,v05_E027,v05_2048,READY
v05,v05_E027,v05_2049,READY
v05,v05_E027,v05_2050,READY
v05,v05_E027,v05_2051,READY
v05,v05_E027,v05_2052,READY
v05,v05_E027,v05_2053,READY
v05,v05_E027,v05_2054,READY
v05,v05_E027,v05_2055,READY
v05,v05_E027,v05_2056,READY
v05,v05_E027,v05_2057,READY
v05,v05_E027,v05_2058,READY
v05,v05_E027,v05_2059,READY
v05,v05_E027,v05_2060,READY
v05,v05_E027,v05_2061,NOT_READY
v05,v05_E027,v05_2062,NOT_READY
v05,v05_E027,v05_2063,NOT_READY
v05,v05_E027,v05_2064,NOT_READY
v05,v05_E027,v05_2065,NOT_READY
v05,v05_E027,v05_2066,NOT_READY
v05,v05_E027,v05_2067,NOT_READY
v05,v05_E027,v05_2068,NOT_READY
v05,v05_E027,v05_2069,NOT_READY
v05,v05_E027,v05_2070,NOT_READY
v05,v05_E027,v05_2071,NOT_READY
v05,v05_E027,v05_2072,NOT_READY
v05,v05_E027,v05_2073,NOT_READY
v05,v05_E027,v05_2074,NOT_READY
v05,v05_E027,v05_2075,NOT_READY
v05,v05_E027,v05_2076,NOT_READY
v05,v05_E027,v05_2077,NOT_READY
v05,v05_E027,v05_2078,NOT_READY
v05,v05_E027,v05_2079,NOT_READY
v05,v05_E027,v05_2080,NOT_READY
v05,v05_E027,v05_2081,NOT_READY
v05,v05_E027,v05_2082,NOT_READY
v05,v05_E027,v05_2083,NOT_READY
v05,v05_E027,v05_2084,NOT_READY
v05,v05_E027,v05_2085,NOT_READY
v05,v05_E027,v05_2086,NOT_READY
v05,v05_E027,v05_2087,NOT_READY
v05,v05_E027,v05_2088,NOT_READY
v05,v05_E027,v05_2089,NOT_READY
v05,v05_E027,v05_2090,NOT_READY
v05,v05_E027,v05_2091,NOT_READY
v05,v05_E027,v05_2092,NOT_READY
v05,v05_E027,v05_2093,NOT_READY
v05,v05_E027,v05_2094,NOT_READY
v05,v05_E027,v05_2095,NOT_READY
v05,v05_E027,v05_2096,NOT_READY
v05,v05_E027,v05_2097,NOT_READY
v05,v05_E027,v05_2098,NOT_READY
v05,v05_E027,v05_2099,NOT_READY
v05,v05_E027,v05_2100,NOT_READY
v05,v05_E027,v05_2101,NOT_READY
v05,v05_E027,v05_2102,NOT_READY
v05,v05_E027,v05_2103,NOT_READY
v05,v05_E027,v05_2104,NOT_READY
v05,v05_E027,v05_2105,NOT_READY
v05,v05_E027,v05_2106,NOT_READY
v05,v05_E027,v05_2107,NOT_READY
v05,v05_E027,v05_2108,NOT_READY
v05,v05_E027,v05_2109,NOT_READY
v05,v05_E027,v05_2110,NOT_READY
v05,,v05_2111,INVALID
v05,,v05_2112,INVALID
v05,,v05_2113,INVALID
v05,,v05_2114,INVALID
v05,,v05_2115,INVALID
v05,,v05_2116,INVALID
v05,,v05_2117,INVALID
v05,,v05_2118,INVALID
v05,,v05_2119,INVALID
v05,,v05_2120,INVALID
v05,,v05_2121,INVALID
v05,v05_E028,v05_2122,NOT_READY
v05,v05_E028,v05_2123,NOT_READY
v05,v05_E028,v05_2124,NOT_READY
v05,v05_E028,v05_2125,NOT_READY
v05,v05_E028,v05_2126,NOT_READY
v05,v05_E028,v05_2127,READY
v05,v05_E028,v05_2128,READY
v05,v05_E028,v05_2129,READY
v05,v05_E028,v05_2130,READY
v05,v05_E028,v05_2131,READY
v05,v05_E028,v05_2132,READY
v05,v05_E028,v05_2133,READY
v05,v05_E028,v05_2134,READY
v05,v05_E028,v05_2135,READY
v05,v05_E028,v05_2136,READY
v05,v05_E028,v05_2137,READY
v05,v05_E028,v05_2138,READY
v05,v05_E028,v05_2139,READY
v05,v05_E028,v05_2140,READY
v05,v05_E028,v05_2141,READY
v05,v05_E028,v05_2142,READY
v05,v05_E028,v05_2143,READY
v05,v05_E028,v05_2144,READY
v05,v05_E028,v05_2145,READY
v05,v05_E028,v05_2146,READY
v05,v05_E028,v05_2147,NOT_READY
v05,v05_E028,v05_2148,NOT_READY
v05,v05_E028,v05_2149,NOT_READY
v05,v05_E028,v05_2150,NOT_READY
v05,v05_E028,v05_2151,NOT_READY
v05,v05_E028,v05_2152,NOT_READY
v05,v05_E028,v05_2153,NOT_READY
v05,v05_E028,v05_2154,NOT_READY
v05,v05_E028,v05_2155,NOT_READY
v05,v05_E028,v05_2156,NOT_READY
v05,v05_E028,v05_2157,NOT_READY
v05,v05_E028,v05_2158,NOT_READY
v05,v05_E028,v05_2159,NOT_READY
v05,v05_E028,v05_2160,NOT_READY
v05,v05_E028,v05_2161,NOT_READY
v05,v05_E028,v05_2162,NOT_READY
v05,v05_E028,v05_2163,NOT_READY
v05,v05_E028,v05_2164,NOT_READY
v05,v05_E028,v05_2165,NOT_READY
v05,v05_E028,v05_2166,NOT_READY
v05,v05_E028,v05_2167,NOT_READY
v05,v05_E028,v05_2168,NOT_READY
v05,v05_E028,v05_2169,NOT_READY
v05,v05_E028,v05_2170,NOT_READY
v05,v05_E028,v05_2171,NOT_READY
v05,v05_E028,v05_2172,NOT_READY
v05,v05_E028,v05_2173,NOT_READY
v05,v05_E028,v05_2174,NOT_READY
v05,v05_E028,v05_2175,NOT_READY
v05,v05_E028,v05_2176,NOT_READY
v05,v05_E028,v05_2177,NOT_READY
v05,v05_E028,v05_2178,NOT_READY
v05,v05_E028,v05_2179,NOT_READY
v05,v05_E028,v05_2180,NOT_READY
v05,v05_E028,v05_2181,NOT_READY
v05,v05_E028,v05_2182,NOT_READY
v05,v05_E028,v05_2183,NOT_READY
v05,v05_E028,v05_2184,NOT_READY
v05,v05_E028,v05_2185,NOT_READY
v05,v05_E028,v05_2186,NOT_READY
v05,v05_E028,v05_2187,NOT_READY
v05,v05_E028,v05_2188,NOT_READY
v05,v05_E028,v05_2189,NOT_READY
v05,v05_E028,v05_2190,NOT_READY
v05,v05_E028,v05_2191,NOT_READY
v05,v05_E028,v05_2192,NOT_READY
v05,v05_E028,v05_2193,NOT_READY
v05,v05_E028,v05_2194,NOT_READY
v05,v05_E028,v05_2195,NOT_READY
v05,v05_E028,v05_2196,NOT_READY
v05,v05_E028,v05_2197,NOT_READY
v05,v05_E028,v05_2198,NOT_READY
v05,v05_E028,v05_2199,NOT_READY
v05,v05_E028,v05_2200,NOT_READY
v05,v05_E028,v05_2201,NOT_READY
v05,v05_E028,v05_2202,NOT_READY
v05,v05_E028,v05_2203,NOT_READY
v05,v05_E028,v05_2204,NOT_READY
v05,v05_E028,v05_2205,NOT_READY
v05,v05_E028,v05_2206,NOT_READY
v05,v05_E028,v05_2207,NOT_READY
v05,,v05_2208,INVALID
v05,,v05_2209,INVALID
v05,,v05_2210,INVALID
v05,,v05_2211,INVALID
v05,,v05_2212,INVALID
v05,,v05_2213,INVALID
v05,,v05_2214,INVALID
v05,,v05_2215,INVALID
v05,,v05_2216,INVALID
v05,,v05_2217,INVALID
v05,,v05_2218,INVALID
v05,,v05_2219,INVALID
v05,,v05_2220,INVALID
v05,,v05_2221,INVALID
v05,,v05_2222,INVALID
v05,v05_E029,v05_2223,NOT_READY
v05,v05_E029,v05_2224,NOT_READY
v05,v05_E029,v05_2225,NOT_READY
v05,v05_E029,v05_2226,NOT_READY
v05,v05_E029,v05_2227,READY
v05,v05_E029,v05_2228,READY
v05,v05_E029,v05_2229,READY
v05,v05_E029,v05_2230,READY
v05,v05_E029,v05_2231,READY
v05,v05_E029,v05_2232,READY
v05,v05_E029,v05_2233,READY
v05,v05_E029,v05_2234,READY
v05,v05_E029,v05_2235,READY
v05,v05_E029,v05_2236,READY
v05,v05_E029,v05_2237,READY
v05,v05_E029,v05_2238,READY
v05,v05_E029,v05_2239,NOT_READY
v05,v05_E029,v05_2240,NOT_READY
v05,v05_E029,v05_2241,NOT_READY
v05,v05_E029,v05_2242,NOT_READY
v05,v05_E029,v05_2243,NOT_READY
v05,v05_E029,v05_2244,NOT_READY
v05,v05_E029,v05_2245,NOT_READY
v05,v05_E029,v05_2246,NOT_READY
v05,v05_E029,v05_2247,NOT_READY
v05,v05_E029,v05_2248,NOT_READY
v05,v05_E029,v05_2249,NOT_READY
v05,v05_E029,v05_2250,NOT_READY
v05,v05_E029,v05_2251,NOT_READY
v05,v05_E029,v05_2252,NOT_READY
v05,v05_E029,v05_2253,NOT_READY
v05,v05_E029,v05_2254,NOT_READY
v05,v05_E029,v05_2255,NOT_READY
v05,v05_E029,v05_2256,NOT_READY
v05,v05_E029,v05_2257,NOT_READY
v05,v05_E029,v05_2258,NOT_READY
v05,v05_E029,v05_2259,NOT_READY
v05,v05_E029,v05_2260,NOT_READY
v05,v05_E029,v05_2261,NOT_READY
v05,v05_E029,v05_2262,NOT_READY
v05,v05_E029,v05_2263,NOT_READY
v05,v05_E029,v05_2264,NOT_READY
v05,v05_E029,v05_2265,NOT_READY
v05,v05_E029,v05_2266,NOT_READY
v05,v05_E029,v05_2267,NOT_READY
v05,v05_E029,v05_2268,NOT_READY
v05,v05_E029,v05_2269,NOT_READY
v05,v05_E029,v05_2270,NOT_READY
v05,v05_E029,v05_2271,NOT_READY
v05,v05_E029,v05_2272,NOT_READY
v05,v05_E029,v05_2273,NOT_READY
v05,v05_E029,v05_2274,NOT_READY
v05,v05_E029,v05_2275,NOT_READY
v05,v05_E029,v05_2276,NOT_READY
v05,v05_E029,v05_2277,NOT_READY
v05,v05_E029,v05_2278,NOT_READY
v05,v05_E029,v05_2279,NOT_READY
v05,v05_E029,v05_2280,NOT_READY
v05,v05_E029,v05_2281,NOT_READY
v05,v05_E029,v05_2282,NOT_READY
v05,v05_E029,v05_2283,NOT_READY
v05,v05_E029,v05_2284,NOT_READY
v05,v05_E029,v05_2285,NOT_READY
v05,v05_E029,v05_2286,NOT_READY
v05,v05_E029,v05_2287,NOT_READY
v05,v05_E029,v05_2288,NOT_READY
v05,v05_E029,v05_2289,NOT_READY
v05,v05_E029,v05_2290,NOT_READY
v05,v05_E029,v05_2291,NOT_READY
v05,v05_E029,v05_2292,NOT_READY
v05,v05_E029,v05_2293,NOT_READY
v05,v05_E029,v05_2294,NOT_READY
v05,v05_E029,v05_2295,NOT_READY
v05,v05_E029,v05_2296,NOT_READY
v05,v05_E029,v05_2297,NOT_READY
v05,v05_E029,v05_2298,NOT_READY
v05,v05_E029,v05_2299,NOT_READY
v05,v05_E029,v05_2300,NOT_READY
v05,v05_E029,v05_2301,NOT_READY
v05,v05_E029,v05_2302,NOT_READY
v05,v05_E029,v05_2303,NOT_READY
v05,v05_E029,v05_2304,NOT_READY
v05,v05_E029,v05_2305,NOT_READY
v05,v05_E029,v05_2306,NOT_READY
v05,v05_E029,v05_2307,NOT_READY
v05,v05_E029,v05_2308,NOT_READY
v05,v05_E029,v05_2309,NOT_READY
v05,v05_E029,v05_2310,NOT_READY
v05,v05_E029,v05_2311,NOT_READY
v05,v05_E029,v05_2312,NOT_READY
v05,v05_E029,v05_2313,NOT_READY
v05,v05_E029,v05_2314,NOT_READY
v05,v05_E029,v05_2315,NOT_READY
v06,v06_E001,v06_001,NOT_READY
v06,v06_E001,v06_002,NOT_READY
v06,v06_E001,v06_003,NOT_READY
v06,v06_E001,v06_004,NOT_READY
v06,v06_E001,v06_005,NOT_READY
v06,v06_E001,v06_006,NOT_READY
v06,v06_E001,v06_007,NOT_READY
v06,v06_E001,v06_008,NOT_READY
v06,v06_E001,v06_009,NOT_READY
v06,v06_E001,v06_010,NOT_READY
v06,v06_E001,v06_011,NOT_READY
v06,v06_E001,v06_012,NOT_READY
v06,v06_E001,v06_013,NOT_READY
v06,v06_E001,v06_014,NOT_READY
v06,v06_E001,v06_015,NOT_READY
v06,v06_E001,v06_016,NOT_READY
v06,v06_E001,v06_017,NOT_READY
v06,v06_E001,v06_018,NOT_READY
v06,v06_E001,v06_019,NOT_READY
v06,v06_E001,v06_020,NOT_READY
v06,v06_E001,v06_021,NOT_READY
v06,v06_E001,v06_022,NOT_READY
v06,v06_E001,v06_023,NOT_READY
v06,v06_E001,v06_024,NOT_READY
v06,v06_E001,v06_025,NOT_READY
v06,v06_E001,v06_026,NOT_READY
v06,v06_E001,v06_027,NOT_READY
v06,v06_E001,v06_028,NOT_READY
v06,v06_E001,v06_029,NOT_READY
v06,v06_E001,v06_030,NOT_READY
v06,v06_E001,v06_031,NOT_READY
v06,v06_E001,v06_032,NOT_READY
v06,v06_E001,v06_033,NOT_READY
v06,v06_E001,v06_034,NOT_READY
v06,v06_E001,v06_035,NOT_READY
v06,v06_E001,v06_036,NOT_READY
v06,v06_E001,v06_037,NOT_READY
v06,v06_E001,v06_038,NOT_READY
v06,v06_E001,v06_039,NOT_READY
v06,v06_E001,v06_040,NOT_READY
v06,v06_E001,v06_041,NOT_READY
v06,v06_E001,v06_042,NOT_READY
v06,v06_E001,v06_043,NOT_READY
v06,v06_E001,v06_044,NOT_READY
v06,v06_E001,v06_045,NOT_READY
v06,v06_E001,v06_046,NOT_READY
v06,v06_E001,v06_047,NOT_READY
v06,v06_E001,v06_048,NOT_READY
v06,v06_E001,v06_049,NOT_READY
v06,v06_E001,v06_050,NOT_READY
v06,v06_E001,v06_051,NOT_READY
v06,v06_E001,v06_052,NOT_READY
v06,v06_E001,v06_053,NOT_READY
v06,v06_E001,v06_054,NOT_READY
v06,v06_E001,v06_055,NOT_READY
v06,v06_E001,v06_056,NOT_READY
v06,v06_E001,v06_057,NOT_READY
v06,v06_E001,v06_058,NOT_READY
v06,v06_E001,v06_059,NOT_READY
v06,v06_E001,v06_060,NOT_READY
v06,v06_E001,v06_061,NOT_READY
v06,v06_E001,v06_062,NOT_READY
v06,v06_E001,v06_063,NOT_READY
v06,v06_E001,v06_064,NOT_READY
v06,v06_E001,v06_065,NOT_READY
v06,v06_E001,v06_066,NOT_READY
v07,v07_E001,v07_001,READY
v07,v07_E001,v07_002,READY
v07,v07_E001,v07_003,READY
v07,v07_E001,v07_004,READY
v07,v07_E001,v07_005,READY
v07,v07_E001,v07_006,READY
v07,v07_E001,v07_007,READY
v07,v07_E001,v07_008,READY
v07,v07_E001,v07_009,READY
v07,v07_E001,v07_010,READY
v07,v07_E001,v07_011,READY
v07,v07_E001,v07_012,READY
v07,v07_E001,v07_013,READY
v07,v07_E001,v07_014,READY
v07,v07_E001,v07_015,READY
v07,v07_E001,v07_016,READY
v07,v07_E001,v07_017,READY
v07,v07_E001,v07_018,READY
v07,v07_E001,v07_019,READY
v07,v07_E001,v07_020,READY
v07,v07_E001,v07_021,READY
v07,v07_E001,v07_022,READY
v07,v07_E001,v07_023,READY
v07,v07_E001,v07_024,READY
v07,v07_E001,v07_025,READY
v07,v07_E001,v07_026,READY
v07,v07_E001,v07_027,READY
v07,v07_E001,v07_028,READY
v07,v07_E001,v07_029,READY
v07,v07_E001,v07_030,READY
v07,v07_E001,v07_031,READY
v07,v07_E001,v07_032,READY
v07,v07_E001,v07_033,READY
v07,v07_E001,v07_034,READY
v07,v07_E001,v07_035,READY
v07,v07_E001,v07_036,READY
v07,v07_E001,v07_037,READY
v07,v07_E001,v07_038,READY
v07,v07_E001,v07_039,READY
v07,v07_E001,v07_040,READY
v07,v07_E001,v07_041,READY
v07,v07_E001,v07_042,READY
v07,v07_E001,v07_043,READY
v07,v07_E001,v07_044,READY
v07,v07_E001,v07_045,READY
v07,v07_E001,v07_046,READY
v07,v07_E001,v07_047,READY
v07,v07_E001,v07_048,READY
v07,v07_E001,v07_049,READY
v07,v07_E001,v07_050,READY
v07,v07_E001,v07_051,READY
v07,v07_E001,v07_052,READY
v07,v07_E001,v07_053,READY
v07,v07_E001,v07_054,READY
v07,v07_E001,v07_055,READY
v07,v07_E001,v07_056,READY
v07,v07_E001,v07_057,READY
v07,v07_E001,v07_058,READY
v07,v07_E001,v07_059,NOT_READY
v07,v07_E001,v07_060,NOT_READY
v07,v07_E001,v07_061,NOT_READY
v07,v07_E001,v07_062,NOT_READY
v07,v07_E001,v07_063,NOT_READY
v07,v07_E001,v07_064,NOT_READY
v07,v07_E001,v07_065,NOT_READY
v07,v07_E001,v07_066,NOT_READY
v07,v07_E001,v07_067,NOT_READY
v07,,v07_068,INVALID
v07,,v07_069,INVALID
v07,,v07_070,INVALID
v07,,v07_071,INVALID
v07,,v07_072,INVALID
v07,,v07_073,INVALID
v07,,v07_074,INVALID
v07,,v07_075,INVALID
v07,,v07_076,INVALID
v07,,v07_077,INVALID
v07,,v07_078,INVALID
v07,,v07_079,INVALID
v07,,v07_080,INVALID
v07,,v07_081,INVALID
v07,,v07_082,INVALID
v07,,v07_083,INVALID
v07,,v07_084,INVALID
v07,,v07_085,INVALID
v07,,v07_086,INVALID
v07,,v07_087,INVALID
v07,,v07_088,INVALID
v07,,v07_089,INVALID
v07,,v07_090,INVALID
v07,,v07_091,INVALID
v07,,v07_092,INVALID
v07,,v07_093,INVALID
v07,,v07_094,INVALID
v07,,v07_095,INVALID
v07,,v07_096,INVALID
v07,,v07_097,INVALID
v07,,v07_098,INVALID
v07,,v07_099,INVALID
v07,,v07_100,INVALID
v07,,v07_101,INVALID
v07,,v07_102,INVALID
v07,,v07_103,INVALID
v07,,v07_104,INVALID
v07,,v07_105,INVALID
v07,,v07_106,INVALID
v07,,v07_107,INVALID
v07,,v07_108,INVALID
v07,,v07_109,INVALID
v07,,v07_110,INVALID
v07,,v07_111,INVALID
v07,,v07_112,INVALID
v07,,v07_113,INVALID
v07,,v07_114,INVALID
v07,,v07_115,INVALID
v07,,v07_116,INVALID
v07,,v07_117,INVALID
v07,,v07_118,INVALID
v07,,v07_119,INVALID
v07,,v07_120,INVALID
v07,,v07_121,INVALID
v07,,v07_122,INVALID
v07,,v07_123,INVALID
v07,,v07_124,INVALID
v07,,v07_125,INVALID
v07,,v07_126,INVALID
v07,,v07_127,INVALID
v07,,v07_128,INVALID
v07,,v07_129,INVALID
v07,,v07_130,INVALID
v07,,v07_131,INVALID
v07,,v07_132,INVALID
v07,v07_E002,v07_133,NOT_READY
v07,v07_E002,v07_134,NOT_READY
v07,v07_E002,v07_135,NOT_READY
v07,v07_E002,v07_136,NOT_READY
v07,v07_E002,v07_137,NOT_READY
v07,v07_E002,v07_138,NOT_READY
v07,v07_E002,v07_139,NOT_READY
v07,v07_E002,v07_140,NOT_READY
v07,v07_E002,v07_141,NOT_READY
v07,v07_E002,v07_142,NOT_READY
v07,v07_E002,v07_143,NOT_READY
v07,v07_E002,v07_144,NOT_READY
v07,v07_E002,v07_145,NOT_READY
v07,v07_E002,v07_146,NOT_READY
v07,v07_E002,v07_147,NOT_READY
v07,v07_E002,v07_148,NOT_READY
v07,v07_E002,v07_149,READY
v07,v07_E002,v07_150,READY
v07,v07_E002,v07_151,READY
v07,v07_E002,v07_152,READY
v07,v07_E002,v07_153,READY
v07,v07_E002,v07_154,READY
v07,v07_E002,v07_155,READY
v07,v07_E002,v07_156,READY
v07,v07_E002,v07_157,READY
v07,v07_E002,v07_158,READY
v07,v07_E002,v07_159,READY
v07,v07_E002,v07_160,READY
v07,v07_E002,v07_161,READY
v07,v07_E002,v07_162,READY
v07,v07_E002,v07_163,READY
v07,v07_E002,v07_164,READY
v07,v07_E002,v07_165,READY
v07,v07_E002,v07_166,READY
v07,v07_E002,v07_167,READY
v07,v07_E002,v07_168,READY
v07,v07_E002,v07_169,READY
v07,v07_E002,v07_170,READY
v07,v07_E002,v07_171,READY
v07,v07_E002,v07_172,READY
v07,v07_E002,v07_173,READY
v07,v07_E002,v07_174,READY
v07,v07_E002,v07_175,READY
v07,v07_E002,v07_176,READY
v07,v07_E002,v07_177,READY
v07,v07_E002,v07_178,READY
v07,v07_E002,v07_179,READY
v07,v07_E002,v07_180,READY
v07,v07_E002,v07_181,READY
v07,v07_E002,v07_182,READY
v07,v07_E002,v07_183,READY
v07,v07_E002,v07_184,READY
v07,v07_E002,v07_185,READY
v07,v07_E002,v07_186,READY
v07,v07_E002,v07_187,READY
v07,v07_E002,v07_188,READY
v07,v07_E002,v07_189,READY
v07,v07_E002,v07_190,READY
v07,v07_E002,v07_191,READY
v07,v07_E002,v07_192,READY
v07,v07_E002,v07_193,READY
v07,v07_E002,v07_194,READY
v07,v07_E002,v07_195,READY
v07,v07_E002,v07_196,READY
v07,v07_E002,v07_197,READY
v07,v07_E002,v07_198,READY
v07,v07_E002,v07_199,READY
v07,v07_E002,v07_200,READY
v07,v07_E002,v07_201,READY
v07,v07_E002,v07_202,READY
v07,v07_E002,v07_203,READY
v07,v07_E002,v07_204,READY
v07,v07_E002,v07_205,READY
v07,v07_E002,v07_206,READY
v07,v07_E002,v07_207,READY
v07,v07_E002,v07_208,READY
v07,v07_E002,v07_209,READY
v07,v07_E002,v07_210,READY
v07,v07_E002,v07_211,READY
v07,v07_E002,v07_212,READY
v07,v07_E002,v07_213,READY
v07,v07_E002,v07_214,READY
v07,v07_E002,v07_215,READY
v07,v07_E002,v07_216,READY
v07,v07_E002,v07_217,READY
v07,v07_E002,v07_218,READY
v07,v07_E002,v07_219,READY
v07,v07_E002,v07_220,READY
v07,v07_E002,v07_221,READY
v07,v07_E002,v07_222,READY
v07,v07_E002,v07_223,READY
v07,v07_E002,v07_224,READY
v07,v07_E002,v07_225,READY
v07,v07_E002,v07_226,READY
v07,v07_E002,v07_227,READY
v07,v07_E002,v07_228,READY
v07,v07_E002,v07_229,READY
v07,v07_E002,v07_230,READY
v07,v07_E002,v07_231,READY
v07,v07_E002,v07_232,READY
v07,v07_E002,v07_233,READY
v07,v07_E002,v07_234,READY
v07,v07_E002,v07_235,READY
v07,v07_E002,v07_236,READY
v07,v07_E002,v07_237,READY
v07,v07_E002,v07_238,READY
v07,v07_E002,v07_239,READY
v07,v07_E002,v07_240,READY
v07,v07_E002,v07_241,READY
v07,v07_E002,v07_242,READY
v07,v07_E002,v07_243,READY
v07,v07_E002,v07_244,READY
v07,v07_E002,v07_245,READY
v07,v07_E002,v07_246,READY
v07,v07_E002,v07_247,READY
v07,v07_E002,v07_248,READY
v07,v07_E002,v07_249,READY
v07,v07_E002,v07_250,READY
v07,v07_E002,v07_251,READY
v07,v07_E002,v07_252,READY
v07,v07_E002,v07_253,NOT_READY
v07,v07_E002,v07_254,NOT_READY
v07,v07_E002,v07_255,NOT_READY
v07,,v07_256,INVALID
v07,,v07_257,INVALID
v07,,v07_258,INVALID
v07,,v07_259,INVALID
v07,,v07_260,INVALID
v07,,v07_261,INVALID
v07,,v07_262,INVALID
v07,,v07_263,INVALID
v07,,v07_264,INVALID
v07,,v07_265,INVALID
v07,,v07_266,INVALID
v07,,v07_267,INVALID
v07,,v07_268,INVALID
v07,,v07_269,INVALID
v07,,v07_270,INVALID
v07,,v07_271,INVALID
v07,,v07_272,INVALID
v07,,v07_273,INVALID
v07,,v07_274,INVALID
v07,,v07_275,INVALID
v07,,v07_276,INVALID
v07,,v07_277,INVALID
v07,,v07_278,INVALID
v07,,v07_279,INVALID
v07,,v07_280,INVALID
v07,,v07_281,INVALID
v07,,v07_282,INVALID
v07,,v07_283,INVALID
v07,,v07_284,INVALID
v07,,v07_285,INVALID
v07,,v07_286,INVALID
v07,,v07_287,INVALID
v07,,v07_288,INVALID
v07,,v07_289,INVALID
v07,,v07_290,INVALID
v07,,v07_291,INVALID
v07,,v07_292,INVALID
v07,,v07_293,INVALID
v07,,v07_294,INVALID
v07,,v07_295,INVALID
v07,,v07_296,INVALID
v07,,v07_297,INVALID
v07,,v07_298,INVALID
v07,v07_E003,v07_299,NOT_READY
v07,v07_E003,v07_300,NOT_READY
v07,v07_E003,v07_301,NOT_READY
v07,v07_E003,v07_302,NOT_READY
v07,v07_E003,v07_303,NOT_READY
v07,v07_E003,v07_304,NOT_READY
v07,v07_E003,v07_305,NOT_READY
v07,v07_E003,v07_306,NOT_READY
v07,v07_E003,v07_307,NOT_READY
v07,v07_E003,v07_308,NOT_READY
v07,v07_E003,v07_309,NOT_READY
v07,v07_E003,v07_310,NOT_READY
v07,v07_E003,v07_311,NOT_READY
v07,v07_E003,v07_312,NOT_READY
v07,v07_E003,v07_313,NOT_READY
v07,v07_E003,v07_314,NOT_READY
v07,v07_E003,v07_315,READY
v07,v07_E003,v07_316,READY
v07,v07_E003,v07_317,READY
v07,v07_E003,v07_318,READY
v07,v07_E003,v07_319,READY
v07,v07_E003,v07_320,READY
v07,v07_E003,v07_321,READY
v07,v07_E003,v07_322,READY
v07,v07_E003,v07_323,READY
v07,v07_E003,v07_324,READY
v07,v07_E003,v07_325,READY
v07,v07_E003,v07_326,READY
v07,v07_E003,v07_327,READY
v07,v07_E003,v07_328,READY
v07,v07_E003,v07_329,READY
v07,v07_E003,v07_330,READY
v07,v07_E003,v07_331,READY
v07,v07_E003,v07_332,READY
v07,v07_E003,v07_333,READY
v07,v07_E003,v07_334,READY
v07,v07_E003,v07_335,READY
v07,v07_E003,v07_336,READY
v07,v07_E003,v07_337,READY
v07,v07_E003,v07_338,READY
v07,v07_E003,v07_339,READY
v07,v07_E003,v07_340,READY
v07,v07_E003,v07_341,READY
v07,v07_E003,v07_342,READY
v07,v07_E003,v07_343,READY
v07,v07_E003,v07_344,READY
v07,v07_E003,v07_345,READY
v07,v07_E003,v07_346,READY
v07,v07_E003,v07_347,READY
v07,v07_E003,v07_348,READY
v07,v07_E003,v07_349,READY
v07,v07_E003,v07_350,READY
v07,v07_E003,v07_351,READY
v07,v07_E003,v07_352,READY
v07,v07_E003,v07_353,READY
v07,v07_E003,v07_354,READY
v07,v07_E003,v07_355,READY
v07,v07_E003,v07_356,READY
v07,v07_E003,v07_357,READY
v07,v07_E003,v07_358,READY
v07,v07_E003,v07_359,READY
v07,v07_E003,v07_360,READY
v07,v07_E003,v07_361,READY
v07,v07_E003,v07_362,READY
v07,v07_E003,v07_363,READY
v07,v07_E003,v07_364,READY
v07,v07_E003,v07_365,READY
v07,v07_E003,v07_366,READY
v07,v07_E003,v07_367,READY
v07,v07_E003,v07_368,READY
v07,v07_E003,v07_369,READY
v07,v07_E003,v07_370,READY
v07,v07_E003,v07_371,READY
v07,v07_E003,v07_372,READY
v07,v07_E003,v07_373,READY
v07,v07_E003,v07_374,READY
v07,v07_E003,v07_375,READY
v07,v07_E003,v07_376,READY
v07,v07_E003,v07_377,READY
v07,v07_E003,v07_378,READY
v07,v07_E003,v07_379,READY
v07,v07_E003,v07_380,READY
v07,v07_E003,v07_381,READY
v07,v07_E003,v07_382,READY
v07,v07_E003,v07_383,READY
v07,v07_E003,v07_384,READY
v07,v07_E003,v07_385,READY
v07,v07_E003,v07_386,READY
v07,v07_E003,v07_387,READY
v07,v07_E003,v07_388,READY
v07,v07_E003,v07_389,READY
v07,v07_E003,v07_390,READY
v07,v07_E003,v07_391,READY
v07,v07_E003,v07_392,READY
v07,v07_E003,v07_393,READY
v07,v07_E003,v07_394,READY
v07,v07_E003,v07_395,READY
v07,v07_E003,v07_396,READY
v07,v07_E003,v07_397,READY
v07,v07_E003,v07_398,READY
v07,v07_E003,v07_399,READY
v07,v07_E003,v07_400,READY
v07,v07_E003,v07_401,READY
v07,v07_E003,v07_402,READY
v07,v07_E003,v07_403,READY
v07,v07_E003,v07_404,READY
v07,v07_E003,v07_405,READY
v07,v07_E003,v07_406,READY
v07,v07_E003,v07_407,READY
v07,v07_E003,v07_408,READY
v07,v07_E003,v07_409,READY
v07,v07_E003,v07_410,READY
v07,v07_E003,v07_411,READY
v07,v07_E003,v07_412,READY
v07,v07_E003,v07_413,READY
v07,v07_E003,v07_414,READY
v07,v07_E003,v07_415,READY
v07,v07_E003,v07_416,READY
v07,v07_E003,v07_417,READY
v07,v07_E003,v07_418,READY
v07,v07_E003,v07_419,READY
v07,v07_E003,v07_420,READY
v07,v07_E003,v07_421,READY
v07,v07_E003,v07_422,READY
v07,v07_E003,v07_423,READY
v07,v07_E003,v07_424,READY
v07,v07_E003,v07_425,READY
v07,v07_E003,v07_426,READY
v07,v07_E003,v07_427,READY
v07,v07_E003,v07_428,READY
v07,v07_E003,v07_429,READY
v07,v07_E003,v07_430,READY
v07,v07_E003,v07_431,READY
v07,v07_E003,v07_432,READY
v07,v07_E003,v07_433,READY
v07,v07_E003,v07_434,READY
v07,v07_E003,v07_435,READY
v07,v07_E003,v07_436,READY
v07,v07_E003,v07_437,READY
v07,v07_E003,v07_438,READY
v07,v07_E003,v07_439,READY
v07,v07_E003,v07_440,READY
v07,v07_E003,v07_441,READY
v07,v07_E003,v07_442,READY
v07,v07_E003,v07_443,READY
v07,v07_E003,v07_444,READY
v07,v07_E003,v07_445,READY
v07,v07_E003,v07_446,READY
v07,v07_E003,v07_447,READY
v07,v07_E003,v07_448,READY
v07,v07_E003,v07_449,READY
v07,v07_E003,v07_450,READY
v07,v07_E003,v07_451,READY
v07,v07_E003,v07_452,READY
v07,v07_E003,v07_453,READY
v07,v07_E003,v07_454,READY
v07,v07_E003,v07_455,READY
v07,v07_E003,v07_456,READY
v07,v07_E003,v07_457,READY
v07,v07_E003,v07_458,READY
v07,v07_E003,v07_459,READY
v07,v07_E003,v07_460,READY
v07,v07_E003,v07_461,READY
v07,v07_E003,v07_462,READY
v07,v07_E003,v07_463,READY
v07,v07_E003,v07_464,READY
v07,v07_E003,v07_465,READY
v07,v07_E003,v07_466,READY
v07,v07_E003,v07_467,READY
v07,v07_E003,v07_468,READY
v07,v07_E003,v07_469,READY
v07,v07_E003,v07_470,READY
v07,v07_E003,v07_471,READY
v07,v07_E003,v07_472,READY
v07,v07_E003,v07_473,READY
v07,v07_E003,v07_474,READY
v07,v07_E003,v07_475,READY
v07,v07_E003,v07_476,READY
v07,v07_E003,v07_477,READY
v07,v07_E003,v07_478,READY
v07,v07_E003,v07_479,READY
v07,v07_E003,v07_480,READY
v07,v07_E003,v07_481,READY
v07,v07_E003,v07_482,READY
v07,v07_E003,v07_483,READY
v07,v07_E003,v07_484,READY
v07,v07_E003,v07_485,READY
v07,v07_E003,v07_486,READY
v07,v07_E003,v07_487,READY
v07,v07_E003,v07_488,READY
v07,v07_E003,v07_489,READY
v07,v07_E003,v07_490,READY
v07,v07_E003,v07_491,READY
v07,v07_E003,v07_492,READY
v07,v07_E003,v07_493,READY
v07,v07_E003,v07_494,READY
v07,v07_E003,v07_495,READY
v07,v07_E003,v07_496,READY
v07,v07_E003,v07_497,READY
v07,v07_E003,v07_498,READY
v07,v07_E003,v07_499,READY
v07,v07_E003,v07_500,READY
v07,v07_E003,v07_501,READY
v07,v07_E003,v07_502,READY
v07,v07_E003,v07_503,READY
v07,v07_E003,v07_504,READY
v07,v07_E003,v07_505,READY
v07,v07_E003,v07_506,READY
v07,v07_E003,v07_507,READY
v07,v07_E003,v07_508,READY
v07,v07_E003,v07_509,READY
v07,v07_E003,v07_510,READY
v07,v07_E003,v07_511,READY
v07,v07_E003,v07_512,READY
v07,v07_E003,v07_513,NOT_READY
v07,v07_E003,v07_514,NOT_READY
v07,v07_E003,v07_515,NOT_READY
v07,,v07_516,INVALID
v07,,v07_517,INVALID
v07,,v07_518,INVALID
v07,,v07_519,INVALID
v07,,v07_520,INVALID
v07,,v07_521,INVALID
v07,,v07_522,INVALID
v07,,v07_523,INVALID
v07,,v07_524,INVALID
v07,,v07_525,INVALID
v07,,v07_526,INVALID
v07,,v07_527,INVALID
v07,,v07_528,INVALID
v07,,v07_529,INVALID
v07,,v07_530,INVALID
v07,,v07_531,INVALID
v07,,v07_532,INVALID
v07,,v07_533,INVALID
v07,,v07_534,INVALID
v08,,v08_001,INVALID
v08,,v08_002,INVALID
v08,,v08_003,INVALID
v08,,v08_004,INVALID
v08,,v08_005,INVALID
v08,,v08_006,INVALID
v08,,v08_007,INVALID
v08,,v08_008,INVALID
v08,,v08_009,INVALID
v08,,v08_010,INVALID
v08,v08_E001,v08_011,NOT_READY
v08,v08_E001,v08_012,NOT_READY
v08,v08_E001,v08_013,NOT_READY
v08,v08_E001,v08_014,NOT_READY
v08,v08_E001,v08_015,READY
v08,v08_E001,v08_016,READY
v08,v08_E001,v08_017,READY
v08,v08_E001,v08_018,READY
v08,v08_E001,v08_019,READY
v08,v08_E001,v08_020,READY
v08,v08_E001,v08_021,READY
v08,v08_E001,v08_022,READY
v08,v08_E001,v08_023,READY
v08,v08_E001,v08_024,READY
v08,v08_E001,v08_025,READY
v08,v08_E001,v08_026,READY
v08,v08_E001,v08_027,READY
v08,v08_E001,v08_028,READY
v08,v08_E001,v08_029,NOT_READY
v08,v08_E001,v08_030,NOT_READY
v08,v08_E001,v08_031,NOT_READY
v08,v08_E001,v08_032,NOT_READY
v08,v08_E001,v08_033,NOT_READY
v08,v08_E001,v08_034,NOT_READY
v08,v08_E001,v08_035,NOT_READY
v08,v08_E001,v08_036,NOT_READY
v08,v08_E001,v08_037,NOT_READY
v08,v08_E001,v08_038,NOT_READY
v08,v08_E001,v08_039,NOT_READY
v08,v08_E001,v08_040,NOT_READY
v08,v08_E001,v08_041,NOT_READY
v08,v08_E001,v08_042,NOT_READY
v08,v08_E001,v08_043,NOT_READY
v08,v08_E001,v08_044,NOT_READY
v08,v08_E001,v08_045,NOT_READY
v08,v08_E001,v08_046,NOT_READY
v08,v08_E001,v08_047,NOT_READY
v08,v08_E001,v08_048,NOT_READY
v08,v08_E001,v08_049,NOT_READY
v08,v08_E001,v08_050,NOT_READY
v08,v08_E001,v08_051,NOT_READY
v08,v08_E001,v08_052,NOT_READY
v08,v08_E001,v08_053,NOT_READY
v08,v08_E001,v08_054,NOT_READY
v08,v08_E001,v08_055,NOT_READY
v08,v08_E001,v08_056,NOT_READY
v08,v08_E001,v08_057,NOT_READY
v08,v08_E001,v08_058,NOT_READY
v08,v08_E001,v08_059,NOT_READY
v08,v08_E001,v08_060,NOT_READY
v08,v08_E001,v08_061,NOT_READY
v08,v08_E001,v08_062,NOT_READY
v08,v08_E001,v08_063,NOT_READY
v08,v08_E001,v08_064,NOT_READY
v08,v08_E001,v08_065,NOT_READY
v08,v08_E001,v08_066,NOT_READY
v08,v08_E001,v08_067,NOT_READY
v08,v08_E001,v08_068,NOT_READY
v08,v08_E001,v08_069,NOT_READY
v08,v08_E001,v08_070,NOT_READY
v08,v08_E001,v08_071,NOT_READY
v08,v08_E001,v08_072,NOT_READY
v08,v08_E001,v08_073,NOT_READY
v08,v08_E001,v08_074,NOT_READY
v08,v08_E001,v08_075,NOT_READY
v08,v08_E001,v08_076,NOT_READY
v08,v08_E001,v08_077,NOT_READY
v08,v08_E001,v08_078,NOT_READY
v08,v08_E001,v08_079,NOT_READY
v08,v08_E001,v08_080,NOT_READY
v08,v08_E001,v08_081,NOT_READY
v08,v08_E001,v08_082,NOT_READY
v08,v08_E001,v08_083,NOT_READY
v08,v08_E001,v08_084,NOT_READY
v08,v08_E001,v08_085,NOT_READY
v08,v08_E001,v08_086,NOT_READY
v08,v08_E001,v08_087,NOT_READY
v08,v08_E001,v08_088,NOT_READY
v08,v08_E001,v08_089,NOT_READY
v08,v08_E001,v08_090,NOT_READY
v08,v08_E001,v08_091,NOT_READY
v08,v08_E001,v08_092,NOT_READY
v08,v08_E001,v08_093,NOT_READY
v08,v08_E001,v08_094,NOT_READY
v08,v08_E001,v08_095,NOT_READY
v08,v08_E001,v08_096,NOT_READY
v08,v08_E001,v08_097,NOT_READY
v08,v08_E001,v08_098,NOT_READY
v08,v08_E001,v08_099,NOT_READY
v08,v08_E001,v08_100,NOT_READY
v08,v08_E001,v08_101,NOT_READY
v08,v08_E001,v08_102,NOT_READY
v08,v08_E001,v08_103,NOT_READY
v08,v08_E001,v08_104,NOT_READY
v08,v08_E001,v08_105,NOT_READY
v08,v08_E001,v08_106,NOT_READY
v08,v08_E001,v08_107,NOT_READY
v08,v08_E001,v08_108,NOT_READY
v08,v08_E001,v08_109,NOT_READY
v08,v08_E001,v08_110,NOT_READY
v08,v08_E001,v08_111,NOT_READY
v08,v08_E001,v08_112,NOT_READY
v08,v08_E001,v08_113,NOT_READY
v08,v08_E001,v08_114,NOT_READY
v08,v08_E001,v08_115,NOT_READY
v08,v08_E001,v08_116,NOT_READY
v08,v08_E001,v08_117,NOT_READY
v08,v08_E001,v08_118,NOT_READY
v08,v08_E001,v08_119,NOT_READY
v08,v08_E001,v08_120,NOT_READY
v08,v08_E001,v08_121,NOT_READY
v08,v08_E001,v08_122,NOT_READY
v08,v08_E001,v08_123,NOT_READY
v08,v08_E001,v08_124,NOT_READY
v08,v08_E001,v08_125,NOT_READY
v08,v08_E001,v08_126,NOT_READY
v08,v08_E001,v08_127,NOT_READY
v08,v08_E001,v08_128,NOT_READY
v08,v08_E001,v08_129,NOT_READY
v08,v08_E001,v08_130,NOT_READY
v08,v08_E001,v08_131,NOT_READY
v08,v08_E001,v08_132,NOT_READY
v08,v08_E001,v08_133,NOT_READY
v08,v08_E001,v08_134,NOT_READY
v08,v08_E001,v08_135,NOT_READY
v08,v08_E001,v08_136,NOT_READY
v08,v08_E001,v08_137,NOT_READY
v08,v08_E001,v08_138,NOT_READY
v08,v08_E001,v08_139,NOT_READY
v08,v08_E001,v08_140,NOT_READY
v08,v08_E001,v08_141,NOT_READY
v08,v08_E001,v08_142,NOT_READY
v08,v08_E001,v08_143,NOT_READY
v08,v08_E001,v08_144,NOT_READY
v08,v08_E001,v08_145,NOT_READY
v08,v08_E001,v08_146,NOT_READY
v08,v08_E001,v08_147,NOT_READY
v08,v08_E001,v08_148,NOT_READY
v08,v08_E001,v08_149,NOT_READY
v08,v08_E001,v08_150,NOT_READY
v08,v08_E001,v08_151,NOT_READY
v08,v08_E001,v08_152,NOT_READY
v08,v08_E001,v08_153,NOT_READY
v08,v08_E001,v08_154,NOT_READY
v08,v08_E001,v08_155,NOT_READY
v08,v08_E001,v08_156,NOT_READY
v08,v08_E001,v08_157,NOT_READY
v08,v08_E001,v08_158,NOT_READY
v08,v08_E001,v08_159,NOT_READY
v08,v08_E001,v08_160,NOT_READY
v08,v08_E001,v08_161,NOT_READY
v08,v08_E001,v08_162,NOT_READY
v08,v08_E001,v08_163,NOT_READY
v08,v08_E001,v08_164,NOT_READY
v08,v08_E001,v08_165,NOT_READY
v08,v08_E001,v08_166,NOT_READY
v08,v08_E001,v08_167,NOT_READY
v08,v08_E001,v08_168,NOT_READY
v08,v08_E001,v08_169,NOT_READY
v08,v08_E001,v08_170,NOT_READY
v08,v08_E001,v08_171,NOT_READY
v08,v08_E001,v08_172,NOT_READY
v08,v08_E001,v08_173,NOT_READY
v08,v08_E001,v08_174,NOT_READY
v08,v08_E001,v08_175,NOT_READY
v08,v08_E001,v08_176,NOT_READY
v08,v08_E001,v08_177,NOT_READY
v08,v08_E001,v08_178,NOT_READY
v08,v08_E001,v08_179,NOT_READY
v08,v08_E001,v08_180,NOT_READY
v08,v08_E001,v08_181,NOT_READY
v08,v08_E001,v08_182,NOT_READY
v08,v08_E001,v08_183,NOT_READY
v08,v08_E001,v08_184,NOT_READY
v08,v08_E001,v08_185,NOT_READY
v08,v08_E001,v08_186,NOT_READY
v08,v08_E001,v08_187,NOT_READY
v08,v08_E001,v08_188,NOT_READY
v08,v08_E001,v08_189,NOT_READY
v08,v08_E001,v08_190,NOT_READY
v08,v08_E001,v08_191,NOT_READY
v08,v08_E001,v08_192,NOT_READY
v08,v08_E001,v08_193,NOT_READY
v08,v08_E001,v08_194,NOT_READY
v08,v08_E001,v08_195,NOT_READY
v08,v08_E001,v08_196,NOT_READY
v08,v08_E001,v08_197,NOT_READY
v08,v08_E001,v08_198,NOT_READY
v08,v08_E001,v08_199,NOT_READY
v08,v08_E001,v08_200,NOT_READY
v08,v08_E001,v08_201,NOT_READY
v08,v08_E001,v08_202,NOT_READY
v08,v08_E001,v08_203,NOT_READY
v08,v08_E001,v08_204,NOT_READY
v08,v08_E001,v08_205,NOT_READY
v08,v08_E001,v08_206,NOT_READY
v08,v08_E001,v08_207,NOT_READY
v08,v08_E001,v08_208,NOT_READY
v08,v08_E001,v08_209,NOT_READY
v08,v08_E001,v08_210,NOT_READY
v08,v08_E001,v08_211,NOT_READY
v08,v08_E001,v08_212,NOT_READY
v08,v08_E001,v08_213,NOT_READY
v08,v08_E001,v08_214,NOT_READY
v08,v08_E001,v08_215,NOT_READY
v08,v08_E001,v08_216,NOT_READY
v08,v08_E001,v08_217,NOT_READY
v08,v08_E001,v08_218,NOT_READY
v08,v08_E001,v08_219,NOT_READY
v08,v08_E001,v08_220,NOT_READY
v08,v08_E001,v08_221,NOT_READY
v08,v08_E001,v08_222,NOT_READY
v08,v08_E001,v08_223,NOT_READY
v08,v08_E001,v08_224,NOT_READY
v08,v08_E001,v08_225,NOT_READY
v08,v08_E001,v08_226,NOT_READY
v08,v08_E001,v08_227,NOT_READY
v08,v08_E001,v08_228,NOT_READY
v08,v08_E001,v08_229,NOT_READY
v08,v08_E001,v08_230,NOT_READY
v08,v08_E001,v08_231,NOT_READY
v08,v08_E001,v08_232,NOT_READY
v08,v08_E001,v08_233,NOT_READY
v08,v08_E001,v08_234,NOT_READY
v08,v08_E001,v08_235,NOT_READY
v08,v08_E001,v08_236,NOT_READY
v08,v08_E001,v08_237,NOT_READY
v08,v08_E001,v08_238,NOT_READY
v08,v08_E001,v08_239,NOT_READY
v08,v08_E001,v08_240,NOT_READY
v08,v08_E001,v08_241,NOT_READY
v08,v08_E001,v08_242,NOT_READY
v08,v08_E001,v08_243,NOT_READY
v08,v08_E001,v08_244,NOT_READY
v08,v08_E001,v08_245,NOT_READY
v08,v08_E001,v08_246,NOT_READY
v08,v08_E001,v08_247,NOT_READY
v08,v08_E001,v08_248,NOT_READY
v08,v08_E001,v08_249,NOT_READY
v08,v08_E001,v08_250,NOT_READY
v08,v08_E001,v08_251,NOT_READY
v08,v08_E001,v08_252,NOT_READY
v08,v08_E001,v08_253,NOT_READY
v08,v08_E001,v08_254,NOT_READY
v08,v08_E001,v08_255,NOT_READY
v08,v08_E001,v08_256,NOT_READY
v08,v08_E001,v08_257,NOT_READY
v08,v08_E001,v08_258,NOT_READY
v08,v08_E001,v08_259,NOT_READY
v08,v08_E001,v08_260,NOT_READY
v08,v08_E001,v08_261,NOT_READY
v08,v08_E001,v08_262,NOT_READY
v08,v08_E001,v08_263,NOT_READY
v08,v08_E001,v08_264,NOT_READY
v08,v08_E001,v08_265,NOT_READY
v08,v08_E001,v08_266,NOT_READY
v08,v08_E001,v08_267,NOT_READY
v08,v08_E001,v08_268,NOT_READY
v08,v08_E001,v08_269,NOT_READY
v08,v08_E001,v08_270,NOT_READY
v08,v08_E001,v08_271,NOT_READY
v08,v08_E001,v08_272,NOT_READY
v08,v08_E001,v08_273,NOT_READY
v08,v08_E001,v08_274,NOT_READY
v08,v08_E001,v08_275,NOT_READY
v08,v08_E001,v08_276,NOT_READY
v08,v08_E001,v08_277,NOT_READY
v08,v08_E001,v08_278,NOT_READY
v08,v08_E001,v08_279,NOT_READY
v08,v08_E001,v08_280,NOT_READY
v08,v08_E001,v08_281,NOT_READY
v08,v08_E001,v08_282,NOT_READY
v08,v08_E001,v08_283,NOT_READY
v08,v08_E001,v08_284,NOT_READY
v08,v08_E001,v08_285,NOT_READY
v08,v08_E001,v08_286,NOT_READY
v08,v08_E001,v08_287,NOT_READY
v08,v08_E001,v08_288,NOT_READY
v08,v08_E001,v08_289,NOT_READY
v08,v08_E001,v08_290,NOT_READY
v08,v08_E001,v08_291,NOT_READY
v08,v08_E001,v08_292,NOT_READY
v08,v08_E001,v08_293,NOT_READY
v08,v08_E001,v08_294,NOT_READY
v08,v08_E001,v08_295,NOT_READY
v08,v08_E001,v08_296,NOT_READY
v08,v08_E001,v08_297,NOT_READY
v08,v08_E001,v08_298,NOT_READY
v08,v08_E001,v08_299,NOT_READY
v08,v08_E001,v08_300,NOT_READY
v08,v08_E001,v08_301,NOT_READY
v08,v08_E001,v08_302,NOT_READY
v08,v08_E001,v08_303,NOT_READY
v08,v08_E001,v08_304,NOT_READY
v08,v08_E001,v08_305,NOT_READY
v08,v08_E001,v08_306,NOT_READY
v08,v08_E001,v08_307,NOT_READY
v08,v08_E001,v08_308,NOT_READY
v08,v08_E001,v08_309,NOT_READY
v08,v08_E001,v08_310,NOT_READY
v08,v08_E001,v08_311,NOT_READY
v08,v08_E001,v08_312,READY
v08,v08_E001,v08_313,READY
v08,v08_E001,v08_314,NOT_READY
v08,v08_E001,v08_315,NOT_READY
v08,v08_E001,v08_316,NOT_READY
v08,v08_E001,v08_317,NOT_READY
v08,v08_E001,v08_318,NOT_READY
v08,v08_E001,v08_319,NOT_READY
v08,v08_E001,v08_320,NOT_READY
v08,v08_E001,v08_321,NOT_READY
v08,v08_E001,v08_322,NOT_READY
v08,v08_E001,v08_323,NOT_READY
v08,v08_E001,v08_324,NOT_READY
v08,v08_E001,v08_325,NOT_READY
v08,v08_E001,v08_326,NOT_READY
v08,v08_E001,v08_327,NOT_READY
v08,v08_E001,v08_328,NOT_READY
v08,v08_E001,v08_329,NOT_READY
v08,v08_E001,v08_330,NOT_READY
v08,v08_E001,v08_331,NOT_READY
v08,v08_E001,v08_332,NOT_READY
v08,v08_E001,v08_333,NOT_READY
v08,v08_E001,v08_334,NOT_READY
v08,v08_E001,v08_335,NOT_READY
v08,v08_E001,v08_336,NOT_READY
v08,v08_E001,v08_337,NOT_READY
v08,v08_E001,v08_338,NOT_READY
v08,v08_E001,v08_339,NOT_READY
v08,v08_E001,v08_340,NOT_READY
v08,v08_E001,v08_341,NOT_READY
v08,v08_E001,v08_342,NOT_READY
v08,v08_E001,v08_343,NOT_READY
v08,v08_E001,v08_344,NOT_READY
v08,v08_E001,v08_345,NOT_READY
v08,v08_E001,v08_346,NOT_READY
v08,v08_E001,v08_347,NOT_READY
v08,v08_E001,v08_348,NOT_READY
v08,v08_E001,v08_349,NOT_READY
v08,v08_E001,v08_350,NOT_READY
v08,v08_E001,v08_351,NOT_READY
v08,v08_E001,v08_352,NOT_READY
v08,v08_E001,v08_353,NOT_READY
v08,v08_E001,v08_354,NOT_READY
v08,v08_E001,v08_355,NOT_READY
v08,v08_E001,v08_356,NOT_READY
v08,v08_E001,v08_357,NOT_READY
v08,v08_E001,v08_358,NOT_READY
v08,v08_E001,v08_359,NOT_READY
v08,v08_E001,v08_360,NOT_READY
v08,v08_E001,v08_361,NOT_READY
v08,v08_E001,v08_362,NOT_READY
v08,v08_E001,v08_363,NOT_READY
v08,v08_E001,v08_364,NOT_READY
v08,v08_E001,v08_365,NOT_READY
v08,v08_E001,v08_366,NOT_READY
v08,v08_E001,v08_367,NOT_READY
v08,v08_E001,v08_368,NOT_READY
v08,v08_E001,v08_369,NOT_READY
v08,v08_E001,v08_370,NOT_READY
v08,v08_E001,v08_371,NOT_READY
v08,v08_E001,v08_372,NOT_READY
v08,v08_E001,v08_373,NOT_READY
v08,v08_E001,v08_374,NOT_READY
v08,v08_E001,v08_375,NOT_READY
v08,v08_E001,v08_376,NOT_READY
v08,v08_E001,v08_377,NOT_READY
v08,v08_E001,v08_378,NOT_READY
v08,v08_E001,v08_379,NOT_READY
v08,v08_E001,v08_380,NOT_READY
v08,v08_E001,v08_381,NOT_READY
v08,v08_E001,v08_382,NOT_READY
v08,v08_E001,v08_383,NOT_READY
v08,v08_E001,v08_384,NOT_READY
v08,v08_E001,v08_385,NOT_READY
v08,v08_E001,v08_386,NOT_READY
v08,v08_E001,v08_387,NOT_READY
v08,v08_E001,v08_388,NOT_READY
v08,v08_E001,v08_389,NOT_READY
v08,v08_E001,v08_390,NOT_READY
v08,v08_E001,v08_391,NOT_READY
v08,v08_E001,v08_392,NOT_READY
v08,v08_E001,v08_393,NOT_READY
v08,v08_E001,v08_394,NOT_READY
v08,v08_E001,v08_395,NOT_READY
v08,v08_E001,v08_396,NOT_READY
v08,v08_E001,v08_397,NOT_READY
v08,v08_E001,v08_398,NOT_READY
v08,v08_E001,v08_399,NOT_READY
v08,v08_E001,v08_400,NOT_READY
v08,v08_E001,v08_401,NOT_READY
v08,v08_E001,v08_402,NOT_READY
v08,v08_E001,v08_403,NOT_READY
v08,v08_E001,v08_404,NOT_READY
v08,v08_E001,v08_405,NOT_READY
v08,v08_E001,v08_406,NOT_READY
v08,v08_E001,v08_407,NOT_READY
v08,v08_E001,v08_408,NOT_READY
v08,v08_E001,v08_409,NOT_READY
v08,v08_E001,v08_410,NOT_READY
v08,v08_E001,v08_411,NOT_READY
v08,v08_E001,v08_412,NOT_READY
v08,v08_E001,v08_413,NOT_READY
v08,v08_E001,v08_414,NOT_READY
v08,v08_E001,v08_415,NOT_READY
v08,v08_E001,v08_416,NOT_READY
v08,v08_E001,v08_417,NOT_READY
v08,v08_E001,v08_418,NOT_READY
v08,v08_E001,v08_419,NOT_READY
v08,v08_E001,v08_420,NOT_READY
v08,v08_E001,v08_421,NOT_READY
v08,v08_E001,v08_422,NOT_READY
v08,v08_E001,v08_423,NOT_READY
v08,v08_E001,v08_424,NOT_READY
v08,v08_E001,v08_425,NOT_READY
v08,v08_E001,v08_426,NOT_READY
v08,v08_E001,v08_427,NOT_READY
v08,v08_E001,v08_428,NOT_READY
v08,v08_E001,v08_429,NOT_READY
v08,v08_E001,v08_430,NOT_READY
v08,v08_E001,v08_431,NOT_READY
v08,v08_E001,v08_432,NOT_READY
v08,v08_E001,v08_433,NOT_READY
v08,v08_E001,v08_434,NOT_READY
v08,v08_E001,v08_435,NOT_READY
v08,v08_E001,v08_436,NOT_READY
v08,,v08_437,INVALID
v08,v08_E002,v08_438,NOT_READY
v08,v08_E002,v08_439,NOT_READY
v08,v08_E002,v08_440,NOT_READY
v08,v08_E002,v08_441,NOT_READY
v08,v08_E002,v08_442,NOT_READY
v08,v08_E002,v08_443,NOT_READY
v08,v08_E002,v08_444,NOT_READY
v08,v08_E002,v08_445,NOT_READY
v08,v08_E002,v08_446,NOT_READY
v08,v08_E002,v08_447,NOT_READY
v08,v08_E002,v08_448,NOT_READY
v08,v08_E002,v08_449,NOT_READY
v08,v08_E002,v08_450,NOT_READY
v08,v08_E002,v08_451,NOT_READY
v08,v08_E002,v08_452,NOT_READY
v08,v08_E002,v08_453,NOT_READY
v08,v08_E002,v08_454,NOT_READY
v08,v08_E002,v08_455,NOT_READY
v08,v08_E002,v08_456,NOT_READY
v08,v08_E002,v08_457,NOT_READY
v08,v08_E002,v08_458,NOT_READY
v08,v08_E002,v08_459,NOT_READY
v08,v08_E002,v08_460,NOT_READY
v08,v08_E002,v08_461,NOT_READY
v08,v08_E002,v08_462,NOT_READY
v08,v08_E002,v08_463,NOT_READY
v08,v08_E002,v08_464,NOT_READY
v08,v08_E002,v08_465,NOT_READY
v08,v08_E002,v08_466,NOT_READY
v08,v08_E002,v08_467,NOT_READY
v08,v08_E002,v08_468,NOT_READY
v08,v08_E002,v08_469,NOT_READY
v08,v08_E002,v08_470,NOT_READY
v08,v08_E002,v08_471,NOT_READY
v08,v08_E002,v08_472,NOT_READY
v08,v08_E002,v08_473,NOT_READY
v08,v08_E002,v08_474,NOT_READY
v08,v08_E002,v08_475,NOT_READY
v08,v08_E002,v08_476,NOT_READY
v08,v08_E002,v08_477,NOT_READY
v08,v08_E002,v08_478,NOT_READY
v08,v08_E002,v08_479,NOT_READY
v08,v08_E002,v08_480,NOT_READY
v08,v08_E002,v08_481,NOT_READY
v08,v08_E002,v08_482,NOT_READY
v08,v08_E002,v08_483,NOT_READY
v08,v08_E002,v08_484,NOT_READY
v08,v08_E002,v08_485,NOT_READY
v08,v08_E002,v08_486,NOT_READY
v08,v08_E002,v08_487,NOT_READY
v08,v08_E002,v08_488,NOT_READY
v08,v08_E002,v08_489,NOT_READY
v08,v08_E002,v08_490,NOT_READY
v08,v08_E002,v08_491,NOT_READY
v08,v08_E002,v08_492,NOT_READY
v08,v08_E002,v08_493,NOT_READY
v08,v08_E002,v08_494,NOT_READY
v08,v08_E002,v08_495,NOT_READY
v08,v08_E002,v08_496,NOT_READY
v08,v08_E002,v08_497,NOT_READY
v08,v08_E002,v08_498,NOT_READY
v08,v08_E002,v08_499,NOT_READY
v08,v08_E002,v08_500,NOT_READY
v08,v08_E002,v08_501,NOT_READY
v08,v08_E002,v08_502,NOT_READY
v08,v08_E002,v08_503,NOT_READY
v08,v08_E002,v08_504,NOT_READY
v08,v08_E002,v08_505,NOT_READY
v08,v08_E002,v08_506,NOT_READY
v08,v08_E002,v08_507,NOT_READY
v08,v08_E002,v08_508,NOT_READY
v08,v08_E002,v08_509,NOT_READY
v08,v08_E002,v08_510,NOT_READY
v08,v08_E002,v08_511,NOT_READY
v08,v08_E002,v08_512,NOT_READY
v08,v08_E002,v08_513,NOT_READY
v08,v08_E002,v08_514,NOT_READY
v08,v08_E002,v08_515,NOT_READY
v08,v08_E002,v08_516,NOT_READY
v08,v08_E002,v08_517,NOT_READY
v08,v08_E002,v08_518,NOT_READY
v08,v08_E002,v08_519,NOT_READY
v08,v08_E002,v08_520,NOT_READY
v08,v08_E002,v08_521,NOT_READY
v08,v08_E002,v08_522,NOT_READY
v08,v08_E002,v08_523,NOT_READY
v08,v08_E002,v08_524,NOT_READY
v08,v08_E002,v08_525,NOT_READY
v08,v08_E002,v08_526,NOT_READY
v08,v08_E002,v08_527,NOT_READY
v08,v08_E002,v08_528,NOT_READY
v08,v08_E002,v08_529,NOT_READY
v08,v08_E002,v08_530,NOT_READY
v08,v08_E002,v08_531,NOT_READY
v08,v08_E002,v08_532,NOT_READY
v08,v08_E002,v08_533,NOT_READY
v08,v08_E002,v08_534,NOT_READY
v08,v08_E002,v08_535,NOT_READY
v08,v08_E002,v08_536,NOT_READY
v08,v08_E002,v08_537,NOT_READY
v08,v08_E002,v08_538,NOT_READY
v08,v08_E002,v08_539,NOT_READY
v08,v08_E002,v08_540,NOT_READY
v08,v08_E002,v08_541,NOT_READY
v08,,v08_542,INVALID
v08,,v08_543,INVALID
v08,,v08_544,INVALID
v08,,v08_545,INVALID
v08,,v08_546,INVALID
v08,,v08_547,INVALID
v08,,v08_548,INVALID
v08,,v08_549,INVALID
v08,,v08_550,INVALID
v08,,v08_551,INVALID
v08,,v08_552,INVALID
v08,,v08_553,INVALID
v08,,v08_554,INVALID
v08,,v08_555,INVALID
v08,,v08_556,INVALID
v08,,v08_557,INVALID
v08,,v08_558,INVALID
v08,,v08_559,INVALID
v08,v08_E003,v08_560,NOT_READY
v08,v08_E003,v08_561,NOT_READY
v08,v08_E003,v08_562,NOT_READY
v08,v08_E003,v08_563,NOT_READY
v08,v08_E003,v08_564,NOT_READY
v08,v08_E003,v08_565,NOT_READY
v08,v08_E003,v08_566,NOT_READY
v08,v08_E003,v08_567,NOT_READY
v08,v08_E003,v08_568,NOT_READY
v08,v08_E003,v08_569,NOT_READY
v08,v08_E003,v08_570,NOT_READY
v08,v08_E003,v08_571,NOT_READY
v08,v08_E003,v08_572,NOT_READY
v08,v08_E003,v08_573,NOT_READY
v08,v08_E003,v08_574,NOT_READY
v08,v08_E003,v08_575,NOT_READY
v08,v08_E003,v08_576,NOT_READY
v08,v08_E003,v08_577,NOT_READY
v08,v08_E003,v08_578,NOT_READY
v08,v08_E003,v08_579,NOT_READY
v08,v08_E003,v08_580,NOT_READY
v08,v08_E003,v08_581,NOT_READY
v08,v08_E003,v08_582,NOT_READY
v08,v08_E003,v08_583,NOT_READY
v08,v08_E003,v08_584,NOT_READY
v08,v08_E003,v08_585,NOT_READY
v08,v08_E003,v08_586,NOT_READY
v08,v08_E003,v08_587,NOT_READY
v08,v08_E003,v08_588,NOT_READY
v08,v08_E003,v08_589,NOT_READY
v08,v08_E003,v08_590,NOT_READY
v08,v08_E003,v08_591,NOT_READY
v08,v08_E003,v08_592,NOT_READY
v08,v08_E003,v08_593,NOT_READY
v08,v08_E003,v08_594,NOT_READY
v08,v08_E003,v08_595,NOT_READY
v08,v08_E003,v08_596,NOT_READY
v08,v08_E003,v08_597,NOT_READY
v08,v08_E003,v08_598,NOT_READY
v08,v08_E003,v08_599,NOT_READY
v08,v08_E003,v08_600,NOT_READY
v08,v08_E003,v08_601,NOT_READY
v08,v08_E003,v08_602,NOT_READY
v08,v08_E003,v08_603,NOT_READY
v08,v08_E003,v08_604,NOT_READY
v08,v08_E003,v08_605,NOT_READY
v08,v08_E003,v08_606,NOT_READY
v08,v08_E003,v08_607,NOT_READY
v08,v08_E003,v08_608,NOT_READY
v08,v08_E003,v08_609,NOT_READY
v08,v08_E003,v08_610,NOT_READY
v08,v08_E003,v08_611,NOT_READY
v08,v08_E003,v08_612,NOT_READY
v08,v08_E003,v08_613,NOT_READY
v08,v08_E003,v08_614,NOT_READY
v08,v08_E003,v08_615,NOT_READY
v08,v08_E003,v08_616,NOT_READY
v08,v08_E003,v08_617,NOT_READY
v08,v08_E003,v08_618,NOT_READY
v08,v08_E003,v08_619,NOT_READY
v08,v08_E003,v08_620,NOT_READY
v08,v08_E003,v08_621,NOT_READY
v08,v08_E003,v08_622,NOT_READY
v08,v08_E003,v08_623,NOT_READY
v08,v08_E003,v08_624,NOT_READY
v08,v08_E003,v08_625,NOT_READY
v08,v08_E003,v08_626,NOT_READY
v08,v08_E003,v08_627,NOT_READY
v08,v08_E003,v08_628,NOT_READY
v08,v08_E003,v08_629,NOT_READY
v08,v08_E003,v08_630,NOT_READY
v08,v08_E003,v08_631,NOT_READY
v08,v08_E003,v08_632,NOT_READY
v08,v08_E003,v08_633,NOT_READY
v08,v08_E003,v08_634,NOT_READY
v08,v08_E003,v08_635,NOT_READY
v08,v08_E003,v08_636,NOT_READY
v08,v08_E003,v08_637,NOT_READY
v08,v08_E003,v08_638,NOT_READY
v08,v08_E003,v08_639,NOT_READY
v08,v08_E003,v08_640,NOT_READY
v08,v08_E003,v08_641,NOT_READY
v08,v08_E003,v08_642,NOT_READY
v08,v08_E003,v08_643,NOT_READY
v08,v08_E003,v08_644,NOT_READY
v08,v08_E003,v08_645,NOT_READY
v08,v08_E003,v08_646,NOT_READY
v08,v08_E003,v08_647,NOT_READY
v08,v08_E003,v08_648,NOT_READY
v08,v08_E003,v08_649,NOT_READY
v08,v08_E003,v08_650,NOT_READY
v08,v08_E003,v08_651,NOT_READY
v08,v08_E003,v08_652,NOT_READY
v08,v08_E003,v08_653,NOT_READY
v08,v08_E003,v08_654,NOT_READY
v08,v08_E003,v08_655,NOT_READY
v08,v08_E003,v08_656,NOT_READY
v08,v08_E003,v08_657,NOT_READY
v08,v08_E003,v08_658,NOT_READY
v08,v08_E003,v08_659,NOT_READY
v08,v08_E003,v08_660,NOT_READY
v08,v08_E003,v08_661,NOT_READY
v08,v08_E003,v08_662,NOT_READY
v08,v08_E003,v08_663,NOT_READY
v08,v08_E003,v08_664,NOT_READY
v08,v08_E003,v08_665,NOT_READY
v08,v08_E003,v08_666,NOT_READY
v08,v08_E003,v08_667,NOT_READY
v08,v08_E003,v08_668,NOT_READY
v08,v08_E003,v08_669,NOT_READY
v08,v08_E003,v08_670,NOT_READY
v08,v08_E003,v08_671,NOT_READY
v08,v08_E003,v08_672,NOT_READY
v08,v08_E003,v08_673,NOT_READY
v08,v08_E003,v08_674,NOT_READY
v08,v08_E003,v08_675,NOT_READY
v08,v08_E003,v08_676,NOT_READY
v08,v08_E003,v08_677,NOT_READY
v08,v08_E003,v08_678,NOT_READY
v08,v08_E003,v08_679,NOT_READY
v08,v08_E003,v08_680,NOT_READY
v08,v08_E003,v08_681,NOT_READY
v08,v08_E003,v08_682,NOT_READY
v08,v08_E003,v08_683,NOT_READY
v08,v08_E003,v08_684,NOT_READY
v08,v08_E003,v08_685,NOT_READY
v08,v08_E003,v08_686,NOT_READY
v08,v08_E003,v08_687,NOT_READY
v08,v08_E003,v08_688,NOT_READY
v08,v08_E003,v08_689,NOT_READY
v08,v08_E003,v08_690,NOT_READY
v08,v08_E003,v08_691,NOT_READY
v08,v08_E003,v08_692,NOT_READY
v08,v08_E003,v08_693,NOT_READY
v08,v08_E003,v08_694,NOT_READY
v08,v08_E003,v08_695,NOT_READY
v08,v08_E003,v08_696,NOT_READY
v08,v08_E003,v08_697,NOT_READY
v08,v08_E003,v08_698,NOT_READY
v08,v08_E003,v08_699,NOT_READY
v08,v08_E003,v08_700,NOT_READY
v08,v08_E003,v08_701,NOT_READY
v08,v08_E003,v08_702,NOT_READY
v08,v08_E003,v08_703,NOT_READY
v08,v08_E003,v08_704,NOT_READY
v08,v08_E003,v08_705,NOT_READY
v08,v08_E003,v08_706,NOT_READY
v08,v08_E003,v08_707,NOT_READY
v08,v08_E003,v08_708,NOT_READY
v08,v08_E003,v08_709,NOT_READY
v08,v08_E003,v08_710,NOT_READY
v08,v08_E003,v08_711,NOT_READY
v08,,v08_712,INVALID
v08,,v08_713,INVALID
v08,,v08_714,INVALID
v08,,v08_715,INVALID
v08,,v08_716,INVALID
v08,,v08_717,INVALID
v08,,v08_718,INVALID
v08,,v08_719,INVALID
v08,,v08_720,INVALID
v08,,v08_721,INVALID
v08,,v08_722,INVALID
v08,,v08_723,INVALID
v08,,v08_724,INVALID
v08,,v08_725,INVALID
v08,,v08_726,INVALID
v08,,v08_727,INVALID
v08,,v08_728,INVALID
v08,,v08_729,INVALID
v08,,v08_730,INVALID
v08,,v08_731,INVALID
v08,,v08_732,INVALID
v08,,v08_733,INVALID
v08,,v08_734,INVALID
v08,,v08_735,INVALID
v08,v08_E004,v08_736,NOT_READY
v08,v08_E004,v08_737,NOT_READY
v08,v08_E004,v08_738,NOT_READY
v08,v08_E004,v08_739,NOT_READY
v08,v08_E004,v08_740,NOT_READY
v08,v08_E004,v08_741,READY
v08,v08_E004,v08_742,READY
v08,v08_E004,v08_743,READY
v08,v08_E004,v08_744,NOT_READY
v08,v08_E004,v08_745,NOT_READY
v08,v08_E004,v08_746,NOT_READY
v08,v08_E004,v08_747,NOT_READY
v08,v08_E004,v08_748,NOT_READY
v08,v08_E004,v08_749,NOT_READY
v08,v08_E004,v08_750,NOT_READY
v08,v08_E004,v08_751,NOT_READY
v08,v08_E004,v08_752,NOT_READY
v08,v08_E004,v08_753,NOT_READY
v08,v08_E004,v08_754,NOT_READY
v08,v08_E004,v08_755,NOT_READY
v08,v08_E004,v08_756,NOT_READY
v08,v08_E004,v08_757,NOT_READY
v08,v08_E004,v08_758,NOT_READY
v08,v08_E004,v08_759,NOT_READY
v08,v08_E004,v08_760,NOT_READY
v08,v08_E004,v08_761,NOT_READY
v08,v08_E004,v08_762,NOT_READY
v08,v08_E004,v08_763,NOT_READY
v08,v08_E004,v08_764,NOT_READY
v08,v08_E004,v08_765,NOT_READY
v08,v08_E004,v08_766,NOT_READY
v08,v08_E004,v08_767,NOT_READY
v08,v08_E004,v08_768,NOT_READY
v08,v08_E004,v08_769,NOT_READY
v08,v08_E004,v08_770,NOT_READY
v08,v08_E004,v08_771,NOT_READY
v08,v08_E004,v08_772,NOT_READY
v08,v08_E004,v08_773,NOT_READY
v08,v08_E004,v08_774,NOT_READY
v08,v08_E004,v08_775,NOT_READY
v08,v08_E004,v08_776,NOT_READY
v08,v08_E004,v08_777,NOT_READY
v08,v08_E004,v08_778,NOT_READY
v08,v08_E004,v08_779,NOT_READY
v08,v08_E004,v08_780,NOT_READY
v08,v08_E004,v08_781,NOT_READY
v08,v08_E004,v08_782,NOT_READY
v08,v08_E004,v08_783,NOT_READY
v08,v08_E004,v08_784,NOT_READY
v08,v08_E004,v08_785,NOT_READY
v08,v08_E004,v08_786,NOT_READY
v08,v08_E004,v08_787,NOT_READY
v08,v08_E004,v08_788,NOT_READY
v08,v08_E004,v08_789,NOT_READY
v08,v08_E004,v08_790,NOT_READY
v08,v08_E004,v08_791,NOT_READY
v08,v08_E004,v08_792,NOT_READY
v08,v08_E004,v08_793,NOT_READY
v08,v08_E004,v08_794,NOT_READY
v08,v08_E004,v08_795,NOT_READY
v08,v08_E004,v08_796,NOT_READY
v08,v08_E004,v08_797,NOT_READY
v08,v08_E004,v08_798,NOT_READY
v08,v08_E004,v08_799,NOT_READY
v08,v08_E004,v08_800,NOT_READY
v08,v08_E004,v08_801,NOT_READY
v08,v08_E004,v08_802,NOT_READY
v08,v08_E004,v08_803,NOT_READY
v08,v08_E004,v08_804,NOT_READY
v08,v08_E004,v08_805,NOT_READY
v08,v08_E004,v08_806,NOT_READY
v08,v08_E004,v08_807,NOT_READY
v08,v08_E004,v08_808,NOT_READY
v08,v08_E004,v08_809,NOT_READY
v08,v08_E004,v08_810,NOT_READY
v08,v08_E004,v08_811,NOT_READY
v08,v08_E004,v08_812,NOT_READY
v08,v08_E004,v08_813,NOT_READY
v08,v08_E004,v08_814,NOT_READY
v08,v08_E004,v08_815,NOT_READY
v08,v08_E004,v08_816,NOT_READY
v08,v08_E004,v08_817,NOT_READY
v08,v08_E004,v08_818,NOT_READY
v08,v08_E004,v08_819,NOT_READY
v08,v08_E004,v08_820,NOT_READY
v08,v08_E004,v08_821,NOT_READY
v08,v08_E004,v08_822,NOT_READY
v08,v08_E004,v08_823,NOT_READY
v08,v08_E004,v08_824,NOT_READY
v08,,v08_825,INVALID
v08,,v08_826,INVALID
v08,,v08_827,INVALID
v08,,v08_828,INVALID
v08,,v08_829,INVALID
v08,,v08_830,INVALID
v08,,v08_831,INVALID
v08,,v08_832,INVALID
v08,,v08_833,INVALID
v08,,v08_834,INVALID
v08,,v08_835,INVALID
v08,,v08_836,INVALID
v08,,v08_837,INVALID
v08,,v08_838,INVALID
v08,,v08_839,INVALID
v08,,v08_840,INVALID
v08,,v08_841,INVALID
v08,,v08_842,INVALID
v08,v08_E005,v08_843,NOT_READY
v08,v08_E005,v08_844,READY
v08,v08_E005,v08_845,READY
v08,v08_E005,v08_846,NOT_READY
v08,v08_E005,v08_847,NOT_READY
v08,v08_E005,v08_848,NOT_READY
v08,v08_E005,v08_849,NOT_READY
v08,v08_E005,v08_850,NOT_READY
v08,v08_E005,v08_851,NOT_READY
v08,v08_E005,v08_852,NOT_READY
v08,v08_E005,v08_853,NOT_READY
v08,v08_E005,v08_854,NOT_READY
v08,v08_E005,v08_855,NOT_READY
v08,v08_E005,v08_856,NOT_READY
v08,v08_E005,v08_857,NOT_READY
v08,v08_E005,v08_858,NOT_READY
v08,v08_E005,v08_859,NOT_READY
v08,v08_E005,v08_860,NOT_READY
v08,v08_E005,v08_861,NOT_READY
v08,v08_E005,v08_862,NOT_READY
v08,v08_E005,v08_863,NOT_READY
v08,v08_E005,v08_864,NOT_READY
v08,v08_E005,v08_865,NOT_READY
v08,v08_E005,v08_866,NOT_READY
v08,v08_E005,v08_867,NOT_READY
v08,v08_E005,v08_868,NOT_READY
v08,v08_E005,v08_869,NOT_READY
v08,v08_E005,v08_870,NOT_READY
v08,v08_E005,v08_871,NOT_READY
v08,v08_E005,v08_872,NOT_READY
v08,v08_E005,v08_873,NOT_READY
v08,v08_E005,v08_874,NOT_READY
v08,v08_E005,v08_875,NOT_READY
v08,v08_E005,v08_876,NOT_READY
v08,v08_E005,v08_877,NOT_READY
v08,v08_E005,v08_878,NOT_READY
v08,v08_E005,v08_879,NOT_READY
v08,v08_E005,v08_880,NOT_READY
v08,v08_E005,v08_881,NOT_READY
v08,v08_E005,v08_882,NOT_READY
v08,v08_E005,v08_883,NOT_READY
v08,v08_E005,v08_884,NOT_READY
v08,v08_E005,v08_885,NOT_READY
v08,v08_E005,v08_886,NOT_READY
v08,v08_E005,v08_887,NOT_READY
v08,v08_E005,v08_888,NOT_READY
v08,v08_E005,v08_889,NOT_READY
v08,v08_E005,v08_890,NOT_READY
v08,v08_E005,v08_891,NOT_READY
v08,v08_E005,v08_892,NOT_READY
v08,v08_E005,v08_893,NOT_READY
v08,v08_E005,v08_894,NOT_READY
v08,v08_E005,v08_895,NOT_READY
v08,v08_E005,v08_896,NOT_READY
v08,v08_E005,v08_897,NOT_READY
v08,v08_E005,v08_898,NOT_READY
v08,v08_E005,v08_899,NOT_READY
v08,v08_E005,v08_900,NOT_READY
v08,v08_E005,v08_901,NOT_READY
v08,v08_E005,v08_902,NOT_READY
v08,v08_E005,v08_903,NOT_READY
v08,v08_E005,v08_904,NOT_READY
v08,v08_E005,v08_905,NOT_READY
v08,v08_E005,v08_906,NOT_READY
v08,v08_E005,v08_907,NOT_READY
v08,v08_E005,v08_908,NOT_READY
v08,v08_E005,v08_909,NOT_READY
v08,v08_E005,v08_910,NOT_READY
v08,v08_E005,v08_911,NOT_READY
v08,v08_E005,v08_912,NOT_READY
v08,v08_E005,v08_913,NOT_READY
v08,v08_E005,v08_914,NOT_READY
v08,v08_E005,v08_915,NOT_READY
v08,v08_E005,v08_916,NOT_READY
v08,v08_E005,v08_917,NOT_READY
v08,v08_E005,v08_918,NOT_READY
v08,v08_E005,v08_919,NOT_READY
v08,v08_E005,v08_920,NOT_READY
v08,v08_E005,v08_921,NOT_READY
v08,v08_E005,v08_922,NOT_READY
v08,v08_E005,v08_923,NOT_READY
v08,v08_E005,v08_924,NOT_READY
v08,v08_E005,v08_925,NOT_READY
v08,v08_E005,v08_926,NOT_READY
v08,,v08_927,INVALID
v08,,v08_928,INVALID
v08,,v08_929,INVALID
v08,,v08_930,INVALID
v08,,v08_931,INVALID
v08,,v08_932,INVALID
v08,,v08_933,INVALID
v08,,v08_934,INVALID
v08,,v08_935,INVALID
v08,,v08_936,INVALID
v08,,v08_937,INVALID
v08,,v08_938,INVALID
v08,v08_E006,v08_939,NOT_READY
v08,v08_E006,v08_940,NOT_READY
v08,v08_E006,v08_941,NOT_READY
v08,v08_E006,v08_942,NOT_READY
v08,v08_E006,v08_943,NOT_READY
v08,v08_E006,v08_944,READY
v08,v08_E006,v08_945,READY
v08,v08_E006,v08_946,READY
v08,v08_E006,v08_947,READY
v08,v08_E006,v08_948,READY
v08,v08_E006,v08_949,READY
v08,v08_E006,v08_950,NOT_READY
v08,v08_E006,v08_951,NOT_READY
v08,v08_E006,v08_952,NOT_READY
v08,v08_E006,v08_953,NOT_READY
v08,v08_E006,v08_954,NOT_READY
v08,v08_E006,v08_955,NOT_READY
v08,v08_E006,v08_956,NOT_READY
v08,v08_E006,v08_957,NOT_READY
v08,v08_E006,v08_958,NOT_READY
v08,v08_E006,v08_959,NOT_READY
v08,v08_E006,v08_960,NOT_READY
v08,v08_E006,v08_961,NOT_READY
v08,v08_E006,v08_962,NOT_READY
v08,v08_E006,v08_963,NOT_READY
v08,v08_E006,v08_964,NOT_READY
v08,v08_E006,v08_965,NOT_READY
v08,v08_E006,v08_966,NOT_READY
v08,v08_E006,v08_967,NOT_READY
v08,v08_E006,v08_968,NOT_READY
v08,v08_E006,v08_969,NOT_READY
v08,v08_E006,v08_970,NOT_READY
v08,v08_E006,v08_971,NOT_READY
v08,v08_E006,v08_972,NOT_READY
v08,v08_E006,v08_973,NOT_READY
v08,v08_E006,v08_974,NOT_READY
v08,v08_E006,v08_975,NOT_READY
v08,v08_E006,v08_976,NOT_READY
v08,v08_E006,v08_977,NOT_READY
v08,v08_E006,v08_978,NOT_READY
v08,v08_E006,v08_979,NOT_READY
v08,v08_E006,v08_980,NOT_READY
v08,v08_E006,v08_981,NOT_READY
v08,v08_E006,v08_982,NOT_READY
v08,v08_E006,v08_983,NOT_READY
v08,v08_E006,v08_984,NOT_READY
v08,v08_E006,v08_985,NOT_READY
v08,v08_E006,v08_986,NOT_READY
v08,v08_E006,v08_987,NOT_READY
v08,v08_E006,v08_988,NOT_READY
v08,v08_E006,v08_989,NOT_READY
v08,v08_E006,v08_990,NOT_READY
v08,v08_E006,v08_991,NOT_READY
v08,v08_E006,v08_992,NOT_READY
v08,v08_E006,v08_993,NOT_READY
v08,v08_E006,v08_994,NOT_READY
v08,v08_E006,v08_995,NOT_READY
v08,v08_E006,v08_996,NOT_READY
v08,v08_E006,v08_997,NOT_READY
v08,v08_E006,v08_998,NOT_READY
v08,v08_E006,v08_999,NOT_READY
v08,v08_E006,v08_1000,NOT_READY
v08,v08_E006,v08_1001,NOT_READY
v08,v08_E006,v08_1002,NOT_READY
v08,v08_E006,v08_1003,NOT_READY
v08,v08_E006,v08_1004,NOT_READY
v08,v08_E006,v08_1005,NOT_READY
v08,v08_E006,v08_1006,NOT_READY
v08,v08_E006,v08_1007,NOT_READY
v08,v08_E006,v08_1008,NOT_READY
v08,v08_E006,v08_1009,NOT_READY
v08,v08_E006,v08_1010,NOT_READY
v08,v08_E006,v08_1011,NOT_READY
v08,v08_E006,v08_1012,NOT_READY
v08,v08_E006,v08_1013,NOT_READY
v08,v08_E006,v08_1014,NOT_READY
v08,v08_E006,v08_1015,NOT_READY
v08,v08_E006,v08_1016,NOT_READY
v08,v08_E006,v08_1017,NOT_READY
v08,v08_E006,v08_1018,NOT_READY
v08,v08_E006,v08_1019,NOT_READY
v08,,v08_1020,INVALID
v08,,v08_1021,INVALID
v08,,v08_1022,INVALID
v08,,v08_1023,INVALID
v08,,v08_1024,INVALID
v08,,v08_1025,INVALID
v08,,v08_1026,INVALID
v08,,v08_1027,INVALID
v08,,v08_1028,INVALID
v08,,v08_1029,INVALID
v08,,v08_1030,INVALID
v08,v08_E007,v08_1031,NOT_READY
v08,v08_E007,v08_1032,NOT_READY
v08,v08_E007,v08_1033,NOT_READY
v08,v08_E007,v08_1034,NOT_READY
v08,v08_E007,v08_1035,NOT_READY
v08,v08_E007,v08_1036,NOT_READY
v08,v08_E007,v08_1037,NOT_READY
v08,v08_E007,v08_1038,NOT_READY
v08,v08_E007,v08_1039,NOT_READY
v08,v08_E007,v08_1040,NOT_READY
v08,v08_E007,v08_1041,READY
v08,v08_E007,v08_1042,READY
v08,v08_E007,v08_1043,READY
v08,v08_E007,v08_1044,READY
v08,v08_E007,v08_1045,NOT_READY
v08,v08_E007,v08_1046,NOT_READY
v08,v08_E007,v08_1047,NOT_READY
v08,v08_E007,v08_1048,NOT_READY
v08,v08_E007,v08_1049,NOT_READY
v08,v08_E007,v08_1050,NOT_READY
v08,v08_E007,v08_1051,NOT_READY
v08,v08_E007,v08_1052,NOT_READY
v08,v08_E007,v08_1053,NOT_READY
v08,v08_E007,v08_1054,NOT_READY
v08,v08_E007,v08_1055,NOT_READY
v08,v08_E007,v08_1056,NOT_READY
v08,v08_E007,v08_1057,NOT_READY
v08,v08_E007,v08_1058,NOT_READY
v08,v08_E007,v08_1059,NOT_READY
v08,v08_E007,v08_1060,NOT_READY
v08,v08_E007,v08_1061,NOT_READY
v08,v08_E007,v08_1062,NOT_READY
v08,v08_E007,v08_1063,NOT_READY
v08,v08_E007,v08_1064,NOT_READY
v08,v08_E007,v08_1065,NOT_READY
v08,v08_E007,v08_1066,NOT_READY
v08,v08_E007,v08_1067,NOT_READY
v08,v08_E007,v08_1068,NOT_READY
v08,v08_E007,v08_1069,NOT_READY
v08,v08_E007,v08_1070,NOT_READY
v08,v08_E007,v08_1071,NOT_READY
v08,v08_E007,v08_1072,NOT_READY
v08,v08_E007,v08_1073,NOT_READY
v08,v08_E007,v08_1074,NOT_READY
v08,v08_E007,v08_1075,NOT_READY
v08,v08_E007,v08_1076,NOT_READY
v08,v08_E007,v08_1077,NOT_READY
v08,v08_E007,v08_1078,NOT_READY
v08,v08_E007,v08_1079,NOT_READY
v08,v08_E007,v08_1080,NOT_READY
v08,v08_E007,v08_1081,NOT_READY
v08,v08_E007,v08_1082,NOT_READY
v08,v08_E007,v08_1083,NOT_READY
v08,v08_E007,v08_1084,NOT_READY
v08,v08_E007,v08_1085,NOT_READY
v08,v08_E007,v08_1086,NOT_READY
v08,v08_E007,v08_1087,NOT_READY
v08,v08_E007,v08_1088,NOT_READY
v08,v08_E007,v08_1089,NOT_READY
v08,v08_E007,v08_1090,NOT_READY
v08,v08_E007,v08_1091,NOT_READY
v08,v08_E007,v08_1092,NOT_READY
v08,v08_E007,v08_1093,NOT_READY
v08,v08_E007,v08_1094,NOT_READY
v08,v08_E007,v08_1095,NOT_READY
v08,v08_E007,v08_1096,NOT_READY
v08,v08_E007,v08_1097,NOT_READY
v08,v08_E007,v08_1098,NOT_READY
v08,v08_E007,v08_1099,NOT_READY
v08,v08_E007,v08_1100,NOT_READY
v08,v08_E007,v08_1101,NOT_READY
v08,v08_E007,v08_1102,NOT_READY
v08,v08_E007,v08_1103,NOT_READY
v08,v08_E007,v08_1104,NOT_READY
v08,v08_E007,v08_1105,NOT_READY
v08,v08_E007,v08_1106,NOT_READY
v08,v08_E007,v08_1107,NOT_READY
v08,v08_E007,v08_1108,NOT_READY
v08,v08_E007,v08_1109,NOT_READY
v08,v08_E007,v08_1110,NOT_READY
v08,v08_E007,v08_1111,NOT_READY
v08,v08_E007,v08_1112,NOT_READY
v08,v08_E007,v08_1113,NOT_READY
v08,v08_E007,v08_1114,NOT_READY
v08,v08_E007,v08_1115,NOT_READY
v08,v08_E007,v08_1116,NOT_READY
v08,v08_E007,v08_1117,NOT_READY
v08,v08_E007,v08_1118,NOT_READY
v08,v08_E007,v08_1119,NOT_READY
v08,v08_E007,v08_1120,NOT_READY
v08,v08_E007,v08_1121,NOT_READY
v08,v08_E007,v08_1122,NOT_READY
v08,v08_E007,v08_1123,NOT_READY
v08,,v08_1124,INVALID
v08,,v08_1125,INVALID
v08,,v08_1126,INVALID
v08,,v08_1127,INVALID
v08,,v08_1128,INVALID
v08,,v08_1129,INVALID
v08,,v08_1130,INVALID
v08,,v08_1131,INVALID
v08,,v08_1132,INVALID
v08,,v08_1133,INVALID
v08,,v08_1134,INVALID
v08,,v08_1135,INVALID
v08,,v08_1136,INVALID
v08,,v08_1137,INVALID
v08,,v08_1138,INVALID
v08,,v08_1139,INVALID
v08,,v08_1140,INVALID
v08,,v08_1141,INVALID
v08,,v08_1142,INVALID
v08,,v08_1143,INVALID
v08,,v08_1144,INVALID
v08,,v08_1145,INVALID
v08,,v08_1146,INVALID
v08,,v08_1147,INVALID
v08,,v08_1148,INVALID
v08,,v08_1149,INVALID
v08,,v08_1150,INVALID
v08,,v08_1151,INVALID
v08,,v08_1152,INVALID
v08,v08_E008,v08_1153,NOT_READY
v08,v08_E008,v08_1154,READY
v08,v08_E008,v08_1155,READY
v08,v08_E008,v08_1156,READY
v08,v08_E008,v08_1157,READY
v08,v08_E008,v08_1158,NOT_READY
v08,v08_E008,v08_1159,NOT_READY
v08,v08_E008,v08_1160,NOT_READY
v08,v08_E008,v08_1161,NOT_READY
v08,v08_E008,v08_1162,NOT_READY
v08,v08_E008,v08_1163,NOT_READY
v08,v08_E008,v08_1164,NOT_READY
v08,v08_E008,v08_1165,NOT_READY
v08,v08_E008,v08_1166,NOT_READY
v08,v08_E008,v08_1167,NOT_READY
v08,v08_E008,v08_1168,NOT_READY
v08,v08_E008,v08_1169,NOT_READY
v08,v08_E008,v08_1170,NOT_READY
v08,v08_E008,v08_1171,NOT_READY
v08,v08_E008,v08_1172,NOT_READY
v08,v08_E008,v08_1173,NOT_READY
v08,v08_E008,v08_1174,NOT_READY
v08,v08_E008,v08_1175,NOT_READY
v08,v08_E008,v08_1176,NOT_READY
v08,v08_E008,v08_1177,NOT_READY
v08,v08_E008,v08_1178,NOT_READY
v08,v08_E008,v08_1179,NOT_READY
v08,v08_E008,v08_1180,NOT_READY
v08,v08_E008,v08_1181,NOT_READY
v08,v08_E008,v08_1182,NOT_READY
v08,v08_E008,v08_1183,NOT_READY
v08,v08_E008,v08_1184,NOT_READY
v08,v08_E008,v08_1185,NOT_READY
v08,v08_E008,v08_1186,NOT_READY
v08,v08_E008,v08_1187,NOT_READY
v08,v08_E008,v08_1188,NOT_READY
v08,v08_E008,v08_1189,NOT_READY
v08,v08_E008,v08_1190,NOT_READY
v08,v08_E008,v08_1191,NOT_READY
v08,v08_E008,v08_1192,NOT_READY
v08,v08_E008,v08_1193,NOT_READY
v08,v08_E008,v08_1194,NOT_READY
v08,v08_E008,v08_1195,NOT_READY
v08,v08_E008,v08_1196,NOT_READY
v08,v08_E008,v08_1197,NOT_READY
v08,v08_E008,v08_1198,NOT_READY
v08,v08_E008,v08_1199,NOT_READY
v08,v08_E008,v08_1200,NOT_READY
v08,v08_E008,v08_1201,NOT_READY
v08,v08_E008,v08_1202,NOT_READY
v08,v08_E008,v08_1203,NOT_READY
v08,v08_E008,v08_1204,NOT_READY
v08,v08_E008,v08_1205,NOT_READY
v08,v08_E008,v08_1206,NOT_READY
v08,v08_E008,v08_1207,NOT_READY
v08,v08_E008,v08_1208,NOT_READY
v08,v08_E008,v08_1209,NOT_READY
v08,v08_E008,v08_1210,NOT_READY
v08,v08_E008,v08_1211,NOT_READY
v08,v08_E008,v08_1212,NOT_READY
v08,v08_E008,v08_1213,NOT_READY
v08,v08_E008,v08_1214,NOT_READY
v08,v08_E008,v08_1215,NOT_READY
v08,v08_E008,v08_1216,NOT_READY
v08,,v08_1217,INVALID
v08,,v08_1218,INVALID
v08,,v08_1219,INVALID
v08,,v08_1220,INVALID
v08,,v08_1221,INVALID
v08,,v08_1222,INVALID
v08,,v08_1223,INVALID
v08,,v08_1224,INVALID
v08,,v08_1225,INVALID
v09,,v09_001,INVALID
v09,,v09_002,INVALID
v09,,v09_003,INVALID
v09,,v09_004,INVALID
v09,,v09_005,INVALID
v09,,v09_006,INVALID
v09,,v09_007,INVALID
v09,v09_E001,v09_008,NOT_READY
v09,v09_E001,v09_009,READY
v09,v09_E001,v09_010,READY
v09,v09_E001,v09_011,READY
v09,v09_E001,v09_012,READY
v09,v09_E001,v09_013,READY
v09,v09_E001,v09_014,READY
v09,v09_E001,v09_015,READY
v09,v09_E001,v09_016,READY
v09,v09_E001,v09_017,READY
v09,v09_E001,v09_018,NOT_READY
v09,v09_E001,v09_019,NOT_READY
v09,v09_E001,v09_020,NOT_READY
v09,v09_E001,v09_021,NOT_READY
v09,v09_E001,v09_022,NOT_READY
v09,v09_E001,v09_023,NOT_READY
v09,v09_E001,v09_024,NOT_READY
v09,v09_E001,v09_025,NOT_READY
v09,v09_E001,v09_026,NOT_READY
v09,v09_E001,v09_027,NOT_READY
v09,v09_E001,v09_028,NOT_READY
v09,v09_E001,v09_029,NOT_READY
v09,v09_E001,v09_030,NOT_READY
v09,v09_E001,v09_031,NOT_READY
v09,v09_E001,v09_032,NOT_READY
v09,v09_E001,v09_033,NOT_READY
v09,,v09_034,INVALID
v09,,v09_035,INVALID
v09,,v09_036,INVALID
v09,,v09_037,INVALID
v09,,v09_038,INVALID
v09,,v09_039,INVALID
v09,,v09_040,INVALID
v09,,v09_041,INVALID
v09,,v09_042,INVALID
v09,,v09_043,INVALID
v09,,v09_044,INVALID
v09,,v09_045,INVALID
v09,,v09_046,INVALID
v09,,v09_047,INVALID
v09,,v09_048,INVALID
v09,,v09_049,INVALID
v09,,v09_050,INVALID
v09,,v09_051,INVALID
v09,,v09_052,INVALID
v09,v09_E002,v09_053,NOT_READY
v09,v09_E002,v09_054,READY
v09,v09_E002,v09_055,READY
v09,v09_E002,v09_056,READY
v09,v09_E002,v09_057,READY
v09,v09_E002,v09_058,READY
v09,v09_E002,v09_059,READY
v09,v09_E002,v09_060,READY
v09,v09_E002,v09_061,READY
v09,v09_E002,v09_062,READY
v09,v09_E002,v09_063,READY
v09,v09_E002,v09_064,READY
v09,v09_E002,v09_065,READY
v09,v09_E002,v09_066,READY
v09,v09_E002,v09_067,READY
v09,v09_E002,v09_068,READY
v09,v09_E002,v09_069,READY
v09,v09_E002,v09_070,READY
v09,v09_E002,v09_071,READY
v09,v09_E002,v09_072,NOT_READY
v09,v09_E002,v09_073,NOT_READY
v09,v09_E002,v09_074,NOT_READY
v09,v09_E002,v09_075,NOT_READY
v09,v09_E002,v09_076,NOT_READY
v09,v09_E002,v09_077,NOT_READY
v09,v09_E002,v09_078,NOT_READY
v09,v09_E002,v09_079,NOT_READY
v09,v09_E002,v09_080,NOT_READY
v09,v09_E002,v09_081,NOT_READY
v09,v09_E002,v09_082,NOT_READY
v09,v09_E002,v09_083,NOT_READY
v09,v09_E002,v09_084,NOT_READY
v09,v09_E002,v09_085,NOT_READY
v09,v09_E002,v09_086,NOT_READY
v09,v09_E002,v09_087,NOT_READY
v09,v09_E002,v09_088,NOT_READY
v09,v09_E002,v09_089,NOT_READY
v09,v09_E002,v09_090,NOT_READY
v09,v09_E002,v09_091,NOT_READY
v09,v09_E002,v09_092,NOT_READY
v09,v09_E002,v09_093,NOT_READY
v09,v09_E002,v09_094,NOT_READY
v09,v09_E002,v09_095,NOT_READY
v09,,v09_096,INVALID
v09,,v09_097,INVALID
v09,,v09_098,INVALID
v09,,v09_099,INVALID
v09,,v09_100,INVALID
v09,,v09_101,INVALID
v09,,v09_102,INVALID
v09,,v09_103,INVALID
v09,,v09_104,INVALID
v09,,v09_105,INVALID
v09,,v09_106,INVALID
v09,,v09_107,INVALID
v09,,v09_108,INVALID
v09,,v09_109,INVALID
v09,,v09_110,INVALID
v09,,v09_111,INVALID
v09,,v09_112,INVALID
v09,,v09_113,INVALID
v09,,v09_114,INVALID
v09,,v09_115,INVALID
v09,,v09_116,INVALID
v09,,v09_117,INVALID
v09,,v09_118,INVALID
v09,,v09_119,INVALID
v09,,v09_120,INVALID
v09,,v09_121,INVALID
v09,v09_E003,v09_122,NOT_READY
v09,v09_E003,v09_123,READY
v09,v09_E003,v09_124,READY
v09,v09_E003,v09_125,READY
v09,v09_E003,v09_126,READY
v09,v09_E003,v09_127,READY
v09,v09_E003,v09_128,READY
v09,v09_E003,v09_129,READY
v09,v09_E003,v09_130,READY
v09,v09_E003,v09_131,READY
v09,v09_E003,v09_132,READY
v09,v09_E003,v09_133,READY
v09,v09_E003,v09_134,READY
v09,v09_E003,v09_135,READY
v09,v09_E003,v09_136,READY
v09,v09_E003,v09_137,READY
v09,v09_E003,v09_138,READY
v09,v09_E003,v09_139,READY
v09,v09_E003,v09_140,READY
v09,v09_E003,v09_141,READY
v09,v09_E003,v09_142,READY
v09,v09_E003,v09_143,READY
v09,v09_E003,v09_144,READY
v09,v09_E003,v09_145,READY
v09,v09_E003,v09_146,READY
v09,v09_E003,v09_147,READY
v09,v09_E003,v09_148,READY
v09,v09_E003,v09_149,READY
v09,v09_E003,v09_150,NOT_READY
v09,v09_E003,v09_151,NOT_READY
v09,v09_E003,v09_152,NOT_READY
v09,v09_E003,v09_153,NOT_READY
v09,v09_E003,v09_154,NOT_READY
v09,v09_E003,v09_155,NOT_READY
v09,v09_E003,v09_156,NOT_READY
v09,v09_E003,v09_157,NOT_READY
v09,v09_E003,v09_158,NOT_READY
v09,v09_E003,v09_159,NOT_READY
v09,v09_E003,v09_160,NOT_READY
v09,v09_E003,v09_161,NOT_READY
v09,v09_E003,v09_162,NOT_READY
v09,v09_E003,v09_163,NOT_READY
v09,v09_E003,v09_164,NOT_READY
v09,v09_E003,v09_165,NOT_READY
v09,v09_E003,v09_166,NOT_READY
v09,v09_E003,v09_167,NOT_READY
v09,v09_E003,v09_168,NOT_READY
v09,v09_E003,v09_169,NOT_READY
v09,v09_E003,v09_170,NOT_READY
v09,v09_E003,v09_171,NOT_READY
v09,v09_E003,v09_172,NOT_READY
v09,v09_E003,v09_173,NOT_READY
v09,v09_E003,v09_174,NOT_READY
v09,,v09_175,INVALID
v09,,v09_176,INVALID
v09,,v09_177,INVALID
v09,,v09_178,INVALID
v09,,v09_179,INVALID
v09,,v09_180,INVALID
v09,,v09_181,INVALID
v09,,v09_182,INVALID
v09,,v09_183,INVALID
v09,,v09_184,INVALID
v09,,v09_185,INVALID
v09,,v09_186,INVALID
v09,,v09_187,INVALID
v09,,v09_188,INVALID
v09,,v09_189,INVALID
v09,,v09_190,INVALID
v09,,v09_191,INVALID
v09,,v09_192,INVALID
v09,,v09_193,INVALID
v09,,v09_194,INVALID
v09,,v09_195,INVALID
v09,v09_E004,v09_196,NOT_READY
v09,v09_E004,v09_197,READY
v09,v09_E004,v09_198,READY
v09,v09_E004,v09_199,READY
v09,v09_E004,v09_200,READY
v09,v09_E004,v09_201,READY
v09,v09_E004,v09_202,READY
v09,v09_E004,v09_203,READY
v09,v09_E004,v09_204,READY
v09,v09_E004,v09_205,READY
v09,v09_E004,v09_206,READY
v09,v09_E004,v09_207,READY
v09,v09_E004,v09_208,READY
v09,v09_E004,v09_209,READY
v09,v09_E004,v09_210,READY
v09,v09_E004,v09_211,READY
v09,v09_E004,v09_212,READY
v09,v09_E004,v09_213,READY
v09,v09_E004,v09_214,READY
v09,v09_E004,v09_215,READY
v09,v09_E004,v09_216,NOT_READY
v09,v09_E004,v09_217,NOT_READY
v09,v09_E004,v09_218,NOT_READY
v09,v09_E004,v09_219,NOT_READY
v09,v09_E004,v09_220,NOT_READY
v09,v09_E004,v09_221,READY
v09,v09_E004,v09_222,READY
v09,v09_E004,v09_223,READY
v09,v09_E004,v09_224,READY
v09,v09_E004,v09_225,READY
v09,v09_E004,v09_226,READY
v09,v09_E004,v09_227,READY
v09,v09_E004,v09_228,NOT_READY
v09,v09_E004,v09_229,NOT_READY
v09,v09_E004,v09_230,NOT_READY
v09,v09_E004,v09_231,NOT_READY
v09,v09_E004,v09_232,NOT_READY
v09,v09_E004,v09_233,NOT_READY
v09,v09_E004,v09_234,NOT_READY
v09,v09_E004,v09_235,NOT_READY
v09,v09_E004,v09_236,NOT_READY
v09,v09_E004,v09_237,NOT_READY
v09,v09_E004,v09_238,NOT_READY
v09,v09_E004,v09_239,NOT_READY
v09,v09_E004,v09_240,NOT_READY
v09,v09_E004,v09_241,NOT_READY
v09,v09_E004,v09_242,NOT_READY
v09,v09_E004,v09_243,NOT_READY
v09,v09_E004,v09_244,NOT_READY
v09,v09_E004,v09_245,NOT_READY
v09,v09_E004,v09_246,NOT_READY
v09,v09_E004,v09_247,NOT_READY
v09,v09_E004,v09_248,NOT_READY
v09,v09_E004,v09_249,NOT_READY
v09,v09_E004,v09_250,NOT_READY
v09,v09_E004,v09_251,NOT_READY
v09,v09_E004,v09_252,NOT_READY
v09,v09_E004,v09_253,NOT_READY
v09,,v09_254,INVALID
v09,,v09_255,INVALID
v09,,v09_256,INVALID
v09,,v09_257,INVALID
v09,,v09_258,INVALID
v09,,v09_259,INVALID
v09,,v09_260,INVALID
v09,,v09_261,INVALID
v09,,v09_262,INVALID
v09,,v09_263,INVALID
v09,,v09_264,INVALID
v09,,v09_265,INVALID
v09,,v09_266,INVALID
v09,,v09_267,INVALID
v09,,v09_268,INVALID
v09,,v09_269,INVALID
v09,,v09_270,INVALID
v09,,v09_271,INVALID
v09,,v09_272,INVALID
v09,,v09_273,INVALID
v09,,v09_274,INVALID
v09,,v09_275,INVALID
v09,,v09_276,INVALID
v09,,v09_277,INVALID
v09,,v09_278,INVALID
v09,v09_E005,v09_279,NOT_READY
v09,v09_E005,v09_280,NOT_READY
v09,v09_E005,v09_281,READY
v09,v09_E005,v09_282,READY
v09,v09_E005,v09_283,NOT_READY
v09,v09_E005,v09_284,NOT_READY
v09,v09_E005,v09_285,NOT_READY
v09,v09_E005,v09_286,NOT_READY
v09,v09_E005,v09_287,NOT_READY
v09,v09_E005,v09_288,NOT_READY
v09,v09_E005,v09_289,NOT_READY
v09,v09_E005,v09_290,NOT_READY
v09,v09_E005,v09_291,NOT_READY
v09,v09_E005,v09_292,READY
v09,v09_E005,v09_293,READY
v09,v09_E005,v09_294,READY
v09,v09_E005,v09_295,NOT_READY
v09,v09_E005,v09_296,NOT_READY
v09,v09_E005,v09_297,READY
v09,v09_E005,v09_298,READY
v09,v09_E005,v09_299,NOT_READY
v09,v09_E005,v09_300,READY
v09,v09_E005,v09_301,READY
v09,v09_E005,v09_302,NOT_READY
v09,v09_E005,v09_303,NOT_READY
v09,v09_E005,v09_304,NOT_READY
v09,v09_E005,v09_305,NOT_READY
v09,v09_E005,v09_306,READY
v09,v09_E005,v09_307,READY
v09,v09_E005,v09_308,NOT_READY
v09,v09_E005,v09_309,READY
v09,v09_E005,v09_310,READY
v09,v09_E005,v09_311,NOT_READY
v09,v09_E005,v09_312,READY
v09,v09_E005,v09_313,READY
v09,v09_E005,v09_314,READY
v09,v09_E005,v09_315,READY
v09,v09_E005,v09_316,READY
v09,v09_E005,v09_317,READY
v09,v09_E005,v09_318,READY
v09,v09_E005,v09_319,NOT_READY
v09,v09_E005,v09_320,NOT_READY
v09,v09_E005,v09_321,NOT_READY
v09,v09_E005,v09_322,NOT_READY
v09,v09_E005,v09_323,NOT_READY
v09,v09_E005,v09_324,NOT_READY
v09,v09_E005,v09_325,NOT_READY
v09,v09_E005,v09_326,NOT_READY
v09,v09_E005,v09_327,NOT_READY
v09,v09_E005,v09_328,NOT_READY
v09,v09_E005,v09_329,NOT_READY
v09,v09_E005,v09_330,NOT_READY
v09,v09_E005,v09_331,NOT_READY
v09,v09_E005,v09_332,NOT_READY
v09,v09_E005,v09_333,NOT_READY
v09,v09_E005,v09_334,NOT_READY
v09,v09_E005,v09_335,NOT_READY
v09,v09_E005,v09_336,NOT_READY
v09,v09_E005,v09_337,NOT_READY
v09,v09_E005,v09_338,NOT_READY
v09,v09_E005,v09_339,NOT_READY
v09,v09_E005,v09_340,NOT_READY
v09,v09_E005,v09_341,NOT_READY
v09,v09_E005,v09_342,NOT_READY
v09,,v09_343,INVALID
v09,,v09_344,INVALID
v09,,v09_345,INVALID
v09,,v09_346,INVALID
v09,,v09_347,INVALID
v09,,v09_348,INVALID
v09,,v09_349,INVALID
v09,,v09_350,INVALID
v09,,v09_351,INVALID
v09,,v09_352,INVALID
v09,,v09_353,INVALID
v09,,v09_354,INVALID
v09,,v09_355,INVALID
v09,,v09_356,INVALID
v09,,v09_357,INVALID
v09,,v09_358,INVALID
v09,,v09_359,INVALID
v09,,v09_360,INVALID
v09,,v09_361,INVALID
v09,,v09_362,INVALID
v09,,v09_363,INVALID
v09,,v09_364,INVALID
v09,,v09_365,INVALID
v09,,v09_366,INVALID
v09,,v09_367,INVALID
v09,v09_E006,v09_368,NOT_READY
v09,v09_E006,v09_369,NOT_READY
v09,v09_E006,v09_370,NOT_READY
v09,v09_E006,v09_371,NOT_READY
v09,v09_E006,v09_372,READY
v09,v09_E006,v09_373,NOT_READY
v09,v09_E006,v09_374,READY
v09,v09_E006,v09_375,READY
v09,v09_E006,v09_376,READY
v09,v09_E006,v09_377,READY
v09,v09_E006,v09_378,READY
v09,v09_E006,v09_379,READY
v09,v09_E006,v09_380,READY
v09,v09_E006,v09_381,READY
v09,v09_E006,v09_382,READY
v09,v09_E006,v09_383,READY
v09,v09_E006,v09_384,READY
v09,v09_E006,v09_385,READY
v09,v09_E006,v09_386,READY
v09,v09_E006,v09_387,READY
v09,v09_E006,v09_388,READY
v09,v09_E006,v09_389,READY
v09,v09_E006,v09_390,NOT_READY
v09,v09_E006,v09_391,NOT_READY
v09,v09_E006,v09_392,NOT_READY
v09,v09_E006,v09_393,NOT_READY
v09,v09_E006,v09_394,NOT_READY
v09,v09_E006,v09_395,NOT_READY
v09,v09_E006,v09_396,NOT_READY
v09,v09_E006,v09_397,NOT_READY
v09,v09_E006,v09_398,NOT_READY
v09,v09_E006,v09_399,NOT_READY
v09,v09_E006,v09_400,NOT_READY
v09,v09_E006,v09_401,NOT_READY
v09,v09_E006,v09_402,NOT_READY
v09,v09_E006,v09_403,NOT_READY
v09,v09_E006,v09_404,NOT_READY
v09,v09_E006,v09_405,NOT_READY
v09,v09_E006,v09_406,NOT_READY
v09,v09_E006,v09_407,NOT_READY
v09,v09_E006,v09_408,NOT_READY
v09,v09_E006,v09_409,NOT_READY
v09,v09_E006,v09_410,NOT_READY
v09,v09_E006,v09_411,NOT_READY
v09,,v09_412,INVALID
v09,,v09_413,INVALID
v09,,v09_414,INVALID
v09,,v09_415,INVALID
v09,,v09_416,INVALID
v09,,v09_417,INVALID
v09,,v09_418,INVALID
v09,,v09_419,INVALID
v09,,v09_420,INVALID
v09,,v09_421,INVALID
v09,,v09_422,INVALID
v09,,v09_423,INVALID
v09,,v09_424,INVALID
v09,,v09_425,INVALID
v09,,v09_426,INVALID
v09,,v09_427,INVALID
v09,,v09_428,INVALID
v09,,v09_429,INVALID
v09,,v09_430,INVALID
v09,,v09_431,INVALID
v09,,v09_432,INVALID
v09,,v09_433,INVALID
v09,,v09_434,INVALID
v09,v09_E007,v09_435,NOT_READY
v09,v09_E007,v09_436,READY
v09,v09_E007,v09_437,READY
v09,v09_E007,v09_438,READY
v09,v09_E007,v09_439,NOT_READY
v09,v09_E007,v09_440,READY
v09,v09_E007,v09_441,READY
v09,v09_E007,v09_442,READY
v09,v09_E007,v09_443,READY
v09,v09_E007,v09_444,READY
v09,v09_E007,v09_445,READY
v09,v09_E007,v09_446,NOT_READY
v09,v09_E007,v09_447,NOT_READY
v09,v09_E007,v09_448,NOT_READY
v09,v09_E007,v09_449,NOT_READY
v09,v09_E007,v09_450,NOT_READY
v09,v09_E007,v09_451,NOT_READY
v09,v09_E007,v09_452,NOT_READY
v09,v09_E007,v09_453,NOT_READY
v09,v09_E007,v09_454,NOT_READY
v09,v09_E007,v09_455,NOT_READY
v09,v09_E007,v09_456,NOT_READY
v09,v09_E007,v09_457,NOT_READY
v09,v09_E007,v09_458,NOT_READY
v09,v09_E007,v09_459,NOT_READY
v09,v09_E007,v09_460,NOT_READY
v09,v09_E007,v09_461,NOT_READY
v09,v09_E007,v09_462,NOT_READY
v09,v09_E007,v09_463,NOT_READY
v09,v09_E007,v09_464,NOT_READY
v09,v09_E007,v09_465,NOT_READY
v09,v09_E007,v09_466,NOT_READY
v09,v09_E007,v09_467,NOT_READY
v09,,v09_468,INVALID
v09,,v09_469,INVALID
v09,,v09_470,INVALID
v09,,v09_471,INVALID
v09,,v09_472,INVALID
v09,,v09_473,INVALID
v09,,v09_474,INVALID
v09,,v09_475,INVALID
v09,,v09_476,INVALID
v09,,v09_477,INVALID
v09,,v09_478,INVALID
v09,,v09_479,INVALID
v09,,v09_480,INVALID
v09,,v09_481,INVALID
v09,,v09_482,INVALID
v09,,v09_483,INVALID
v09,,v09_484,INVALID
v09,,v09_485,INVALID
v09,,v09_486,INVALID
v09,,v09_487,INVALID
v09,,v09_488,INVALID
v09,,v09_489,INVALID
v09,,v09_490,INVALID
v09,,v09_491,INVALID
v09,,v09_492,INVALID
v09,v09_E008,v09_493,NOT_READY
v09,v09_E008,v09_494,NOT_READY
v09,v09_E008,v09_495,NOT_READY
v09,v09_E008,v09_496,NOT_READY
v09,v09_E008,v09_497,NOT_READY
v09,v09_E008,v09_498,NOT_READY
v09,v09_E008,v09_499,NOT_READY
v09,v09_E008,v09_500,NOT_READY
v09,v09_E008,v09_501,NOT_READY
v09,v09_E008,v09_502,NOT_READY
v09,v09_E008,v09_503,READY
v09,v09_E008,v09_504,READY
v09,v09_E008,v09_505,READY
v09,v09_E008,v09_506,NOT_READY
v09,v09_E008,v09_507,READY
v09,v09_E008,v09_508,READY
v09,v09_E008,v09_509,NOT_READY
v09,v09_E008,v09_510,NOT_READY
v09,v09_E008,v09_511,NOT_READY
v09,v09_E008,v09_512,READY
v09,v09_E008,v09_513,READY
v09,v09_E008,v09_514,READY
v09,v09_E008,v09_515,READY
v09,v09_E008,v09_516,READY
v09,v09_E008,v09_517,READY
v09,v09_E008,v09_518,READY
v09,v09_E008,v09_519,NOT_READY
v09,v09_E008,v09_520,NOT_READY
v09,v09_E008,v09_521,NOT_READY
v09,v09_E008,v09_522,NOT_READY
v09,v09_E008,v09_523,NOT_READY
v09,v09_E008,v09_524,NOT_READY
v09,v09_E008,v09_525,NOT_READY
v09,v09_E008,v09_526,NOT_READY
v09,v09_E008,v09_527,NOT_READY
v09,v09_E008,v09_528,NOT_READY
v09,v09_E008,v09_529,NOT_READY
v09,v09_E008,v09_530,NOT_READY
v09,v09_E008,v09_531,NOT_READY
v09,v09_E008,v09_532,NOT_READY
v09,v09_E008,v09_533,NOT_READY
v09,v09_E008,v09_534,NOT_READY
v09,v09_E008,v09_535,NOT_READY
v09,v09_E008,v09_536,NOT_READY
v09,v09_E008,v09_537,NOT_READY
v09,v09_E008,v09_538,NOT_READY
v09,v09_E008,v09_539,NOT_READY
v09,v09_E008,v09_540,NOT_READY
v09,v09_E008,v09_541,NOT_READY
v09,,v09_542,INVALID
v09,,v09_543,INVALID
v09,,v09_544,INVALID
v09,,v09_545,INVALID
v09,,v09_546,INVALID
v09,,v09_547,INVALID
v09,,v09_548,INVALID
v09,,v09_549,INVALID
v09,,v09_550,INVALID
v09,,v09_551,INVALID
v09,,v09_552,INVALID
v09,,v09_553,INVALID
v09,,v09_554,INVALID
v09,,v09_555,INVALID
v09,,v09_556,INVALID
v09,,v09_557,INVALID
v09,,v09_558,INVALID
v09,,v09_559,INVALID
v09,,v09_560,INVALID
v09,,v09_561,INVALID
v09,v09_E009,v09_562,NOT_READY
v09,v09_E009,v09_563,NOT_READY
v09,v09_E009,v09_564,READY
v09,v09_E009,v09_565,READY
v09,v09_E009,v09_566,READY
v09,v09_E009,v09_567,READY
v09,v09_E009,v09_568,READY
v09,v09_E009,v09_569,READY
v09,v09_E009,v09_570,READY
v09,v09_E009,v09_571,READY
v09,v09_E009,v09_572,READY
v09,v09_E009,v09_573,READY
v09,v09_E009,v09_574,READY
v09,v09_E009,v09_575,READY
v09,v09_E009,v09_576,READY
v09,v09_E009,v09_577,NOT_READY
v09,v09_E009,v09_578,NOT_READY
v09,v09_E009,v09_579,NOT_READY
v09,v09_E009,v09_580,NOT_READY
v09,v09_E009,v09_581,NOT_READY
v09,v09_E009,v09_582,NOT_READY
v09,v09_E009,v09_583,NOT_READY
v09,v09_E009,v09_584,NOT_READY
v09,v09_E009,v09_585,NOT_READY
v09,v09_E009,v09_586,NOT_READY
v09,v09_E009,v09_587,NOT_READY
v09,v09_E009,v09_588,NOT_READY
v09,v09_E009,v09_589,NOT_READY
v09,v09_E009,v09_590,NOT_READY
v09,v09_E009,v09_591,NOT_READY
v09,v09_E009,v09_592,NOT_READY
v09,v09_E009,v09_593,NOT_READY
v09,v09_E009,v09_594,NOT_READY
v09,v09_E009,v09_595,NOT_READY
v09,v09_E009,v09_596,NOT_READY
v09,v09_E009,v09_597,NOT_READY
v09,,v09_598,INVALID
v09,,v09_599,INVALID
v09,,v09_600,INVALID
v09,,v09_601,INVALID
v09,,v09_602,INVALID
v09,,v09_603,INVALID
v09,,v09_604,INVALID
v09,,v09_605,INVALID
v09,,v09_606,INVALID
v09,,v09_607,INVALID
v09,,v09_608,INVALID
v09,,v09_609,INVALID
v09,,v09_610,INVALID
v09,,v09_611,INVALID
v09,,v09_612,INVALID
v09,,v09_613,INVALID
v09,,v09_614,INVALID
v09,,v09_615,INVALID
v09,,v09_616,INVALID
v09,,v09_617,INVALID
v09,,v09_618,INVALID
v09,,v09_619,INVALID
v09,,v09_620,INVALID
v09,,v09_621,INVALID
v09,,v09_622,INVALID
v09,,v09_623,INVALID
v09,,v09_624,INVALID
v09,,v09_625,INVALID
v09,v09_E010,v09_626,NOT_READY
v09,v09_E010,v09_627,READY
v09,v09_E010,v09_628,READY
v09,v09_E010,v09_629,READY
v09,v09_E010,v09_630,READY
v09,v09_E010,v09_631,READY
v09,v09_E010,v09_632,READY
v09,v09_E010,v09_633,READY
v09,v09_E010,v09_634,NOT_READY
v09,v09_E010,v09_635,READY
v09,v09_E010,v09_636,READY
v09,v09_E010,v09_637,READY
v09,v09_E010,v09_638,READY
v09,v09_E010,v09_639,READY
v09,v09_E010,v09_640,NOT_READY
v09,v09_E010,v09_641,NOT_READY
v09,v09_E010,v09_642,NOT_READY
v09,v09_E010,v09_643,NOT_READY
v09,v09_E010,v09_644,NOT_READY
v09,v09_E010,v09_645,NOT_READY
v09,v09_E010,v09_646,NOT_READY
v09,v09_E010,v09_647,NOT_READY
v09,v09_E010,v09_648,NOT_READY
v09,v09_E010,v09_649,NOT_READY
v09,v09_E010,v09_650,NOT_READY
v09,v09_E010,v09_651,NOT_READY
v09,v09_E010,v09_652,NOT_READY
v09,v09_E010,v09_653,NOT_READY
v09,v09_E010,v09_654,NOT_READY
v09,v09_E010,v09_655,NOT_READY
v09,v09_E010,v09_656,NOT_READY
v09,v09_E010,v09_657,NOT_READY
v09,v09_E010,v09_658,NOT_READY
v09,v09_E010,v09_659,NOT_READY
v09,v09_E010,v09_660,NOT_READY
v09,v09_E010,v09_661,NOT_READY
v09,,v09_662,INVALID
v09,,v09_663,INVALID
v09,,v09_664,INVALID
v09,,v09_665,INVALID
v09,,v09_666,INVALID
v09,,v09_667,INVALID
v09,,v09_668,INVALID
v09,,v09_669,INVALID
v09,,v09_670,INVALID
v09,,v09_671,INVALID
v09,,v09_672,INVALID
v09,,v09_673,INVALID
v09,v09_E011,v09_674,NOT_READY
v09,v09_E011,v09_675,NOT_READY
v09,v09_E011,v09_676,NOT_READY
v09,v09_E011,v09_677,NOT_READY
v09,v09_E011,v09_678,NOT_READY
v09,v09_E011,v09_679,NOT_READY
v09,v09_E011,v09_680,NOT_READY
v09,v09_E011,v09_681,NOT_READY
v09,v09_E011,v09_682,NOT_READY
v09,v09_E011,v09_683,NOT_READY
v09,v09_E011,v09_684,NOT_READY
v09,v09_E011,v09_685,NOT_READY
v09,v09_E011,v09_686,NOT_READY
v09,v09_E011,v09_687,NOT_READY
v09,v09_E011,v09_688,NOT_READY
v09,v09_E011,v09_689,NOT_READY
v09,v09_E011,v09_690,NOT_READY
v09,v09_E011,v09_691,NOT_READY
v09,v09_E011,v09_692,NOT_READY
v09,v09_E011,v09_693,READY
v09,v09_E011,v09_694,READY
v09,v09_E011,v09_695,READY
v09,v09_E011,v09_696,READY
v09,v09_E011,v09_697,READY
v09,v09_E011,v09_698,READY
v09,v09_E011,v09_699,READY
v09,v09_E011,v09_700,READY
v09,v09_E011,v09_701,READY
v09,v09_E011,v09_702,READY
v09,v09_E011,v09_703,READY
v09,v09_E011,v09_704,READY
v09,v09_E011,v09_705,READY
v09,v09_E011,v09_706,NOT_READY
v09,v09_E011,v09_707,NOT_READY
v09,v09_E011,v09_708,NOT_READY
v09,v09_E011,v09_709,NOT_READY
v09,v09_E011,v09_710,NOT_READY
v09,v09_E011,v09_711,NOT_READY
v09,v09_E011,v09_712,NOT_READY
v09,v09_E011,v09_713,NOT_READY
v09,v09_E011,v09_714,NOT_READY
v09,v09_E011,v09_715,NOT_READY
v09,v09_E011,v09_716,NOT_READY
v09,v09_E011,v09_717,NOT_READY
v09,v09_E011,v09_718,NOT_READY
v09,v09_E011,v09_719,NOT_READY
v09,v09_E011,v09_720,NOT_READY
v09,v09_E011,v09_721,NOT_READY
v09,v09_E011,v09_722,NOT_READY
v09,v09_E011,v09_723,NOT_READY
v09,v09_E011,v09_724,NOT_READY
v09,v09_E011,v09_725,NOT_READY
v09,v09_E011,v09_726,NOT_READY
v09,v09_E011,v09_727,NOT_READY
v09,v09_E011,v09_728,NOT_READY
v09,,v09_729,INVALID
v09,,v09_730,INVALID
v09,,v09_731,INVALID
v09,,v09_732,INVALID
v09,,v09_733,INVALID
v09,,v09_734,INVALID
v09,,v09_735,INVALID
v09,,v09_736,INVALID
v09,,v09_737,INVALID
v09,,v09_738,INVALID
v09,,v09_739,INVALID
v09,,v09_740,INVALID
v09,,v09_741,INVALID
v09,,v09_742,INVALID
v09,v09_E012,v09_743,NOT_READY
v09,v09_E012,v09_744,NOT_READY
v09,v09_E012,v09_745,READY
v09,v09_E012,v09_746,NOT_READY
v09,v09_E012,v09_747,READY
v09,v09_E012,v09_748,READY
v09,v09_E012,v09_749,READY
v09,v09_E012,v09_750,READY
v09,v09_E012,v09_751,READY
v09,v09_E012,v09_752,READY
v09,v09_E012,v09_753,READY
v09,v09_E012,v09_754,READY
v09,v09_E012,v09_755,NOT_READY
v09,v09_E012,v09_756,NOT_READY
v09,v09_E012,v09_757,NOT_READY
v09,v09_E012,v09_758,NOT_READY
v09,v09_E012,v09_759,NOT_READY
v09,v09_E012,v09_760,NOT_READY
v09,v09_E012,v09_761,NOT_READY
v09,v09_E012,v09_762,NOT_READY
v09,v09_E012,v09_763,NOT_READY
v09,v09_E012,v09_764,NOT_READY
v09,v09_E012,v09_765,NOT_READY
v09,v09_E012,v09_766,NOT_READY
v09,v09_E012,v09_767,NOT_READY
v09,v09_E012,v09_768,NOT_READY
v09,v09_E012,v09_769,NOT_READY
v09,v09_E012,v09_770,NOT_READY
v09,v09_E012,v09_771,NOT_READY
v09,v09_E012,v09_772,NOT_READY
v09,v09_E012,v09_773,NOT_READY
v09,v09_E012,v09_774,NOT_READY
v09,v09_E012,v09_775,NOT_READY
v09,v09_E012,v09_776,NOT_READY
v09,v09_E012,v09_777,NOT_READY
v09,v09_E012,v09_778,NOT_READY
v09,v09_E012,v09_779,NOT_READY
v09,v09_E012,v09_780,NOT_READY
v09,v09_E012,v09_781,NOT_READY
v09,v09_E012,v09_782,NOT_READY
v09,v09_E012,v09_783,NOT_READY
v09,,v09_784,INVALID
v09,,v09_785,INVALID
v09,,v09_786,INVALID
v09,,v09_787,INVALID
v09,,v09_788,INVALID
v09,,v09_789,INVALID
v09,,v09_790,INVALID
v09,,v09_791,INVALID
v09,,v09_792,INVALID
v09,,v09_793,INVALID
v09,,v09_794,INVALID
v09,,v09_795,INVALID
v09,,v09_796,INVALID
v09,,v09_797,INVALID
v09,,v09_798,INVALID
v09,,v09_799,INVALID
v09,,v09_800,INVALID
v09,,v09_801,INVALID
v09,,v09_802,INVALID
v09,,v09_803,INVALID
v09,,v09_804,INVALID
v09,,v09_805,INVALID
v09,,v09_806,INVALID
v09,,v09_807,INVALID
v09,,v09_808,INVALID
v09,,v09_809,INVALID
v09,,v09_810,INVALID
v09,v09_E013,v09_811,NOT_READY
v09,v09_E013,v09_812,READY
v09,v09_E013,v09_813,READY
v09,v09_E013,v09_814,NOT_READY
v09,v09_E013,v09_815,READY
v09,v09_E013,v09_816,READY
v09,v09_E013,v09_817,READY
v09,v09_E013,v09_818,READY
v09,v09_E013,v09_819,READY
v09,v09_E013,v09_820,READY
v09,v09_E013,v09_821,READY
v09,v09_E013,v09_822,READY
v09,v09_E013,v09_823,READY
v09,v09_E013,v09_824,READY
v09,v09_E013,v09_825,READY
v09,v09_E013,v09_826,READY
v09,v09_E013,v09_827,READY
v09,v09_E013,v09_828,READY
v09,v09_E013,v09_829,READY
v09,v09_E013,v09_830,READY
v09,v09_E013,v09_831,READY
v09,v09_E013,v09_832,NOT_READY
v09,v09_E013,v09_833,NOT_READY
v09,v09_E013,v09_834,NOT_READY
v09,v09_E013,v09_835,NOT_READY
v09,v09_E013,v09_836,NOT_READY
v09,v09_E013,v09_837,NOT_READY
v09,v09_E013,v09_838,NOT_READY
v09,v09_E013,v09_839,NOT_READY
v09,v09_E013,v09_840,NOT_READY
v09,v09_E013,v09_841,NOT_READY
v09,v09_E013,v09_842,NOT_READY
v09,v09_E013,v09_843,NOT_READY
v09,v09_E013,v09_844,NOT_READY
v09,v09_E013,v09_845,NOT_READY
v09,v09_E013,v09_846,NOT_READY
v09,v09_E013,v09_847,NOT_READY
v09,v09_E013,v09_848,NOT_READY
v09,v09_E013,v09_849,NOT_READY
v09,v09_E013,v09_850,NOT_READY
v09,v09_E013,v09_851,NOT_READY
v09,v09_E013,v09_852,NOT_READY
v09,v09_E013,v09_853,NOT_READY
v09,v09_E013,v09_854,NOT_READY
v09,,v09_855,INVALID
v09,,v09_856,INVALID
v09,,v09_857,INVALID
v09,,v09_858,INVALID
v09,,v09_859,INVALID
v09,,v09_860,INVALID
v09,,v09_861,INVALID
v09,,v09_862,INVALID
v09,,v09_863,INVALID
v09,,v09_864,INVALID
v09,v09_E014,v09_865,NOT_READY
v09,v09_E014,v09_866,NOT_READY
v09,v09_E014,v09_867,NOT_READY
v09,,v09_868,INVALID
v09,,v09_869,INVALID
v09,,v09_870,INVALID
v09,,v09_871,INVALID
v09,,v09_872,INVALID
v09,,v09_873,INVALID
v09,,v09_874,INVALID
v09,,v09_875,INVALID
v09,,v09_876,INVALID
v09,,v09_877,INVALID
v09,,v09_878,INVALID
v09,,v09_879,INVALID
v09,,v09_880,INVALID
v09,,v09_881,INVALID
v09,,v09_882,INVALID
v09,,v09_883,INVALID
v09,,v09_884,INVALID
v09,,v09_885,INVALID
v09,,v09_886,INVALID
v09,,v09_887,INVALID
v09,,v09_888,INVALID
v09,,v09_889,INVALID
v09,,v09_890,INVALID
v09,,v09_891,INVALID
v09,v09_E015,v09_892,NOT_READY
v09,v09_E015,v09_893,READY
v09,v09_E015,v09_894,READY
v09,v09_E015,v09_895,READY
v09,v09_E015,v09_896,READY
v09,v09_E015,v09_897,READY
v09,v09_E015,v09_898,READY
v09,v09_E015,v09_899,READY
v09,v09_E015,v09_900,READY
v09,v09_E015,v09_901,READY
v09,v09_E015,v09_902,READY
v09,v09_E015,v09_903,READY
v09,v09_E015,v09_904,READY
v09,v09_E015,v09_905,READY
v09,v09_E015,v09_906,READY
v09,v09_E015,v09_907,READY
v09,v09_E015,v09_908,READY
v09,v09_E015,v09_909,READY
v09,v09_E015,v09_910,READY
v09,v09_E015,v09_911,NOT_READY
v09,v09_E015,v09_912,NOT_READY
v09,v09_E015,v09_913,NOT_READY
v09,v09_E015,v09_914,NOT_READY
v09,v09_E015,v09_915,NOT_READY
v09,v09_E015,v09_916,NOT_READY
v09,v09_E015,v09_917,NOT_READY
v09,v09_E015,v09_918,NOT_READY
v09,v09_E015,v09_919,NOT_READY
v09,v09_E015,v09_920,NOT_READY
v09,v09_E015,v09_921,NOT_READY
v09,v09_E015,v09_922,NOT_READY
v09,v09_E015,v09_923,NOT_READY
v09,v09_E015,v09_924,NOT_READY
v09,v09_E015,v09_925,NOT_READY
v09,v09_E015,v09_926,NOT_READY
v09,v09_E015,v09_927,NOT_READY
v09,v09_E015,v09_928,NOT_READY
v09,v09_E015,v09_929,NOT_READY
v09,v09_E015,v09_930,NOT_READY
v09,v09_E015,v09_931,NOT_READY
v09,v09_E015,v09_932,NOT_READY
v09,v09_E015,v09_933,NOT_READY
v09,v09_E015,v09_934,NOT_READY
v09,,v09_935,INVALID
v09,,v09_936,INVALID
v09,,v09_937,INVALID
v09,,v09_938,INVALID
v09,,v09_939,INVALID
v09,,v09_940,INVALID
v09,,v09_941,INVALID
v09,,v09_942,INVALID
v09,,v09_943,INVALID
v09,,v09_944,INVALID
v09,,v09_945,INVALID
v09,v09_E016,v09_946,NOT_READY
v09,v09_E016,v09_947,NOT_READY
v09,v09_E016,v09_948,NOT_READY
v09,v09_E016,v09_949,NOT_READY
v09,v09_E016,v09_950,NOT_READY
v09,,v09_951,INVALID
v09,,v09_952,INVALID
v09,,v09_953,INVALID
v09,,v09_954,INVALID
v09,,v09_955,INVALID
v09,,v09_956,INVALID
v09,,v09_957,INVALID
v09,,v09_958,INVALID
v09,,v09_959,INVALID
v09,,v09_960,INVALID
v09,,v09_961,INVALID
v09,,v09_962,INVALID
v09,,v09_963,INVALID
v09,,v09_964,INVALID
v09,,v09_965,INVALID
v09,,v09_966,INVALID
v09,,v09_967,INVALID
v09,v09_E017,v09_968,NOT_READY
v09,v09_E017,v09_969,READY
v09,v09_E017,v09_970,READY
v09,v09_E017,v09_971,NOT_READY
v09,v09_E017,v09_972,NOT_READY
v09,v09_E017,v09_973,READY
v09,v09_E017,v09_974,READY
v09,v09_E017,v09_975,READY
v09,v09_E017,v09_976,NOT_READY
v09,v09_E017,v09_977,READY
v09,v09_E017,v09_978,READY
v09,v09_E017,v09_979,READY
v09,v09_E017,v09_980,READY
v09,v09_E017,v09_981,READY
v09,v09_E017,v09_982,READY
v09,v09_E017,v09_983,NOT_READY
v09,v09_E017,v09_984,NOT_READY
v09,v09_E017,v09_985,NOT_READY
v09,v09_E017,v09_986,NOT_READY
v09,v09_E017,v09_987,NOT_READY
v09,v09_E017,v09_988,NOT_READY
v09,v09_E017,v09_989,NOT_READY
v09,v09_E017,v09_990,NOT_READY
v09,v09_E017,v09_991,NOT_READY
v09,v09_E017,v09_992,NOT_READY
v09,v09_E017,v09_993,NOT_READY
v09,v09_E017,v09_994,NOT_READY
v09,v09_E017,v09_995,NOT_READY
v09,v09_E017,v09_996,NOT_READY
v09,v09_E017,v09_997,NOT_READY
v09,v09_E017,v09_998,NOT_READY
v09,v09_E017,v09_999,NOT_READY
v09,v09_E017,v09_1000,NOT_READY
v09,v09_E017,v09_1001,NOT_READY
v09,v09_E017,v09_1002,NOT_READY
v09,,v09_1003,INVALID
v09,,v09_1004,INVALID
v09,,v09_1005,INVALID
v09,,v09_1006,INVALID
v09,,v09_1007,INVALID
v09,,v09_1008,INVALID
v09,,v09_1009,INVALID
v09,,v09_1010,INVALID
v10,v10_E001,v10_001,NOT_READY
v10,v10_E001,v10_002,NOT_READY
v10,v10_E001,v10_003,NOT_READY
v10,v10_E001,v10_004,NOT_READY
v10,v10_E001,v10_005,NOT_READY
v10,v10_E001,v10_006,NOT_READY
v10,v10_E001,v10_007,NOT_READY
v10,v10_E001,v10_008,NOT_READY
v10,v10_E001,v10_009,NOT_READY
v10,v10_E001,v10_010,NOT_READY
v10,v10_E001,v10_011,NOT_READY
v10,v10_E001,v10_012,NOT_READY
v10,v10_E001,v10_013,NOT_READY
v10,v10_E001,v10_014,NOT_READY
v10,v10_E001,v10_015,NOT_READY
v10,v10_E001,v10_016,NOT_READY
v10,v10_E001,v10_017,NOT_READY
v10,v10_E001,v10_018,NOT_READY
v10,v10_E001,v10_019,NOT_READY
v10,v10_E001,v10_020,NOT_READY
v10,v10_E001,v10_021,NOT_READY
v10,v10_E001,v10_022,NOT_READY
v10,v10_E001,v10_023,NOT_READY
v10,v10_E001,v10_024,NOT_READY
v10,v10_E001,v10_025,NOT_READY
v10,v10_E001,v10_026,NOT_READY
v10,,v10_027,INVALID
v10,,v10_028,INVALID
v10,,v10_029,INVALID
v10,,v10_030,INVALID
v10,,v10_031,INVALID
v10,,v10_032,INVALID
v10,,v10_033,INVALID
v10,,v10_034,INVALID
v10,,v10_035,INVALID
v10,,v10_036,INVALID
v10,,v10_037,INVALID
v10,,v10_038,INVALID
v10,,v10_039,INVALID
v10,,v10_040,INVALID
v10,,v10_041,INVALID
v10,,v10_042,INVALID
v10,,v10_043,INVALID
v10,,v10_044,INVALID
v10,,v10_045,INVALID
v10,,v10_046,INVALID
v10,,v10_047,INVALID
v10,,v10_048,INVALID
v10,,v10_049,INVALID
v10,,v10_050,INVALID
v10,,v10_051,INVALID
v10,,v10_052,INVALID
v10,v10_E002,v10_053,NOT_READY
v10,v10_E002,v10_054,NOT_READY
v10,v10_E002,v10_055,NOT_READY
v10,v10_E002,v10_056,NOT_READY
v10,v10_E002,v10_057,NOT_READY
v10,v10_E002,v10_058,NOT_READY
v10,v10_E002,v10_059,NOT_READY
v10,v10_E002,v10_060,READY
v10,v10_E002,v10_061,READY
v10,v10_E002,v10_062,READY
v10,v10_E002,v10_063,NOT_READY
v10,v10_E002,v10_064,READY
v10,v10_E002,v10_065,READY
v10,v10_E002,v10_066,READY
v10,v10_E002,v10_067,READY
v10,v10_E002,v10_068,READY
v10,v10_E002,v10_069,NOT_READY
v10,v10_E002,v10_070,NOT_READY
v10,v10_E002,v10_071,NOT_READY
v10,v10_E002,v10_072,NOT_READY
v10,v10_E002,v10_073,NOT_READY
v10,v10_E002,v10_074,NOT_READY
v10,v10_E002,v10_075,NOT_READY
v10,v10_E002,v10_076,NOT_READY
v10,v10_E002,v10_077,NOT_READY
v10,v10_E002,v10_078,NOT_READY
v10,v10_E002,v10_079,NOT_READY
v10,v10_E002,v10_080,NOT_READY
v10,v10_E002,v10_081,NOT_READY
v10,v10_E002,v10_082,NOT_READY
v10,v10_E002,v10_083,NOT_READY
v10,v10_E002,v10_084,NOT_READY
v10,v10_E002,v10_085,NOT_READY
v10,v10_E002,v10_086,NOT_READY
v10,v10_E002,v10_087,NOT_READY
v10,v10_E002,v10_088,NOT_READY
v10,v10_E002,v10_089,NOT_READY
v10,v10_E002,v10_090,NOT_READY
v10,v10_E002,v10_091,NOT_READY
v10,v10_E002,v10_092,NOT_READY
v10,v10_E002,v10_093,NOT_READY
v10,v10_E002,v10_094,NOT_READY
v10,v10_E002,v10_095,NOT_READY
v10,v10_E002,v10_096,NOT_READY
v10,v10_E002,v10_097,NOT_READY
v10,v10_E002,v10_098,NOT_READY
v10,v10_E002,v10_099,NOT_READY
v10,v10_E002,v10_100,NOT_READY
v10,v10_E002,v10_101,NOT_READY
v10,v10_E002,v10_102,NOT_READY
v10,v10_E002,v10_103,NOT_READY
v10,v10_E002,v10_104,NOT_READY
v10,v10_E002,v10_105,NOT_READY
v10,v10_E002,v10_106,NOT_READY
v10,v10_E002,v10_107,NOT_READY
v10,v10_E002,v10_108,NOT_READY
v10,v10_E002,v10_109,NOT_READY
v10,v10_E002,v10_110,NOT_READY
v10,v10_E002,v10_111,NOT_READY
v10,v10_E002,v10_112,NOT_READY
v10,v10_E002,v10_113,NOT_READY
v10,v10_E002,v10_114,NOT_READY
v10,v10_E002,v10_115,NOT_READY
v10,v10_E002,v10_116,NOT_READY
v10,v10_E002,v10_117,NOT_READY
v11,v11_E001,v11_001,READY
v11,v11_E001,v11_002,READY
v11,v11_E001,v11_003,READY
v11,v11_E001,v11_004,READY
v11,v11_E001,v11_005,READY
v11,v11_E001,v11_006,READY
v11,v11_E001,v11_007,READY
v11,v11_E001,v11_008,READY
v11,v11_E001,v11_009,READY
v11,v11_E001,v11_010,READY
v11,v11_E001,v11_011,READY
v11,v11_E001,v11_012,READY
v11,v11_E001,v11_013,READY
v11,v11_E001,v11_014,READY
v11,v11_E001,v11_015,READY
v11,v11_E001,v11_016,READY
v11,v11_E001,v11_017,READY
v11,v11_E001,v11_018,READY
v11,v11_E001,v11_019,READY
v11,v11_E001,v11_020,READY
v11,v11_E001,v11_021,READY
v11,v11_E001,v11_022,READY
v11,v11_E001,v11_023,READY
v11,v11_E001,v11_024,READY
v11,v11_E001,v11_025,NOT_READY
v11,v11_E001,v11_026,NOT_READY
v11,v11_E001,v11_027,NOT_READY
v11,v11_E001,v11_028,NOT_READY
v11,,v11_029,INVALID
v11,,v11_030,INVALID
v11,,v11_031,INVALID
v11,,v11_032,INVALID
v11,,v11_033,INVALID
v11,,v11_034,INVALID
v11,,v11_035,INVALID
v11,,v11_036,INVALID
v11,,v11_037,INVALID
v11,,v11_038,INVALID
v11,,v11_039,INVALID
v11,,v11_040,INVALID
v11,,v11_041,INVALID
v11,,v11_042,INVALID
v11,,v11_043,INVALID
v11,,v11_044,INVALID
v11,,v11_045,INVALID
v11,,v11_046,INVALID
v11,,v11_047,INVALID
v11,,v11_048,INVALID
v11,,v11_049,INVALID
v11,,v11_050,INVALID
v11,,v11_051,INVALID
v11,,v11_052,INVALID
v11,,v11_053,INVALID
v11,,v11_054,INVALID
v11,,v11_055,INVALID
v11,,v11_056,INVALID
v11,,v11_057,INVALID
v11,,v11_058,INVALID
v11,,v11_059,INVALID
v11,,v11_060,INVALID
v11,,v11_061,INVALID
v11,,v11_062,INVALID
v11,,v11_063,INVALID
v11,v11_E002,v11_064,NOT_READY
v11,v11_E002,v11_065,NOT_READY
v11,v11_E002,v11_066,NOT_READY
v11,v11_E002,v11_067,READY
v11,v11_E002,v11_068,READY
v11,v11_E002,v11_069,READY
v11,v11_E002,v11_070,READY
v11,v11_E002,v11_071,READY
v11,v11_E002,v11_072,READY
v11,v11_E002,v11_073,READY
v11,v11_E002,v11_074,READY
v11,v11_E002,v11_075,READY
v11,v11_E002,v11_076,READY
v11,v11_E002,v11_077,READY
v11,v11_E002,v11_078,READY
v11,v11_E002,v11_079,READY
v11,v11_E002,v11_080,READY
v11,v11_E002,v11_081,READY
v11,v11_E002,v11_082,READY
v11,v11_E002,v11_083,READY
v11,v11_E002,v11_084,READY
v11,v11_E002,v11_085,READY
v11,v11_E002,v11_086,READY
v11,v11_E002,v11_087,READY
v11,v11_E002,v11_088,READY
v11,v11_E002,v11_089,READY
v11,v11_E002,v11_090,READY
v11,v11_E002,v11_091,READY
v11,v11_E002,v11_092,READY
v11,v11_E002,v11_093,READY
v11,v11_E002,v11_094,READY
v11,v11_E002,v11_095,READY
v11,v11_E002,v11_096,READY
v11,v11_E002,v11_097,READY
v11,v11_E002,v11_098,READY
v11,v11_E002,v11_099,READY
v11,v11_E002,v11_100,READY
v11,v11_E002,v11_101,READY
v11,v11_E002,v11_102,READY
v11,v11_E002,v11_103,READY
v11,v11_E002,v11_104,READY
v11,v11_E002,v11_105,READY
v11,v11_E002,v11_106,READY
v11,v11_E002,v11_107,READY
v11,v11_E002,v11_108,READY
v11,v11_E002,v11_109,READY
v11,v11_E002,v11_110,READY
v11,v11_E002,v11_111,READY
v11,v11_E002,v11_112,READY
v11,v11_E002,v11_113,READY
v11,v11_E002,v11_114,READY
v11,v11_E002,v11_115,READY
v11,v11_E002,v11_116,READY
v11,v11_E002,v11_117,READY
v11,v11_E002,v11_118,READY
v11,v11_E002,v11_119,READY
v11,v11_E002,v11_120,READY
v11,v11_E002,v11_121,READY
v11,v11_E002,v11_122,READY
v11,v11_E002,v11_123,READY
v11,v11_E002,v11_124,READY
v11,v11_E002,v11_125,READY
v11,v11_E002,v11_126,READY
v11,v11_E002,v11_127,READY
v11,v11_E002,v11_128,READY
v11,v11_E002,v11_129,READY
v11,v11_E002,v11_130,READY
v11,v11_E002,v11_131,READY
v11,v11_E002,v11_132,READY
v11,v11_E002,v11_133,READY
v11,v11_E002,v11_134,READY
v11,v11_E002,v11_135,READY
v11,v11_E002,v11_136,READY
v11,v11_E002,v11_137,READY
v11,v11_E002,v11_138,READY
v11,v11_E002,v11_139,READY
v11,v11_E002,v11_140,READY
v11,v11_E002,v11_141,READY
v11,v11_E002,v11_142,READY
v11,v11_E002,v11_143,READY
v11,v11_E002,v11_144,READY
v11,v11_E002,v11_145,READY
v11,v11_E002,v11_146,READY
v11,v11_E002,v11_147,READY
v11,v11_E002,v11_148,READY
v11,v11_E002,v11_149,READY
v11,v11_E002,v11_150,READY
v11,v11_E002,v11_151,READY
v11,v11_E002,v11_152,READY
v11,v11_E002,v11_153,READY
v11,v11_E002,v11_154,READY
v11,v11_E002,v11_155,READY
v11,v11_E002,v11_156,READY
v11,v11_E002,v11_157,READY
v11,v11_E002,v11_158,READY
v11,v11_E002,v11_159,READY
v11,v11_E002,v11_160,READY
v11,v11_E002,v11_161,READY
v11,v11_E002,v11_162,READY
v11,v11_E002,v11_163,READY
v11,v11_E002,v11_164,READY
v11,v11_E002,v11_165,READY
v11,v11_E002,v11_166,READY
v11,v11_E002,v11_167,READY
v11,v11_E002,v11_168,READY
v11,v11_E002,v11_169,READY
v11,v11_E002,v11_170,READY
v11,v11_E002,v11_171,READY
v11,v11_E002,v11_172,READY
v11,v11_E002,v11_173,READY
v11,v11_E002,v11_174,READY
v11,v11_E002,v11_175,READY
v11,v11_E002,v11_176,READY
v11,v11_E002,v11_177,READY
v11,v11_E002,v11_178,READY
v11,v11_E002,v11_179,READY
v11,v11_E002,v11_180,READY
v11,v11_E002,v11_181,READY
v11,v11_E002,v11_182,READY
v11,v11_E002,v11_183,READY
v11,v11_E002,v11_184,READY
v11,v11_E002,v11_185,READY
v11,v11_E002,v11_186,NOT_READY
v11,v11_E002,v11_187,NOT_READY
v11,v11_E002,v11_188,NOT_READY
v11,,v11_189,INVALID
v11,,v11_190,INVALID
v11,,v11_191,INVALID
v11,,v11_192,INVALID
v11,,v11_193,INVALID
v11,,v11_194,INVALID
v11,,v11_195,INVALID
v11,,v11_196,INVALID
v11,,v11_197,INVALID
v11,,v11_198,INVALID
v11,,v11_199,INVALID
v11,,v11_200,INVALID
v11,,v11_201,INVALID
v11,,v11_202,INVALID
v11,,v11_203,INVALID
v11,,v11_204,INVALID
v11,,v11_205,INVALID
v11,,v11_206,INVALID
v11,v11_E003,v11_207,NOT_READY
v11,v11_E003,v11_208,NOT_READY
v11,v11_E003,v11_209,NOT_READY
v11,v11_E003,v11_210,NOT_READY
v11,v11_E003,v11_211,NOT_READY
v11,v11_E003,v11_212,NOT_READY
v11,v11_E003,v11_213,NOT_READY
v11,v11_E003,v11_214,NOT_READY
v11,v11_E003,v11_215,NOT_READY
v11,v11_E003,v11_216,NOT_READY
v11,v11_E003,v11_217,NOT_READY
v11,v11_E003,v11_218,NOT_READY
v11,v11_E003,v11_219,NOT_READY
v11,v11_E003,v11_220,NOT_READY
v11,v11_E003,v11_221,NOT_READY
v11,v11_E003,v11_222,NOT_READY
v11,v11_E003,v11_223,NOT_READY
v11,v11_E003,v11_224,NOT_READY
v11,v11_E003,v11_225,NOT_READY
v11,v11_E003,v11_226,NOT_READY
v11,v11_E003,v11_227,NOT_READY
v11,v11_E003,v11_228,NOT_READY
v11,v11_E003,v11_229,NOT_READY
v11,v11_E003,v11_230,NOT_READY
v11,v11_E003,v11_231,NOT_READY
v11,v11_E003,v11_232,NOT_READY
v11,v11_E003,v11_233,NOT_READY
v11,v11_E003,v11_234,NOT_READY
v11,v11_E003,v11_235,NOT_READY
v11,v11_E003,v11_236,NOT_READY
v11,v11_E003,v11_237,NOT_READY
v11,v11_E003,v11_238,NOT_READY
v11,v11_E003,v11_239,NOT_READY
v11,v11_E003,v11_240,NOT_READY
v11,v11_E003,v11_241,NOT_READY
v11,v11_E003,v11_242,READY
v11,v11_E003,v11_243,READY
v11,v11_E003,v11_244,READY
v11,v11_E003,v11_245,READY
v11,v11_E003,v11_246,READY
v11,v11_E003,v11_247,READY
v11,v11_E003,v11_248,READY
v11,v11_E003,v11_249,READY
v11,v11_E003,v11_250,READY
v11,v11_E003,v11_251,READY
v11,v11_E003,v11_252,READY
v11,v11_E003,v11_253,READY
v11,v11_E003,v11_254,READY
v11,v11_E003,v11_255,READY
v11,v11_E003,v11_256,READY
v11,v11_E003,v11_257,READY
v11,v11_E003,v11_258,READY
v11,v11_E003,v11_259,READY
v11,v11_E003,v11_260,READY
v11,v11_E003,v11_261,READY
v11,v11_E003,v11_262,READY
v11,v11_E003,v11_263,READY
v11,v11_E003,v11_264,READY
v11,v11_E003,v11_265,READY
v11,v11_E003,v11_266,READY
v11,v11_E003,v11_267,READY
v11,v11_E003,v11_268,READY
v11,v11_E003,v11_269,READY
v11,v11_E003,v11_270,READY
v11,v11_E003,v11_271,READY
v11,v11_E003,v11_272,READY
v11,v11_E003,v11_273,READY
v11,v11_E003,v11_274,READY
v11,v11_E003,v11_275,READY
v11,v11_E003,v11_276,READY
v11,v11_E003,v11_277,READY
v11,v11_E003,v11_278,READY
v11,v11_E003,v11_279,READY
v11,v11_E003,v11_280,READY
v11,v11_E003,v11_281,READY
v11,v11_E003,v11_282,READY
v11,v11_E003,v11_283,READY
v11,v11_E003,v11_284,READY
v11,v11_E003,v11_285,READY
v11,v11_E003,v11_286,READY
v11,v11_E003,v11_287,READY
v11,v11_E003,v11_288,READY
v11,v11_E003,v11_289,READY
v11,v11_E003,v11_290,READY
v11,v11_E003,v11_291,READY
v11,v11_E003,v11_292,READY
v11,v11_E003,v11_293,READY
v11,v11_E003,v11_294,READY
v11,v11_E003,v11_295,READY
v11,v11_E003,v11_296,READY
v11,v11_E003,v11_297,READY
v11,v11_E003,v11_298,READY
v11,v11_E003,v11_299,READY
v11,v11_E003,v11_300,READY
v11,v11_E003,v11_301,READY
v11,v11_E003,v11_302,READY
v11,v11_E003,v11_303,READY
v11,v11_E003,v11_304,READY
v11,v11_E003,v11_305,READY
v11,v11_E003,v11_306,READY
v11,v11_E003,v11_307,READY
v11,v11_E003,v11_308,READY
v11,v11_E003,v11_309,READY
v11,v11_E003,v11_310,READY
v11,v11_E003,v11_311,READY
v11,v11_E003,v11_312,READY
v11,v11_E003,v11_313,READY
v11,v11_E003,v11_314,READY
v11,v11_E003,v11_315,READY
v11,v11_E003,v11_316,READY
v11,v11_E003,v11_317,READY
v11,v11_E003,v11_318,READY
v11,v11_E003,v11_319,READY
v11,v11_E003,v11_320,READY
v11,v11_E003,v11_321,READY
v11,v11_E003,v11_322,READY
v11,v11_E003,v11_323,READY
v11,v11_E003,v11_324,READY
v11,v11_E003,v11_325,READY
v11,v11_E003,v11_326,READY
v11,v11_E003,v11_327,READY
v11,v11_E003,v11_328,READY
v11,v11_E003,v11_329,READY
v11,v11_E003,v11_330,READY
v11,v11_E003,v11_331,READY
v11,v11_E003,v11_332,READY
v11,v11_E003,v11_333,READY
v11,v11_E003,v11_334,READY
v11,v11_E003,v11_335,READY
v11,v11_E003,v11_336,READY
v11,v11_E003,v11_337,READY
v11,v11_E003,v11_338,READY
v11,v11_E003,v11_339,READY
v11,v11_E003,v11_340,READY
v11,v11_E003,v11_341,READY
v11,v11_E003,v11_342,READY
v11,v11_E003,v11_343,READY
v11,v11_E003,v11_344,READY
v11,v11_E003,v11_345,READY
v11,v11_E003,v11_346,READY
v11,v11_E003,v11_347,READY
v11,v11_E003,v11_348,READY
v11,v11_E003,v11_349,READY
v11,v11_E003,v11_350,READY
v11,v11_E003,v11_351,READY
v11,v11_E003,v11_352,READY
v11,v11_E003,v11_353,READY
v11,v11_E003,v11_354,READY
v11,v11_E003,v11_355,READY
v11,v11_E003,v11_356,READY
v11,v11_E003,v11_357,READY
v11,v11_E003,v11_358,READY
v11,v11_E003,v11_359,READY
v11,v11_E003,v11_360,READY
v11,v11_E003,v11_361,READY
v11,v11_E003,v11_362,READY
v11,v11_E003,v11_363,READY
v11,v11_E003,v11_364,READY
v11,v11_E003,v11_365,READY
v11,v11_E003,v11_366,READY
v11,v11_E003,v11_367,READY
v11,v11_E003,v11_368,READY
v11,v11_E003,v11_369,READY
v11,v11_E003,v11_370,READY
v11,v11_E003,v11_371,READY
v11,v11_E003,v11_372,READY
v11,v11_E003,v11_373,READY
v11,v11_E003,v11_374,READY
v11,v11_E003,v11_375,READY
v11,v11_E003,v11_376,READY
v11,v11_E003,v11_377,READY
v11,v11_E003,v11_378,READY
v11,v11_E003,v11_379,READY
v11,v11_E003,v11_380,READY
v11,v11_E003,v11_381,READY
v11,v11_E003,v11_382,READY
v11,v11_E003,v11_383,READY
v11,v11_E003,v11_384,READY
v11,v11_E003,v11_385,READY
v11,v11_E003,v11_386,READY
v11,v11_E003,v11_387,READY
v11,v11_E003,v11_388,READY
v11,v11_E003,v11_389,READY
v11,v11_E003,v11_390,READY
v11,v11_E003,v11_391,READY
v11,v11_E003,v11_392,READY
v11,v11_E003,v11_393,READY
v11,v11_E003,v11_394,READY
v11,v11_E003,v11_395,READY
v11,v11_E003,v11_396,READY
v11,v11_E003,v11_397,NOT_READY
v11,v11_E003,v11_398,NOT_READY
v11,v11_E003,v11_399,NOT_READY
v11,v11_E003,v11_400,NOT_READY
v11,v11_E003,v11_401,NOT_READY
v11,,v11_402,INVALID
v11,,v11_403,INVALID
v11,,v11_404,INVALID
v11,,v11_405,INVALID
v11,,v11_406,INVALID
v11,,v11_407,INVALID
v11,,v11_408,INVALID
v11,,v11_409,INVALID
v11,,v11_410,INVALID
v11,,v11_411,INVALID
v11,,v11_412,INVALID
v11,,v11_413,INVALID
v11,,v11_414,INVALID
v11,,v11_415,INVALID
v11,,v11_416,INVALID
v11,,v11_417,INVALID
v11,,v11_418,INVALID
v11,,v11_419,INVALID
v11,,v11_420,INVALID
v11,,v11_421,INVALID
v11,,v11_422,INVALID
v11,,v11_423,INVALID
v11,,v11_424,INVALID
v11,,v11_425,INVALID
v11,,v11_426,INVALID
v11,,v11_427,INVALID
v11,,v11_428,INVALID
v11,,v11_429,INVALID
v11,,v11_430,INVALID
v11,,v11_431,INVALID
v11,,v11_432,INVALID
v11,,v11_433,INVALID
v11,,v11_434,INVALID
v11,,v11_435,INVALID
v11,,v11_436,INVALID
v11,,v11_437,INVALID
v11,,v11_438,INVALID
v11,,v11_439,INVALID
v11,v11_E004,v11_440,NOT_READY
v11,v11_E004,v11_441,NOT_READY
v11,v11_E004,v11_442,NOT_READY
v11,v11_E004,v11_443,NOT_READY
v11,v11_E004,v11_444,NOT_READY
v11,v11_E004,v11_445,NOT_READY
v11,v11_E004,v11_446,NOT_READY
v11,v11_E004,v11_447,NOT_READY
v11,v11_E004,v11_448,NOT_READY
v11,v11_E004,v11_449,NOT_READY
v11,v11_E004,v11_450,NOT_READY
v11,v11_E004,v11_451,NOT_READY
v11,v11_E004,v11_452,NOT_READY
v11,v11_E004,v11_453,NOT_READY
v11,v11_E004,v11_454,NOT_READY
v11,v11_E004,v11_455,READY
v11,v11_E004,v11_456,READY
v11,v11_E004,v11_457,READY
v11,v11_E004,v11_458,READY
v11,v11_E004,v11_459,READY
v11,v11_E004,v11_460,READY
v11,v11_E004,v11_461,READY
v11,v11_E004,v11_462,READY
v11,v11_E004,v11_463,READY
v11,v11_E004,v11_464,READY
v11,v11_E004,v11_465,READY
v11,v11_E004,v11_466,READY
v11,v11_E004,v11_467,READY
v11,v11_E004,v11_468,READY
v11,v11_E004,v11_469,READY
v11,v11_E004,v11_470,READY
v11,v11_E004,v11_471,READY
v11,v11_E004,v11_472,READY
v11,v11_E004,v11_473,READY
v11,v11_E004,v11_474,READY
v11,v11_E004,v11_475,READY
v11,v11_E004,v11_476,READY
v11,v11_E004,v11_477,READY
v11,v11_E004,v11_478,READY
v11,v11_E004,v11_479,READY
v11,v11_E004,v11_480,READY
v11,v11_E004,v11_481,READY
v11,v11_E004,v11_482,READY
v11,v11_E004,v11_483,READY
v11,v11_E004,v11_484,READY
v11,v11_E004,v11_485,READY
v11,v11_E004,v11_486,READY
v11,v11_E004,v11_487,READY
v11,v11_E004,v11_488,READY
v11,v11_E004,v11_489,READY
v11,v11_E004,v11_490,READY
v11,v11_E004,v11_491,READY
v11,v11_E004,v11_492,READY
v11,v11_E004,v11_493,READY
v11,v11_E004,v11_494,READY
v11,v11_E004,v11_495,READY
v11,v11_E004,v11_496,READY
v11,v11_E004,v11_497,READY
v11,v11_E004,v11_498,READY
v11,v11_E004,v11_499,READY
v11,v11_E004,v11_500,READY
v11,v11_E004,v11_501,READY
v11,v11_E004,v11_502,READY
v11,v11_E004,v11_503,READY
v11,v11_E004,v11_504,READY
v11,v11_E004,v11_505,READY
v11,v11_E004,v11_506,READY
v11,v11_E004,v11_507,READY
v11,v11_E004,v11_508,READY
v11,v11_E004,v11_509,READY
v11,v11_E004,v11_510,READY
v11,v11_E004,v11_511,READY
v11,v11_E004,v11_512,READY
v11,v11_E004,v11_513,READY
v11,v11_E004,v11_514,READY
v11,v11_E004,v11_515,READY
v11,v11_E004,v11_516,READY
v11,v11_E004,v11_517,READY
v11,v11_E004,v11_518,READY
v11,v11_E004,v11_519,READY
v11,v11_E004,v11_520,READY
v11,v11_E004,v11_521,READY
v11,v11_E004,v11_522,READY
v11,v11_E004,v11_523,READY
v11,v11_E004,v11_524,READY
v11,v11_E004,v11_525,READY
v11,v11_E004,v11_526,READY
v11,v11_E004,v11_527,READY
v11,v11_E004,v11_528,READY
v11,v11_E004,v11_529,READY
v11,v11_E004,v11_530,READY
v11,v11_E004,v11_531,READY
v11,v11_E004,v11_532,READY
v11,v11_E004,v11_533,READY
v11,v11_E004,v11_534,READY
v11,v11_E004,v11_535,READY
v11,v11_E004,v11_536,READY
v11,v11_E004,v11_537,READY
v11,v11_E004,v11_538,READY
v11,v11_E004,v11_539,READY
v11,v11_E004,v11_540,READY
v11,v11_E004,v11_541,READY
v11,v11_E004,v11_542,READY
v11,v11_E004,v11_543,READY
v11,v11_E004,v11_544,READY
v11,v11_E004,v11_545,READY
v11,v11_E004,v11_546,READY
v11,v11_E004,v11_547,READY
v11,v11_E004,v11_548,READY
v11,v11_E004,v11_549,READY
v11,v11_E004,v11_550,READY
v11,v11_E004,v11_551,READY
v11,v11_E004,v11_552,READY
v11,v11_E004,v11_553,READY
v11,v11_E004,v11_554,READY
v11,v11_E004,v11_555,READY
v11,v11_E004,v11_556,READY
v11,v11_E004,v11_557,READY
v11,v11_E004,v11_558,READY
v11,v11_E004,v11_559,READY
v11,v11_E004,v11_560,READY
v11,v11_E004,v11_561,READY
v11,v11_E004,v11_562,READY
v11,v11_E004,v11_563,READY
v11,v11_E004,v11_564,READY
v11,v11_E004,v11_565,READY
v11,v11_E004,v11_566,READY
v11,v11_E004,v11_567,READY
v11,v11_E004,v11_568,READY
v11,v11_E004,v11_569,READY
v11,v11_E004,v11_570,READY
v11,v11_E004,v11_571,READY
v11,v11_E004,v11_572,READY
v11,v11_E004,v11_573,READY
v11,v11_E004,v11_574,READY
v11,v11_E004,v11_575,READY
v11,v11_E004,v11_576,READY
v11,v11_E004,v11_577,READY
v11,v11_E004,v11_578,READY
v11,v11_E004,v11_579,READY
v11,v11_E004,v11_580,READY
v11,v11_E004,v11_581,READY
v11,v11_E004,v11_582,READY
v11,v11_E004,v11_583,READY
v11,v11_E004,v11_584,READY
v11,v11_E004,v11_585,READY
v11,v11_E004,v11_586,READY
v11,v11_E004,v11_587,READY
v11,v11_E004,v11_588,READY
v11,v11_E004,v11_589,READY
v11,v11_E004,v11_590,READY
v11,v11_E004,v11_591,READY
v11,v11_E004,v11_592,NOT_READY
v11,v11_E004,v11_593,NOT_READY
v11,v11_E004,v11_594,NOT_READY
v11,v11_E004,v11_595,NOT_READY
v11,,v11_596,INVALID
v11,,v11_597,INVALID
v11,,v11_598,INVALID
v11,,v11_599,INVALID
v11,,v11_600,INVALID
v11,,v11_601,INVALID
v11,,v11_602,INVALID
v11,,v11_603,INVALID
v11,,v11_604,INVALID
v11,,v11_605,INVALID
v11,,v11_606,INVALID
v11,,v11_607,INVALID
v11,,v11_608,INVALID
v11,,v11_609,INVALID
v11,,v11_610,INVALID
v11,,v11_611,INVALID
v11,,v11_612,INVALID
v11,,v11_613,INVALID
v11,,v11_614,INVALID
v11,,v11_615,INVALID
v11,,v11_616,INVALID
v12,,v12_001,INVALID
v12,,v12_002,INVALID
v12,,v12_003,INVALID
v12,,v12_004,INVALID
v12,,v12_005,INVALID
v12,,v12_006,INVALID
v12,,v12_007,INVALID
v12,,v12_008,INVALID
v12,,v12_009,INVALID
v12,,v12_010,INVALID
v12,,v12_011,INVALID
v12,,v12_012,INVALID
v12,v12_E001,v12_013,NOT_READY
v12,v12_E001,v12_014,NOT_READY
v12,v12_E001,v12_015,NOT_READY
v12,v12_E001,v12_016,NOT_READY
v12,v12_E001,v12_017,NOT_READY
v12,v12_E001,v12_018,NOT_READY
v12,v12_E001,v12_019,NOT_READY
v12,v12_E001,v12_020,NOT_READY
v12,v12_E001,v12_021,NOT_READY
v12,v12_E001,v12_022,NOT_READY
v12,v12_E001,v12_023,NOT_READY
v12,v12_E001,v12_024,NOT_READY
v12,v12_E001,v12_025,NOT_READY
v12,v12_E001,v12_026,NOT_READY
v12,v12_E001,v12_027,NOT_READY
v12,v12_E001,v12_028,NOT_READY
v12,v12_E001,v12_029,NOT_READY
v12,v12_E001,v12_030,NOT_READY
v12,v12_E001,v12_031,NOT_READY
v12,v12_E001,v12_032,NOT_READY
v12,v12_E001,v12_033,READY
v12,v12_E001,v12_034,READY
v12,v12_E001,v12_035,READY
v12,v12_E001,v12_036,READY
v12,v12_E001,v12_037,READY
v12,v12_E001,v12_038,READY
v12,v12_E001,v12_039,READY
v12,v12_E001,v12_040,READY
v12,v12_E001,v12_041,READY
v12,v12_E001,v12_042,READY
v12,v12_E001,v12_043,READY
v12,v12_E001,v12_044,READY
v12,v12_E001,v12_045,READY
v12,v12_E001,v12_046,READY
v12,v12_E001,v12_047,READY
v12,v12_E001,v12_048,READY
v12,v12_E001,v12_049,READY
v12,v12_E001,v12_050,READY
v12,v12_E001,v12_051,READY
v12,v12_E001,v12_052,READY
v12,v12_E001,v12_053,READY
v12,v12_E001,v12_054,READY
v12,v12_E001,v12_055,READY
v12,v12_E001,v12_056,READY
v12,v12_E001,v12_057,READY
v12,v12_E001,v12_058,READY
v12,v12_E001,v12_059,READY
v12,v12_E001,v12_060,READY
v12,v12_E001,v12_061,READY
v12,v12_E001,v12_062,READY
v12,v12_E001,v12_063,READY
v12,v12_E001,v12_064,READY
v12,v12_E001,v12_065,READY
v12,v12_E001,v12_066,READY
v12,v12_E001,v12_067,READY
v12,v12_E001,v12_068,READY
v12,v12_E001,v12_069,READY
v12,v12_E001,v12_070,READY
v12,v12_E001,v12_071,READY
v12,v12_E001,v12_072,READY
v12,v12_E001,v12_073,READY
v12,v12_E001,v12_074,READY
v12,v12_E001,v12_075,READY
v12,v12_E001,v12_076,READY
v12,v12_E001,v12_077,READY
v12,v12_E001,v12_078,READY
v12,v12_E001,v12_079,READY
v12,v12_E001,v12_080,READY
v12,v12_E001,v12_081,READY
v12,v12_E001,v12_082,READY
v12,v12_E001,v12_083,READY
v12,v12_E001,v12_084,READY
v12,v12_E001,v12_085,READY
v12,v12_E001,v12_086,READY
v12,v12_E001,v12_087,READY
v12,v12_E001,v12_088,READY
v12,v12_E001,v12_089,READY
v12,v12_E001,v12_090,READY
v12,v12_E001,v12_091,READY
v12,v12_E001,v12_092,READY
v12,v12_E001,v12_093,READY
v12,v12_E001,v12_094,READY
v12,v12_E001,v12_095,READY
v12,v12_E001,v12_096,READY
v12,v12_E001,v12_097,READY
v12,v12_E001,v12_098,READY
v12,v12_E001,v12_099,READY
v12,v12_E001,v12_100,READY
v12,v12_E001,v12_101,READY
v12,v12_E001,v12_102,READY
v12,v12_E001,v12_103,READY
v12,v12_E001,v12_104,READY
v12,v12_E001,v12_105,READY
v12,v12_E001,v12_106,READY
v12,v12_E001,v12_107,READY
v12,v12_E001,v12_108,READY
v12,v12_E001,v12_109,READY
v12,v12_E001,v12_110,READY
v12,v12_E001,v12_111,READY
v12,v12_E001,v12_112,READY
v12,v12_E001,v12_113,READY
v12,v12_E001,v12_114,READY
v12,v12_E001,v12_115,READY
v12,v12_E001,v12_116,READY
v12,v12_E001,v12_117,READY
v12,v12_E001,v12_118,READY
v12,v12_E001,v12_119,READY
v12,v12_E001,v12_120,READY
v12,v12_E001,v12_121,READY
v12,v12_E001,v12_122,READY
v12,v12_E001,v12_123,READY
v12,v12_E001,v12_124,READY
v12,v12_E001,v12_125,READY
v12,v12_E001,v12_126,READY
v12,v12_E001,v12_127,READY
v12,v12_E001,v12_128,READY
v12,v12_E001,v12_129,READY
v12,v12_E001,v12_130,READY
v12,v12_E001,v12_131,READY
v12,v12_E001,v12_132,READY
v12,v12_E001,v12_133,READY
v12,v12_E001,v12_134,READY
v12,v12_E001,v12_135,READY
v12,v12_E001,v12_136,READY
v12,v12_E001,v12_137,READY
v12,v12_E001,v12_138,READY
v12,v12_E001,v12_139,READY
v12,v12_E001,v12_140,READY
v12,v12_E001,v12_141,READY
v12,v12_E001,v12_142,READY
v12,v12_E001,v12_143,READY
v12,v12_E001,v12_144,READY
v12,v12_E001,v12_145,READY
v12,v12_E001,v12_146,READY
v12,v12_E001,v12_147,READY
v12,v12_E001,v12_148,READY
v12,v12_E001,v12_149,READY
v12,v12_E001,v12_150,READY
v12,v12_E001,v12_151,READY
v12,v12_E001,v12_152,READY
v12,v12_E001,v12_153,READY
v12,v12_E001,v12_154,READY
v12,v12_E001,v12_155,READY
v12,v12_E001,v12_156,READY
v12,v12_E001,v12_157,READY
v12,v12_E001,v12_158,READY
v12,v12_E001,v12_159,READY
v12,v12_E001,v12_160,READY
v12,v12_E001,v12_161,READY
v12,v12_E001,v12_162,READY
v12,v12_E001,v12_163,READY
v12,v12_E001,v12_164,READY
v12,v12_E001,v12_165,READY
v12,v12_E001,v12_166,READY
v12,v12_E001,v12_167,READY
v12,v12_E001,v12_168,READY
v12,v12_E001,v12_169,READY
v12,v12_E001,v12_170,READY
v12,v12_E001,v12_171,READY
v12,v12_E001,v12_172,READY
v12,v12_E001,v12_173,READY
v12,v12_E001,v12_174,READY
v12,v12_E001,v12_175,READY
v12,v12_E001,v12_176,READY
v12,v12_E001,v12_177,READY
v12,v12_E001,v12_178,READY
v12,v12_E001,v12_179,READY
v12,v12_E001,v12_180,READY
v12,v12_E001,v12_181,READY
v12,v12_E001,v12_182,READY
v12,v12_E001,v12_183,READY
v12,v12_E001,v12_184,READY
v12,v12_E001,v12_185,READY
v12,v12_E001,v12_186,READY
v12,v12_E001,v12_187,READY
v12,v12_E001,v12_188,READY
v12,v12_E001,v12_189,READY
v12,v12_E001,v12_190,READY
v12,v12_E001,v12_191,READY
v12,v12_E001,v12_192,READY
v12,v12_E001,v12_193,READY
v12,v12_E001,v12_194,READY
v12,v12_E001,v12_195,READY
v12,v12_E001,v12_196,READY
v12,v12_E001,v12_197,READY
v12,v12_E001,v12_198,READY
v12,v12_E001,v12_199,READY
v12,v12_E001,v12_200,READY
v12,v12_E001,v12_201,READY
v12,v12_E001,v12_202,READY
v12,v12_E001,v12_203,READY
v12,v12_E001,v12_204,READY
v12,v12_E001,v12_205,READY
v12,v12_E001,v12_206,READY
v12,v12_E001,v12_207,READY
v12,v12_E001,v12_208,READY
v12,v12_E001,v12_209,READY
v12,v12_E001,v12_210,READY
v12,v12_E001,v12_211,READY
v12,v12_E001,v12_212,READY
v12,v12_E001,v12_213,READY
v12,v12_E001,v12_214,READY
v12,v12_E001,v12_215,READY
v12,v12_E001,v12_216,READY
v12,v12_E001,v12_217,READY
v12,v12_E001,v12_218,READY
v12,v12_E001,v12_219,READY
v12,v12_E001,v12_220,READY
v12,v12_E001,v12_221,READY
v12,v12_E001,v12_222,READY
v12,v12_E001,v12_223,READY
v12,v12_E001,v12_224,READY
v12,v12_E001,v12_225,READY
v12,v12_E001,v12_226,READY
v12,v12_E001,v12_227,READY
v12,v12_E001,v12_228,READY
v12,v12_E001,v12_229,READY
v12,v12_E001,v12_230,READY
v12,v12_E001,v12_231,READY
v12,v12_E001,v12_232,READY
v12,v12_E001,v12_233,READY
v12,v12_E001,v12_234,READY
v12,v12_E001,v12_235,READY
v12,v12_E001,v12_236,READY
v12,v12_E001,v12_237,READY
v12,v12_E001,v12_238,READY
v12,v12_E001,v12_239,READY
v12,v12_E001,v12_240,READY
v12,v12_E001,v12_241,READY
v12,v12_E001,v12_242,READY
v12,v12_E001,v12_243,READY
v12,v12_E001,v12_244,READY
v12,v12_E001,v12_245,READY
v12,v12_E001,v12_246,READY
v12,v12_E001,v12_247,READY
v12,v12_E001,v12_248,READY
v12,v12_E001,v12_249,READY
v12,v12_E001,v12_250,READY
v12,v12_E001,v12_251,READY
v12,v12_E001,v12_252,READY
v12,v12_E001,v12_253,READY
v12,v12_E001,v12_254,READY
v12,v12_E001,v12_255,NOT_READY
v12,v12_E001,v12_256,NOT_READY
v12,v12_E001,v12_257,NOT_READY
v12,v12_E001,v12_258,NOT_READY
v12,v12_E001,v12_259,NOT_READY
v12,v12_E001,v12_260,NOT_READY
v12,v12_E001,v12_261,NOT_READY
v12,v12_E001,v12_262,NOT_READY
v12,v12_E001,v12_263,NOT_READY
v13,,v13_001,INVALID
v13,,v13_002,INVALID
v13,,v13_003,INVALID
v13,,v13_004,INVALID
v13,,v13_005,INVALID
v13,,v13_006,INVALID
v13,,v13_007,INVALID
v13,,v13_008,INVALID
v13,,v13_009,INVALID
v13,,v13_010,INVALID
v13,,v13_011,INVALID
v13,,v13_012,INVALID
v13,,v13_013,INVALID
v13,,v13_014,INVALID
v13,,v13_015,INVALID
v13,,v13_016,INVALID
v13,,v13_017,INVALID
v13,,v13_018,INVALID
v13,,v13_019,INVALID
v13,,v13_020,INVALID
v13,,v13_021,INVALID
v13,,v13_022,INVALID
v13,,v13_023,INVALID
v13,,v13_024,INVALID
v13,,v13_025,INVALID
v13,,v13_026,INVALID
v13,,v13_027,INVALID
v13,,v13_028,INVALID
v13,,v13_029,INVALID
v13,,v13_030,INVALID
v13,v13_E001,v13_031,NOT_READY
v13,v13_E001,v13_032,NOT_READY
v13,v13_E001,v13_033,NOT_READY
v13,v13_E001,v13_034,NOT_READY
v13,v13_E001,v13_035,NOT_READY
v13,v13_E001,v13_036,NOT_READY
v13,v13_E001,v13_037,NOT_READY
v13,v13_E001,v13_038,NOT_READY
v13,v13_E001,v13_039,NOT_READY
v13,v13_E001,v13_040,NOT_READY
v13,v13_E001,v13_041,NOT_READY
v13,v13_E001,v13_042,NOT_READY
v13,v13_E001,v13_043,NOT_READY
v13,v13_E001,v13_044,NOT_READY
v13,v13_E001,v13_045,NOT_READY
v13,v13_E001,v13_046,NOT_READY
v13,v13_E001,v13_047,NOT_READY
v13,v13_E001,v13_048,NOT_READY
v13,v13_E001,v13_049,NOT_READY
v13,v13_E001,v13_050,NOT_READY
v13,v13_E001,v13_051,NOT_READY
v13,v13_E001,v13_052,NOT_READY
v13,v13_E001,v13_053,NOT_READY
v13,v13_E001,v13_054,NOT_READY
v13,v13_E001,v13_055,READY
v13,v13_E001,v13_056,READY
v13,v13_E001,v13_057,READY
v13,v13_E001,v13_058,READY
v13,v13_E001,v13_059,READY
v13,v13_E001,v13_060,READY
v13,v13_E001,v13_061,READY
v13,v13_E001,v13_062,READY
v13,v13_E001,v13_063,READY
v13,v13_E001,v13_064,READY
v13,v13_E001,v13_065,READY
v13,v13_E001,v13_066,READY
v13,v13_E001,v13_067,READY
v13,v13_E001,v13_068,READY
v13,v13_E001,v13_069,READY
v13,v13_E001,v13_070,READY
v13,v13_E001,v13_071,READY
v13,v13_E001,v13_072,READY
v13,v13_E001,v13_073,READY
v13,v13_E001,v13_074,READY
v13,v13_E001,v13_075,READY
v13,v13_E001,v13_076,READY
v13,v13_E001,v13_077,READY
v13,v13_E001,v13_078,READY
v13,v13_E001,v13_079,READY
v13,v13_E001,v13_080,READY
v13,v13_E001,v13_081,READY
v13,v13_E001,v13_082,READY
v13,v13_E001,v13_083,READY
v13,v13_E001,v13_084,READY
v13,v13_E001,v13_085,READY
v13,v13_E001,v13_086,READY
v13,v13_E001,v13_087,READY
v13,v13_E001,v13_088,READY
v13,v13_E001,v13_089,READY
v13,v13_E001,v13_090,READY
v13,v13_E001,v13_091,READY
v13,v13_E001,v13_092,READY
v13,v13_E001,v13_093,READY
v13,v13_E001,v13_094,READY
v13,v13_E001,v13_095,READY
v13,v13_E001,v13_096,READY
v13,v13_E001,v13_097,READY
v13,v13_E001,v13_098,READY
v13,v13_E001,v13_099,READY
v13,v13_E001,v13_100,READY
v13,v13_E001,v13_101,READY
v13,v13_E001,v13_102,READY
v13,v13_E001,v13_103,READY
v13,v13_E001,v13_104,READY
v13,v13_E001,v13_105,READY
v13,v13_E001,v13_106,READY
v13,v13_E001,v13_107,READY
v13,v13_E001,v13_108,READY
v13,v13_E001,v13_109,READY
v13,v13_E001,v13_110,READY
v13,v13_E001,v13_111,READY
v13,v13_E001,v13_112,READY
v13,v13_E001,v13_113,READY
v13,v13_E001,v13_114,READY
v13,v13_E001,v13_115,READY
v13,v13_E001,v13_116,READY
v13,v13_E001,v13_117,READY
v13,v13_E001,v13_118,READY
v13,v13_E001,v13_119,READY
v13,v13_E001,v13_120,READY
v13,v13_E001,v13_121,READY
v13,v13_E001,v13_122,READY
v13,v13_E001,v13_123,READY
v13,v13_E001,v13_124,READY
v13,v13_E001,v13_125,READY
v13,v13_E001,v13_126,READY
v13,v13_E001,v13_127,READY
v13,v13_E001,v13_128,READY
v13,v13_E001,v13_129,READY
v13,v13_E001,v13_130,READY
v13,v13_E001,v13_131,READY
v13,v13_E001,v13_132,READY
v13,v13_E001,v13_133,READY
v13,v13_E001,v13_134,READY
v13,v13_E001,v13_135,READY
v13,v13_E001,v13_136,READY
v13,v13_E001,v13_137,READY
v13,v13_E001,v13_138,READY
v13,v13_E001,v13_139,READY
v13,v13_E001,v13_140,READY
v13,v13_E001,v13_141,READY
v13,v13_E001,v13_142,READY
v13,v13_E001,v13_143,READY
v13,v13_E001,v13_144,READY
v13,v13_E001,v13_145,READY
v13,v13_E001,v13_146,READY
v13,v13_E001,v13_147,READY
v13,v13_E001,v13_148,READY
v13,v13_E001,v13_149,READY
v13,v13_E001,v13_150,READY
v13,v13_E001,v13_151,READY
v13,v13_E001,v13_152,READY
v13,v13_E001,v13_153,READY
v13,v13_E001,v13_154,READY
v13,v13_E001,v13_155,READY
v13,v13_E001,v13_156,READY
v13,v13_E001,v13_157,READY
v13,v13_E001,v13_158,READY
v13,v13_E001,v13_159,READY
v13,v13_E001,v13_160,READY
v13,v13_E001,v13_161,READY
v13,v13_E001,v13_162,READY
v13,v13_E001,v13_163,READY
v13,v13_E001,v13_164,READY
v13,v13_E001,v13_165,READY
v13,v13_E001,v13_166,READY
v13,v13_E001,v13_167,READY
v13,v13_E001,v13_168,READY
v13,v13_E001,v13_169,READY
v13,v13_E001,v13_170,READY
v13,v13_E001,v13_171,READY
v13,v13_E001,v13_172,READY
v13,v13_E001,v13_173,READY
v13,v13_E001,v13_174,READY
v13,v13_E001,v13_175,READY
v13,v13_E001,v13_176,READY
v13,v13_E001,v13_177,READY
v13,v13_E001,v13_178,READY
v13,v13_E001,v13_179,READY
v13,v13_E001,v13_180,READY
v13,v13_E001,v13_181,READY
v13,v13_E001,v13_182,READY
v13,v13_E001,v13_183,READY
v13,v13_E001,v13_184,READY
v13,v13_E001,v13_185,READY
v13,v13_E001,v13_186,READY
v13,v13_E001,v13_187,READY
v13,v13_E001,v13_188,READY
v13,v13_E001,v13_189,READY
v13,v13_E001,v13_190,READY
v13,v13_E001,v13_191,READY
v13,v13_E001,v13_192,READY
v13,v13_E001,v13_193,READY
v13,v13_E001,v13_194,READY
v13,v13_E001,v13_195,READY
v13,v13_E001,v13_196,READY
v13,v13_E001,v13_197,READY
v13,v13_E001,v13_198,READY
v13,v13_E001,v13_199,READY
v13,v13_E001,v13_200,READY
v13,v13_E001,v13_201,READY
v13,v13_E001,v13_202,READY
v13,v13_E001,v13_203,READY
v13,v13_E001,v13_204,READY
v13,v13_E001,v13_205,READY
v13,v13_E001,v13_206,READY
v13,v13_E001,v13_207,READY
v13,v13_E001,v13_208,READY
v13,v13_E001,v13_209,READY
v13,v13_E001,v13_210,READY
v13,v13_E001,v13_211,READY
v13,v13_E001,v13_212,READY
v13,v13_E001,v13_213,READY
v13,v13_E001,v13_214,READY
v13,v13_E001,v13_215,READY
v13,v13_E001,v13_216,READY
v13,v13_E001,v13_217,READY
v13,v13_E001,v13_218,READY
v13,v13_E001,v13_219,READY
v13,v13_E001,v13_220,READY
v13,v13_E001,v13_221,READY
v13,v13_E001,v13_222,READY
v13,v13_E001,v13_223,READY
v13,v13_E001,v13_224,READY
v13,v13_E001,v13_225,READY
v13,v13_E001,v13_226,READY
v13,v13_E001,v13_227,READY
v13,v13_E001,v13_228,READY
v13,v13_E001,v13_229,READY
v13,v13_E001,v13_230,READY
v13,v13_E001,v13_231,READY
v13,v13_E001,v13_232,READY
v13,v13_E001,v13_233,READY
v13,v13_E001,v13_234,READY
v13,v13_E001,v13_235,READY
v13,v13_E001,v13_236,READY
v13,v13_E001,v13_237,READY
v13,v13_E001,v13_238,READY
v13,v13_E001,v13_239,READY
v13,v13_E001,v13_240,READY
v13,v13_E001,v13_241,READY
v13,v13_E001,v13_242,READY
v13,v13_E001,v13_243,READY
v13,v13_E001,v13_244,READY
v13,v13_E001,v13_245,READY
v13,v13_E001,v13_246,NOT_READY
v13,v13_E001,v13_247,NOT_READY
v13,v13_E001,v13_248,NOT_READY
v13,v13_E001,v13_249,NOT_READY
v13,,v13_250,INVALID
v13,,v13_251,INVALID
v13,,v13_252,INVALID
v13,,v13_253,INVALID
v13,,v13_254,INVALID
v13,,v13_255,INVALID
v13,,v13_256,INVALID
v13,,v13_257,INVALID
v13,,v13_258,INVALID
v13,,v13_259,INVALID
v13,,v13_260,INVALID
v13,,v13_261,INVALID
v13,,v13_262,INVALID
v13,,v13_263,INVALID
v13,,v13_264,INVALID
v13,,v13_265,INVALID
v13,,v13_266,INVALID
v13,,v13_267,INVALID
v13,,v13_268,INVALID
v13,,v13_269,INVALID
v13,,v13_270,INVALID
v13,,v13_271,INVALID
v13,,v13_272,INVALID
v13,,v13_273,INVALID
v13,,v13_274,INVALID
v13,,v13_275,INVALID
v13,,v13_276,INVALID
v13,,v13_277,INVALID
v13,,v13_278,INVALID
v13,,v13_279,INVALID
v13,,v13_280,INVALID
v13,,v13_281,INVALID
v13,,v13_282,INVALID
v13,,v13_283,INVALID
v13,,v13_284,INVALID
v13,,v13_285,INVALID
v13,,v13_286,INVALID
v13,,v13_287,INVALID
v13,,v13_288,INVALID
v13,,v13_289,INVALID
v13,,v13_290,INVALID
v13,v13_E002,v13_291,NOT_READY
v13,v13_E002,v13_292,NOT_READY
v13,v13_E002,v13_293,NOT_READY
v13,v13_E002,v13_294,NOT_READY
v13,v13_E002,v13_295,NOT_READY
v13,v13_E002,v13_296,NOT_READY
v13,v13_E002,v13_297,NOT_READY
v13,v13_E002,v13_298,NOT_READY
v13,v13_E002,v13_299,NOT_READY
v13,v13_E002,v13_300,NOT_READY
v13,v13_E002,v13_301,NOT_READY
v13,v13_E002,v13_302,NOT_READY
v13,v13_E002,v13_303,NOT_READY
v13,v13_E002,v13_304,NOT_READY
v13,v13_E002,v13_305,NOT_READY
v13,v13_E002,v13_306,NOT_READY
v13,v13_E002,v13_307,NOT_READY
v13,v13_E002,v13_308,NOT_READY
v13,v13_E002,v13_309,NOT_READY
v13,v13_E002,v13_310,READY
v13,v13_E002,v13_311,READY
v13,v13_E002,v13_312,READY
v13,v13_E002,v13_313,READY
v13,v13_E002,v13_314,READY
v13,v13_E002,v13_315,NOT_READY
v13,v13_E002,v13_316,NOT_READY
v13,v13_E002,v13_317,NOT_READY
v13,v13_E002,v13_318,READY
v13,v13_E002,v13_319,READY
v13,v13_E002,v13_320,READY
v13,v13_E002,v13_321,READY
v13,v13_E002,v13_322,READY
v13,v13_E002,v13_323,READY
v13,v13_E002,v13_324,READY
v13,v13_E002,v13_325,READY
v13,v13_E002,v13_326,READY
v13,v13_E002,v13_327,READY
v13,v13_E002,v13_328,READY
v13,v13_E002,v13_329,READY
v13,v13_E002,v13_330,READY
v13,v13_E002,v13_331,READY
v13,v13_E002,v13_332,READY
v13,v13_E002,v13_333,READY
v13,v13_E002,v13_334,READY
v13,v13_E002,v13_335,READY
v13,v13_E002,v13_336,READY
v13,v13_E002,v13_337,READY
v13,v13_E002,v13_338,READY
v13,v13_E002,v13_339,READY
v13,v13_E002,v13_340,READY
v13,v13_E002,v13_341,READY
v13,v13_E002,v13_342,READY
v13,v13_E002,v13_343,READY
v13,v13_E002,v13_344,READY
v13,v13_E002,v13_345,READY
v13,v13_E002,v13_346,READY
v13,v13_E002,v13_347,READY
v13,v13_E002,v13_348,READY
v13,v13_E002,v13_349,READY
v13,v13_E002,v13_350,READY
v13,v13_E002,v13_351,READY
v13,v13_E002,v13_352,READY
v13,v13_E002,v13_353,READY
v13,v13_E002,v13_354,READY
v13,v13_E002,v13_355,READY
v13,v13_E002,v13_356,READY
v13,v13_E002,v13_357,READY
v13,v13_E002,v13_358,READY
v13,v13_E002,v13_359,READY
v13,v13_E002,v13_360,READY
v13,v13_E002,v13_361,READY
v13,v13_E002,v13_362,READY
v13,v13_E002,v13_363,READY
v13,v13_E002,v13_364,READY
v13,v13_E002,v13_365,READY
v13,v13_E002,v13_366,READY
v13,v13_E002,v13_367,READY
v13,v13_E002,v13_368,READY
v13,v13_E002,v13_369,READY
v13,v13_E002,v13_370,READY
v13,v13_E002,v13_371,READY
v13,v13_E002,v13_372,READY
v13,v13_E002,v13_373,READY
v13,v13_E002,v13_374,READY
v13,v13_E002,v13_375,READY
v13,v13_E002,v13_376,READY
v13,v13_E002,v13_377,READY
v13,v13_E002,v13_378,READY
v13,v13_E002,v13_379,READY
v13,v13_E002,v13_380,READY
v13,v13_E002,v13_381,READY
v13,v13_E002,v13_382,READY
v13,v13_E002,v13_383,READY
v13,v13_E002,v13_384,READY
v13,v13_E002,v13_385,READY
v13,v13_E002,v13_386,READY
v13,v13_E002,v13_387,READY
v13,v13_E002,v13_388,READY
v13,v13_E002,v13_389,READY
v13,v13_E002,v13_390,READY
v13,v13_E002,v13_391,READY
v13,v13_E002,v13_392,READY
v13,v13_E002,v13_393,READY
v13,v13_E002,v13_394,READY
v13,v13_E002,v13_395,READY
v13,v13_E002,v13_396,READY
v13,v13_E002,v13_397,READY
v13,v13_E002,v13_398,READY
v13,v13_E002,v13_399,READY
v13,v13_E002,v13_400,READY
v13,v13_E002,v13_401,READY
v13,v13_E002,v13_402,READY
v13,v13_E002,v13_403,READY
v13,v13_E002,v13_404,READY
v13,v13_E002,v13_405,READY
v13,v13_E002,v13_406,READY
v13,v13_E002,v13_407,READY
v13,v13_E002,v13_408,READY
v13,v13_E002,v13_409,READY
v13,v13_E002,v13_410,READY
v13,v13_E002,v13_411,READY
v13,v13_E002,v13_412,READY
v13,v13_E002,v13_413,READY
v13,v13_E002,v13_414,READY
v13,v13_E002,v13_415,READY
v13,v13_E002,v13_416,READY
v13,v13_E002,v13_417,READY
v13,v13_E002,v13_418,READY
v13,v13_E002,v13_419,READY
v13,v13_E002,v13_420,READY
v13,v13_E002,v13_421,READY
v13,v13_E002,v13_422,READY
v13,v13_E002,v13_423,READY
v13,v13_E002,v13_424,READY
v13,v13_E002,v13_425,READY
v13,v13_E002,v13_426,READY
v13,v13_E002,v13_427,READY
v13,v13_E002,v13_428,READY
v13,v13_E002,v13_429,READY
v13,v13_E002,v13_430,READY
v13,v13_E002,v13_431,READY
v13,v13_E002,v13_432,READY
v13,v13_E002,v13_433,READY
v13,v13_E002,v13_434,READY
v13,v13_E002,v13_435,READY
v13,v13_E002,v13_436,READY
v13,v13_E002,v13_437,READY
v13,v13_E002,v13_438,READY
v13,v13_E002,v13_439,READY
v13,v13_E002,v13_440,READY
v13,v13_E002,v13_441,READY
v13,v13_E002,v13_442,READY
v13,v13_E002,v13_443,READY
v13,v13_E002,v13_444,READY
v13,v13_E002,v13_445,READY
v13,v13_E002,v13_446,READY
v13,v13_E002,v13_447,READY
v13,v13_E002,v13_448,READY
v13,v13_E002,v13_449,NOT_READY
v13,v13_E002,v13_450,NOT_READY
v13,v13_E002,v13_451,NOT_READY
v13,v13_E002,v13_452,NOT_READY
v13,,v13_453,INVALID
v13,,v13_454,INVALID
v13,,v13_455,INVALID
v13,,v13_456,INVALID
v13,,v13_457,INVALID
v13,,v13_458,INVALID
v13,,v13_459,INVALID
v13,,v13_460,INVALID
v13,,v13_461,INVALID
v13,,v13_462,INVALID
v13,,v13_463,INVALID
v13,,v13_464,INVALID
v13,,v13_465,INVALID
v13,,v13_466,INVALID
v13,,v13_467,INVALID
v13,,v13_468,INVALID
v13,,v13_469,INVALID
v13,,v13_470,INVALID
v13,,v13_471,INVALID
v13,,v13_472,INVALID
v13,,v13_473,INVALID
v13,,v13_474,INVALID
v13,,v13_475,INVALID
v13,,v13_476,INVALID
v13,,v13_477,INVALID
v13,,v13_478,INVALID
v13,,v13_479,INVALID
v13,,v13_480,INVALID
v13,,v13_481,INVALID
v13,,v13_482,INVALID
v13,,v13_483,INVALID
v13,,v13_484,INVALID
v13,,v13_485,INVALID
v13,,v13_486,INVALID
v13,,v13_487,INVALID
v13,,v13_488,INVALID
v13,,v13_489,INVALID
v13,,v13_490,INVALID
v13,,v13_491,INVALID
v13,,v13_492,INVALID
v13,,v13_493,INVALID
v13,,v13_494,INVALID
v13,,v13_495,INVALID
v13,,v13_496,INVALID
v13,,v13_497,INVALID
v13,,v13_498,INVALID
v13,,v13_499,INVALID
v13,,v13_500,INVALID
v13,,v13_501,INVALID
v13,,v13_502,INVALID
v13,,v13_503,INVALID
v13,,v13_504,INVALID
v13,,v13_505,INVALID
v13,,v13_506,INVALID
v13,,v13_507,INVALID
v13,,v13_508,INVALID
v13,,v13_509,INVALID
v13,,v13_510,INVALID
v13,,v13_511,INVALID
v13,,v13_512,INVALID
v13,,v13_513,INVALID
v13,,v13_514,INVALID
v13,,v13_515,INVALID
v13,,v13_516,INVALID
v13,,v13_517,INVALID
v13,,v13_518,INVALID
v13,,v13_519,INVALID
v13,,v13_520,INVALID
v13,,v13_521,INVALID
v13,,v13_522,INVALID
v13,,v13_523,INVALID
v13,,v13_524,INVALID
v13,,v13_525,INVALID
v13,,v13_526,INVALID
v13,v13_E003,v13_527,NOT_READY
v13,v13_E003,v13_528,NOT_READY
v13,v13_E003,v13_529,NOT_READY
v13,v13_E003,v13_530,NOT_READY
v13,v13_E003,v13_531,NOT_READY
v13,v13_E003,v13_532,NOT_READY
v13,v13_E003,v13_533,NOT_READY
v13,v13_E003,v13_534,NOT_READY
v13,v13_E003,v13_535,NOT_READY
v13,v13_E003,v13_536,NOT_READY
v13,v13_E003,v13_537,NOT_READY
v13,v13_E003,v13_538,NOT_READY
v13,v13_E003,v13_539,NOT_READY
v13,v13_E003,v13_540,NOT_READY
v13,v13_E003,v13_541,NOT_READY
v13,v13_E003,v13_542,NOT_READY
v13,v13_E003,v13_543,NOT_READY
v14,v14_E001,v14_001,READY
v14,v14_E001,v14_002,READY
v14,v14_E001,v14_003,READY
v14,v14_E001,v14_004,READY
v14,v14_E001,v14_005,READY
v14,v14_E001,v14_006,READY
v14,v14_E001,v14_007,READY
v14,v14_E001,v14_008,READY
v14,v14_E001,v14_009,READY
v14,v14_E001,v14_010,READY
v14,v14_E001,v14_011,READY
v14,v14_E001,v14_012,READY
v14,v14_E001,v14_013,READY
v14,v14_E001,v14_014,READY
v14,v14_E001,v14_015,READY
v14,v14_E001,v14_016,NOT_READY
v14,v14_E001,v14_017,NOT_READY
v14,v14_E001,v14_018,NOT_READY
v14,v14_E001,v14_019,NOT_READY
v14,v14_E001,v14_020,NOT_READY
v14,v14_E001,v14_021,NOT_READY
v14,v14_E001,v14_022,NOT_READY
v14,v14_E001,v14_023,NOT_READY
v14,v14_E001,v14_024,NOT_READY
v14,v14_E001,v14_025,NOT_READY
v14,v14_E001,v14_026,NOT_READY
v14,v14_E001,v14_027,NOT_READY
v14,v14_E001,v14_028,NOT_READY
v14,v14_E001,v14_029,NOT_READY
v14,v14_E001,v14_030,NOT_READY
v14,v14_E001,v14_031,NOT_READY
v14,v14_E001,v14_032,NOT_READY
v14,v14_E001,v14_033,NOT_READY
v14,v14_E001,v14_034,NOT_READY
v14,v14_E001,v14_035,NOT_READY
v14,v14_E001,v14_036,NOT_READY
v14,v14_E001,v14_037,NOT_READY
v14,v14_E001,v14_038,NOT_READY
v14,v14_E001,v14_039,NOT_READY
v14,v14_E001,v14_040,NOT_READY
v14,v14_E001,v14_041,NOT_READY
v14,v14_E001,v14_042,NOT_READY
v14,v14_E001,v14_043,NOT_READY
v14,v14_E001,v14_044,NOT_READY
v14,v14_E001,v14_045,NOT_READY
v14,v14_E001,v14_046,NOT_READY
v14,v14_E001,v14_047,NOT_READY
v14,v14_E001,v14_048,NOT_READY
v14,v14_E001,v14_049,NOT_READY
v14,v14_E001,v14_050,NOT_READY
v14,v14_E001,v14_051,NOT_READY
v14,v14_E001,v14_052,NOT_READY
v14,v14_E001,v14_053,NOT_READY
v14,v14_E001,v14_054,NOT_READY
v14,v14_E001,v14_055,NOT_READY
v14,v14_E001,v14_056,NOT_READY
v14,v14_E001,v14_057,NOT_READY
v14,v14_E001,v14_058,NOT_READY
v14,v14_E001,v14_059,NOT_READY
v14,v14_E001,v14_060,NOT_READY
v14,v14_E001,v14_061,NOT_READY
v14,v14_E001,v14_062,NOT_READY
v14,v14_E001,v14_063,NOT_READY
v14,v14_E001,v14_064,NOT_READY
v14,v14_E001,v14_065,NOT_READY
v14,v14_E001,v14_066,NOT_READY
v14,v14_E001,v14_067,NOT_READY
v14,v14_E001,v14_068,NOT_READY
v14,v14_E001,v14_069,NOT_READY
v14,v14_E001,v14_070,NOT_READY
v14,v14_E001,v14_071,NOT_READY
v14,v14_E001,v14_072,NOT_READY
v14,v14_E001,v14_073,NOT_READY
v14,,v14_074,INVALID
v14,,v14_075,INVALID
v14,,v14_076,INVALID
v14,,v14_077,INVALID
v14,,v14_078,INVALID
v14,,v14_079,INVALID
v14,,v14_080,INVALID
v14,,v14_081,INVALID
v14,,v14_082,INVALID
v14,,v14_083,INVALID
v14,,v14_084,INVALID
v14,,v14_085,INVALID
v14,,v14_086,INVALID
v14,,v14_087,INVALID
v14,,v14_088,INVALID
v14,,v14_089,INVALID
v14,,v14_090,INVALID
v14,,v14_091,INVALID
v14,v14_E002,v14_092,NOT_READY
v14,v14_E002,v14_093,NOT_READY
v14,v14_E002,v14_094,NOT_READY
v14,v14_E002,v14_095,NOT_READY
v14,v14_E002,v14_096,NOT_READY
v14,v14_E002,v14_097,NOT_READY
v14,v14_E002,v14_098,NOT_READY
v14,v14_E002,v14_099,NOT_READY
v14,v14_E002,v14_100,NOT_READY
v14,v14_E002,v14_101,NOT_READY
v14,v14_E002,v14_102,READY
v14,v14_E002,v14_103,READY
v14,v14_E002,v14_104,READY
v14,v14_E002,v14_105,READY
v14,v14_E002,v14_106,READY
v14,v14_E002,v14_107,READY
v14,v14_E002,v14_108,READY
v14,v14_E002,v14_109,READY
v14,v14_E002,v14_110,READY
v14,v14_E002,v14_111,READY
v14,v14_E002,v14_112,READY
v14,v14_E002,v14_113,READY
v14,v14_E002,v14_114,READY
v14,v14_E002,v14_115,READY
v14,v14_E002,v14_116,READY
v14,v14_E002,v14_117,READY
v14,v14_E002,v14_118,READY
v14,v14_E002,v14_119,READY
v14,v14_E002,v14_120,NOT_READY
v14,v14_E002,v14_121,NOT_READY
v14,v14_E002,v14_122,NOT_READY
v14,v14_E002,v14_123,NOT_READY
v14,v14_E002,v14_124,NOT_READY
v14,v14_E002,v14_125,NOT_READY
v14,v14_E002,v14_126,NOT_READY
v14,v14_E002,v14_127,NOT_READY
v14,v14_E002,v14_128,NOT_READY
v14,v14_E002,v14_129,NOT_READY
v14,v14_E002,v14_130,NOT_READY
v14,v14_E002,v14_131,NOT_READY
v14,v14_E002,v14_132,NOT_READY
v14,v14_E002,v14_133,NOT_READY
v14,v14_E002,v14_134,NOT_READY
v14,v14_E002,v14_135,NOT_READY
v14,v14_E002,v14_136,NOT_READY
v14,v14_E002,v14_137,NOT_READY
v14,v14_E002,v14_138,NOT_READY
v14,v14_E002,v14_139,NOT_READY
v14,v14_E002,v14_140,NOT_READY
v14,v14_E002,v14_141,NOT_READY
v14,v14_E002,v14_142,NOT_READY
v14,v14_E002,v14_143,NOT_READY
v14,v14_E002,v14_144,NOT_READY
v14,v14_E002,v14_145,NOT_READY
v14,v14_E002,v14_146,NOT_READY
v14,v14_E002,v14_147,NOT_READY
v14,v14_E002,v14_148,NOT_READY
v14,v14_E002,v14_149,NOT_READY
v14,v14_E002,v14_150,NOT_READY
v14,v14_E002,v14_151,NOT_READY
v14,v14_E002,v14_152,NOT_READY
v14,v14_E002,v14_153,NOT_READY
v14,v14_E002,v14_154,NOT_READY
v14,v14_E002,v14_155,NOT_READY
v14,v14_E002,v14_156,NOT_READY
v14,v14_E002,v14_157,NOT_READY
v14,v14_E002,v14_158,NOT_READY
v14,v14_E002,v14_159,NOT_READY
v14,v14_E002,v14_160,NOT_READY
v14,v14_E002,v14_161,NOT_READY
v14,v14_E002,v14_162,NOT_READY
v14,v14_E002,v14_163,NOT_READY
v14,v14_E002,v14_164,NOT_READY
v14,v14_E002,v14_165,NOT_READY
v14,v14_E002,v14_166,NOT_READY
v14,v14_E002,v14_167,NOT_READY
v14,v14_E002,v14_168,NOT_READY
v14,v14_E002,v14_169,NOT_READY
v14,v14_E002,v14_170,NOT_READY
v14,v14_E002,v14_171,NOT_READY
v14,v14_E002,v14_172,NOT_READY
v14,v14_E002,v14_173,NOT_READY
v14,v14_E002,v14_174,NOT_READY
v14,v14_E002,v14_175,NOT_READY
v14,v14_E002,v14_176,NOT_READY
v14,v14_E002,v14_177,NOT_READY
v14,v14_E002,v14_178,NOT_READY
v14,v14_E002,v14_179,NOT_READY
v14,v14_E002,v14_180,NOT_READY
v14,v14_E002,v14_181,NOT_READY
v14,v14_E002,v14_182,NOT_READY
v14,v14_E002,v14_183,NOT_READY
v14,v14_E002,v14_184,NOT_READY
v14,v14_E002,v14_185,NOT_READY
v14,v14_E002,v14_186,NOT_READY
v14,v14_E002,v14_187,NOT_READY
v14,v14_E002,v14_188,NOT_READY
v14,v14_E002,v14_189,NOT_READY
v14,v14_E002,v14_190,NOT_READY
v14,v14_E002,v14_191,NOT_READY
v14,,v14_192,INVALID
v14,,v14_193,INVALID
v14,,v14_194,INVALID
v14,,v14_195,INVALID
v14,,v14_196,INVALID
v14,,v14_197,INVALID
v14,,v14_198,INVALID
v14,,v14_199,INVALID
v14,,v14_200,INVALID
v14,,v14_201,INVALID
v14,,v14_202,INVALID
v14,,v14_203,INVALID
v14,,v14_204,INVALID
v14,,v14_205,INVALID
v14,v14_E003,v14_206,NOT_READY
v14,v14_E003,v14_207,NOT_READY
v14,v14_E003,v14_208,NOT_READY
v14,v14_E003,v14_209,NOT_READY
v14,v14_E003,v14_210,NOT_READY
v14,v14_E003,v14_211,NOT_READY
v14,v14_E003,v14_212,READY
v14,v14_E003,v14_213,READY
v14,v14_E003,v14_214,READY
v14,v14_E003,v14_215,READY
v14,v14_E003,v14_216,READY
v14,v14_E003,v14_217,READY
v14,v14_E003,v14_218,READY
v14,v14_E003,v14_219,NOT_READY
v14,v14_E003,v14_220,NOT_READY
v14,v14_E003,v14_221,NOT_READY
v14,v14_E003,v14_222,NOT_READY
v14,v14_E003,v14_223,NOT_READY
v14,v14_E003,v14_224,NOT_READY
v14,v14_E003,v14_225,NOT_READY
v14,v14_E003,v14_226,NOT_READY
v14,v14_E003,v14_227,NOT_READY
v14,v14_E003,v14_228,NOT_READY
v14,v14_E003,v14_229,NOT_READY
v14,v14_E003,v14_230,NOT_READY
v14,v14_E003,v14_231,NOT_READY
v14,v14_E003,v14_232,NOT_READY
v14,v14_E003,v14_233,NOT_READY
v14,v14_E003,v14_234,NOT_READY
v14,v14_E003,v14_235,NOT_READY
v14,v14_E003,v14_236,NOT_READY
v14,v14_E003,v14_237,NOT_READY
v14,v14_E003,v14_238,NOT_READY
v14,v14_E003,v14_239,NOT_READY
v14,v14_E003,v14_240,NOT_READY
v14,v14_E003,v14_241,NOT_READY
v14,v14_E003,v14_242,NOT_READY
v14,v14_E003,v14_243,NOT_READY
v14,v14_E003,v14_244,NOT_READY
v14,v14_E003,v14_245,NOT_READY
v14,v14_E003,v14_246,NOT_READY
v14,v14_E003,v14_247,NOT_READY
v14,v14_E003,v14_248,NOT_READY
v14,v14_E003,v14_249,NOT_READY
v14,v14_E003,v14_250,NOT_READY
v14,v14_E003,v14_251,NOT_READY
v14,v14_E003,v14_252,NOT_READY
v14,v14_E003,v14_253,NOT_READY
v14,v14_E003,v14_254,NOT_READY
v14,v14_E003,v14_255,NOT_READY
v14,v14_E003,v14_256,NOT_READY
v14,v14_E003,v14_257,NOT_READY
v14,v14_E003,v14_258,NOT_READY
v14,v14_E003,v14_259,NOT_READY
v14,v14_E003,v14_260,NOT_READY
v14,v14_E003,v14_261,NOT_READY
v14,v14_E003,v14_262,NOT_READY
v14,v14_E003,v14_263,NOT_READY
v14,v14_E003,v14_264,NOT_READY
v14,v14_E003,v14_265,NOT_READY
v14,v14_E003,v14_266,NOT_READY
v14,v14_E003,v14_267,NOT_READY
v14,,v14_268,INVALID
v14,,v14_269,INVALID
v14,,v14_270,INVALID
v14,,v14_271,INVALID
v14,,v14_272,INVALID
v14,,v14_273,INVALID
v14,,v14_274,INVALID
v14,,v14_275,INVALID
v14,,v14_276,INVALID
v14,,v14_277,INVALID
v14,,v14_278,INVALID
v14,,v14_279,INVALID
v14,,v14_280,INVALID
v14,,v14_281,INVALID
v14,,v14_282,INVALID
v14,,v14_283,INVALID
v14,v14_E004,v14_284,NOT_READY
v14,v14_E004,v14_285,NOT_READY
v14,v14_E004,v14_286,NOT_READY
v14,v14_E004,v14_287,NOT_READY
v14,v14_E004,v14_288,READY
v14,v14_E004,v14_289,READY
v14,v14_E004,v14_290,READY
v14,v14_E004,v14_291,READY
v14,v14_E004,v14_292,READY
v14,v14_E004,v14_293,READY
v14,v14_E004,v14_294,READY
v14,v14_E004,v14_295,READY
v14,v14_E004,v14_296,NOT_READY
v14,v14_E004,v14_297,NOT_READY
v14,v14_E004,v14_298,NOT_READY
v14,v14_E004,v14_299,NOT_READY
v14,v14_E004,v14_300,NOT_READY
v14,v14_E004,v14_301,NOT_READY
v14,v14_E004,v14_302,NOT_READY
v14,v14_E004,v14_303,NOT_READY
v14,v14_E004,v14_304,NOT_READY
v14,v14_E004,v14_305,NOT_READY
v14,v14_E004,v14_306,NOT_READY
v14,v14_E004,v14_307,NOT_READY
v14,v14_E004,v14_308,NOT_READY
v14,v14_E004,v14_309,NOT_READY
v14,v14_E004,v14_310,NOT_READY
v14,v14_E004,v14_311,NOT_READY
v14,v14_E004,v14_312,NOT_READY
v14,v14_E004,v14_313,NOT_READY
v14,v14_E004,v14_314,NOT_READY
v14,v14_E004,v14_315,NOT_READY
v14,v14_E004,v14_316,NOT_READY
v14,v14_E004,v14_317,NOT_READY
v14,v14_E004,v14_318,NOT_READY
v14,v14_E004,v14_319,NOT_READY
v14,v14_E004,v14_320,NOT_READY
v14,v14_E004,v14_321,NOT_READY
v14,v14_E004,v14_322,NOT_READY
v14,v14_E004,v14_323,NOT_READY
v14,v14_E004,v14_324,NOT_READY
v14,v14_E004,v14_325,NOT_READY
v14,v14_E004,v14_326,NOT_READY
v14,v14_E004,v14_327,NOT_READY
v14,v14_E004,v14_328,NOT_READY
v14,v14_E004,v14_329,NOT_READY
v14,v14_E004,v14_330,NOT_READY
v14,v14_E004,v14_331,NOT_READY
v14,v14_E004,v14_332,NOT_READY
v14,v14_E004,v14_333,NOT_READY
v14,v14_E004,v14_334,NOT_READY
v14,v14_E004,v14_335,NOT_READY
v14,v14_E004,v14_336,NOT_READY
v14,v14_E004,v14_337,NOT_READY
v14,v14_E004,v14_338,NOT_READY
v14,v14_E004,v14_339,NOT_READY
v14,v14_E004,v14_340,NOT_READY
v14,v14_E004,v14_341,NOT_READY
v14,v14_E004,v14_342,NOT_READY
v14,v14_E004,v14_343,NOT_READY
v14,v14_E004,v14_344,NOT_READY
v14,v14_E004,v14_345,NOT_READY
v14,v14_E004,v14_346,NOT_READY
v14,v14_E004,v14_347,NOT_READY
v14,v14_E004,v14_348,NOT_READY
v14,v14_E004,v14_349,NOT_READY
v14,v14_E004,v14_350,NOT_READY
v14,v14_E004,v14_351,NOT_READY
v14,v14_E004,v14_352,NOT_READY
v14,v14_E004,v14_353,NOT_READY
v14,v14_E004,v14_354,NOT_READY
v14,v14_E004,v14_355,NOT_READY
v14,v14_E004,v14_356,NOT_READY
v14,v14_E004,v14_357,NOT_READY
v14,v14_E004,v14_358,NOT_READY
v14,v14_E004,v14_359,NOT_READY
v14,v14_E004,v14_360,NOT_READY
v14,v14_E004,v14_361,NOT_READY
v14,v14_E004,v14_362,NOT_READY
v14,v14_E004,v14_363,NOT_READY
v14,v14_E004,v14_364,NOT_READY
v14,v14_E004,v14_365,NOT_READY
v14,,v14_366,INVALID
v14,,v14_367,INVALID
v14,,v14_368,INVALID
v14,,v14_369,INVALID
v14,,v14_370,INVALID
v14,,v14_371,INVALID
v14,,v14_372,INVALID
v14,,v14_373,INVALID
v14,,v14_374,INVALID
v14,,v14_375,INVALID
v14,,v14_376,INVALID
v14,,v14_377,INVALID
v14,,v14_378,INVALID
v14,,v14_379,INVALID
v14,,v14_380,INVALID
v14,,v14_381,INVALID
v14,,v14_382,INVALID
v14,v14_E005,v14_383,NOT_READY
v14,v14_E005,v14_384,NOT_READY
v14,v14_E005,v14_385,NOT_READY
v14,v14_E005,v14_386,NOT_READY
v14,v14_E005,v14_387,NOT_READY
v14,v14_E005,v14_388,READY
v14,v14_E005,v14_389,READY
v14,v14_E005,v14_390,READY
v14,v14_E005,v14_391,READY
v14,v14_E005,v14_392,READY
v14,v14_E005,v14_393,READY
v14,v14_E005,v14_394,READY
v14,v14_E005,v14_395,READY
v14,v14_E005,v14_396,READY
v14,v14_E005,v14_397,READY
v14,v14_E005,v14_398,READY
v14,v14_E005,v14_399,READY
v14,v14_E005,v14_400,READY
v14,v14_E005,v14_401,NOT_READY
v14,v14_E005,v14_402,NOT_READY
v14,v14_E005,v14_403,NOT_READY
v14,v14_E005,v14_404,NOT_READY
v14,v14_E005,v14_405,NOT_READY
v14,v14_E005,v14_406,NOT_READY
v14,v14_E005,v14_407,NOT_READY
v14,v14_E005,v14_408,NOT_READY
v14,v14_E005,v14_409,NOT_READY
v14,v14_E005,v14_410,NOT_READY
v14,v14_E005,v14_411,NOT_READY
v14,v14_E005,v14_412,NOT_READY
v14,v14_E005,v14_413,NOT_READY
v14,v14_E005,v14_414,NOT_READY
v14,v14_E005,v14_415,NOT_READY
v14,v14_E005,v14_416,NOT_READY
v14,v14_E005,v14_417,NOT_READY
v14,v14_E005,v14_418,NOT_READY
v14,v14_E005,v14_419,NOT_READY
v14,v14_E005,v14_420,NOT_READY
v14,v14_E005,v14_421,NOT_READY
v14,v14_E005,v14_422,NOT_READY
v14,v14_E005,v14_423,NOT_READY
v14,v14_E005,v14_424,NOT_READY
v14,v14_E005,v14_425,NOT_READY
v14,v14_E005,v14_426,NOT_READY
v14,v14_E005,v14_427,NOT_READY
v14,v14_E005,v14_428,NOT_READY
v14,v14_E005,v14_429,NOT_READY
v14,v14_E005,v14_430,NOT_READY
v14,v14_E005,v14_431,NOT_READY
v14,v14_E005,v14_432,NOT_READY
v14,v14_E005,v14_433,NOT_READY
v14,v14_E005,v14_434,NOT_READY
v14,v14_E005,v14_435,NOT_READY
v14,v14_E005,v14_436,NOT_READY
v14,v14_E005,v14_437,NOT_READY
v14,v14_E005,v14_438,NOT_READY
v14,v14_E005,v14_439,NOT_READY
v14,v14_E005,v14_440,NOT_READY
v14,v14_E005,v14_441,NOT_READY
v14,v14_E005,v14_442,NOT_READY
v14,v14_E005,v14_443,NOT_READY
v14,v14_E005,v14_444,NOT_READY
v14,v14_E005,v14_445,NOT_READY
v14,v14_E005,v14_446,NOT_READY
v14,v14_E005,v14_447,NOT_READY
v14,v14_E005,v14_448,NOT_READY
v14,v14_E005,v14_449,NOT_READY
v14,v14_E005,v14_450,NOT_READY
v14,v14_E005,v14_451,NOT_READY
v14,v14_E005,v14_452,NOT_READY
v14,v14_E005,v14_453,NOT_READY
v14,v14_E005,v14_454,NOT_READY
v14,v14_E005,v14_455,NOT_READY
v14,v14_E005,v14_456,NOT_READY
v14,v14_E005,v14_457,NOT_READY
v14,v14_E005,v14_458,NOT_READY
v14,v14_E005,v14_459,NOT_READY
v14,v14_E005,v14_460,NOT_READY
v14,v14_E005,v14_461,NOT_READY
v14,v14_E005,v14_462,NOT_READY
v14,v14_E005,v14_463,NOT_READY
v14,v14_E005,v14_464,NOT_READY
v14,v14_E005,v14_465,NOT_READY
v14,v14_E005,v14_466,NOT_READY
v14,v14_E005,v14_467,NOT_READY
v14,v14_E005,v14_468,NOT_READY
v14,v14_E005,v14_469,NOT_READY
v14,v14_E005,v14_470,NOT_READY
v14,v14_E005,v14_471,NOT_READY
v14,v14_E005,v14_472,NOT_READY
v14,v14_E005,v14_473,NOT_READY
v14,v14_E005,v14_474,NOT_READY
v14,v14_E005,v14_475,NOT_READY
v14,v14_E005,v14_476,NOT_READY
v14,,v14_477,INVALID
v14,,v14_478,INVALID
v14,,v14_479,INVALID
v14,,v14_480,INVALID
v14,,v14_481,INVALID
v14,,v14_482,INVALID
v14,,v14_483,INVALID
v14,,v14_484,INVALID
v14,,v14_485,INVALID
v14,,v14_486,INVALID
v14,,v14_487,INVALID
v14,,v14_488,INVALID
v14,,v14_489,INVALID
v14,,v14_490,INVALID
v14,,v14_491,INVALID
v14,,v14_492,INVALID
v14,,v14_493,INVALID
v14,,v14_494,INVALID
v14,,v14_495,INVALID
v14,v14_E006,v14_496,NOT_READY
v14,v14_E006,v14_497,NOT_READY
v14,v14_E006,v14_498,NOT_READY
v14,v14_E006,v14_499,NOT_READY
v14,v14_E006,v14_500,NOT_READY
v14,v14_E006,v14_501,NOT_READY
v14,v14_E006,v14_502,NOT_READY
v14,v14_E006,v14_503,NOT_READY
v14,v14_E006,v14_504,READY
v14,v14_E006,v14_505,READY
v14,v14_E006,v14_506,READY
v14,v14_E006,v14_507,READY
v14,v14_E006,v14_508,READY
v14,v14_E006,v14_509,READY
v14,v14_E006,v14_510,NOT_READY
v14,v14_E006,v14_511,NOT_READY
v14,v14_E006,v14_512,NOT_READY
v14,v14_E006,v14_513,NOT_READY
v14,v14_E006,v14_514,NOT_READY
v14,v14_E006,v14_515,NOT_READY
v14,v14_E006,v14_516,NOT_READY
v14,v14_E006,v14_517,NOT_READY
v14,v14_E006,v14_518,NOT_READY
v14,v14_E006,v14_519,NOT_READY
v14,v14_E006,v14_520,NOT_READY
v14,v14_E006,v14_521,NOT_READY
v14,v14_E006,v14_522,NOT_READY
v14,v14_E006,v14_523,NOT_READY
v14,v14_E006,v14_524,NOT_READY
v14,v14_E006,v14_525,NOT_READY
v14,v14_E006,v14_526,NOT_READY
v14,v14_E006,v14_527,NOT_READY
v14,v14_E006,v14_528,NOT_READY
v14,v14_E006,v14_529,NOT_READY
v14,v14_E006,v14_530,NOT_READY
v14,v14_E006,v14_531,NOT_READY
v14,v14_E006,v14_532,NOT_READY
v14,v14_E006,v14_533,NOT_READY
v14,v14_E006,v14_534,NOT_READY
v14,v14_E006,v14_535,NOT_READY
v14,v14_E006,v14_536,NOT_READY
v14,v14_E006,v14_537,NOT_READY
v14,v14_E006,v14_538,NOT_READY
v14,v14_E006,v14_539,NOT_READY
v14,v14_E006,v14_540,NOT_READY
v14,v14_E006,v14_541,NOT_READY
v14,v14_E006,v14_542,NOT_READY
v14,v14_E006,v14_543,NOT_READY
v14,v14_E006,v14_544,NOT_READY
v14,v14_E006,v14_545,NOT_READY
v14,v14_E006,v14_546,NOT_READY
v14,v14_E006,v14_547,NOT_READY
v14,v14_E006,v14_548,NOT_READY
v14,v14_E006,v14_549,NOT_READY
v14,v14_E006,v14_550,NOT_READY
v14,v14_E006,v14_551,NOT_READY
v14,v14_E006,v14_552,NOT_READY
v14,v14_E006,v14_553,NOT_READY
v14,v14_E006,v14_554,NOT_READY
v14,v14_E006,v14_555,NOT_READY
v14,v14_E006,v14_556,NOT_READY
v14,v14_E006,v14_557,NOT_READY
v14,v14_E006,v14_558,NOT_READY
v14,v14_E006,v14_559,NOT_READY
v14,v14_E006,v14_560,NOT_READY
v14,v14_E006,v14_561,NOT_READY
v14,v14_E006,v14_562,NOT_READY
v14,v14_E006,v14_563,NOT_READY
v14,v14_E006,v14_564,NOT_READY
v14,v14_E006,v14_565,NOT_READY
v14,v14_E006,v14_566,NOT_READY
v14,v14_E006,v14_567,NOT_READY
v14,v14_E006,v14_568,NOT_READY
v14,v14_E006,v14_569,NOT_READY
v14,v14_E006,v14_570,NOT_READY
v14,v14_E006,v14_571,NOT_READY
v14,v14_E006,v14_572,NOT_READY
v14,v14_E006,v14_573,NOT_READY
v14,v14_E006,v14_574,NOT_READY
v14,v14_E006,v14_575,NOT_READY
v14,,v14_576,INVALID
v14,,v14_577,INVALID
v14,,v14_578,INVALID
v14,,v14_579,INVALID
v14,,v14_580,INVALID
v14,,v14_581,INVALID
v14,,v14_582,INVALID
v14,,v14_583,INVALID
v14,,v14_584,INVALID
v14,,v14_585,INVALID
v14,,v14_586,INVALID
v14,,v14_587,INVALID
v14,,v14_588,INVALID
v14,,v14_589,INVALID
v14,,v14_590,INVALID
v14,,v14_591,INVALID
v14,,v14_592,INVALID
v14,v14_E007,v14_593,NOT_READY
v14,v14_E007,v14_594,NOT_READY
v14,v14_E007,v14_595,NOT_READY
v14,v14_E007,v14_596,NOT_READY
v14,v14_E007,v14_597,NOT_READY
v14,v14_E007,v14_598,NOT_READY
v14,v14_E007,v14_599,NOT_READY
v14,v14_E007,v14_600,NOT_READY
v14,v14_E007,v14_601,NOT_READY
v14,v14_E007,v14_602,NOT_READY
v14,v14_E007,v14_603,NOT_READY
v14,v14_E007,v14_604,NOT_READY
v14,v14_E007,v14_605,NOT_READY
v14,v14_E007,v14_606,NOT_READY
v14,v14_E007,v14_607,NOT_READY
v14,v14_E007,v14_608,READY
v14,v14_E007,v14_609,READY
v14,v14_E007,v14_610,READY
v14,v14_E007,v14_611,READY
v14,v14_E007,v14_612,READY
v14,v14_E007,v14_613,READY
v14,v14_E007,v14_614,READY
v14,v14_E007,v14_615,READY
v14,v14_E007,v14_616,READY
v14,v14_E007,v14_617,READY
v14,v14_E007,v14_618,READY
v14,v14_E007,v14_619,READY
v14,v14_E007,v14_620,NOT_READY
v14,v14_E007,v14_621,NOT_READY
v14,v14_E007,v14_622,NOT_READY
v14,v14_E007,v14_623,NOT_READY
v14,v14_E007,v14_624,NOT_READY
v14,v14_E007,v14_625,NOT_READY
v14,v14_E007,v14_626,NOT_READY
v14,v14_E007,v14_627,NOT_READY
v14,v14_E007,v14_628,NOT_READY
v14,v14_E007,v14_629,NOT_READY
v14,v14_E007,v14_630,NOT_READY
v14,v14_E007,v14_631,NOT_READY
v14,v14_E007,v14_632,NOT_READY
v14,v14_E007,v14_633,NOT_READY
v14,v14_E007,v14_634,NOT_READY
v14,v14_E007,v14_635,NOT_READY
v14,v14_E007,v14_636,NOT_READY
v14,v14_E007,v14_637,NOT_READY
v14,v14_E007,v14_638,NOT_READY
v14,v14_E007,v14_639,NOT_READY
v14,v14_E007,v14_640,NOT_READY
v14,v14_E007,v14_641,NOT_READY
v14,v14_E007,v14_642,NOT_READY
v14,v14_E007,v14_643,NOT_READY
v14,v14_E007,v14_644,NOT_READY
v14,v14_E007,v14_645,NOT_READY
v14,v14_E007,v14_646,NOT_READY
v14,v14_E007,v14_647,NOT_READY
v14,v14_E007,v14_648,NOT_READY
v14,v14_E007,v14_649,NOT_READY
v14,v14_E007,v14_650,NOT_READY
v14,v14_E007,v14_651,NOT_READY
v14,v14_E007,v14_652,NOT_READY
v14,v14_E007,v14_653,NOT_READY
v14,v14_E007,v14_654,NOT_READY
v14,v14_E007,v14_655,NOT_READY
v14,v14_E007,v14_656,NOT_READY
v14,v14_E007,v14_657,NOT_READY
v14,v14_E007,v14_658,NOT_READY
v14,v14_E007,v14_659,NOT_READY
v14,v14_E007,v14_660,NOT_READY
v14,v14_E007,v14_661,NOT_READY
v14,v14_E007,v14_662,NOT_READY
v14,v14_E007,v14_663,NOT_READY
v14,v14_E007,v14_664,NOT_READY
v14,v14_E007,v14_665,NOT_READY
v14,v14_E007,v14_666,NOT_READY
v14,v14_E007,v14_667,NOT_READY
v14,v14_E007,v14_668,NOT_READY
v14,v14_E007,v14_669,NOT_READY
v14,v14_E007,v14_670,NOT_READY
v14,v14_E007,v14_671,NOT_READY
v14,v14_E007,v14_672,NOT_READY
v14,v14_E007,v14_673,NOT_READY
v14,v14_E007,v14_674,NOT_READY
v14,v14_E007,v14_675,NOT_READY
v14,v14_E007,v14_676,NOT_READY
v14,v14_E007,v14_677,NOT_READY
v14,v14_E007,v14_678,NOT_READY
v14,v14_E007,v14_679,NOT_READY
v14,v14_E007,v14_680,NOT_READY
v14,v14_E007,v14_681,NOT_READY
v14,v14_E007,v14_682,NOT_READY
v14,v14_E007,v14_683,NOT_READY
v14,v14_E007,v14_684,NOT_READY
v14,v14_E007,v14_685,NOT_READY
v14,v14_E007,v14_686,NOT_READY
v14,v14_E007,v14_687,NOT_READY
v14,v14_E007,v14_688,NOT_READY
v14,v14_E007,v14_689,NOT_READY
v14,v14_E007,v14_690,NOT_READY
v14,v14_E007,v14_691,NOT_READY
v14,v14_E007,v14_692,NOT_READY
v14,v14_E007,v14_693,NOT_READY
v14,v14_E007,v14_694,NOT_READY
v14,v14_E007,v14_695,NOT_READY
v14,v14_E007,v14_696,NOT_READY
v14,v14_E007,v14_697,NOT_READY
v14,v14_E007,v14_698,NOT_READY
v14,v14_E007,v14_699,NOT_READY
v14,v14_E007,v14_700,NOT_READY
v14,v14_E007,v14_701,NOT_READY
v14,v14_E007,v14_702,NOT_READY
v14,v14_E007,v14_703,NOT_READY
v14,v14_E007,v14_704,NOT_READY
v14,v14_E007,v14_705,NOT_READY
v14,v14_E007,v14_706,NOT_READY
v14,v14_E007,v14_707,NOT_READY
v14,v14_E007,v14_708,NOT_READY
v14,v14_E007,v14_709,NOT_READY
v14,v14_E007,v14_710,NOT_READY
v14,v14_E007,v14_711,NOT_READY
v14,v14_E007,v14_712,NOT_READY
v14,v14_E007,v14_713,NOT_READY
v14,v14_E007,v14_714,NOT_READY
v14,v14_E007,v14_715,NOT_READY
v14,v14_E007,v14_716,NOT_READY
v14,v14_E007,v14_717,NOT_READY
v14,v14_E007,v14_718,NOT_READY
v14,v14_E007,v14_719,NOT_READY
v14,v14_E007,v14_720,NOT_READY
v14,v14_E007,v14_721,NOT_READY
v14,v14_E007,v14_722,NOT_READY
v14,v14_E007,v14_723,NOT_READY
v14,v14_E007,v14_724,NOT_READY
v14,v14_E007,v14_725,NOT_READY
v14,,v14_726,INVALID
v14,,v14_727,INVALID
v14,,v14_728,INVALID
v14,,v14_729,INVALID
v14,,v14_730,INVALID
v14,,v14_731,INVALID
v14,,v14_732,INVALID
v14,,v14_733,INVALID
v14,,v14_734,INVALID
v14,,v14_735,INVALID
v14,,v14_736,INVALID
v14,,v14_737,INVALID
v14,,v14_738,INVALID
v14,,v14_739,INVALID
v14,v14_E008,v14_740,NOT_READY
v14,v14_E008,v14_741,NOT_READY
v14,v14_E008,v14_742,NOT_READY
v14,v14_E008,v14_743,NOT_READY
v14,v14_E008,v14_744,NOT_READY
v14,v14_E008,v14_745,NOT_READY
v14,v14_E008,v14_746,NOT_READY
v14,v14_E008,v14_747,NOT_READY
v14,v14_E008,v14_748,NOT_READY
v14,v14_E008,v14_749,NOT_READY
v14,v14_E008,v14_750,NOT_READY
v14,v14_E008,v14_751,NOT_READY
v14,v14_E008,v14_752,NOT_READY
v14,v14_E008,v14_753,READY
v14,v14_E008,v14_754,NOT_READY
v14,v14_E008,v14_755,NOT_READY
v14,v14_E008,v14_756,NOT_READY
v14,v14_E008,v14_757,NOT_READY
v14,v14_E008,v14_758,NOT_READY
v14,v14_E008,v14_759,NOT_READY
v14,v14_E008,v14_760,NOT_READY
v14,v14_E008,v14_761,NOT_READY
v14,v14_E008,v14_762,NOT_READY
v14,v14_E008,v14_763,NOT_READY
v14,v14_E008,v14_764,NOT_READY
v14,v14_E008,v14_765,NOT_READY
v14,v14_E008,v14_766,NOT_READY
v14,v14_E008,v14_767,NOT_READY
v14,v14_E008,v14_768,NOT_READY
v14,v14_E008,v14_769,NOT_READY
v14,v14_E008,v14_770,NOT_READY
v14,v14_E008,v14_771,NOT_READY
v14,v14_E008,v14_772,NOT_READY
v14,v14_E008,v14_773,NOT_READY
v14,v14_E008,v14_774,NOT_READY
v14,v14_E008,v14_775,NOT_READY
v14,v14_E008,v14_776,NOT_READY
v14,v14_E008,v14_777,NOT_READY
v14,v14_E008,v14_778,NOT_READY
v14,v14_E008,v14_779,NOT_READY
v14,v14_E008,v14_780,NOT_READY
v14,v14_E008,v14_781,NOT_READY
v14,v14_E008,v14_782,NOT_READY
v14,v14_E008,v14_783,NOT_READY
v14,v14_E008,v14_784,NOT_READY
v14,v14_E008,v14_785,NOT_READY
v14,v14_E008,v14_786,NOT_READY
v14,v14_E008,v14_787,NOT_READY
v14,v14_E008,v14_788,NOT_READY
v14,v14_E008,v14_789,NOT_READY
v14,v14_E008,v14_790,NOT_READY
v14,v14_E008,v14_791,NOT_READY
v14,v14_E008,v14_792,NOT_READY
v14,v14_E008,v14_793,NOT_READY
v14,v14_E008,v14_794,NOT_READY
v14,v14_E008,v14_795,NOT_READY
v14,v14_E008,v14_796,NOT_READY
v14,v14_E008,v14_797,NOT_READY
v14,v14_E008,v14_798,NOT_READY
v14,v14_E008,v14_799,NOT_READY
v14,v14_E008,v14_800,NOT_READY
v14,v14_E008,v14_801,NOT_READY
v14,v14_E008,v14_802,NOT_READY
v14,v14_E008,v14_803,NOT_READY
v14,v14_E008,v14_804,NOT_READY
v14,v14_E008,v14_805,NOT_READY
v14,v14_E008,v14_806,NOT_READY
v14,v14_E008,v14_807,NOT_READY
v14,v14_E008,v14_808,NOT_READY
v14,v14_E008,v14_809,NOT_READY
v14,v14_E008,v14_810,NOT_READY
v14,v14_E008,v14_811,NOT_READY
v14,v14_E008,v14_812,NOT_READY
v14,v14_E008,v14_813,NOT_READY
v14,v14_E008,v14_814,NOT_READY
v14,v14_E008,v14_815,NOT_READY
v14,v14_E008,v14_816,NOT_READY
v14,v14_E008,v14_817,NOT_READY
v14,v14_E008,v14_818,NOT_READY
v14,v14_E008,v14_819,NOT_READY
v14,v14_E008,v14_820,NOT_READY
v14,v14_E008,v14_821,NOT_READY
v14,,v14_822,INVALID
v14,,v14_823,INVALID
v14,,v14_824,INVALID
v14,,v14_825,INVALID
v14,,v14_826,INVALID
v14,,v14_827,INVALID
v14,,v14_828,INVALID
v14,,v14_829,INVALID
v14,,v14_830,INVALID
v14,,v14_831,INVALID
v14,,v14_832,INVALID
v14,,v14_833,INVALID
v14,,v14_834,INVALID
v14,,v14_835,INVALID
v14,v14_E009,v14_836,NOT_READY
v14,v14_E009,v14_837,NOT_READY
v14,v14_E009,v14_838,NOT_READY
v14,v14_E009,v14_839,NOT_READY
v14,v14_E009,v14_840,READY
v14,v14_E009,v14_841,READY
v14,v14_E009,v14_842,READY
v14,v14_E009,v14_843,READY
v14,v14_E009,v14_844,READY
v14,v14_E009,v14_845,READY
v14,v14_E009,v14_846,READY
v14,v14_E009,v14_847,READY
v14,v14_E009,v14_848,READY
v14,v14_E009,v14_849,NOT_READY
v14,v14_E009,v14_850,NOT_READY
v14,v14_E009,v14_851,NOT_READY
v14,v14_E009,v14_852,NOT_READY
v14,v14_E009,v14_853,NOT_READY
v14,v14_E009,v14_854,NOT_READY
v14,v14_E009,v14_855,NOT_READY
v14,v14_E009,v14_856,NOT_READY
v14,v14_E009,v14_857,NOT_READY
v14,v14_E009,v14_858,NOT_READY
v14,v14_E009,v14_859,NOT_READY
v14,v14_E009,v14_860,NOT_READY
v14,v14_E009,v14_861,NOT_READY
v14,v14_E009,v14_862,NOT_READY
v14,v14_E009,v14_863,NOT_READY
v14,v14_E009,v14_864,NOT_READY
v14,v14_E009,v14_865,NOT_READY
v14,v14_E009,v14_866,NOT_READY
v14,v14_E009,v14_867,NOT_READY
v14,v14_E009,v14_868,NOT_READY
v14,v14_E009,v14_869,NOT_READY
v14,v14_E009,v14_870,NOT_READY
v14,v14_E009,v14_871,NOT_READY
v14,v14_E009,v14_872,NOT_READY
v14,v14_E009,v14_873,NOT_READY
v14,v14_E009,v14_874,NOT_READY
v14,v14_E009,v14_875,NOT_READY
v14,v14_E009,v14_876,NOT_READY
v14,v14_E009,v14_877,NOT_READY
v14,v14_E009,v14_878,NOT_READY
v14,v14_E009,v14_879,NOT_READY
v14,v14_E009,v14_880,NOT_READY
v14,v14_E009,v14_881,NOT_READY
v14,v14_E009,v14_882,NOT_READY
v14,v14_E009,v14_883,NOT_READY
v14,v14_E009,v14_884,NOT_READY
v14,v14_E009,v14_885,NOT_READY
v14,v14_E009,v14_886,NOT_READY
v14,v14_E009,v14_887,NOT_READY
v14,v14_E009,v14_888,NOT_READY
v14,v14_E009,v14_889,NOT_READY
v14,v14_E009,v14_890,NOT_READY
v14,v14_E009,v14_891,NOT_READY
v14,v14_E009,v14_892,NOT_READY
v14,v14_E009,v14_893,NOT_READY
v14,v14_E009,v14_894,NOT_READY
v14,v14_E009,v14_895,NOT_READY
v14,v14_E009,v14_896,NOT_READY
v14,v14_E009,v14_897,NOT_READY
v14,v14_E009,v14_898,NOT_READY
v14,v14_E009,v14_899,NOT_READY
v14,v14_E009,v14_900,NOT_READY
v14,v14_E009,v14_901,NOT_READY
v14,v14_E009,v14_902,NOT_READY
v14,v14_E009,v14_903,NOT_READY
v14,v14_E009,v14_904,NOT_READY
v14,v14_E009,v14_905,NOT_READY
v14,v14_E009,v14_906,NOT_READY
v14,v14_E009,v14_907,NOT_READY
v14,v14_E009,v14_908,NOT_READY
v14,v14_E009,v14_909,NOT_READY
v14,v14_E009,v14_910,NOT_READY
v14,,v14_911,INVALID
v14,,v14_912,INVALID
v14,,v14_913,INVALID
v14,,v14_914,INVALID
v14,,v14_915,INVALID
v14,,v14_916,INVALID
v14,,v14_917,INVALID
v14,,v14_918,INVALID
v14,,v14_919,INVALID
v14,,v14_920,INVALID
v14,,v14_921,INVALID
v14,,v14_922,INVALID
v14,,v14_923,INVALID
v14,,v14_924,INVALID
v14,,v14_925,INVALID
v14,,v14_926,INVALID
v14,,v14_927,INVALID
v14,,v14_928,INVALID
v14,,v14_929,INVALID
v14,v14_E010,v14_930,NOT_READY
v14,v14_E010,v14_931,NOT_READY
v14,v14_E010,v14_932,NOT_READY
v14,v14_E010,v14_933,NOT_READY
v14,v14_E010,v14_934,NOT_READY
v14,v14_E010,v14_935,NOT_READY
v14,v14_E010,v14_936,NOT_READY
v14,v14_E010,v14_937,NOT_READY
v14,v14_E010,v14_938,READY
v14,v14_E010,v14_939,READY
v14,v14_E010,v14_940,READY
v14,v14_E010,v14_941,READY
v14,v14_E010,v14_942,READY
v14,v14_E010,v14_943,READY
v14,v14_E010,v14_944,READY
v14,v14_E010,v14_945,READY
v14,v14_E010,v14_946,READY
v14,v14_E010,v14_947,READY
v14,v14_E010,v14_948,READY
v14,v14_E010,v14_949,READY
v14,v14_E010,v14_950,NOT_READY
v14,v14_E010,v14_951,NOT_READY
v14,v14_E010,v14_952,NOT_READY
v14,v14_E010,v14_953,NOT_READY
v14,v14_E010,v14_954,NOT_READY
v14,v14_E010,v14_955,NOT_READY
v14,v14_E010,v14_956,NOT_READY
v14,v14_E010,v14_957,NOT_READY
v14,v14_E010,v14_958,NOT_READY
v14,v14_E010,v14_959,NOT_READY
v14,v14_E010,v14_960,NOT_READY
v14,v14_E010,v14_961,NOT_READY
v14,v14_E010,v14_962,NOT_READY
v14,v14_E010,v14_963,NOT_READY
v14,v14_E010,v14_964,NOT_READY
v14,v14_E010,v14_965,NOT_READY
v14,v14_E010,v14_966,NOT_READY
v14,v14_E010,v14_967,NOT_READY
v14,v14_E010,v14_968,NOT_READY
v14,v14_E010,v14_969,NOT_READY
v14,v14_E010,v14_970,NOT_READY
v14,v14_E010,v14_971,NOT_READY
v14,v14_E010,v14_972,NOT_READY
v14,v14_E010,v14_973,NOT_READY
v14,v14_E010,v14_974,NOT_READY
v14,v14_E010,v14_975,NOT_READY
v14,v14_E010,v14_976,NOT_READY
v14,v14_E010,v14_977,NOT_READY
v14,v14_E010,v14_978,NOT_READY
v14,v14_E010,v14_979,NOT_READY
v14,v14_E010,v14_980,NOT_READY
v14,v14_E010,v14_981,NOT_READY
v14,v14_E010,v14_982,NOT_READY
v14,v14_E010,v14_983,NOT_READY
v14,v14_E010,v14_984,NOT_READY
v14,v14_E010,v14_985,NOT_READY
v14,v14_E010,v14_986,NOT_READY
v14,v14_E010,v14_987,NOT_READY
v14,v14_E010,v14_988,NOT_READY
v14,v14_E010,v14_989,NOT_READY
v14,v14_E010,v14_990,NOT_READY
v14,v14_E010,v14_991,NOT_READY
v14,v14_E010,v14_992,NOT_READY
v14,v14_E010,v14_993,NOT_READY
v14,v14_E010,v14_994,NOT_READY
v14,v14_E010,v14_995,NOT_READY
v14,v14_E010,v14_996,NOT_READY
v14,v14_E010,v14_997,NOT_READY
v14,v14_E010,v14_998,NOT_READY
v14,v14_E010,v14_999,NOT_READY
v14,v14_E010,v14_1000,NOT_READY
v14,v14_E010,v14_1001,NOT_READY
v14,v14_E010,v14_1002,NOT_READY
v14,v14_E010,v14_1003,NOT_READY
v14,v14_E010,v14_1004,NOT_READY
v14,v14_E010,v14_1005,NOT_READY
v14,v14_E010,v14_1006,NOT_READY
v14,v14_E010,v14_1007,NOT_READY
v14,v14_E010,v14_1008,NOT_READY
v14,v14_E010,v14_1009,NOT_READY
v14,v14_E010,v14_1010,NOT_READY
v14,v14_E010,v14_1011,NOT_READY
v14,v14_E010,v14_1012,NOT_READY
v14,v14_E010,v14_1013,NOT_READY
v14,v14_E010,v14_1014,NOT_READY
v14,v14_E010,v14_1015,NOT_READY
v14,v14_E010,v14_1016,NOT_READY
v14,v14_E010,v14_1017,NOT_READY
v14,v14_E010,v14_1018,NOT_READY
v14,v14_E010,v14_1019,NOT_READY
v14,v14_E010,v14_1020,NOT_READY
v14,v14_E010,v14_1021,NOT_READY
v14,v14_E010,v14_1022,NOT_READY
v14,v14_E010,v14_1023,NOT_READY
v14,v14_E010,v14_1024,NOT_READY
v14,,v14_1025,INVALID
v14,,v14_1026,INVALID
v14,,v14_1027,INVALID
v14,,v14_1028,INVALID
v14,,v14_1029,INVALID
v14,,v14_1030,INVALID
v14,,v14_1031,INVALID
v14,,v14_1032,INVALID
v14,,v14_1033,INVALID
v14,,v14_1034,INVALID
v14,,v14_1035,INVALID
v14,,v14_1036,INVALID
v14,,v14_1037,INVALID
v14,,v14_1038,INVALID
v14,,v14_1039,INVALID
v14,v14_E011,v14_1040,NOT_READY
v14,v14_E011,v14_1041,NOT_READY
v14,v14_E011,v14_1042,NOT_READY
v14,v14_E011,v14_1043,NOT_READY
v14,v14_E011,v14_1044,READY
v14,v14_E011,v14_1045,READY
v14,v14_E011,v14_1046,READY
v14,v14_E011,v14_1047,READY
v14,v14_E011,v14_1048,READY
v14,v14_E011,v14_1049,READY
v14,v14_E011,v14_1050,READY
v14,v14_E011,v14_1051,READY
v14,v14_E011,v14_1052,READY
v14,v14_E011,v14_1053,NOT_READY
v14,v14_E011,v14_1054,NOT_READY
v14,v14_E011,v14_1055,NOT_READY
v14,v14_E011,v14_1056,NOT_READY
v14,v14_E011,v14_1057,NOT_READY
v14,v14_E011,v14_1058,NOT_READY
v14,v14_E011,v14_1059,NOT_READY
v14,v14_E011,v14_1060,NOT_READY
v14,v14_E011,v14_1061,NOT_READY
v14,v14_E011,v14_1062,NOT_READY
v14,v14_E011,v14_1063,NOT_READY
v14,v14_E011,v14_1064,NOT_READY
v14,v14_E011,v14_1065,NOT_READY
v14,v14_E011,v14_1066,NOT_READY
v14,v14_E011,v14_1067,NOT_READY
v14,v14_E011,v14_1068,NOT_READY
v14,v14_E011,v14_1069,NOT_READY
v14,v14_E011,v14_1070,NOT_READY
v14,v14_E011,v14_1071,NOT_READY
v14,v14_E011,v14_1072,NOT_READY
v14,v14_E011,v14_1073,NOT_READY
v14,v14_E011,v14_1074,NOT_READY
v14,v14_E011,v14_1075,NOT_READY
v14,v14_E011,v14_1076,NOT_READY
v14,v14_E011,v14_1077,NOT_READY
v14,v14_E011,v14_1078,NOT_READY
v14,v14_E011,v14_1079,NOT_READY
v14,v14_E011,v14_1080,NOT_READY
v14,v14_E011,v14_1081,NOT_READY
v14,v14_E011,v14_1082,NOT_READY
v14,v14_E011,v14_1083,NOT_READY
v14,v14_E011,v14_1084,NOT_READY
v14,v14_E011,v14_1085,NOT_READY
v14,v14_E011,v14_1086,NOT_READY
v14,v14_E011,v14_1087,NOT_READY
v14,v14_E011,v14_1088,NOT_READY
v14,v14_E011,v14_1089,NOT_READY
v14,v14_E011,v14_1090,NOT_READY
v14,v14_E011,v14_1091,NOT_READY
v14,v14_E011,v14_1092,NOT_READY
v14,v14_E011,v14_1093,NOT_READY
v14,v14_E011,v14_1094,NOT_READY
v14,v14_E011,v14_1095,NOT_READY
v14,v14_E011,v14_1096,NOT_READY
v14,v14_E011,v14_1097,NOT_READY
v14,v14_E011,v14_1098,NOT_READY
v14,v14_E011,v14_1099,NOT_READY
v14,v14_E011,v14_1100,NOT_READY
v14,v14_E011,v14_1101,NOT_READY
v14,v14_E011,v14_1102,NOT_READY
v14,v14_E011,v14_1103,NOT_READY
v14,,v14_1104,INVALID
v14,,v14_1105,INVALID
v14,,v14_1106,INVALID
v14,,v14_1107,INVALID
v14,,v14_1108,INVALID
v14,,v14_1109,INVALID
v14,,v14_1110,INVALID
v14,,v14_1111,INVALID
v14,,v14_1112,INVALID
v14,,v14_1113,INVALID
v14,,v14_1114,INVALID
v14,,v14_1115,INVALID
v14,,v14_1116,INVALID
v14,,v14_1117,INVALID
v14,,v14_1118,INVALID
v14,,v14_1119,INVALID
v14,,v14_1120,INVALID
v14,,v14_1121,INVALID
v14,,v14_1122,INVALID
v14,v14_E012,v14_1123,NOT_READY
v14,v14_E012,v14_1124,NOT_READY
v14,v14_E012,v14_1125,NOT_READY
v14,v14_E012,v14_1126,NOT_READY
v14,v14_E012,v14_1127,READY
v14,v14_E012,v14_1128,READY
v14,v14_E012,v14_1129,READY
v14,v14_E012,v14_1130,READY
v14,v14_E012,v14_1131,READY
v14,v14_E012,v14_1132,READY
v14,v14_E012,v14_1133,READY
v14,v14_E012,v14_1134,READY
v14,v14_E012,v14_1135,READY
v14,v14_E012,v14_1136,NOT_READY
v14,v14_E012,v14_1137,NOT_READY
v14,v14_E012,v14_1138,NOT_READY
v14,v14_E012,v14_1139,NOT_READY
v14,v14_E012,v14_1140,NOT_READY
v14,v14_E012,v14_1141,NOT_READY
v14,v14_E012,v14_1142,NOT_READY
v14,v14_E012,v14_1143,NOT_READY
v14,v14_E012,v14_1144,NOT_READY
v14,v14_E012,v14_1145,NOT_READY
v14,v14_E012,v14_1146,NOT_READY
v14,v14_E012,v14_1147,NOT_READY
v14,v14_E012,v14_1148,NOT_READY
v14,v14_E012,v14_1149,NOT_READY
v14,v14_E012,v14_1150,NOT_READY
v14,v14_E012,v14_1151,NOT_READY
v14,v14_E012,v14_1152,NOT_READY
v14,v14_E012,v14_1153,NOT_READY
v14,v14_E012,v14_1154,NOT_READY
v14,v14_E012,v14_1155,NOT_READY
v14,v14_E012,v14_1156,NOT_READY
v14,v14_E012,v14_1157,NOT_READY
v14,v14_E012,v14_1158,NOT_READY
v14,v14_E012,v14_1159,NOT_READY
v14,v14_E012,v14_1160,NOT_READY
v14,v14_E012,v14_1161,NOT_READY
v14,v14_E012,v14_1162,NOT_READY
v14,v14_E012,v14_1163,NOT_READY
v14,v14_E012,v14_1164,NOT_READY
v14,v14_E012,v14_1165,NOT_READY
v14,v14_E012,v14_1166,NOT_READY
v14,v14_E012,v14_1167,NOT_READY
v14,v14_E012,v14_1168,NOT_READY
v14,v14_E012,v14_1169,NOT_READY
v14,v14_E012,v14_1170,NOT_READY
v14,v14_E012,v14_1171,NOT_READY
v14,v14_E012,v14_1172,NOT_READY
v14,v14_E012,v14_1173,NOT_READY
v14,v14_E012,v14_1174,NOT_READY
v14,v14_E012,v14_1175,NOT_READY
v14,v14_E012,v14_1176,NOT_READY
v14,v14_E012,v14_1177,NOT_READY
v14,v14_E012,v14_1178,NOT_READY
v14,v14_E012,v14_1179,NOT_READY
v14,v14_E012,v14_1180,NOT_READY
v14,v14_E012,v14_1181,NOT_READY
v14,v14_E012,v14_1182,NOT_READY
v14,v14_E012,v14_1183,NOT_READY
v14,v14_E012,v14_1184,NOT_READY
v14,v14_E012,v14_1185,NOT_READY
v14,v14_E012,v14_1186,NOT_READY
v14,v14_E012,v14_1187,NOT_READY
v14,v14_E012,v14_1188,NOT_READY
v14,v14_E012,v14_1189,NOT_READY
v14,v14_E012,v14_1190,NOT_READY
v14,v14_E012,v14_1191,NOT_READY
v14,v14_E012,v14_1192,NOT_READY
v14,v14_E012,v14_1193,NOT_READY
v14,v14_E012,v14_1194,NOT_READY
v14,v14_E012,v14_1195,NOT_READY
v14,v14_E012,v14_1196,NOT_READY
v14,,v14_1197,INVALID
v14,,v14_1198,INVALID
v14,,v14_1199,INVALID
v14,,v14_1200,INVALID
v14,,v14_1201,INVALID
v14,,v14_1202,INVALID
v14,,v14_1203,INVALID
v14,,v14_1204,INVALID
v14,,v14_1205,INVALID
v14,,v14_1206,INVALID
v14,,v14_1207,INVALID
v14,,v14_1208,INVALID
v14,,v14_1209,INVALID
v14,v14_E013,v14_1210,NOT_READY
v14,v14_E013,v14_1211,NOT_READY
v14,v14_E013,v14_1212,NOT_READY
v14,v14_E013,v14_1213,NOT_READY
v14,v14_E013,v14_1214,NOT_READY
v14,v14_E013,v14_1215,NOT_READY
v14,v14_E013,v14_1216,NOT_READY
v14,v14_E013,v14_1217,NOT_READY
v14,v14_E013,v14_1218,READY
v14,v14_E013,v14_1219,READY
v14,v14_E013,v14_1220,READY
v14,v14_E013,v14_1221,READY
v14,v14_E013,v14_1222,READY
v14,v14_E013,v14_1223,READY
v14,v14_E013,v14_1224,READY
v14,v14_E013,v14_1225,NOT_READY
v14,v14_E013,v14_1226,NOT_READY
v14,v14_E013,v14_1227,NOT_READY
v14,v14_E013,v14_1228,NOT_READY
v14,v14_E013,v14_1229,NOT_READY
v14,v14_E013,v14_1230,NOT_READY
v14,v14_E013,v14_1231,NOT_READY
v14,v14_E013,v14_1232,NOT_READY
v14,v14_E013,v14_1233,NOT_READY
v14,v14_E013,v14_1234,NOT_READY
v14,v14_E013,v14_1235,NOT_READY
v14,v14_E013,v14_1236,NOT_READY
v14,v14_E013,v14_1237,NOT_READY
v14,v14_E013,v14_1238,NOT_READY
v14,v14_E013,v14_1239,NOT_READY
v14,v14_E013,v14_1240,NOT_READY
v14,v14_E013,v14_1241,NOT_READY
v14,v14_E013,v14_1242,NOT_READY
v14,v14_E013,v14_1243,NOT_READY
v14,v14_E013,v14_1244,NOT_READY
v14,v14_E013,v14_1245,NOT_READY
v14,v14_E013,v14_1246,NOT_READY
v14,v14_E013,v14_1247,NOT_READY
v14,v14_E013,v14_1248,NOT_READY
v14,v14_E013,v14_1249,NOT_READY
v14,v14_E013,v14_1250,NOT_READY
v14,v14_E013,v14_1251,NOT_READY
v14,v14_E013,v14_1252,NOT_READY
v14,v14_E013,v14_1253,NOT_READY
v14,v14_E013,v14_1254,NOT_READY
v14,v14_E013,v14_1255,NOT_READY
v14,v14_E013,v14_1256,NOT_READY
v14,v14_E013,v14_1257,NOT_READY
v14,v14_E013,v14_1258,NOT_READY
v14,v14_E013,v14_1259,NOT_READY
v14,v14_E013,v14_1260,NOT_READY
v14,v14_E013,v14_1261,NOT_READY
v14,v14_E013,v14_1262,NOT_READY
v14,v14_E013,v14_1263,NOT_READY
v14,v14_E013,v14_1264,NOT_READY
v14,v14_E013,v14_1265,NOT_READY
v14,v14_E013,v14_1266,NOT_READY
v14,v14_E013,v14_1267,NOT_READY
v14,v14_E013,v14_1268,NOT_READY
v14,v14_E013,v14_1269,NOT_READY
v14,v14_E013,v14_1270,NOT_READY
v14,v14_E013,v14_1271,NOT_READY
v14,v14_E013,v14_1272,NOT_READY
v14,v14_E013,v14_1273,NOT_READY
v14,v14_E013,v14_1274,NOT_READY
v14,v14_E013,v14_1275,NOT_READY
v14,v14_E013,v14_1276,NOT_READY
v14,v14_E013,v14_1277,NOT_READY
v14,v14_E013,v14_1278,NOT_READY
v14,v14_E013,v14_1279,NOT_READY
v14,v14_E013,v14_1280,NOT_READY
v14,v14_E013,v14_1281,NOT_READY
v14,v14_E013,v14_1282,NOT_READY
v14,v14_E013,v14_1283,NOT_READY
v14,v14_E013,v14_1284,NOT_READY
v14,v14_E013,v14_1285,NOT_READY
v14,,v14_1286,INVALID
v14,,v14_1287,INVALID
v14,,v14_1288,INVALID
v14,,v14_1289,INVALID
v14,,v14_1290,INVALID
v14,,v14_1291,INVALID
v14,,v14_1292,INVALID
v14,,v14_1293,INVALID
v14,,v14_1294,INVALID
v14,,v14_1295,INVALID
v14,,v14_1296,INVALID
v14,,v14_1297,INVALID
v14,,v14_1298,INVALID
v14,,v14_1299,INVALID
v14,,v14_1300,INVALID
v14,,v14_1301,INVALID
v14,,v14_1302,INVALID
v14,,v14_1303,INVALID
v15,v15_E001,v15_001,NOT_READY
v15,v15_E001,v15_002,NOT_READY
v15,v15_E001,v15_003,NOT_READY
v15,v15_E001,v15_004,READY
v15,v15_E001,v15_005,READY
v15,v15_E001,v15_006,READY
v15,v15_E001,v15_007,NOT_READY
v15,v15_E001,v15_008,NOT_READY
v15,v15_E001,v15_009,NOT_READY
v15,v15_E001,v15_010,NOT_READY
v15,v15_E001,v15_011,NOT_READY
v15,v15_E001,v15_012,NOT_READY
v15,v15_E001,v15_013,NOT_READY
v15,v15_E001,v15_014,NOT_READY
v15,v15_E001,v15_015,NOT_READY
v15,v15_E001,v15_016,NOT_READY
v15,v15_E001,v15_017,NOT_READY
v15,v15_E001,v15_018,NOT_READY
v15,v15_E001,v15_019,NOT_READY
v15,v15_E001,v15_020,NOT_READY
v15,v15_E001,v15_021,NOT_READY
v15,v15_E001,v15_022,NOT_READY
v15,v15_E001,v15_023,NOT_READY
v15,v15_E001,v15_024,NOT_READY
v15,v15_E001,v15_025,NOT_READY
v15,v15_E001,v15_026,NOT_READY
v15,v15_E001,v15_027,NOT_READY
v15,v15_E001,v15_028,NOT_READY
v15,v15_E001,v15_029,NOT_READY
v15,v15_E001,v15_030,NOT_READY
v15,v15_E001,v15_031,NOT_READY
v15,v15_E001,v15_032,NOT_READY
v15,v15_E001,v15_033,NOT_READY
v15,v15_E001,v15_034,NOT_READY
v15,v15_E001,v15_035,NOT_READY
v15,v15_E001,v15_036,NOT_READY
v15,v15_E001,v15_037,NOT_READY
v15,v15_E001,v15_038,NOT_READY
v15,v15_E001,v15_039,NOT_READY
v15,v15_E001,v15_040,NOT_READY
v15,v15_E001,v15_041,NOT_READY
v15,v15_E001,v15_042,NOT_READY
v15,v15_E001,v15_043,NOT_READY
v15,v15_E001,v15_044,NOT_READY
v15,v15_E001,v15_045,NOT_READY
v15,v15_E001,v15_046,NOT_READY
v15,v15_E001,v15_047,NOT_READY
v15,v15_E001,v15_048,NOT_READY
v15,v15_E001,v15_049,NOT_READY
v15,v15_E001,v15_050,NOT_READY
v15,v15_E001,v15_051,NOT_READY
v15,,v15_052,INVALID
v15,,v15_053,INVALID
v15,,v15_054,INVALID
v15,,v15_055,INVALID
v15,,v15_056,INVALID
v15,,v15_057,INVALID
v15,,v15_058,INVALID
v15,,v15_059,INVALID
v15,,v15_060,INVALID
v15,,v15_061,INVALID
v15,,v15_062,INVALID
v15,,v15_063,INVALID
v15,,v15_064,INVALID
v15,,v15_065,INVALID
v15,,v15_066,INVALID
v15,,v15_067,INVALID
v15,,v15_068,INVALID
v15,,v15_069,INVALID
v15,v15_E002,v15_070,READY
v15,v15_E002,v15_071,READY
v15,v15_E002,v15_072,NOT_READY
v15,v15_E002,v15_073,NOT_READY
v15,v15_E002,v15_074,NOT_READY
v15,v15_E002,v15_075,NOT_READY
v15,v15_E002,v15_076,NOT_READY
v15,v15_E002,v15_077,NOT_READY
v15,v15_E002,v15_078,NOT_READY
v15,v15_E002,v15_079,NOT_READY
v15,v15_E002,v15_080,NOT_READY
v15,v15_E002,v15_081,NOT_READY
v15,v15_E002,v15_082,NOT_READY
v15,v15_E002,v15_083,NOT_READY
v15,v15_E002,v15_084,NOT_READY
v15,v15_E002,v15_085,NOT_READY
v15,v15_E002,v15_086,NOT_READY
v15,v15_E002,v15_087,NOT_READY
v15,v15_E002,v15_088,NOT_READY
v15,v15_E002,v15_089,NOT_READY
v15,v15_E002,v15_090,NOT_READY
v15,v15_E002,v15_091,NOT_READY
v15,v15_E002,v15_092,NOT_READY
v15,v15_E002,v15_093,NOT_READY
v15,v15_E002,v15_094,NOT_READY
v15,v15_E002,v15_095,NOT_READY
v15,v15_E002,v15_096,NOT_READY
v15,v15_E002,v15_097,NOT_READY
v15,v15_E002,v15_098,NOT_READY
v15,v15_E002,v15_099,NOT_READY
v15,v15_E002,v15_100,NOT_READY
v15,v15_E002,v15_101,NOT_READY
v15,v15_E002,v15_102,NOT_READY
v15,v15_E002,v15_103,NOT_READY
v15,v15_E002,v15_104,NOT_READY
v15,v15_E002,v15_105,NOT_READY
v15,v15_E002,v15_106,NOT_READY
v15,v15_E002,v15_107,NOT_READY
v15,v15_E002,v15_108,NOT_READY
v15,v15_E002,v15_109,NOT_READY
v15,v15_E002,v15_110,NOT_READY
v15,v15_E002,v15_111,NOT_READY
v15,v15_E002,v15_112,NOT_READY
v15,v15_E002,v15_113,NOT_READY
v15,v15_E002,v15_114,NOT_READY
v15,v15_E002,v15_115,NOT_READY
v15,v15_E002,v15_116,NOT_READY
v15,v15_E002,v15_117,NOT_READY
v15,v15_E002,v15_118,NOT_READY
v15,v15_E002,v15_119,NOT_READY
v15,v15_E002,v15_120,NOT_READY
v15,v15_E002,v15_121,NOT_READY
v15,v15_E002,v15_122,NOT_READY
v15,v15_E002,v15_123,NOT_READY
v15,v15_E002,v15_124,NOT_READY
v15,,v15_125,INVALID
v15,,v15_126,INVALID
v15,,v15_127,INVALID
v15,,v15_128,INVALID
v15,,v15_129,INVALID
v15,,v15_130,INVALID
v15,,v15_131,INVALID
v15,,v15_132,INVALID
v15,,v15_133,INVALID
v15,,v15_134,INVALID
v15,,v15_135,INVALID
v15,,v15_136,INVALID
v15,,v15_137,INVALID
v15,,v15_138,INVALID
v15,,v15_139,INVALID
v15,,v15_140,INVALID
v15,v15_E003,v15_141,READY
v15,v15_E003,v15_142,READY
v15,v15_E003,v15_143,READY
v15,v15_E003,v15_144,NOT_READY
v15,v15_E003,v15_145,NOT_READY
v15,v15_E003,v15_146,NOT_READY
v15,v15_E003,v15_147,NOT_READY
v15,v15_E003,v15_148,NOT_READY
v15,v15_E003,v15_149,NOT_READY
v15,v15_E003,v15_150,NOT_READY
v15,v15_E003,v15_151,NOT_READY
v15,v15_E003,v15_152,NOT_READY
v15,v15_E003,v15_153,NOT_READY
v15,v15_E003,v15_154,NOT_READY
v15,v15_E003,v15_155,NOT_READY
v15,v15_E003,v15_156,NOT_READY
v15,v15_E003,v15_157,NOT_READY
v15,v15_E003,v15_158,NOT_READY
v15,v15_E003,v15_159,NOT_READY
v15,v15_E003,v15_160,NOT_READY
v15,v15_E003,v15_161,NOT_READY
v15,v15_E003,v15_162,NOT_READY
v15,v15_E003,v15_163,NOT_READY
v15,v15_E003,v15_164,NOT_READY
v15,v15_E003,v15_165,NOT_READY
v15,v15_E003,v15_166,NOT_READY
v15,v15_E003,v15_167,NOT_READY
v15,v15_E003,v15_168,NOT_READY
v15,v15_E003,v15_169,NOT_READY
v15,v15_E003,v15_170,NOT_READY
v15,v15_E003,v15_171,NOT_READY
v15,v15_E003,v15_172,NOT_READY
v15,v15_E003,v15_173,NOT_READY
v15,v15_E003,v15_174,NOT_READY
v15,v15_E003,v15_175,NOT_READY
v15,v15_E003,v15_176,NOT_READY
v15,v15_E003,v15_177,NOT_READY
v15,v15_E003,v15_178,NOT_READY
v15,v15_E003,v15_179,NOT_READY
v15,v15_E003,v15_180,NOT_READY
v15,v15_E003,v15_181,NOT_READY
v15,v15_E003,v15_182,NOT_READY
v15,v15_E003,v15_183,NOT_READY
v15,v15_E003,v15_184,NOT_READY
v15,v15_E003,v15_185,NOT_READY
v15,v15_E003,v15_186,NOT_READY
v15,v15_E003,v15_187,NOT_READY
v15,,v15_188,INVALID
v15,,v15_189,INVALID
v15,,v15_190,INVALID
v15,,v15_191,INVALID
v15,,v15_192,INVALID
v15,,v15_193,INVALID
v15,,v15_194,INVALID
v15,,v15_195,INVALID
v15,,v15_196,INVALID
v15,,v15_197,INVALID
v15,,v15_198,INVALID
v15,,v15_199,INVALID
v15,,v15_200,INVALID
v15,,v15_201,INVALID
v15,,v15_202,INVALID
v15,,v15_203,INVALID
v15,,v15_204,INVALID
v15,,v15_205,INVALID
v15,,v15_206,INVALID
v15,,v15_207,INVALID
v15,,v15_208,INVALID
v15,,v15_209,INVALID
v15,,v15_210,INVALID
v15,,v15_211,INVALID
v15,v15_E004,v15_212,NOT_READY
v15,v15_E004,v15_213,NOT_READY
v15,v15_E004,v15_214,NOT_READY
v15,v15_E004,v15_215,READY
v15,v15_E004,v15_216,READY
v15,v15_E004,v15_217,NOT_READY
v15,v15_E004,v15_218,NOT_READY
v15,v15_E004,v15_219,NOT_READY
v15,v15_E004,v15_220,NOT_READY
v15,v15_E004,v15_221,NOT_READY
v15,v15_E004,v15_222,NOT_READY
v15,v15_E004,v15_223,NOT_READY
v15,v15_E004,v15_224,NOT_READY
v15,v15_E004,v15_225,NOT_READY
v15,v15_E004,v15_226,NOT_READY
v15,v15_E004,v15_227,NOT_READY
v15,v15_E004,v15_228,NOT_READY
v15,v15_E004,v15_229,NOT_READY
v15,v15_E004,v15_230,NOT_READY
v15,v15_E004,v15_231,NOT_READY
v15,v15_E004,v15_232,NOT_READY
v15,v15_E004,v15_233,NOT_READY
v15,v15_E004,v15_234,NOT_READY
v15,v15_E004,v15_235,NOT_READY
v15,v15_E004,v15_236,NOT_READY
v15,v15_E004,v15_237,NOT_READY
v15,v15_E004,v15_238,NOT_READY
v15,v15_E004,v15_239,NOT_READY
v15,v15_E004,v15_240,NOT_READY
v15,v15_E004,v15_241,NOT_READY
v15,v15_E004,v15_242,NOT_READY
v15,v15_E004,v15_243,NOT_READY
v15,v15_E004,v15_244,NOT_READY
v15,v15_E004,v15_245,NOT_READY
v15,v15_E004,v15_246,NOT_READY
v15,v15_E004,v15_247,NOT_READY
v15,v15_E004,v15_248,NOT_READY
v15,v15_E004,v15_249,NOT_READY
v15,v15_E004,v15_250,NOT_READY
v15,v15_E004,v15_251,NOT_READY
v15,v15_E004,v15_252,NOT_READY
v15,v15_E004,v15_253,NOT_READY
v15,v15_E004,v15_254,NOT_READY
v15,v15_E004,v15_255,NOT_READY
v15,v15_E004,v15_256,NOT_READY
v15,v15_E004,v15_257,NOT_READY
v15,v15_E004,v15_258,NOT_READY
v15,v15_E004,v15_259,NOT_READY
v15,v15_E004,v15_260,NOT_READY
v15,v15_E004,v15_261,NOT_READY
v15,v15_E004,v15_262,NOT_READY
v15,v15_E004,v15_263,NOT_READY
v15,v15_E004,v15_264,NOT_READY
v15,v15_E004,v15_265,NOT_READY
v15,v15_E004,v15_266,NOT_READY
v15,v15_E004,v15_267,NOT_READY
v15,v15_E004,v15_268,NOT_READY
v15,v15_E004,v15_269,NOT_READY
v15,v15_E004,v15_270,NOT_READY
v15,v15_E004,v15_271,NOT_READY
v15,v15_E004,v15_272,NOT_READY
v15,v15_E004,v15_273,NOT_READY
v15,v15_E004,v15_274,NOT_READY
v15,v15_E004,v15_275,NOT_READY
v15,v15_E004,v15_276,NOT_READY
v15,,v15_277,INVALID
v15,,v15_278,INVALID
v15,,v15_279,INVALID
v15,,v15_280,INVALID
v15,,v15_281,INVALID
v15,,v15_282,INVALID
v15,,v15_283,INVALID
v15,,v15_284,INVALID
v15,,v15_285,INVALID
v15,,v15_286,INVALID
v15,,v15_287,INVALID
v15,,v15_288,INVALID
v15,,v15_289,INVALID
v15,,v15_290,INVALID
v15,v15_E005,v15_291,NOT_READY
v15,v15_E005,v15_292,NOT_READY
v15,v15_E005,v15_293,READY
v15,v15_E005,v15_294,READY
v15,v15_E005,v15_295,READY
v15,v15_E005,v15_296,NOT_READY
v15,v15_E005,v15_297,NOT_READY
v15,v15_E005,v15_298,NOT_READY
v15,v15_E005,v15_299,NOT_READY
v15,v15_E005,v15_300,NOT_READY
v15,v15_E005,v15_301,NOT_READY
v15,v15_E005,v15_302,NOT_READY
v15,v15_E005,v15_303,NOT_READY
v15,v15_E005,v15_304,NOT_READY
v15,v15_E005,v15_305,NOT_READY
v15,v15_E005,v15_306,NOT_READY
v15,v15_E005,v15_307,NOT_READY
v15,v15_E005,v15_308,NOT_READY
v15,v15_E005,v15_309,NOT_READY
v15,v15_E005,v15_310,NOT_READY
v15,v15_E005,v15_311,NOT_READY
v15,v15_E005,v15_312,NOT_READY
v15,v15_E005,v15_313,NOT_READY
v15,v15_E005,v15_314,NOT_READY
v15,v15_E005,v15_315,NOT_READY
v15,v15_E005,v15_316,NOT_READY
v15,v15_E005,v15_317,NOT_READY
v15,v15_E005,v15_318,NOT_READY
v15,v15_E005,v15_319,NOT_READY
v15,v15_E005,v15_320,NOT_READY
v15,v15_E005,v15_321,NOT_READY
v15,v15_E005,v15_322,NOT_READY
v15,v15_E005,v15_323,NOT_READY
v15,v15_E005,v15_324,NOT_READY
v15,v15_E005,v15_325,NOT_READY
v15,v15_E005,v15_326,NOT_READY
v15,v15_E005,v15_327,NOT_READY
v15,v15_E005,v15_328,NOT_READY
v15,v15_E005,v15_329,NOT_READY
v15,v15_E005,v15_330,NOT_READY
v15,v15_E005,v15_331,NOT_READY
v15,v15_E005,v15_332,NOT_READY
v15,v15_E005,v15_333,NOT_READY
v15,v15_E005,v15_334,NOT_READY
v15,v15_E005,v15_335,NOT_READY
v15,v15_E005,v15_336,NOT_READY
v15,v15_E005,v15_337,NOT_READY
v15,v15_E005,v15_338,NOT_READY
v15,v15_E005,v15_339,NOT_READY
v15,v15_E005,v15_340,NOT_READY
v15,v15_E005,v15_341,NOT_READY
v15,v15_E005,v15_342,NOT_READY
v15,v15_E005,v15_343,NOT_READY
v15,v15_E005,v15_344,NOT_READY
v15,v15_E005,v15_345,NOT_READY
v15,v15_E005,v15_346,NOT_READY
v15,v15_E005,v15_347,NOT_READY
v15,v15_E005,v15_348,NOT_READY
v15,v15_E005,v15_349,NOT_READY
v15,v15_E005,v15_350,NOT_READY
v15,,v15_351,INVALID
v15,,v15_352,INVALID
v15,,v15_353,INVALID
v15,,v15_354,INVALID
v15,,v15_355,INVALID
v15,,v15_356,INVALID
v15,,v15_357,INVALID
v15,,v15_358,INVALID
v15,,v15_359,INVALID
v15,,v15_360,INVALID
v15,,v15_361,INVALID
v15,,v15_362,INVALID
v15,,v15_363,INVALID
v15,,v15_364,INVALID
v15,,v15_365,INVALID
v15,,v15_366,INVALID
v15,v15_E006,v15_367,NOT_READY
v15,v15_E006,v15_368,READY
v15,v15_E006,v15_369,READY
v15,v15_E006,v15_370,READY
v15,v15_E006,v15_371,READY
v15,v15_E006,v15_372,NOT_READY
v15,v15_E006,v15_373,NOT_READY
v15,v15_E006,v15_374,NOT_READY
v15,v15_E006,v15_375,NOT_READY
v15,v15_E006,v15_376,NOT_READY
v15,v15_E006,v15_377,NOT_READY
v15,v15_E006,v15_378,NOT_READY
v15,v15_E006,v15_379,NOT_READY
v15,v15_E006,v15_380,NOT_READY
v15,v15_E006,v15_381,NOT_READY
v15,v15_E006,v15_382,NOT_READY
v15,v15_E006,v15_383,NOT_READY
v15,v15_E006,v15_384,NOT_READY
v15,v15_E006,v15_385,NOT_READY
v15,v15_E006,v15_386,NOT_READY
v15,v15_E006,v15_387,NOT_READY
v15,v15_E006,v15_388,NOT_READY
v15,v15_E006,v15_389,NOT_READY
v15,v15_E006,v15_390,NOT_READY
v15,v15_E006,v15_391,NOT_READY
v15,v15_E006,v15_392,NOT_READY
v15,v15_E006,v15_393,NOT_READY
v15,v15_E006,v15_394,NOT_READY
v15,v15_E006,v15_395,NOT_READY
v15,v15_E006,v15_396,NOT_READY
v15,v15_E006,v15_397,NOT_READY
v15,v15_E006,v15_398,NOT_READY
v15,v15_E006,v15_399,NOT_READY
v15,v15_E006,v15_400,NOT_READY
v15,v15_E006,v15_401,NOT_READY
v15,v15_E006,v15_402,NOT_READY
v15,v15_E006,v15_403,NOT_READY
v15,v15_E006,v15_404,NOT_READY
v15,v15_E006,v15_405,NOT_READY
v15,v15_E006,v15_406,NOT_READY
v15,v15_E006,v15_407,NOT_READY
v15,v15_E006,v15_408,NOT_READY
v15,v15_E006,v15_409,NOT_READY
v15,v15_E006,v15_410,NOT_READY
v15,v15_E006,v15_411,NOT_READY
v15,v15_E006,v15_412,NOT_READY
v15,v15_E006,v15_413,NOT_READY
v15,v15_E006,v15_414,NOT_READY
v15,v15_E006,v15_415,NOT_READY
v15,v15_E006,v15_416,NOT_READY
v15,v15_E006,v15_417,NOT_READY
v15,v15_E006,v15_418,NOT_READY
v15,v15_E006,v15_419,NOT_READY
v15,v15_E006,v15_420,NOT_READY
v15,,v15_421,INVALID
v15,,v15_422,INVALID
v15,,v15_423,INVALID
v15,,v15_424,INVALID
v15,,v15_425,INVALID
v15,,v15_426,INVALID
v15,,v15_427,INVALID
v15,,v15_428,INVALID
v15,,v15_429,INVALID
v15,,v15_430,INVALID
v15,,v15_431,INVALID
v15,,v15_432,INVALID
v15,,v15_433,INVALID
v15,v15_E007,v15_434,NOT_READY
v15,v15_E007,v15_435,READY
v15,v15_E007,v15_436,READY
v15,v15_E007,v15_437,READY
v15,v15_E007,v15_438,READY
v15,v15_E007,v15_439,NOT_READY
v15,v15_E007,v15_440,NOT_READY
v15,v15_E007,v15_441,NOT_READY
v15,v15_E007,v15_442,NOT_READY
v15,v15_E007,v15_443,NOT_READY
v15,v15_E007,v15_444,NOT_READY
v15,v15_E007,v15_445,NOT_READY
v15,v15_E007,v15_446,NOT_READY
v15,v15_E007,v15_447,NOT_READY
v15,v15_E007,v15_448,NOT_READY
v15,v15_E007,v15_449,NOT_READY
v15,v15_E007,v15_450,NOT_READY
v15,v15_E007,v15_451,NOT_READY
v15,v15_E007,v15_452,NOT_READY
v15,v15_E007,v15_453,NOT_READY
v15,v15_E007,v15_454,NOT_READY
v15,v15_E007,v15_455,NOT_READY
v15,v15_E007,v15_456,NOT_READY
v15,v15_E007,v15_457,NOT_READY
v15,v15_E007,v15_458,NOT_READY
v15,v15_E007,v15_459,NOT_READY
v15,v15_E007,v15_460,NOT_READY
v15,v15_E007,v15_461,NOT_READY
v15,v15_E007,v15_462,NOT_READY
v15,v15_E007,v15_463,NOT_READY
v15,v15_E007,v15_464,NOT_READY
v15,v15_E007,v15_465,NOT_READY
v15,v15_E007,v15_466,NOT_READY
v15,v15_E007,v15_467,NOT_READY
v15,v15_E007,v15_468,NOT_READY
v15,v15_E007,v15_469,NOT_READY
v15,v15_E007,v15_470,NOT_READY
v15,v15_E007,v15_471,NOT_READY
v15,v15_E007,v15_472,NOT_READY
v15,v15_E007,v15_473,NOT_READY
v15,v15_E007,v15_474,NOT_READY
v15,v15_E007,v15_475,NOT_READY
v15,v15_E007,v15_476,NOT_READY
v15,v15_E007,v15_477,NOT_READY
v15,v15_E007,v15_478,NOT_READY
v15,v15_E007,v15_479,NOT_READY
v15,v15_E007,v15_480,NOT_READY
v15,v15_E007,v15_481,NOT_READY
v15,v15_E007,v15_482,NOT_READY
v15,v15_E007,v15_483,NOT_READY
v15,v15_E007,v15_484,NOT_READY
v15,v15_E007,v15_485,NOT_READY
v15,v15_E007,v15_486,NOT_READY
v15,v15_E007,v15_487,NOT_READY
v15,v15_E007,v15_488,NOT_READY
v15,v15_E007,v15_489,NOT_READY
v15,v15_E007,v15_490,NOT_READY
v15,v15_E007,v15_491,NOT_READY
v15,v15_E007,v15_492,NOT_READY
v15,v15_E007,v15_493,NOT_READY
v15,v15_E007,v15_494,NOT_READY
v15,v15_E007,v15_495,NOT_READY
v15,v15_E007,v15_496,NOT_READY
v15,v15_E007,v15_497,NOT_READY
v15,v15_E007,v15_498,NOT_READY
v15,v15_E007,v15_499,NOT_READY
v15,v15_E007,v15_500,NOT_READY
v15,v15_E007,v15_501,NOT_READY
v15,v15_E007,v15_502,NOT_READY
v15,v15_E007,v15_503,NOT_READY
v15,v15_E007,v15_504,NOT_READY
v15,v15_E007,v15_505,NOT_READY
v15,v15_E007,v15_506,NOT_READY
v15,,v15_507,INVALID
v15,,v15_508,INVALID
v15,,v15_509,INVALID
v15,,v15_510,INVALID
v15,,v15_511,INVALID
v15,,v15_512,INVALID
v15,,v15_513,INVALID
v15,,v15_514,INVALID
v15,,v15_515,INVALID
v15,,v15_516,INVALID
v15,,v15_517,INVALID
v15,,v15_518,INVALID
v15,,v15_519,INVALID
v15,,v15_520,INVALID
v15,,v15_521,INVALID
v15,,v15_522,INVALID
v15,v15_E008,v15_523,NOT_READY
v15,v15_E008,v15_524,NOT_READY
v15,v15_E008,v15_525,READY
v15,v15_E008,v15_526,READY
v15,v15_E008,v15_527,NOT_READY
v15,v15_E008,v15_528,NOT_READY
v15,v15_E008,v15_529,NOT_READY
v15,v15_E008,v15_530,NOT_READY
v15,v15_E008,v15_531,NOT_READY
v15,v15_E008,v15_532,NOT_READY
v15,v15_E008,v15_533,NOT_READY
v15,v15_E008,v15_534,NOT_READY
v15,v15_E008,v15_535,NOT_READY
v15,v15_E008,v15_536,NOT_READY
v15,v15_E008,v15_537,NOT_READY
v15,v15_E008,v15_538,NOT_READY
v15,v15_E008,v15_539,NOT_READY
v15,v15_E008,v15_540,NOT_READY
v15,v15_E008,v15_541,NOT_READY
v15,v15_E008,v15_542,NOT_READY
v15,v15_E008,v15_543,NOT_READY
v15,v15_E008,v15_544,NOT_READY
v15,v15_E008,v15_545,NOT_READY
v15,v15_E008,v15_546,NOT_READY
v15,v15_E008,v15_547,NOT_READY
v15,v15_E008,v15_548,NOT_READY
v15,v15_E008,v15_549,NOT_READY
v15,v15_E008,v15_550,NOT_READY
v15,v15_E008,v15_551,NOT_READY
v15,v15_E008,v15_552,NOT_READY
v15,v15_E008,v15_553,NOT_READY
v15,v15_E008,v15_554,NOT_READY
v15,v15_E008,v15_555,NOT_READY
v15,v15_E008,v15_556,NOT_READY
v15,v15_E008,v15_557,NOT_READY
v15,v15_E008,v15_558,NOT_READY
v15,v15_E008,v15_559,NOT_READY
v15,v15_E008,v15_560,NOT_READY
v15,v15_E008,v15_561,NOT_READY
v15,v15_E008,v15_562,NOT_READY
v15,v15_E008,v15_563,NOT_READY
v15,v15_E008,v15_564,NOT_READY
v15,v15_E008,v15_565,NOT_READY
v15,v15_E008,v15_566,NOT_READY
v15,v15_E008,v15_567,NOT_READY
v15,v15_E008,v15_568,NOT_READY
v15,v15_E008,v15_569,NOT_READY
v15,v15_E008,v15_570,NOT_READY
v15,v15_E008,v15_571,NOT_READY
v15,v15_E008,v15_572,NOT_READY
v15,v15_E008,v15_573,NOT_READY
v15,v15_E008,v15_574,NOT_READY
v15,,v15_575,INVALID
v15,,v15_576,INVALID
v15,,v15_577,INVALID
v15,,v15_578,INVALID
v15,,v15_579,INVALID
v15,,v15_580,INVALID
v15,,v15_581,INVALID
v15,,v15_582,INVALID
v15,,v15_583,INVALID
v15,,v15_584,INVALID
v15,,v15_585,INVALID
v15,,v15_586,INVALID
v15,,v15_587,INVALID
v15,,v15_588,INVALID
v15,,v15_589,INVALID
v15,,v15_590,INVALID
v15,,v15_591,INVALID
v15,,v15_592,INVALID
v15,,v15_593,INVALID
v15,,v15_594,INVALID
v15,,v15_595,INVALID
v15,,v15_596,INVALID
v15,,v15_597,INVALID
v15,,v15_598,INVALID
v15,,v15_599,INVALID
v15,,v15_600,INVALID
v15,,v15_601,INVALID
v15,,v15_602,INVALID
v15,,v15_603,INVALID
v15,,v15_604,INVALID
v15,,v15_605,INVALID
v15,,v15_606,INVALID
v15,,v15_607,INVALID
v15,,v15_608,INVALID
v15,,v15_609,INVALID
v15,,v15_610,INVALID
v15,,v15_611,INVALID
v15,,v15_612,INVALID
v15,,v15_613,INVALID
v15,,v15_614,INVALID
v15,,v15_615,INVALID
v15,,v15_616,INVALID
v15,v15_E009,v15_617,NOT_READY
v15,v15_E009,v15_618,NOT_READY
v15,v15_E009,v15_619,READY
v15,v15_E009,v15_620,READY
v15,v15_E009,v15_621,NOT_READY
v15,v15_E009,v15_622,NOT_READY
v15,v15_E009,v15_623,NOT_READY
v15,v15_E009,v15_624,NOT_READY
v15,v15_E009,v15_625,NOT_READY
v15,v15_E009,v15_626,NOT_READY
v15,v15_E009,v15_627,NOT_READY
v15,v15_E009,v15_628,NOT_READY
v15,v15_E009,v15_629,NOT_READY
v15,v15_E009,v15_630,NOT_READY
v15,v15_E009,v15_631,NOT_READY
v15,v15_E009,v15_632,NOT_READY
v15,v15_E009,v15_633,NOT_READY
v15,v15_E009,v15_634,NOT_READY
v15,v15_E009,v15_635,NOT_READY
v15,v15_E009,v15_636,NOT_READY
v15,v15_E009,v15_637,NOT_READY
v15,v15_E009,v15_638,NOT_READY
v15,v15_E009,v15_639,NOT_READY
v15,v15_E009,v15_640,NOT_READY
v15,v15_E009,v15_641,NOT_READY
v15,v15_E009,v15_642,NOT_READY
v15,v15_E009,v15_643,NOT_READY
v15,v15_E009,v15_644,NOT_READY
v15,v15_E009,v15_645,NOT_READY
v15,v15_E009,v15_646,NOT_READY
v15,v15_E009,v15_647,NOT_READY
v15,v15_E009,v15_648,NOT_READY
v15,v15_E009,v15_649,NOT_READY
v15,v15_E009,v15_650,NOT_READY
v15,v15_E009,v15_651,NOT_READY
v15,v15_E009,v15_652,NOT_READY
v15,v15_E009,v15_653,NOT_READY
v15,v15_E009,v15_654,NOT_READY
v15,v15_E009,v15_655,NOT_READY
v15,v15_E009,v15_656,NOT_READY
v15,v15_E009,v15_657,NOT_READY
v15,v15_E009,v15_658,NOT_READY
v15,v15_E009,v15_659,NOT_READY
v15,v15_E009,v15_660,NOT_READY
v15,v15_E009,v15_661,NOT_READY
v15,v15_E009,v15_662,NOT_READY
v15,v15_E009,v15_663,NOT_READY
v15,v15_E009,v15_664,NOT_READY
v15,v15_E009,v15_665,NOT_READY
v15,v15_E009,v15_666,NOT_READY
v15,v15_E009,v15_667,NOT_READY
v15,v15_E009,v15_668,NOT_READY
v15,v15_E009,v15_669,NOT_READY
v15,v15_E009,v15_670,NOT_READY
v15,v15_E009,v15_671,NOT_READY
v15,v15_E009,v15_672,NOT_READY
v15,v15_E009,v15_673,NOT_READY
v15,v15_E009,v15_674,NOT_READY
v15,v15_E009,v15_675,NOT_READY
v15,v15_E009,v15_676,NOT_READY
v15,v15_E009,v15_677,NOT_READY
v15,v15_E009,v15_678,NOT_READY
v15,v15_E009,v15_679,NOT_READY
v15,v15_E009,v15_680,NOT_READY
v15,v15_E009,v15_681,NOT_READY
v15,v15_E009,v15_682,NOT_READY
v15,v15_E009,v15_683,NOT_READY
v15,v15_E009,v15_684,NOT_READY
v15,v15_E009,v15_685,NOT_READY
v15,,v15_686,INVALID
v15,,v15_687,INVALID
v15,,v15_688,INVALID
v15,,v15_689,INVALID
v15,,v15_690,INVALID
v15,,v15_691,INVALID
v15,,v15_692,INVALID
v15,,v15_693,INVALID
v15,,v15_694,INVALID
v15,,v15_695,INVALID
v15,,v15_696,INVALID
v15,,v15_697,INVALID
v15,,v15_698,INVALID
v15,,v15_699,INVALID
v15,,v15_700,INVALID
v15,,v15_701,INVALID
v15,,v15_702,INVALID
v15,,v15_703,INVALID
v15,,v15_704,INVALID
v15,,v15_705,INVALID
v15,,v15_706,INVALID
v15,,v15_707,INVALID
v15,,v15_708,INVALID
v15,,v15_709,INVALID
v15,,v15_710,INVALID
v15,,v15_711,INVALID
v15,,v15_712,INVALID
v15,,v15_713,INVALID
v15,,v15_714,INVALID
v15,,v15_715,INVALID
v15,,v15_716,INVALID
v15,,v15_717,INVALID
v15,,v15_718,INVALID
v15,,v15_719,INVALID
v15,,v15_720,INVALID
v15,,v15_721,INVALID
v15,,v15_722,INVALID
v15,,v15_723,INVALID
v15,,v15_724,INVALID
v15,,v15_725,INVALID
v15,,v15_726,INVALID
v15,,v15_727,INVALID
v15,,v15_728,INVALID
v15,,v15_729,INVALID
v15,,v15_730,INVALID
v15,,v15_731,INVALID
v15,,v15_732,INVALID
v15,,v15_733,INVALID
v15,,v15_734,INVALID
v15,,v15_735,INVALID
v15,,v15_736,INVALID
v15,,v15_737,INVALID
v15,,v15_738,INVALID
v15,,v15_739,INVALID
v15,,v15_740,INVALID
v15,,v15_741,INVALID
v15,,v15_742,INVALID
v15,,v15_743,INVALID
v15,,v15_744,INVALID
v15,,v15_745,INVALID
v15,,v15_746,INVALID
v15,,v15_747,INVALID
v15,,v15_748,INVALID
v15,,v15_749,INVALID
v15,,v15_750,INVALID
v15,,v15_751,INVALID
v15,,v15_752,INVALID
v15,,v15_753,INVALID
v15,,v15_754,INVALID
v15,,v15_755,INVALID
v15,,v15_756,INVALID
v15,,v15_757,INVALID
v15,,v15_758,INVALID
v15,,v15_759,INVALID
v15,,v15_760,INVALID
v15,,v15_761,INVALID
v15,,v15_762,INVALID
v15,,v15_763,INVALID
v15,,v15_764,INVALID
v15,,v15_765,INVALID
v15,,v15_766,INVALID
v15,,v15_767,INVALID
v15,,v15_768,INVALID
v15,,v15_769,INVALID
v15,,v15_770,INVALID
v15,,v15_771,INVALID
v15,,v15_772,INVALID
v15,,v15_773,INVALID
v15,,v15_774,INVALID
v15,,v15_775,INVALID
v15,,v15_776,INVALID
v15,,v15_777,INVALID
v15,,v15_778,INVALID
v15,,v15_779,INVALID
v15,,v15_780,INVALID
v15,,v15_781,INVALID
v15,,v15_782,INVALID
v15,,v15_783,INVALID
v15,,v15_784,INVALID
v15,,v15_785,INVALID
v15,,v15_786,INVALID
v15,,v15_787,INVALID
v15,,v15_788,INVALID
v15,,v15_789,INVALID
v15,,v15_790,INVALID
v15,,v15_791,INVALID
v15,,v15_792,INVALID
v15,,v15_793,INVALID
v15,,v15_794,INVALID
v15,,v15_795,INVALID
v15,,v15_796,INVALID
v15,,v15_797,INVALID
v15,,v15_798,INVALID
v15,,v15_799,INVALID
v15,,v15_800,INVALID
v15,,v15_801,INVALID
v15,,v15_802,INVALID
v15,,v15_803,INVALID
v15,,v15_804,INVALID
v15,,v15_805,INVALID
v15,,v15_806,INVALID
v15,,v15_807,INVALID
v15,,v15_808,INVALID
v15,,v15_809,INVALID
v15,,v15_810,INVALID
v15,,v15_811,INVALID
v15,,v15_812,INVALID
v15,,v15_813,INVALID
v15,,v15_814,INVALID
v15,,v15_815,INVALID
v15,,v15_816,INVALID
v15,,v15_817,INVALID
v15,,v15_818,INVALID
v15,,v15_819,INVALID
v15,,v15_820,INVALID
v15,,v15_821,INVALID
v15,,v15_822,INVALID
v15,,v15_823,INVALID
v15,,v15_824,INVALID
v15,,v15_825,INVALID
v15,,v15_826,INVALID
v15,,v15_827,INVALID
v15,,v15_828,INVALID
v15,,v15_829,INVALID
v15,,v15_830,INVALID
v15,,v15_831,INVALID
v15,,v15_832,INVALID
v15,,v15_833,INVALID
v15,,v15_834,INVALID
v15,,v15_835,INVALID
v15,,v15_836,INVALID
v15,,v15_837,INVALID
v15,,v15_838,INVALID
v15,,v15_839,INVALID
v15,,v15_840,INVALID
v15,,v15_841,INVALID
v15,,v15_842,INVALID
v15,,v15_843,INVALID
v15,,v15_844,INVALID
v15,,v15_845,INVALID
v15,,v15_846,INVALID
v15,,v15_847,INVALID
v15,,v15_848,INVALID
v15,,v15_849,INVALID
v15,,v15_850,INVALID
v15,,v15_851,INVALID
v15,,v15_852,INVALID
v15,,v15_853,INVALID
v15,,v15_854,INVALID
v15,,v15_855,INVALID
v15,,v15_856,INVALID
v15,,v15_857,INVALID
v15,,v15_858,INVALID
v15,,v15_859,INVALID
v15,,v15_860,INVALID
v15,,v15_861,INVALID
v15,,v15_862,INVALID
v15,,v15_863,INVALID
v15,,v15_864,INVALID
v15,,v15_865,INVALID
v15,,v15_866,INVALID
v15,,v15_867,INVALID
v15,,v15_868,INVALID
v15,,v15_869,INVALID
v15,,v15_870,INVALID
v15,,v15_871,INVALID
v15,,v15_872,INVALID
v15,,v15_873,INVALID
v15,,v15_874,INVALID
v15,,v15_875,INVALID
v15,,v15_876,INVALID
v15,,v15_877,INVALID
v15,,v15_878,INVALID
v15,,v15_879,INVALID
v15,,v15_880,INVALID
v15,,v15_881,INVALID
v15,,v15_882,INVALID
v15,,v15_883,INVALID
v15,,v15_884,INVALID
v15,,v15_885,INVALID
v15,,v15_886,INVALID
v15,,v15_887,INVALID
v15,,v15_888,INVALID
v15,,v15_889,INVALID
v15,,v15_890,INVALID
v15,,v15_891,INVALID
v15,,v15_892,INVALID
v15,,v15_893,INVALID
v15,,v15_894,INVALID
v15,,v15_895,INVALID
v15,,v15_896,INVALID
v15,,v15_897,INVALID
v15,,v15_898,INVALID
v15,,v15_899,INVALID
v15,,v15_900,INVALID
v15,,v15_901,INVALID
v15,,v15_902,INVALID
v15,,v15_903,INVALID
v15,,v15_904,INVALID
v15,,v15_905,INVALID
v15,,v15_906,INVALID
v15,,v15_907,INVALID
v15,,v15_908,INVALID
v15,,v15_909,INVALID
v15,,v15_910,INVALID
v15,,v15_911,INVALID
v15,,v15_912,INVALID
v15,,v15_913,INVALID
v15,,v15_914,INVALID
v15,,v15_915,INVALID
v15,,v15_916,INVALID
v15,,v15_917,INVALID
v15,,v15_918,INVALID
v15,,v15_919,INVALID
v15,,v15_920,INVALID
v15,,v15_921,INVALID
v15,,v15_922,INVALID
v15,,v15_923,INVALID
v15,,v15_924,INVALID
v15,,v15_925,INVALID
v15,,v15_926,INVALID
v15,,v15_927,INVALID
v15,,v15_928,INVALID
v15,,v15_929,INVALID
v15,,v15_930,INVALID
v15,,v15_931,INVALID
v15,,v15_932,INVALID
v15,,v15_933,INVALID
v15,,v15_934,INVALID
v15,,v15_935,INVALID
v15,,v15_936,INVALID
v15,,v15_937,INVALID
v15,,v15_938,INVALID
v15,,v15_939,INVALID
v15,,v15_940,INVALID
v15,,v15_941,INVALID
v15,,v15_942,INVALID
v15,,v15_943,INVALID
v15,,v15_944,INVALID
v15,,v15_945,INVALID
v15,,v15_946,INVALID
v15,,v15_947,INVALID
v15,,v15_948,INVALID
v15,,v15_949,INVALID
v15,,v15_950,INVALID
v15,,v15_951,INVALID
v15,,v15_952,INVALID
v15,,v15_953,INVALID
v15,,v15_954,INVALID
v15,,v15_955,INVALID
v15,,v15_956,INVALID
v15,,v15_957,INVALID
v15,,v15_958,INVALID
v15,,v15_959,INVALID
v15,,v15_960,INVALID
v15,,v15_961,INVALID
v15,,v15_962,INVALID
v15,,v15_963,INVALID
v15,,v15_964,INVALID
v15,,v15_965,INVALID
v15,,v15_966,INVALID
v15,,v15_967,INVALID
v15,,v15_968,INVALID
v15,,v15_969,INVALID
v15,,v15_970,INVALID
v15,,v15_971,INVALID
v15,,v15_972,INVALID
v15,,v15_973,INVALID
v15,,v15_974,INVALID
v15,,v15_975,INVALID
v15,,v15_976,INVALID
v15,,v15_977,INVALID
v15,,v15_978,INVALID
v15,,v15_979,INVALID
v15,,v15_980,INVALID
v15,,v15_981,INVALID
v15,,v15_982,INVALID
v15,,v15_983,INVALID
v15,,v15_984,INVALID
v15,,v15_985,INVALID
v15,,v15_986,INVALID
v15,,v15_987,INVALID
v15,,v15_988,INVALID
v15,,v15_989,INVALID
v15,,v15_990,INVALID
v15,,v15_991,INVALID
v15,,v15_992,INVALID
v15,,v15_993,INVALID
v15,,v15_994,INVALID
v15,,v15_995,INVALID
v15,,v15_996,INVALID
v15,,v15_997,INVALID
v15,,v15_998,INVALID
v15,,v15_999,INVALID
v15,,v15_1000,INVALID
v15,,v15_1001,INVALID
v15,,v15_1002,INVALID
v15,,v15_1003,INVALID
v15,,v15_1004,INVALID
v15,,v15_1005,INVALID
v15,,v15_1006,INVALID
v15,,v15_1007,INVALID
v15,,v15_1008,INVALID
v15,,v15_1009,INVALID
v15,,v15_1010,INVALID
v15,,v15_1011,INVALID
v15,,v15_1012,INVALID
v15,,v15_1013,INVALID
v15,,v15_1014,INVALID
v15,,v15_1015,INVALID
v15,,v15_1016,INVALID
v15,,v15_1017,INVALID
v15,,v15_1018,INVALID
v15,,v15_1019,INVALID
v15,,v15_1020,INVALID
v15,,v15_1021,INVALID
v15,,v15_1022,INVALID
v15,,v15_1023,INVALID
v15,,v15_1024,INVALID
v15,,v15_1025,INVALID
v15,,v15_1026,INVALID
v15,,v15_1027,INVALID
v15,,v15_1028,INVALID
v15,,v15_1029,INVALID
v15,,v15_1030,INVALID
v15,,v15_1031,INVALID
v15,,v15_1032,INVALID
v15,,v15_1033,INVALID
v15,,v15_1034,INVALID
v15,,v15_1035,INVALID
v15,,v15_1036,INVALID
v15,,v15_1037,INVALID
v15,,v15_1038,INVALID
v15,,v15_1039,INVALID
v15,,v15_1040,INVALID
v15,,v15_1041,INVALID
v15,,v15_1042,INVALID
v15,,v15_1043,INVALID
v15,,v15_1044,INVALID
v15,,v15_1045,INVALID
v15,,v15_1046,INVALID
v15,,v15_1047,INVALID
v15,,v15_1048,INVALID
v15,,v15_1049,INVALID
v15,,v15_1050,INVALID
v15,,v15_1051,INVALID
v15,,v15_1052,INVALID
v15,,v15_1053,INVALID
v15,,v15_1054,INVALID
v15,,v15_1055,INVALID
v15,,v15_1056,INVALID
v15,,v15_1057,INVALID
v15,,v15_1058,INVALID
v15,,v15_1059,INVALID
v15,,v15_1060,INVALID
v15,,v15_1061,INVALID
v15,,v15_1062,INVALID
v15,,v15_1063,INVALID
v15,,v15_1064,INVALID
v15,,v15_1065,INVALID
v15,,v15_1066,INVALID
v15,,v15_1067,INVALID
v15,,v15_1068,INVALID
v15,,v15_1069,INVALID
v15,,v15_1070,INVALID
v15,,v15_1071,INVALID
v15,,v15_1072,INVALID
v15,,v15_1073,INVALID
v15,,v15_1074,INVALID
v15,,v15_1075,INVALID
v15,,v15_1076,INVALID
v15,,v15_1077,INVALID
v15,,v15_1078,INVALID
v15,,v15_1079,INVALID
v15,,v15_1080,INVALID
v15,,v15_1081,INVALID
v15,,v15_1082,INVALID
v15,,v15_1083,INVALID
v15,,v15_1084,INVALID
v15,,v15_1085,INVALID
v15,,v15_1086,INVALID
v15,,v15_1087,INVALID
v15,,v15_1088,INVALID
v15,,v15_1089,INVALID
v15,,v15_1090,INVALID
v15,,v15_1091,INVALID
v15,,v15_1092,INVALID
v15,,v15_1093,INVALID
v15,,v15_1094,INVALID
v15,,v15_1095,INVALID
v15,,v15_1096,INVALID
v15,,v15_1097,INVALID
v15,,v15_1098,INVALID
v15,,v15_1099,INVALID
v15,,v15_1100,INVALID
v15,,v15_1101,INVALID
v15,,v15_1102,INVALID
v15,,v15_1103,INVALID
v15,,v15_1104,INVALID
v15,,v15_1105,INVALID
v15,,v15_1106,INVALID
v15,,v15_1107,INVALID
v15,,v15_1108,INVALID
v15,,v15_1109,INVALID
v15,,v15_1110,INVALID
v15,,v15_1111,INVALID
v15,,v15_1112,INVALID
v15,,v15_1113,INVALID
v15,,v15_1114,INVALID
v15,,v15_1115,INVALID
v15,,v15_1116,INVALID
v15,,v15_1117,INVALID
v15,,v15_1118,INVALID
v15,,v15_1119,INVALID
v15,,v15_1120,INVALID
v15,,v15_1121,INVALID
v15,,v15_1122,INVALID
v15,,v15_1123,INVALID
v15,,v15_1124,INVALID
v15,,v15_1125,INVALID
v15,,v15_1126,INVALID
v15,,v15_1127,INVALID
v15,,v15_1128,INVALID
v16,v16_E001,v16_001,NOT_READY
v16,v16_E001,v16_002,NOT_READY
v16,v16_E001,v16_003,NOT_READY
v16,v16_E001,v16_004,NOT_READY
v16,v16_E001,v16_005,NOT_READY
v16,v16_E001,v16_006,NOT_READY
v16,v16_E001,v16_007,NOT_READY
v16,v16_E001,v16_008,NOT_READY
v16,v16_E001,v16_009,NOT_READY
v16,v16_E001,v16_010,NOT_READY
v16,v16_E001,v16_011,NOT_READY
v16,v16_E001,v16_012,NOT_READY
v16,v16_E001,v16_013,NOT_READY
v16,v16_E001,v16_014,NOT_READY
v16,v16_E001,v16_015,NOT_READY
v16,v16_E001,v16_016,NOT_READY
v16,v16_E001,v16_017,NOT_READY
v16,v16_E001,v16_018,NOT_READY
v16,v16_E001,v16_019,NOT_READY
v16,v16_E001,v16_020,NOT_READY
v16,v16_E001,v16_021,NOT_READY
v16,v16_E001,v16_022,NOT_READY
v16,v16_E001,v16_023,NOT_READY
v16,v16_E001,v16_024,NOT_READY
v16,v16_E001,v16_025,NOT_READY
v16,v16_E001,v16_026,NOT_READY
v16,v16_E001,v16_027,NOT_READY
v16,v16_E001,v16_028,NOT_READY
v16,v16_E001,v16_029,NOT_READY
v16,v16_E001,v16_030,NOT_READY
v16,v16_E001,v16_031,NOT_READY
v16,v16_E001,v16_032,NOT_READY
v16,v16_E001,v16_033,NOT_READY
v16,v16_E001,v16_034,NOT_READY
v16,v16_E001,v16_035,NOT_READY
v16,v16_E001,v16_036,NOT_READY
v16,v16_E001,v16_037,NOT_READY
v16,v16_E001,v16_038,NOT_READY
v16,v16_E001,v16_039,NOT_READY
v16,v16_E001,v16_040,NOT_READY
v16,v16_E001,v16_041,NOT_READY
v16,v16_E001,v16_042,NOT_READY
v16,v16_E001,v16_043,NOT_READY
v16,v16_E001,v16_044,NOT_READY
v16,v16_E001,v16_045,NOT_READY
v16,v16_E001,v16_046,NOT_READY
v16,v16_E001,v16_047,NOT_READY
v16,v16_E001,v16_048,NOT_READY
v16,v16_E001,v16_049,NOT_READY
v16,v16_E001,v16_050,NOT_READY
v16,v16_E001,v16_051,NOT_READY
v16,v16_E001,v16_052,NOT_READY
v16,v16_E001,v16_053,NOT_READY
v16,v16_E001,v16_054,NOT_READY
v16,v16_E001,v16_055,NOT_READY
v16,v16_E001,v16_056,NOT_READY
v16,v16_E001,v16_057,NOT_READY
v16,v16_E001,v16_058,NOT_READY
v16,v16_E001,v16_059,NOT_READY
v16,v16_E001,v16_060,NOT_READY
v16,v16_E001,v16_061,NOT_READY
v16,v16_E001,v16_062,NOT_READY
v16,v16_E001,v16_063,NOT_READY
v16,v16_E001,v16_064,NOT_READY
v16,v16_E001,v16_065,NOT_READY
v16,v16_E001,v16_066,NOT_READY
v16,v16_E001,v16_067,NOT_READY
v16,v16_E001,v16_068,NOT_READY
v16,v16_E001,v16_069,NOT_READY
v16,v16_E001,v16_070,NOT_READY
v16,v16_E001,v16_071,NOT_READY
v16,v16_E001,v16_072,NOT_READY
v16,v16_E001,v16_073,NOT_READY
v16,v16_E001,v16_074,NOT_READY
v16,v16_E001,v16_075,NOT_READY
v16,v16_E001,v16_076,NOT_READY
v16,v16_E001,v16_077,NOT_READY
v16,v16_E001,v16_078,NOT_READY
v16,v16_E001,v16_079,NOT_READY
v16,v16_E001,v16_080,NOT_READY
v16,v16_E001,v16_081,NOT_READY
v16,v16_E001,v16_082,NOT_READY
v16,v16_E001,v16_083,NOT_READY
v16,v16_E001,v16_084,NOT_READY
v16,v16_E001,v16_085,NOT_READY
v16,v16_E001,v16_086,NOT_READY
v16,v16_E001,v16_087,NOT_READY
v16,v16_E001,v16_088,NOT_READY
v16,v16_E001,v16_089,NOT_READY
v16,v16_E001,v16_090,NOT_READY
v16,v16_E001,v16_091,NOT_READY
v16,v16_E001,v16_092,NOT_READY
v16,v16_E001,v16_093,NOT_READY
v16,v16_E001,v16_094,NOT_READY
v16,v16_E001,v16_095,NOT_READY
v16,v16_E001,v16_096,NOT_READY
v16,v16_E001,v16_097,NOT_READY
v16,v16_E001,v16_098,NOT_READY
v16,v16_E001,v16_099,NOT_READY
v16,v16_E001,v16_100,NOT_READY
v16,v16_E001,v16_101,NOT_READY
v16,v16_E001,v16_102,NOT_READY
v16,v16_E001,v16_103,NOT_READY
v16,v16_E001,v16_104,NOT_READY
v16,v16_E001,v16_105,NOT_READY
v16,v16_E001,v16_106,NOT_READY
v16,v16_E001,v16_107,NOT_READY
v16,v16_E001,v16_108,NOT_READY
v16,v16_E001,v16_109,NOT_READY
v16,v16_E001,v16_110,NOT_READY
v16,v16_E001,v16_111,NOT_READY
v16,v16_E001,v16_112,NOT_READY
v16,v16_E001,v16_113,NOT_READY
v16,v16_E001,v16_114,NOT_READY
v16,v16_E001,v16_115,NOT_READY
v16,v16_E001,v16_116,NOT_READY
v16,v16_E001,v16_117,NOT_READY
v16,v16_E001,v16_118,NOT_READY
v16,v16_E001,v16_119,NOT_READY
v16,v16_E001,v16_120,NOT_READY
v16,v16_E001,v16_121,NOT_READY
v16,v16_E001,v16_122,NOT_READY
v16,v16_E001,v16_123,NOT_READY
v16,v16_E001,v16_124,NOT_READY
v16,v16_E001,v16_125,NOT_READY
v16,v16_E001,v16_126,NOT_READY
v16,v16_E001,v16_127,NOT_READY
v16,,v16_128,INVALID
v16,,v16_129,INVALID
v16,,v16_130,INVALID
v16,,v16_131,INVALID
v16,,v16_132,INVALID
v16,,v16_133,INVALID
v16,,v16_134,INVALID
v16,,v16_135,INVALID
v16,,v16_136,INVALID
v16,,v16_137,INVALID
v16,,v16_138,INVALID
v16,,v16_139,INVALID
v16,,v16_140,INVALID
v16,,v16_141,INVALID
v16,,v16_142,INVALID
v16,,v16_143,INVALID
v16,,v16_144,INVALID
v16,,v16_145,INVALID
v16,,v16_146,INVALID
v16,,v16_147,INVALID
v16,,v16_148,INVALID
v16,,v16_149,INVALID
v16,,v16_150,INVALID
v16,,v16_151,INVALID
v16,,v16_152,INVALID
v16,,v16_153,INVALID
v16,,v16_154,INVALID
v16,,v16_155,INVALID
v16,,v16_156,INVALID
v16,,v16_157,INVALID
v16,,v16_158,INVALID
v16,,v16_159,INVALID
v16,,v16_160,INVALID
v16,,v16_161,INVALID
v16,,v16_162,INVALID
v16,,v16_163,INVALID
v16,,v16_164,INVALID
v16,,v16_165,INVALID
v16,,v16_166,INVALID
v16,,v16_167,INVALID
v16,,v16_168,INVALID
v16,,v16_169,INVALID
v16,,v16_170,INVALID
v16,,v16_171,INVALID
v16,,v16_172,INVALID
v16,,v16_173,INVALID
v16,,v16_174,INVALID
v16,,v16_175,INVALID
v16,,v16_176,INVALID
v16,,v16_177,INVALID
v16,,v16_178,INVALID
v16,,v16_179,INVALID
v16,,v16_180,INVALID
v16,,v16_181,INVALID
v16,,v16_182,INVALID
v16,,v16_183,INVALID
v16,,v16_184,INVALID
v16,,v16_185,INVALID
v16,,v16_186,INVALID
v16,,v16_187,INVALID
v16,,v16_188,INVALID
v16,,v16_189,INVALID
v16,,v16_190,INVALID
v16,,v16_191,INVALID
v16,,v16_192,INVALID
v16,,v16_193,INVALID
v16,v16_E002,v16_194,NOT_READY
v16,v16_E002,v16_195,NOT_READY
v16,v16_E002,v16_196,READY
v16,v16_E002,v16_197,READY
v16,v16_E002,v16_198,READY
v16,v16_E002,v16_199,NOT_READY
v16,v16_E002,v16_200,NOT_READY
v16,v16_E002,v16_201,NOT_READY
v16,v16_E002,v16_202,NOT_READY
v16,v16_E002,v16_203,NOT_READY
v16,v16_E002,v16_204,NOT_READY
v16,v16_E002,v16_205,NOT_READY
v16,v16_E002,v16_206,NOT_READY
v16,v16_E002,v16_207,NOT_READY
v16,v16_E002,v16_208,NOT_READY
v16,v16_E002,v16_209,NOT_READY
v16,v16_E002,v16_210,NOT_READY
v16,v16_E002,v16_211,NOT_READY
v16,v16_E002,v16_212,NOT_READY
v16,v16_E002,v16_213,NOT_READY
v16,v16_E002,v16_214,NOT_READY
v16,v16_E002,v16_215,NOT_READY
v16,v16_E002,v16_216,NOT_READY
v16,v16_E002,v16_217,NOT_READY
v16,v16_E002,v16_218,NOT_READY
v16,v16_E002,v16_219,NOT_READY
v16,v16_E002,v16_220,NOT_READY
v16,v16_E002,v16_221,NOT_READY
v16,v16_E002,v16_222,NOT_READY
v16,v16_E002,v16_223,NOT_READY
v16,v16_E002,v16_224,NOT_READY
v16,v16_E002,v16_225,NOT_READY
v16,v16_E002,v16_226,NOT_READY
v16,v16_E002,v16_227,NOT_READY
v16,v16_E002,v16_228,NOT_READY
v16,v16_E002,v16_229,NOT_READY
v16,v16_E002,v16_230,NOT_READY
v16,v16_E002,v16_231,NOT_READY
v16,v16_E002,v16_232,NOT_READY
v16,v16_E002,v16_233,NOT_READY
v16,v16_E002,v16_234,NOT_READY
v16,v16_E002,v16_235,NOT_READY
v16,v16_E002,v16_236,NOT_READY
v16,v16_E002,v16_237,NOT_READY
v16,v16_E002,v16_238,NOT_READY
v16,v16_E002,v16_239,NOT_READY
v16,v16_E002,v16_240,NOT_READY
v16,v16_E002,v16_241,NOT_READY
v16,v16_E002,v16_242,NOT_READY
v16,v16_E002,v16_243,NOT_READY
v16,v16_E002,v16_244,NOT_READY
v16,v16_E002,v16_245,NOT_READY
v16,v16_E002,v16_246,NOT_READY
v16,v16_E002,v16_247,NOT_READY
v16,v16_E002,v16_248,NOT_READY
v16,v16_E002,v16_249,NOT_READY
v16,v16_E002,v16_250,NOT_READY
v16,v16_E002,v16_251,NOT_READY
v16,v16_E002,v16_252,NOT_READY
v16,v16_E002,v16_253,NOT_READY
v16,v16_E002,v16_254,NOT_READY
v16,v16_E002,v16_255,NOT_READY
v16,v16_E002,v16_256,NOT_READY
v16,v16_E002,v16_257,NOT_READY
v16,v16_E002,v16_258,NOT_READY
v16,v16_E002,v16_259,NOT_READY
v16,v16_E002,v16_260,NOT_READY
v16,v16_E002,v16_261,NOT_READY
v16,v16_E002,v16_262,NOT_READY
v16,v16_E002,v16_263,NOT_READY
v16,v16_E002,v16_264,NOT_READY
v16,v16_E002,v16_265,NOT_READY
v16,v16_E002,v16_266,NOT_READY
v16,v16_E002,v16_267,NOT_READY
v16,v16_E002,v16_268,NOT_READY
v16,v16_E002,v16_269,NOT_READY
v16,v16_E002,v16_270,NOT_READY
v16,v16_E002,v16_271,NOT_READY
v16,v16_E002,v16_272,NOT_READY
v16,v16_E002,v16_273,NOT_READY
v16,v16_E002,v16_274,NOT_READY
v16,v16_E002,v16_275,NOT_READY
v16,v16_E002,v16_276,NOT_READY
v16,v16_E002,v16_277,NOT_READY
v16,v16_E002,v16_278,NOT_READY
v16,v16_E002,v16_279,NOT_READY
v16,v16_E002,v16_280,NOT_READY
v16,v16_E002,v16_281,NOT_READY
v16,v16_E002,v16_282,NOT_READY
v16,v16_E002,v16_283,NOT_READY
v16,v16_E002,v16_284,NOT_READY
v16,v16_E002,v16_285,NOT_READY
v16,v16_E002,v16_286,NOT_READY
v16,v16_E002,v16_287,NOT_READY
v16,v16_E002,v16_288,NOT_READY
v16,v16_E002,v16_289,NOT_READY
v16,v16_E002,v16_290,NOT_READY
v16,v16_E002,v16_291,NOT_READY
v16,v16_E002,v16_292,NOT_READY
v16,v16_E002,v16_293,NOT_READY
v16,v16_E002,v16_294,NOT_READY
v16,v16_E002,v16_295,NOT_READY
v16,v16_E002,v16_296,NOT_READY
v16,v16_E002,v16_297,NOT_READY
v16,v16_E002,v16_298,NOT_READY
v16,v16_E002,v16_299,NOT_READY
v16,v16_E002,v16_300,NOT_READY
v16,v16_E002,v16_301,NOT_READY
v16,v16_E002,v16_302,NOT_READY
v16,v16_E002,v16_303,NOT_READY
v16,v16_E002,v16_304,NOT_READY
v16,v16_E002,v16_305,NOT_READY
v16,v16_E002,v16_306,NOT_READY
v16,v16_E002,v16_307,NOT_READY
v16,v16_E002,v16_308,NOT_READY
v16,v16_E002,v16_309,NOT_READY
v16,v16_E002,v16_310,NOT_READY
v16,v16_E002,v16_311,NOT_READY
v16,v16_E002,v16_312,NOT_READY
v16,v16_E002,v16_313,NOT_READY
v16,v16_E002,v16_314,NOT_READY
v16,v16_E002,v16_315,NOT_READY
v16,v16_E002,v16_316,NOT_READY
v16,v16_E002,v16_317,NOT_READY
v16,v16_E002,v16_318,NOT_READY
v16,v16_E002,v16_319,NOT_READY
v16,v16_E002,v16_320,NOT_READY
v16,v16_E002,v16_321,NOT_READY
v16,v16_E002,v16_322,NOT_READY
v16,v16_E002,v16_323,NOT_READY
v16,v16_E002,v16_324,NOT_READY
v16,v16_E002,v16_325,NOT_READY
v16,v16_E002,v16_326,NOT_READY
v16,v16_E002,v16_327,NOT_READY
v16,v16_E002,v16_328,NOT_READY
v16,v16_E002,v16_329,NOT_READY
v16,v16_E002,v16_330,NOT_READY
v16,v16_E002,v16_331,NOT_READY
v16,v16_E002,v16_332,NOT_READY
v16,v16_E002,v16_333,NOT_READY
v16,v16_E002,v16_334,NOT_READY
v16,v16_E002,v16_335,NOT_READY
v16,v16_E002,v16_336,NOT_READY
v16,v16_E002,v16_337,NOT_READY
v16,v16_E002,v16_338,NOT_READY
v16,v16_E002,v16_339,NOT_READY
v16,v16_E002,v16_340,NOT_READY
v16,v16_E002,v16_341,NOT_READY
v16,v16_E002,v16_342,NOT_READY
v16,v16_E002,v16_343,NOT_READY
v16,v16_E002,v16_344,NOT_READY
v16,v16_E002,v16_345,NOT_READY
v16,v16_E002,v16_346,NOT_READY
v16,v16_E002,v16_347,NOT_READY
v16,v16_E002,v16_348,NOT_READY
v16,v16_E002,v16_349,NOT_READY
v16,v16_E002,v16_350,NOT_READY
v16,v16_E002,v16_351,NOT_READY
v16,v16_E002,v16_352,NOT_READY
v16,v16_E002,v16_353,NOT_READY
v16,v16_E002,v16_354,NOT_READY
v16,v16_E002,v16_355,NOT_READY
v16,v16_E002,v16_356,NOT_READY
v16,v16_E002,v16_357,NOT_READY
v16,v16_E002,v16_358,NOT_READY
v16,v16_E002,v16_359,NOT_READY
v16,v16_E002,v16_360,NOT_READY
v16,v16_E002,v16_361,NOT_READY
v16,v16_E002,v16_362,NOT_READY
v16,v16_E002,v16_363,NOT_READY
v16,v16_E002,v16_364,NOT_READY
v16,v16_E002,v16_365,NOT_READY
v16,v16_E002,v16_366,NOT_READY
v16,v16_E002,v16_367,NOT_READY
v16,v16_E002,v16_368,NOT_READY
v16,v16_E002,v16_369,NOT_READY
v16,v16_E002,v16_370,NOT_READY
v16,v16_E002,v16_371,NOT_READY
v16,v16_E002,v16_372,NOT_READY
v16,v16_E002,v16_373,NOT_READY
v16,v16_E002,v16_374,NOT_READY
v16,v16_E002,v16_375,NOT_READY
v16,v16_E002,v16_376,NOT_READY
v16,v16_E002,v16_377,NOT_READY
v16,v16_E002,v16_378,NOT_READY
v16,v16_E002,v16_379,NOT_READY
v16,v16_E002,v16_380,NOT_READY
v16,v16_E002,v16_381,NOT_READY
v16,v16_E002,v16_382,READY
v16,v16_E002,v16_383,READY
v16,v16_E002,v16_384,READY
v16,v16_E002,v16_385,NOT_READY
v16,v16_E002,v16_386,NOT_READY
v16,v16_E002,v16_387,NOT_READY
v16,v16_E002,v16_388,NOT_READY
v16,v16_E002,v16_389,READY
v16,v16_E002,v16_390,READY
v16,v16_E002,v16_391,NOT_READY
v16,v16_E002,v16_392,NOT_READY
v16,v16_E002,v16_393,NOT_READY
v16,v16_E002,v16_394,NOT_READY
v16,v16_E002,v16_395,NOT_READY
v16,v16_E002,v16_396,NOT_READY
v16,v16_E002,v16_397,NOT_READY
v16,v16_E002,v16_398,NOT_READY
v16,v16_E002,v16_399,NOT_READY
v16,v16_E002,v16_400,NOT_READY
v16,v16_E002,v16_401,NOT_READY
v16,v16_E002,v16_402,NOT_READY
v16,v16_E002,v16_403,NOT_READY
v16,v16_E002,v16_404,NOT_READY
v16,v16_E002,v16_405,NOT_READY
v16,v16_E002,v16_406,NOT_READY
v16,v16_E002,v16_407,NOT_READY
v16,v16_E002,v16_408,NOT_READY
v16,v16_E002,v16_409,NOT_READY
v16,v16_E002,v16_410,NOT_READY
v16,v16_E002,v16_411,NOT_READY
v16,v16_E002,v16_412,NOT_READY
v16,v16_E002,v16_413,NOT_READY
v16,v16_E002,v16_414,NOT_READY
v16,v16_E002,v16_415,NOT_READY
v16,v16_E002,v16_416,NOT_READY
v16,v16_E002,v16_417,NOT_READY
v16,v16_E002,v16_418,NOT_READY
v16,v16_E002,v16_419,NOT_READY
v16,v16_E002,v16_420,NOT_READY
v16,v16_E002,v16_421,NOT_READY
v16,v16_E002,v16_422,NOT_READY
v16,v16_E002,v16_423,NOT_READY
v16,v16_E002,v16_424,NOT_READY
v16,v16_E002,v16_425,NOT_READY
v16,v16_E002,v16_426,NOT_READY
v16,v16_E002,v16_427,NOT_READY
v16,v16_E002,v16_428,NOT_READY
v16,v16_E002,v16_429,NOT_READY
v16,v16_E002,v16_430,NOT_READY
v16,v16_E002,v16_431,NOT_READY
v16,v16_E002,v16_432,NOT_READY
v16,v16_E002,v16_433,NOT_READY
v16,v16_E002,v16_434,NOT_READY
v16,v16_E002,v16_435,NOT_READY
v16,v16_E002,v16_436,NOT_READY
v16,v16_E002,v16_437,NOT_READY
v16,v16_E002,v16_438,NOT_READY
v16,v16_E002,v16_439,NOT_READY
v16,v16_E002,v16_440,NOT_READY
v16,v16_E002,v16_441,NOT_READY
v16,v16_E002,v16_442,NOT_READY
v16,v16_E002,v16_443,NOT_READY
v16,v16_E002,v16_444,NOT_READY
v16,v16_E002,v16_445,NOT_READY
v16,v16_E002,v16_446,NOT_READY
v16,v16_E002,v16_447,NOT_READY
v16,v16_E002,v16_448,NOT_READY
v16,v16_E002,v16_449,NOT_READY
v16,v16_E002,v16_450,NOT_READY
v16,v16_E002,v16_451,NOT_READY
v16,v16_E002,v16_452,NOT_READY
v16,v16_E002,v16_453,NOT_READY
v16,v16_E002,v16_454,NOT_READY
v16,v16_E002,v16_455,NOT_READY
v16,v16_E002,v16_456,NOT_READY
v16,v16_E002,v16_457,NOT_READY
v16,v16_E002,v16_458,NOT_READY
v16,v16_E002,v16_459,NOT_READY
v16,v16_E002,v16_460,NOT_READY
v16,v16_E002,v16_461,NOT_READY
v16,v16_E002,v16_462,NOT_READY
v16,v16_E002,v16_463,NOT_READY
v16,v16_E002,v16_464,NOT_READY
v16,v16_E002,v16_465,NOT_READY
v16,v16_E002,v16_466,NOT_READY
v16,v16_E002,v16_467,NOT_READY
v16,v16_E002,v16_468,NOT_READY
v16,v16_E002,v16_469,NOT_READY
v16,v16_E002,v16_470,NOT_READY
v16,v16_E002,v16_471,NOT_READY
v16,v16_E002,v16_472,NOT_READY
v16,v16_E002,v16_473,NOT_READY
v16,v16_E002,v16_474,NOT_READY
v16,v16_E002,v16_475,NOT_READY
v16,v16_E002,v16_476,NOT_READY
v16,v16_E002,v16_477,NOT_READY
v16,v16_E002,v16_478,NOT_READY
v16,v16_E002,v16_479,NOT_READY
v16,v16_E002,v16_480,NOT_READY
v16,v16_E002,v16_481,NOT_READY
v16,v16_E002,v16_482,NOT_READY
v16,v16_E002,v16_483,NOT_READY
v16,v16_E002,v16_484,NOT_READY
v16,v16_E002,v16_485,NOT_READY
v16,v16_E002,v16_486,NOT_READY
v16,v16_E002,v16_487,NOT_READY
v16,v16_E002,v16_488,NOT_READY
v16,v16_E002,v16_489,NOT_READY
v16,v16_E002,v16_490,NOT_READY
v16,v16_E002,v16_491,NOT_READY
v16,v16_E002,v16_492,NOT_READY
v16,v16_E002,v16_493,NOT_READY
v16,v16_E002,v16_494,NOT_READY
v16,v16_E002,v16_495,NOT_READY
v16,v16_E002,v16_496,NOT_READY
v16,v16_E002,v16_497,NOT_READY
v16,v16_E002,v16_498,NOT_READY
v16,v16_E002,v16_499,NOT_READY
v16,v16_E002,v16_500,NOT_READY
v16,v16_E002,v16_501,NOT_READY
v16,v16_E002,v16_502,NOT_READY
v16,v16_E002,v16_503,NOT_READY
v16,v16_E002,v16_504,NOT_READY
v16,v16_E002,v16_505,NOT_READY
v16,v16_E002,v16_506,NOT_READY
v16,v16_E002,v16_507,NOT_READY
v16,v16_E002,v16_508,NOT_READY
v16,v16_E002,v16_509,NOT_READY
v16,v16_E002,v16_510,NOT_READY
v16,v16_E002,v16_511,NOT_READY
v16,v16_E002,v16_512,NOT_READY
v16,,v16_513,INVALID
v16,,v16_514,INVALID
v16,,v16_515,INVALID
v16,,v16_516,INVALID
v16,,v16_517,INVALID
v16,,v16_518,INVALID
v16,,v16_519,INVALID
v16,,v16_520,INVALID
v16,,v16_521,INVALID
v16,,v16_522,INVALID
v16,,v16_523,INVALID
v16,,v16_524,INVALID
v16,,v16_525,INVALID
v16,,v16_526,INVALID
v16,,v16_527,INVALID
v16,,v16_528,INVALID
v16,,v16_529,INVALID
v16,,v16_530,INVALID
v16,,v16_531,INVALID
v16,,v16_532,INVALID
v16,,v16_533,INVALID
v16,,v16_534,INVALID
v16,,v16_535,INVALID
v16,,v16_536,INVALID
v16,,v16_537,INVALID
v16,,v16_538,INVALID
v16,,v16_539,INVALID
v16,,v16_540,INVALID
v16,,v16_541,INVALID
v16,,v16_542,INVALID
v16,,v16_543,INVALID
v17,v17_E001,v17_001,NOT_READY
v17,v17_E001,v17_002,NOT_READY
v17,v17_E001,v17_003,NOT_READY
v17,v17_E001,v17_004,NOT_READY
v17,v17_E001,v17_005,NOT_READY
v17,v17_E001,v17_006,NOT_READY
v17,v17_E001,v17_007,NOT_READY
v17,v17_E001,v17_008,NOT_READY
v17,v17_E001,v17_009,NOT_READY
v17,v17_E001,v17_010,NOT_READY
v17,v17_E001,v17_011,NOT_READY
v17,v17_E001,v17_012,NOT_READY
v17,v17_E001,v17_013,NOT_READY
v17,v17_E001,v17_014,NOT_READY
v17,v17_E001,v17_015,NOT_READY
v17,v17_E001,v17_016,NOT_READY
v17,v17_E001,v17_017,NOT_READY
v17,v17_E001,v17_018,NOT_READY
v17,v17_E001,v17_019,NOT_READY
v17,v17_E001,v17_020,NOT_READY
v17,v17_E001,v17_021,NOT_READY
v17,v17_E001,v17_022,NOT_READY
v17,v17_E001,v17_023,NOT_READY
v17,v17_E001,v17_024,NOT_READY
v17,v17_E001,v17_025,NOT_READY
v17,v17_E001,v17_026,NOT_READY
v17,v17_E001,v17_027,NOT_READY
v17,v17_E001,v17_028,NOT_READY
v17,v17_E001,v17_029,NOT_READY
v17,v17_E001,v17_030,NOT_READY
v17,v17_E001,v17_031,NOT_READY
v17,v17_E001,v17_032,NOT_READY
v17,v17_E001,v17_033,NOT_READY
v17,v17_E001,v17_034,NOT_READY
v17,v17_E001,v17_035,NOT_READY
v17,v17_E001,v17_036,READY
v17,v17_E001,v17_037,READY
v17,v17_E001,v17_038,READY
v17,v17_E001,v17_039,NOT_READY
v17,v17_E001,v17_040,NOT_READY
v17,v17_E001,v17_041,NOT_READY
v17,v17_E001,v17_042,NOT_READY
v17,v17_E001,v17_043,NOT_READY
v17,v17_E001,v17_044,NOT_READY
v17,v17_E001,v17_045,NOT_READY
v17,v17_E001,v17_046,NOT_READY
v17,v17_E001,v17_047,NOT_READY
v17,v17_E001,v17_048,NOT_READY
v17,v17_E001,v17_049,NOT_READY
v17,v17_E001,v17_050,NOT_READY
v17,v17_E001,v17_051,NOT_READY
v17,v17_E001,v17_052,NOT_READY
v17,v17_E001,v17_053,NOT_READY
v17,v17_E001,v17_054,NOT_READY
v17,v17_E001,v17_055,NOT_READY
v17,v17_E001,v17_056,NOT_READY
v17,v17_E001,v17_057,NOT_READY
v17,v17_E001,v17_058,NOT_READY
v17,v17_E001,v17_059,NOT_READY
v17,v17_E001,v17_060,NOT_READY
v17,v17_E001,v17_061,NOT_READY
v17,v17_E001,v17_062,NOT_READY
v17,v17_E001,v17_063,NOT_READY
v17,v17_E001,v17_064,NOT_READY
v17,v17_E001,v17_065,NOT_READY
v17,v17_E001,v17_066,NOT_READY
v17,v17_E001,v17_067,NOT_READY
v17,v17_E001,v17_068,NOT_READY
v17,v17_E001,v17_069,NOT_READY
v17,v17_E001,v17_070,NOT_READY
v17,v17_E001,v17_071,NOT_READY
v17,v17_E001,v17_072,NOT_READY
v17,v17_E001,v17_073,NOT_READY
v17,v17_E001,v17_074,NOT_READY
v17,v17_E001,v17_075,NOT_READY
v17,v17_E001,v17_076,NOT_READY
v17,v17_E001,v17_077,NOT_READY
v17,v17_E001,v17_078,NOT_READY
v17,v17_E001,v17_079,NOT_READY
v17,v17_E001,v17_080,NOT_READY
v17,v17_E001,v17_081,NOT_READY
v17,v17_E001,v17_082,NOT_READY
v17,v17_E001,v17_083,NOT_READY
v17,v17_E001,v17_084,NOT_READY
v17,v17_E001,v17_085,NOT_READY
v17,v17_E001,v17_086,NOT_READY
v17,v17_E001,v17_087,NOT_READY
v17,v17_E001,v17_088,NOT_READY
v17,v17_E001,v17_089,NOT_READY
v17,v17_E001,v17_090,NOT_READY
v17,v17_E001,v17_091,NOT_READY
v17,v17_E001,v17_092,NOT_READY
v17,v17_E001,v17_093,NOT_READY
v17,v17_E001,v17_094,NOT_READY
v17,v17_E001,v17_095,NOT_READY
v17,v17_E001,v17_096,NOT_READY
v17,v17_E001,v17_097,NOT_READY
v17,v17_E001,v17_098,NOT_READY
v17,v17_E001,v17_099,NOT_READY
v17,v17_E001,v17_100,NOT_READY
v17,v17_E001,v17_101,NOT_READY
v17,v17_E001,v17_102,NOT_READY
v17,v17_E001,v17_103,NOT_READY
v17,v17_E001,v17_104,NOT_READY
v17,v17_E001,v17_105,NOT_READY
v17,v17_E001,v17_106,NOT_READY
v17,v17_E001,v17_107,NOT_READY
v17,v17_E001,v17_108,NOT_READY
v17,v17_E001,v17_109,NOT_READY
v17,v17_E001,v17_110,NOT_READY
v17,v17_E001,v17_111,NOT_READY
v17,,v17_112,INVALID
v17,,v17_113,INVALID
v17,,v17_114,INVALID
v17,,v17_115,INVALID
v17,,v17_116,INVALID
v17,,v17_117,INVALID
v17,,v17_118,INVALID
v17,,v17_119,INVALID
v17,,v17_120,INVALID
v17,,v17_121,INVALID
v17,,v17_122,INVALID
v17,,v17_123,INVALID
v17,,v17_124,INVALID
v17,,v17_125,INVALID
v17,,v17_126,INVALID
v17,,v17_127,INVALID
v17,,v17_128,INVALID
v17,,v17_129,INVALID
v17,,v17_130,INVALID
v17,,v17_131,INVALID
v17,,v17_132,INVALID
v17,,v17_133,INVALID
v17,,v17_134,INVALID
v17,,v17_135,INVALID
v17,,v17_136,INVALID
v17,,v17_137,INVALID
v17,,v17_138,INVALID
v17,,v17_139,INVALID
v17,,v17_140,INVALID
v17,,v17_141,INVALID
v17,,v17_142,INVALID
v17,,v17_143,INVALID
v17,,v17_144,INVALID
v17,,v17_145,INVALID
v17,,v17_146,INVALID
v17,,v17_147,INVALID
v17,,v17_148,INVALID
v17,,v17_149,INVALID
v17,,v17_150,INVALID
v17,,v17_151,INVALID
v17,,v17_152,INVALID
v17,v17_E002,v17_153,NOT_READY
v17,v17_E002,v17_154,NOT_READY
v17,v17_E002,v17_155,NOT_READY
v17,v17_E002,v17_156,NOT_READY
v17,v17_E002,v17_157,NOT_READY
v17,v17_E002,v17_158,READY
v17,v17_E002,v17_159,READY
v17,v17_E002,v17_160,READY
v17,v17_E002,v17_161,NOT_READY
v17,v17_E002,v17_162,NOT_READY
v17,v17_E002,v17_163,NOT_READY
v17,v17_E002,v17_164,NOT_READY
v17,v17_E002,v17_165,NOT_READY
v17,v17_E002,v17_166,NOT_READY
v17,v17_E002,v17_167,READY
v17,v17_E002,v17_168,READY
v17,v17_E002,v17_169,READY
v17,v17_E002,v17_170,READY
v17,v17_E002,v17_171,READY
v17,v17_E002,v17_172,NOT_READY
v17,v17_E002,v17_173,NOT_READY
v17,v17_E002,v17_174,NOT_READY
v17,v17_E002,v17_175,NOT_READY
v17,v17_E002,v17_176,NOT_READY
v17,v17_E002,v17_177,NOT_READY
v17,v17_E002,v17_178,NOT_READY
v17,v17_E002,v17_179,NOT_READY
v17,v17_E002,v17_180,NOT_READY
v17,v17_E002,v17_181,NOT_READY
v17,v17_E002,v17_182,NOT_READY
v17,v17_E002,v17_183,NOT_READY
v17,v17_E002,v17_184,NOT_READY
v17,v17_E002,v17_185,NOT_READY
v17,v17_E002,v17_186,NOT_READY
v17,v17_E002,v17_187,NOT_READY
v17,v17_E002,v17_188,NOT_READY
v17,v17_E002,v17_189,NOT_READY
v17,v17_E002,v17_190,NOT_READY
v17,v17_E002,v17_191,NOT_READY
v17,v17_E002,v17_192,NOT_READY
v17,v17_E002,v17_193,NOT_READY
v17,v17_E002,v17_194,NOT_READY
v17,v17_E002,v17_195,NOT_READY
v17,v17_E002,v17_196,NOT_READY
v17,v17_E002,v17_197,NOT_READY
v17,v17_E002,v17_198,NOT_READY
v17,v17_E002,v17_199,NOT_READY
v17,v17_E002,v17_200,NOT_READY
v17,v17_E002,v17_201,NOT_READY
v17,v17_E002,v17_202,NOT_READY
v17,v17_E002,v17_203,NOT_READY
v17,v17_E002,v17_204,NOT_READY
v17,v17_E002,v17_205,NOT_READY
v17,v17_E002,v17_206,NOT_READY
v17,v17_E002,v17_207,NOT_READY
v17,v17_E002,v17_208,NOT_READY
v17,v17_E002,v17_209,NOT_READY
v17,v17_E002,v17_210,NOT_READY
v17,v17_E002,v17_211,NOT_READY
v17,v17_E002,v17_212,NOT_READY
v17,v17_E002,v17_213,NOT_READY
v17,v17_E002,v17_214,NOT_READY
v17,v17_E002,v17_215,NOT_READY
v17,v17_E002,v17_216,NOT_READY
v17,v17_E002,v17_217,NOT_READY
v17,v17_E002,v17_218,NOT_READY
v17,v17_E002,v17_219,NOT_READY
v17,v17_E002,v17_220,NOT_READY
v17,v17_E002,v17_221,NOT_READY
v17,v17_E002,v17_222,NOT_READY
v17,v17_E002,v17_223,NOT_READY
v17,v17_E002,v17_224,NOT_READY
v17,v17_E002,v17_225,NOT_READY
v17,v17_E002,v17_226,NOT_READY
v17,v17_E002,v17_227,NOT_READY
v17,v17_E002,v17_228,NOT_READY
v17,v17_E002,v17_229,NOT_READY
v17,v17_E002,v17_230,NOT_READY
v17,v17_E002,v17_231,NOT_READY
v17,v17_E002,v17_232,NOT_READY
v17,v17_E002,v17_233,NOT_READY
v17,v17_E002,v17_234,NOT_READY
v17,v17_E002,v17_235,NOT_READY
v17,v17_E002,v17_236,NOT_READY
v17,v17_E002,v17_237,NOT_READY
v17,v17_E002,v17_238,NOT_READY
v17,v17_E002,v17_239,NOT_READY
v17,v17_E002,v17_240,NOT_READY
v17,v17_E002,v17_241,NOT_READY
v17,v17_E002,v17_242,NOT_READY
v17,v17_E002,v17_243,NOT_READY
v17,v17_E002,v17_244,NOT_READY
v17,v17_E002,v17_245,NOT_READY
v17,v17_E002,v17_246,NOT_READY
v17,v17_E002,v17_247,NOT_READY
v17,v17_E002,v17_248,NOT_READY
v17,v17_E002,v17_249,NOT_READY
v17,v17_E002,v17_250,NOT_READY
v17,v17_E002,v17_251,NOT_READY
v17,v17_E002,v17_252,NOT_READY
v17,v17_E002,v17_253,NOT_READY
v17,v17_E002,v17_254,NOT_READY
v17,v17_E002,v17_255,NOT_READY
v17,v17_E002,v17_256,NOT_READY
v17,v17_E002,v17_257,NOT_READY
v17,v17_E002,v17_258,NOT_READY
v17,v17_E002,v17_259,NOT_READY
v17,v17_E002,v17_260,NOT_READY
v17,v17_E002,v17_261,NOT_READY
v17,v17_E002,v17_262,NOT_READY
v17,v17_E002,v17_263,NOT_READY
v17,v17_E002,v17_264,NOT_READY
v17,v17_E002,v17_265,NOT_READY
v17,v17_E002,v17_266,NOT_READY
v17,v17_E002,v17_267,NOT_READY
v17,v17_E002,v17_268,NOT_READY
v17,v17_E002,v17_269,NOT_READY
v17,v17_E002,v17_270,NOT_READY
v17,v17_E002,v17_271,NOT_READY
v17,v17_E002,v17_272,NOT_READY
v17,v17_E002,v17_273,NOT_READY
v17,v17_E002,v17_274,NOT_READY
v17,v17_E002,v17_275,NOT_READY
v17,v17_E002,v17_276,NOT_READY
v17,v17_E002,v17_277,NOT_READY
v17,v17_E002,v17_278,NOT_READY
v17,v17_E002,v17_279,NOT_READY
v17,v17_E002,v17_280,NOT_READY
v17,v17_E002,v17_281,NOT_READY
v17,v17_E002,v17_282,NOT_READY
v17,v17_E002,v17_283,NOT_READY
v17,,v17_284,INVALID
v17,,v17_285,INVALID
v17,,v17_286,INVALID
v17,,v17_287,INVALID
v17,,v17_288,INVALID
v17,,v17_289,INVALID
v17,,v17_290,INVALID
v17,,v17_291,INVALID
v17,,v17_292,INVALID
v17,,v17_293,INVALID
v17,,v17_294,INVALID
v17,,v17_295,INVALID
v17,,v17_296,INVALID
v17,,v17_297,INVALID
v17,,v17_298,INVALID
v17,,v17_299,INVALID
v17,,v17_300,INVALID
v17,,v17_301,INVALID
v17,,v17_302,INVALID
v17,,v17_303,INVALID
v17,,v17_304,INVALID
v17,,v17_305,INVALID
v17,,v17_306,INVALID
v17,,v17_307,INVALID
v17,,v17_308,INVALID
v17,,v17_309,INVALID
v17,,v17_310,INVALID
v17,,v17_311,INVALID
v17,,v17_312,INVALID
v17,,v17_313,INVALID
v17,,v17_314,INVALID
v17,,v17_315,INVALID
v17,,v17_316,INVALID
v17,,v17_317,INVALID
v17,,v17_318,INVALID
v17,,v17_319,INVALID
v17,,v17_320,INVALID
v17,,v17_321,INVALID
v17,,v17_322,INVALID
v17,,v17_323,INVALID
v17,v17_E003,v17_324,NOT_READY
v17,v17_E003,v17_325,NOT_READY
v17,v17_E003,v17_326,NOT_READY
v17,v17_E003,v17_327,NOT_READY
v17,v17_E003,v17_328,NOT_READY
v17,v17_E003,v17_329,NOT_READY
v17,v17_E003,v17_330,NOT_READY
v17,v17_E003,v17_331,NOT_READY
v17,v17_E003,v17_332,NOT_READY
v17,v17_E003,v17_333,NOT_READY
v17,v17_E003,v17_334,NOT_READY
v17,v17_E003,v17_335,NOT_READY
v17,v17_E003,v17_336,NOT_READY
v17,v17_E003,v17_337,NOT_READY
v17,v17_E003,v17_338,NOT_READY
v17,v17_E003,v17_339,NOT_READY
v17,v17_E003,v17_340,NOT_READY
v17,v17_E003,v17_341,NOT_READY
v17,v17_E003,v17_342,READY
v17,v17_E003,v17_343,READY
v17,v17_E003,v17_344,NOT_READY
v17,v17_E003,v17_345,READY
v17,v17_E003,v17_346,NOT_READY
v17,v17_E003,v17_347,READY
v17,v17_E003,v17_348,READY
v17,v17_E003,v17_349,NOT_READY
v17,v17_E003,v17_350,NOT_READY
v17,v17_E003,v17_351,NOT_READY
v17,v17_E003,v17_352,READY
v17,v17_E003,v17_353,READY
v17,v17_E003,v17_354,NOT_READY
v17,v17_E003,v17_355,NOT_READY
v17,v17_E003,v17_356,NOT_READY
v17,v17_E003,v17_357,NOT_READY
v17,v17_E003,v17_358,NOT_READY
v17,v17_E003,v17_359,NOT_READY
v17,v17_E003,v17_360,NOT_READY
v17,v17_E003,v17_361,NOT_READY
v17,v17_E003,v17_362,NOT_READY
v17,v17_E003,v17_363,NOT_READY
v17,v17_E003,v17_364,NOT_READY
v17,v17_E003,v17_365,NOT_READY
v17,v17_E003,v17_366,NOT_READY
v17,v17_E003,v17_367,NOT_READY
v17,v17_E003,v17_368,NOT_READY
v17,v17_E003,v17_369,NOT_READY
v17,v17_E003,v17_370,NOT_READY
v17,v17_E003,v17_371,NOT_READY
v17,v17_E003,v17_372,NOT_READY
v17,v17_E003,v17_373,NOT_READY
v17,v17_E003,v17_374,NOT_READY
v17,v17_E003,v17_375,NOT_READY
v17,v17_E003,v17_376,NOT_READY
v17,v17_E003,v17_377,NOT_READY
v17,v17_E003,v17_378,NOT_READY
v17,v17_E003,v17_379,NOT_READY
v17,v17_E003,v17_380,NOT_READY
v17,v17_E003,v17_381,NOT_READY
v17,v17_E003,v17_382,NOT_READY
v17,v17_E003,v17_383,NOT_READY
v17,v17_E003,v17_384,NOT_READY
v17,v17_E003,v17_385,NOT_READY
v17,v17_E003,v17_386,NOT_READY
v17,v17_E003,v17_387,NOT_READY
v17,v17_E003,v17_388,NOT_READY
v17,v17_E003,v17_389,NOT_READY
v17,v17_E003,v17_390,NOT_READY
v17,v17_E003,v17_391,NOT_READY
v17,v17_E003,v17_392,NOT_READY
v17,v17_E003,v17_393,NOT_READY
v17,v17_E003,v17_394,NOT_READY
v17,v17_E003,v17_395,NOT_READY
v17,v17_E003,v17_396,NOT_READY
v17,v17_E003,v17_397,NOT_READY
v17,v17_E003,v17_398,NOT_READY
v17,v17_E003,v17_399,NOT_READY
v17,v17_E003,v17_400,NOT_READY
v17,v17_E003,v17_401,NOT_READY
v17,v17_E003,v17_402,NOT_READY
v17,v17_E003,v17_403,NOT_READY
v17,v17_E003,v17_404,NOT_READY
v17,v17_E003,v17_405,NOT_READY
v17,v17_E003,v17_406,NOT_READY
v17,v17_E003,v17_407,NOT_READY
v17,v17_E003,v17_408,NOT_READY
v17,v17_E003,v17_409,NOT_READY
v17,v17_E003,v17_410,NOT_READY
v17,v17_E003,v17_411,NOT_READY
v17,v17_E003,v17_412,NOT_READY
v17,v17_E003,v17_413,NOT_READY
v17,v17_E003,v17_414,NOT_READY
v17,v17_E003,v17_415,NOT_READY
v17,v17_E003,v17_416,NOT_READY
v17,v17_E003,v17_417,NOT_READY
v17,v17_E003,v17_418,NOT_READY
v17,v17_E003,v17_419,NOT_READY
v17,v17_E003,v17_420,NOT_READY
v17,v17_E003,v17_421,NOT_READY
v17,v17_E003,v17_422,NOT_READY
v17,v17_E003,v17_423,NOT_READY
v17,v17_E003,v17_424,NOT_READY
v17,v17_E003,v17_425,NOT_READY
v17,v17_E003,v17_426,NOT_READY
v17,v17_E003,v17_427,NOT_READY
v17,v17_E003,v17_428,NOT_READY
v17,v17_E003,v17_429,NOT_READY
v17,v17_E003,v17_430,NOT_READY
v17,v17_E003,v17_431,NOT_READY
v17,v17_E003,v17_432,NOT_READY
v17,v17_E003,v17_433,NOT_READY
v17,v17_E003,v17_434,NOT_READY
v17,v17_E003,v17_435,NOT_READY
v17,v17_E003,v17_436,NOT_READY
v17,v17_E003,v17_437,NOT_READY
v17,v17_E003,v17_438,NOT_READY
v17,v17_E003,v17_439,NOT_READY
v17,v17_E003,v17_440,NOT_READY
v17,v17_E003,v17_441,NOT_READY
v17,v17_E003,v17_442,NOT_READY
v17,v17_E003,v17_443,NOT_READY
v17,v17_E003,v17_444,NOT_READY
v17,v17_E003,v17_445,NOT_READY
v17,v17_E003,v17_446,NOT_READY
v17,v17_E003,v17_447,NOT_READY
v17,v17_E003,v17_448,NOT_READY
v17,v17_E003,v17_449,NOT_READY
v17,v17_E003,v17_450,NOT_READY
v17,v17_E003,v17_451,NOT_READY
v17,v17_E003,v17_452,NOT_READY
v17,v17_E003,v17_453,NOT_READY
v17,v17_E003,v17_454,NOT_READY
v17,v17_E003,v17_455,NOT_READY
v17,v17_E003,v17_456,NOT_READY
v17,v17_E003,v17_457,NOT_READY
v17,v17_E003,v17_458,NOT_READY
v17,v17_E003,v17_459,NOT_READY
v17,v17_E003,v17_460,NOT_READY
v17,v17_E003,v17_461,NOT_READY
v17,v17_E003,v17_462,NOT_READY
v17,v17_E003,v17_463,NOT_READY
v17,v17_E003,v17_464,NOT_READY
v17,v17_E003,v17_465,NOT_READY
v17,v17_E003,v17_466,NOT_READY
v17,v17_E003,v17_467,NOT_READY
v17,v17_E003,v17_468,NOT_READY
v17,v17_E003,v17_469,NOT_READY
v17,v17_E003,v17_470,NOT_READY
v17,v17_E003,v17_471,NOT_READY
v17,v17_E003,v17_472,NOT_READY
v17,v17_E003,v17_473,NOT_READY
v17,v17_E003,v17_474,NOT_READY
v17,v17_E003,v17_475,NOT_READY
v17,v17_E003,v17_476,NOT_READY
v17,v17_E003,v17_477,NOT_READY
v17,v17_E003,v17_478,NOT_READY
v17,v17_E003,v17_479,NOT_READY
v17,v17_E003,v17_480,NOT_READY
v17,v17_E003,v17_481,NOT_READY
v17,v17_E003,v17_482,NOT_READY
v17,v17_E003,v17_483,NOT_READY
v17,v17_E003,v17_484,NOT_READY
v17,v17_E003,v17_485,NOT_READY
v17,v17_E003,v17_486,NOT_READY
v17,v17_E003,v17_487,NOT_READY
v17,v17_E003,v17_488,NOT_READY
v17,v17_E003,v17_489,NOT_READY
v17,v17_E003,v17_490,NOT_READY
v17,v17_E003,v17_491,NOT_READY
v17,v17_E003,v17_492,NOT_READY
v17,v17_E003,v17_493,NOT_READY
v17,v17_E003,v17_494,NOT_READY
v17,v17_E003,v17_495,NOT_READY
v17,v17_E003,v17_496,NOT_READY
v17,v17_E003,v17_497,NOT_READY
v17,v17_E003,v17_498,NOT_READY
v17,v17_E003,v17_499,NOT_READY
v17,v17_E003,v17_500,NOT_READY
v17,v17_E003,v17_501,NOT_READY
v17,v17_E003,v17_502,NOT_READY
v17,v17_E003,v17_503,NOT_READY
v17,v17_E003,v17_504,NOT_READY
v17,v17_E003,v17_505,NOT_READY
v17,v17_E003,v17_506,NOT_READY
v17,v17_E003,v17_507,NOT_READY
v17,v17_E003,v17_508,NOT_READY
v17,v17_E003,v17_509,NOT_READY
v17,v17_E003,v17_510,NOT_READY
v17,v17_E003,v17_511,NOT_READY
v17,v17_E003,v17_512,NOT_READY
v17,v17_E003,v17_513,NOT_READY
v17,v17_E003,v17_514,NOT_READY
v17,v17_E003,v17_515,NOT_READY
v17,v17_E003,v17_516,NOT_READY
v17,v17_E003,v17_517,NOT_READY
v17,v17_E003,v17_518,NOT_READY
v17,v17_E003,v17_519,NOT_READY
v17,v17_E003,v17_520,NOT_READY
v17,v17_E003,v17_521,NOT_READY
v17,v17_E003,v17_522,NOT_READY
v17,v17_E003,v17_523,NOT_READY
v17,v17_E003,v17_524,NOT_READY
v17,v17_E003,v17_525,NOT_READY
v17,v17_E003,v17_526,NOT_READY
v17,v17_E003,v17_527,NOT_READY
v17,v17_E003,v17_528,NOT_READY
v17,v17_E003,v17_529,NOT_READY
v17,v17_E003,v17_530,NOT_READY
v17,v17_E003,v17_531,NOT_READY
v17,v17_E003,v17_532,NOT_READY
v17,v17_E003,v17_533,NOT_READY
v17,v17_E003,v17_534,NOT_READY
v17,v17_E003,v17_535,NOT_READY
v17,v17_E003,v17_536,NOT_READY
v17,v17_E003,v17_537,NOT_READY
v17,v17_E003,v17_538,NOT_READY
v17,v17_E003,v17_539,NOT_READY
v17,v17_E003,v17_540,NOT_READY
v17,v17_E003,v17_541,NOT_READY
v17,v17_E003,v17_542,NOT_READY
v18,v18_E001,v18_001,READY
v18,v18_E001,v18_002,READY
v18,v18_E001,v18_003,READY
v18,v18_E001,v18_004,READY
v18,v18_E001,v18_005,READY
v18,v18_E001,v18_006,NOT_READY
v18,v18_E001,v18_007,NOT_READY
v18,v18_E001,v18_008,NOT_READY
v18,v18_E001,v18_009,NOT_READY
v18,v18_E001,v18_010,NOT_READY
v18,v18_E001,v18_011,NOT_READY
v18,v18_E001,v18_012,READY
v18,v18_E001,v18_013,READY
v18,v18_E001,v18_014,READY
v18,v18_E001,v18_015,READY
v18,v18_E001,v18_016,NOT_READY
v18,v18_E001,v18_017,NOT_READY
v18,v18_E001,v18_018,NOT_READY
v18,v18_E001,v18_019,NOT_READY
v18,v18_E001,v18_020,NOT_READY
v18,v18_E001,v18_021,NOT_READY
v18,v18_E001,v18_022,NOT_READY
v18,v18_E001,v18_023,NOT_READY
v18,v18_E001,v18_024,NOT_READY
v18,v18_E001,v18_025,NOT_READY
v18,v18_E001,v18_026,NOT_READY
v18,v18_E001,v18_027,NOT_READY
v18,v18_E001,v18_028,NOT_READY
v18,v18_E001,v18_029,NOT_READY
v18,v18_E001,v18_030,NOT_READY
v18,v18_E001,v18_031,NOT_READY
v18,v18_E001,v18_032,NOT_READY
v18,v18_E001,v18_033,NOT_READY
v18,v18_E001,v18_034,NOT_READY
v18,v18_E001,v18_035,NOT_READY
v18,v18_E001,v18_036,NOT_READY
v18,v18_E001,v18_037,NOT_READY
v18,v18_E001,v18_038,NOT_READY
v18,v18_E001,v18_039,NOT_READY
v18,v18_E001,v18_040,NOT_READY
v18,v18_E001,v18_041,NOT_READY
v18,v18_E001,v18_042,NOT_READY
v18,v18_E001,v18_043,NOT_READY
v18,v18_E001,v18_044,NOT_READY
v18,v18_E001,v18_045,NOT_READY
v18,v18_E001,v18_046,NOT_READY
v18,v18_E001,v18_047,NOT_READY
v18,v18_E001,v18_048,NOT_READY
v18,v18_E001,v18_049,NOT_READY
v18,v18_E001,v18_050,NOT_READY
v18,v18_E001,v18_051,NOT_READY
v18,v18_E001,v18_052,NOT_READY
v18,v18_E001,v18_053,NOT_READY
v18,v18_E001,v18_054,NOT_READY
v18,v18_E001,v18_055,NOT_READY
v18,v18_E001,v18_056,NOT_READY
v18,v18_E001,v18_057,NOT_READY
v18,v18_E001,v18_058,NOT_READY
v18,v18_E001,v18_059,NOT_READY
v18,v18_E001,v18_060,NOT_READY
v18,v18_E001,v18_061,NOT_READY
v18,v18_E001,v18_062,NOT_READY
v18,v18_E001,v18_063,NOT_READY
v18,v18_E001,v18_064,NOT_READY
v18,v18_E001,v18_065,NOT_READY
v18,v18_E001,v18_066,NOT_READY
v18,v18_E001,v18_067,NOT_READY
v18,v18_E001,v18_068,NOT_READY
v18,v18_E001,v18_069,NOT_READY
v18,v18_E001,v18_070,NOT_READY
v18,v18_E001,v18_071,NOT_READY
v18,v18_E001,v18_072,NOT_READY
v18,v18_E001,v18_073,NOT_READY
v18,v18_E001,v18_074,NOT_READY
v18,v18_E001,v18_075,NOT_READY
v18,v18_E001,v18_076,NOT_READY
v18,v18_E001,v18_077,NOT_READY
v18,v18_E001,v18_078,NOT_READY
v18,,v18_079,INVALID
v18,,v18_080,INVALID
v18,,v18_081,INVALID
v18,,v18_082,INVALID
v18,,v18_083,INVALID
v18,,v18_084,INVALID
v18,,v18_085,INVALID
v18,,v18_086,INVALID
v18,,v18_087,INVALID
v18,,v18_088,INVALID
v18,,v18_089,INVALID
v18,,v18_090,INVALID
v18,,v18_091,INVALID
v18,,v18_092,INVALID
v18,,v18_093,INVALID
v18,,v18_094,INVALID
v18,,v18_095,INVALID
v18,,v18_096,INVALID
v18,,v18_097,INVALID
v18,,v18_098,INVALID
v18,,v18_099,INVALID
v18,,v18_100,INVALID
v18,,v18_101,INVALID
v18,,v18_102,INVALID
v18,,v18_103,INVALID
v18,,v18_104,INVALID
v18,,v18_105,INVALID
v18,,v18_106,INVALID
v18,,v18_107,INVALID
v18,,v18_108,INVALID
v18,,v18_109,INVALID
v18,,v18_110,INVALID
v18,,v18_111,INVALID
v18,,v18_112,INVALID
v18,,v18_113,INVALID
v18,,v18_114,INVALID
v18,,v18_115,INVALID
v18,v18_E002,v18_116,NOT_READY
v18,v18_E002,v18_117,NOT_READY
v18,v18_E002,v18_118,NOT_READY
v18,v18_E002,v18_119,NOT_READY
v18,v18_E002,v18_120,NOT_READY
v18,v18_E002,v18_121,NOT_READY
v18,v18_E002,v18_122,NOT_READY
v18,v18_E002,v18_123,NOT_READY
v18,v18_E002,v18_124,NOT_READY
v18,v18_E002,v18_125,NOT_READY
v18,v18_E002,v18_126,NOT_READY
v18,v18_E002,v18_127,NOT_READY
v18,v18_E002,v18_128,NOT_READY
v18,v18_E002,v18_129,READY
v18,v18_E002,v18_130,READY
v18,v18_E002,v18_131,READY
v18,v18_E002,v18_132,NOT_READY
v18,v18_E002,v18_133,NOT_READY
v18,v18_E002,v18_134,NOT_READY
v18,v18_E002,v18_135,READY
v18,v18_E002,v18_136,NOT_READY
v18,v18_E002,v18_137,NOT_READY
v18,v18_E002,v18_138,NOT_READY
v18,v18_E002,v18_139,NOT_READY
v18,v18_E002,v18_140,NOT_READY
v18,v18_E002,v18_141,NOT_READY
v18,v18_E002,v18_142,NOT_READY
v18,v18_E002,v18_143,NOT_READY
v18,v18_E002,v18_144,NOT_READY
v18,v18_E002,v18_145,NOT_READY
v18,v18_E002,v18_146,NOT_READY
v18,v18_E002,v18_147,NOT_READY
v18,v18_E002,v18_148,NOT_READY
v18,v18_E002,v18_149,NOT_READY
v18,v18_E002,v18_150,NOT_READY
v18,v18_E002,v18_151,NOT_READY
v18,v18_E002,v18_152,NOT_READY
v18,v18_E002,v18_153,NOT_READY
v18,v18_E002,v18_154,NOT_READY
v18,v18_E002,v18_155,NOT_READY
v18,v18_E002,v18_156,NOT_READY
v18,v18_E002,v18_157,NOT_READY
v18,v18_E002,v18_158,NOT_READY
v18,v18_E002,v18_159,NOT_READY
v18,v18_E002,v18_160,NOT_READY
v18,v18_E002,v18_161,NOT_READY
v18,v18_E002,v18_162,NOT_READY
v18,v18_E002,v18_163,NOT_READY
v18,v18_E002,v18_164,NOT_READY
v18,v18_E002,v18_165,NOT_READY
v18,v18_E002,v18_166,NOT_READY
v18,v18_E002,v18_167,NOT_READY
v18,v18_E002,v18_168,NOT_READY
v18,v18_E002,v18_169,NOT_READY
v18,v18_E002,v18_170,NOT_READY
v18,v18_E002,v18_171,NOT_READY
v18,v18_E002,v18_172,NOT_READY
v18,v18_E002,v18_173,NOT_READY
v18,v18_E002,v18_174,NOT_READY
v18,v18_E002,v18_175,NOT_READY
v18,v18_E002,v18_176,NOT_READY
v18,v18_E002,v18_177,NOT_READY
v18,v18_E002,v18_178,NOT_READY
v18,v18_E002,v18_179,NOT_READY
v18,v18_E002,v18_180,NOT_READY
v18,v18_E002,v18_181,NOT_READY
v18,v18_E002,v18_182,NOT_READY
v18,v18_E002,v18_183,NOT_READY
v18,v18_E002,v18_184,NOT_READY
v18,v18_E002,v18_185,NOT_READY
v18,v18_E002,v18_186,NOT_READY
v18,v18_E002,v18_187,NOT_READY
v18,v18_E002,v18_188,NOT_READY
v18,v18_E002,v18_189,NOT_READY
v18,v18_E002,v18_190,NOT_READY
v18,v18_E002,v18_191,NOT_READY
v18,v18_E002,v18_192,NOT_READY
v18,v18_E002,v18_193,NOT_READY
v18,v18_E002,v18_194,NOT_READY
v18,v18_E002,v18_195,NOT_READY
v18,v18_E002,v18_196,NOT_READY
v18,v18_E002,v18_197,NOT_READY
v18,v18_E002,v18_198,NOT_READY
v18,v18_E002,v18_199,NOT_READY
v18,v18_E002,v18_200,NOT_READY
v18,v18_E002,v18_201,NOT_READY
v18,v18_E002,v18_202,NOT_READY
v18,v18_E002,v18_203,NOT_READY
v18,v18_E002,v18_204,NOT_READY
v18,v18_E002,v18_205,NOT_READY
v18,v18_E002,v18_206,NOT_READY
v18,v18_E002,v18_207,NOT_READY
v18,v18_E002,v18_208,NOT_READY
v18,v18_E002,v18_209,NOT_READY
v18,v18_E002,v18_210,NOT_READY
v18,v18_E002,v18_211,NOT_READY
v18,v18_E002,v18_212,NOT_READY
v18,v18_E002,v18_213,NOT_READY
v18,v18_E002,v18_214,NOT_READY
v18,v18_E002,v18_215,NOT_READY
v18,v18_E002,v18_216,NOT_READY
v18,v18_E002,v18_217,NOT_READY
v18,v18_E002,v18_218,NOT_READY
v18,v18_E002,v18_219,NOT_READY
v18,v18_E002,v18_220,NOT_READY
v18,v18_E002,v18_221,NOT_READY
v18,v18_E002,v18_222,NOT_READY
v18,v18_E002,v18_223,NOT_READY
v18,v18_E002,v18_224,NOT_READY
v18,v18_E002,v18_225,NOT_READY
v18,v18_E002,v18_226,NOT_READY
v18,v18_E002,v18_227,NOT_READY
v18,v18_E002,v18_228,NOT_READY
v18,v18_E002,v18_229,NOT_READY
v18,v18_E002,v18_230,NOT_READY
v18,v18_E002,v18_231,NOT_READY
v18,v18_E002,v18_232,NOT_READY
v18,v18_E002,v18_233,NOT_READY
v18,v18_E002,v18_234,NOT_READY
v18,v18_E002,v18_235,NOT_READY
v18,v18_E002,v18_236,NOT_READY
v18,v18_E002,v18_237,NOT_READY
v18,v18_E002,v18_238,NOT_READY
v18,v18_E002,v18_239,NOT_READY
v18,,v18_240,INVALID
v18,,v18_241,INVALID
v18,,v18_242,INVALID
v18,,v18_243,INVALID
v18,,v18_244,INVALID
v18,,v18_245,INVALID
v18,,v18_246,INVALID
v18,,v18_247,INVALID
v18,,v18_248,INVALID
v18,,v18_249,INVALID
v18,,v18_250,INVALID
v18,,v18_251,INVALID
v18,,v18_252,INVALID
v18,,v18_253,INVALID
v18,,v18_254,INVALID
v18,,v18_255,INVALID
v18,,v18_256,INVALID
v18,,v18_257,INVALID
v18,,v18_258,INVALID
v18,,v18_259,INVALID
v18,,v18_260,INVALID
v18,,v18_261,INVALID
v18,,v18_262,INVALID
v18,,v18_263,INVALID
v18,,v18_264,INVALID
v18,,v18_265,INVALID
v18,,v18_266,INVALID
v18,,v18_267,INVALID
v18,,v18_268,INVALID
v18,,v18_269,INVALID
v18,,v18_270,INVALID
v18,,v18_271,INVALID
v18,,v18_272,INVALID
v18,,v18_273,INVALID
v18,,v18_274,INVALID
v18,,v18_275,INVALID
v18,,v18_276,INVALID
v18,,v18_277,INVALID
v18,v18_E003,v18_278,NOT_READY
v18,v18_E003,v18_279,NOT_READY
v18,v18_E003,v18_280,NOT_READY
v18,v18_E003,v18_281,NOT_READY
v18,v18_E003,v18_282,NOT_READY
v18,v18_E003,v18_283,READY
v18,v18_E003,v18_284,READY
v18,v18_E003,v18_285,READY
v18,v18_E003,v18_286,READY
v18,v18_E003,v18_287,NOT_READY
v18,v18_E003,v18_288,NOT_READY
v18,v18_E003,v18_289,NOT_READY
v18,v18_E003,v18_290,NOT_READY
v18,v18_E003,v18_291,NOT_READY
v18,v18_E003,v18_292,NOT_READY
v18,v18_E003,v18_293,NOT_READY
v18,v18_E003,v18_294,NOT_READY
v18,v18_E003,v18_295,NOT_READY
v18,v18_E003,v18_296,NOT_READY
v18,v18_E003,v18_297,NOT_READY
v18,v18_E003,v18_298,NOT_READY
v18,v18_E003,v18_299,NOT_READY
v18,v18_E003,v18_300,NOT_READY
v18,v18_E003,v18_301,NOT_READY
v18,v18_E003,v18_302,NOT_READY
v18,v18_E003,v18_303,NOT_READY
v18,v18_E003,v18_304,NOT_READY
v18,v18_E003,v18_305,NOT_READY
v18,v18_E003,v18_306,NOT_READY
v18,v18_E003,v18_307,NOT_READY
v18,v18_E003,v18_308,NOT_READY
v18,v18_E003,v18_309,NOT_READY
v18,v18_E003,v18_310,NOT_READY
v18,v18_E003,v18_311,NOT_READY
v18,v18_E003,v18_312,NOT_READY
v18,v18_E003,v18_313,NOT_READY
v18,v18_E003,v18_314,NOT_READY
v18,v18_E003,v18_315,NOT_READY
v18,v18_E003,v18_316,NOT_READY
v18,v18_E003,v18_317,NOT_READY
v18,v18_E003,v18_318,NOT_READY
v18,v18_E003,v18_319,NOT_READY
v18,v18_E003,v18_320,NOT_READY
v18,v18_E003,v18_321,NOT_READY
v18,v18_E003,v18_322,READY
v18,v18_E003,v18_323,READY
v18,v18_E003,v18_324,NOT_READY
v18,v18_E003,v18_325,NOT_READY
v18,v18_E003,v18_326,NOT_READY
v18,v18_E003,v18_327,NOT_READY
v18,v18_E003,v18_328,NOT_READY
v18,v18_E003,v18_329,NOT_READY
v18,v18_E003,v18_330,NOT_READY
v18,v18_E003,v18_331,NOT_READY
v18,v18_E003,v18_332,NOT_READY
v18,v18_E003,v18_333,NOT_READY
v18,v18_E003,v18_334,NOT_READY
v18,v18_E003,v18_335,NOT_READY
v18,v18_E003,v18_336,NOT_READY
v18,v18_E003,v18_337,NOT_READY
v18,v18_E003,v18_338,NOT_READY
v18,v18_E003,v18_339,NOT_READY
v18,v18_E003,v18_340,NOT_READY
v18,v18_E003,v18_341,NOT_READY
v18,v18_E003,v18_342,NOT_READY
v18,v18_E003,v18_343,NOT_READY
v18,v18_E003,v18_344,NOT_READY
v18,v18_E003,v18_345,NOT_READY
v18,v18_E003,v18_346,NOT_READY
v18,v18_E003,v18_347,NOT_READY
v18,v18_E003,v18_348,NOT_READY
v18,v18_E003,v18_349,NOT_READY
v18,v18_E003,v18_350,NOT_READY
v18,v18_E003,v18_351,NOT_READY
v18,v18_E003,v18_352,NOT_READY
v18,v18_E003,v18_353,NOT_READY
v18,v18_E003,v18_354,NOT_READY
v18,v18_E003,v18_355,NOT_READY
v18,v18_E003,v18_356,NOT_READY
v18,v18_E003,v18_357,NOT_READY
v18,v18_E003,v18_358,NOT_READY
v18,v18_E003,v18_359,NOT_READY
v18,v18_E003,v18_360,NOT_READY
v18,v18_E003,v18_361,NOT_READY
v18,v18_E003,v18_362,NOT_READY
v18,v18_E003,v18_363,NOT_READY
v18,v18_E003,v18_364,NOT_READY
v18,v18_E003,v18_365,NOT_READY
v18,v18_E003,v18_366,NOT_READY
v18,v18_E003,v18_367,NOT_READY
v18,v18_E003,v18_368,NOT_READY
v18,v18_E003,v18_369,NOT_READY
v18,v18_E003,v18_370,NOT_READY
v18,v18_E003,v18_371,NOT_READY
v18,v18_E003,v18_372,NOT_READY
v18,v18_E003,v18_373,NOT_READY
v18,v18_E003,v18_374,NOT_READY
v18,v18_E003,v18_375,NOT_READY
v18,v18_E003,v18_376,NOT_READY
v18,v18_E003,v18_377,NOT_READY
v18,v18_E003,v18_378,NOT_READY
v18,v18_E003,v18_379,NOT_READY
v18,v18_E003,v18_380,NOT_READY
v18,v18_E003,v18_381,NOT_READY
v18,v18_E003,v18_382,NOT_READY
v18,v18_E003,v18_383,NOT_READY
v18,v18_E003,v18_384,NOT_READY
v18,v18_E003,v18_385,NOT_READY
v18,v18_E003,v18_386,NOT_READY
v18,v18_E003,v18_387,NOT_READY
v18,v18_E003,v18_388,NOT_READY
v18,v18_E003,v18_389,NOT_READY
v18,v18_E003,v18_390,NOT_READY
v18,v18_E003,v18_391,NOT_READY
v18,v18_E003,v18_392,NOT_READY
v18,v18_E003,v18_393,NOT_READY
v18,v18_E003,v18_394,NOT_READY
v18,v18_E003,v18_395,NOT_READY
v18,v18_E003,v18_396,NOT_READY
v18,v18_E003,v18_397,NOT_READY
v18,v18_E003,v18_398,NOT_READY
v18,v18_E003,v18_399,NOT_READY
v18,v18_E003,v18_400,NOT_READY
v18,v18_E003,v18_401,NOT_READY
v18,v18_E003,v18_402,NOT_READY
v18,v18_E003,v18_403,NOT_READY
v18,v18_E003,v18_404,NOT_READY
v18,v18_E003,v18_405,NOT_READY
v18,v18_E003,v18_406,NOT_READY
v18,v18_E003,v18_407,NOT_READY
v18,v18_E003,v18_408,NOT_READY
v18,v18_E003,v18_409,NOT_READY
v18,v18_E003,v18_410,NOT_READY
v18,v18_E003,v18_411,NOT_READY
v18,v18_E003,v18_412,NOT_READY
v18,v18_E003,v18_413,NOT_READY
v18,v18_E003,v18_414,NOT_READY
v18,v18_E003,v18_415,NOT_READY
v18,v18_E003,v18_416,NOT_READY
v18,,v18_417,INVALID
v18,,v18_418,INVALID
v18,,v18_419,INVALID
v18,,v18_420,INVALID
v18,,v18_421,INVALID
v18,,v18_422,INVALID
v18,,v18_423,INVALID
v18,,v18_424,INVALID
v18,,v18_425,INVALID
v18,,v18_426,INVALID
v18,,v18_427,INVALID
v18,,v18_428,INVALID
v18,,v18_429,INVALID
v18,,v18_430,INVALID
v18,,v18_431,INVALID
v18,,v18_432,INVALID
v18,,v18_433,INVALID
v18,,v18_434,INVALID
v18,,v18_435,INVALID
v18,,v18_436,INVALID
v18,,v18_437,INVALID
v18,,v18_438,INVALID
v18,v18_E004,v18_439,NOT_READY
v18,v18_E004,v18_440,NOT_READY
v18,v18_E004,v18_441,NOT_READY
v18,v18_E004,v18_442,NOT_READY
v18,v18_E004,v18_443,NOT_READY
v18,v18_E004,v18_444,NOT_READY
v18,v18_E004,v18_445,NOT_READY
v18,v18_E004,v18_446,NOT_READY
v18,v18_E004,v18_447,NOT_READY
v18,v18_E004,v18_448,NOT_READY
v18,v18_E004,v18_449,NOT_READY
v18,v18_E004,v18_450,READY
v18,v18_E004,v18_451,READY
v18,v18_E004,v18_452,READY
v18,v18_E004,v18_453,READY
v18,v18_E004,v18_454,NOT_READY
v18,v18_E004,v18_455,NOT_READY
v18,v18_E004,v18_456,NOT_READY
v18,v18_E004,v18_457,NOT_READY
v18,v18_E004,v18_458,NOT_READY
v18,v18_E004,v18_459,NOT_READY
v18,v18_E004,v18_460,NOT_READY
v18,v18_E004,v18_461,NOT_READY
v18,v18_E004,v18_462,NOT_READY
v18,v18_E004,v18_463,NOT_READY
v18,v18_E004,v18_464,NOT_READY
v18,v18_E004,v18_465,NOT_READY
v18,v18_E004,v18_466,NOT_READY
v18,v18_E004,v18_467,NOT_READY
v18,v18_E004,v18_468,NOT_READY
v18,v18_E004,v18_469,NOT_READY
v18,v18_E004,v18_470,NOT_READY
v18,v18_E004,v18_471,NOT_READY
v18,v18_E004,v18_472,NOT_READY
v18,v18_E004,v18_473,NOT_READY
v18,v18_E004,v18_474,NOT_READY
v18,v18_E004,v18_475,NOT_READY
v18,v18_E004,v18_476,READY
v18,v18_E004,v18_477,READY
v18,v18_E004,v18_478,NOT_READY
v18,v18_E004,v18_479,READY
v18,v18_E004,v18_480,NOT_READY
v18,v18_E004,v18_481,NOT_READY
v18,v18_E004,v18_482,NOT_READY
v18,v18_E004,v18_483,NOT_READY
v18,v18_E004,v18_484,NOT_READY
v18,v18_E004,v18_485,NOT_READY
v18,v18_E004,v18_486,NOT_READY
v18,v18_E004,v18_487,NOT_READY
v18,v18_E004,v18_488,NOT_READY
v18,v18_E004,v18_489,NOT_READY
v18,v18_E004,v18_490,NOT_READY
v18,v18_E004,v18_491,NOT_READY
v18,v18_E004,v18_492,NOT_READY
v18,v18_E004,v18_493,NOT_READY
v18,v18_E004,v18_494,NOT_READY
v18,v18_E004,v18_495,NOT_READY
v18,v18_E004,v18_496,NOT_READY
v18,v18_E004,v18_497,NOT_READY
v18,v18_E004,v18_498,NOT_READY
v18,v18_E004,v18_499,NOT_READY
v18,v18_E004,v18_500,NOT_READY
v18,v18_E004,v18_501,NOT_READY
v18,v18_E004,v18_502,NOT_READY
v18,v18_E004,v18_503,NOT_READY
v18,v18_E004,v18_504,NOT_READY
v18,v18_E004,v18_505,NOT_READY
v18,v18_E004,v18_506,NOT_READY
v18,v18_E004,v18_507,NOT_READY
v18,v18_E004,v18_508,NOT_READY
v18,v18_E004,v18_509,NOT_READY
v18,v18_E004,v18_510,NOT_READY
v18,v18_E004,v18_511,NOT_READY
v18,v18_E004,v18_512,NOT_READY
v18,v18_E004,v18_513,NOT_READY
v18,v18_E004,v18_514,NOT_READY
v18,v18_E004,v18_515,NOT_READY
v18,v18_E004,v18_516,NOT_READY
v18,v18_E004,v18_517,NOT_READY
v18,v18_E004,v18_518,NOT_READY
v18,v18_E004,v18_519,NOT_READY
v18,v18_E004,v18_520,NOT_READY
v18,v18_E004,v18_521,NOT_READY
v18,v18_E004,v18_522,NOT_READY
v18,v18_E004,v18_523,NOT_READY
v18,v18_E004,v18_524,NOT_READY
v18,v18_E004,v18_525,NOT_READY
v18,v18_E004,v18_526,NOT_READY
v18,v18_E004,v18_527,NOT_READY
v18,v18_E004,v18_528,NOT_READY
v18,v18_E004,v18_529,NOT_READY
v18,v18_E004,v18_530,NOT_READY
v18,v18_E004,v18_531,NOT_READY
v18,v18_E004,v18_532,NOT_READY
v18,v18_E004,v18_533,NOT_READY
v18,v18_E004,v18_534,NOT_READY
v18,v18_E004,v18_535,NOT_READY
v18,v18_E004,v18_536,NOT_READY
v18,v18_E004,v18_537,NOT_READY
v18,v18_E004,v18_538,NOT_READY
v18,v18_E004,v18_539,NOT_READY
v18,v18_E004,v18_540,NOT_READY
v18,v18_E004,v18_541,NOT_READY
v18,v18_E004,v18_542,NOT_READY
v18,v18_E004,v18_543,NOT_READY
v18,v18_E004,v18_544,NOT_READY
v19,v19_E001,v19_001,NOT_READY
v19,v19_E001,v19_002,NOT_READY
v19,v19_E001,v19_003,NOT_READY
v19,v19_E001,v19_004,NOT_READY
v19,v19_E001,v19_005,NOT_READY
v19,v19_E001,v19_006,NOT_READY
v19,v19_E001,v19_007,NOT_READY
v19,v19_E001,v19_008,NOT_READY
v19,v19_E001,v19_009,NOT_READY
v19,v19_E001,v19_010,NOT_READY
v19,v19_E001,v19_011,NOT_READY
v19,v19_E001,v19_012,NOT_READY
v19,v19_E001,v19_013,NOT_READY
v19,v19_E001,v19_014,NOT_READY
v19,v19_E001,v19_015,NOT_READY
v19,v19_E001,v19_016,NOT_READY
v19,v19_E001,v19_017,NOT_READY
v19,v19_E001,v19_018,NOT_READY
v19,v19_E001,v19_019,NOT_READY
v19,v19_E001,v19_020,NOT_READY
v19,v19_E001,v19_021,NOT_READY
v19,v19_E001,v19_022,NOT_READY
v19,v19_E001,v19_023,NOT_READY
v19,v19_E001,v19_024,NOT_READY
v19,v19_E001,v19_025,NOT_READY
v19,v19_E001,v19_026,NOT_READY
v19,v19_E001,v19_027,NOT_READY
v19,v19_E001,v19_028,NOT_READY
v19,v19_E001,v19_029,NOT_READY
v19,v19_E001,v19_030,NOT_READY
v19,v19_E001,v19_031,NOT_READY
v19,v19_E001,v19_032,NOT_READY
v19,v19_E001,v19_033,NOT_READY
v19,v19_E001,v19_034,NOT_READY
v19,v19_E001,v19_035,NOT_READY
v19,v19_E001,v19_036,NOT_READY
v19,v19_E001,v19_037,NOT_READY
v19,v19_E001,v19_038,NOT_READY
v19,v19_E001,v19_039,NOT_READY
v19,v19_E001,v19_040,NOT_READY
v19,v19_E001,v19_041,NOT_READY
v19,v19_E001,v19_042,NOT_READY
v19,v19_E001,v19_043,NOT_READY
v19,v19_E001,v19_044,NOT_READY
v19,v19_E001,v19_045,NOT_READY
v19,v19_E001,v19_046,NOT_READY
v19,v19_E001,v19_047,NOT_READY
v19,v19_E001,v19_048,NOT_READY
v19,v19_E001,v19_049,NOT_READY
v19,v19_E001,v19_050,NOT_READY
v19,v19_E001,v19_051,NOT_READY
v19,v19_E001,v19_052,NOT_READY
v19,v19_E001,v19_053,NOT_READY
v19,v19_E001,v19_054,NOT_READY
v19,,v19_055,INVALID
v19,,v19_056,INVALID
v19,,v19_057,INVALID
v19,,v19_058,INVALID
v19,,v19_059,INVALID
v19,,v19_060,INVALID
v19,,v19_061,INVALID
v19,,v19_062,INVALID
v19,,v19_063,INVALID
v19,,v19_064,INVALID
v19,,v19_065,INVALID
v19,,v19_066,INVALID
v19,,v19_067,INVALID
v19,,v19_068,INVALID
v19,,v19_069,INVALID
v19,,v19_070,INVALID
v19,,v19_071,INVALID
v19,,v19_072,INVALID
v19,,v19_073,INVALID
v19,,v19_074,INVALID
v19,,v19_075,INVALID
v19,,v19_076,INVALID
v19,,v19_077,INVALID
v19,,v19_078,INVALID
v19,,v19_079,INVALID
v19,,v19_080,INVALID
v19,,v19_081,INVALID
v19,v19_E002,v19_082,READY
v19,v19_E002,v19_083,READY
v19,v19_E002,v19_084,READY
v19,v19_E002,v19_085,READY
v19,v19_E002,v19_086,READY
v19,v19_E002,v19_087,READY
v19,v19_E002,v19_088,READY
v19,v19_E002,v19_089,READY
v19,v19_E002,v19_090,NOT_READY
v19,v19_E002,v19_091,NOT_READY
v19,v19_E002,v19_092,NOT_READY
v19,v19_E002,v19_093,NOT_READY
v19,v19_E002,v19_094,NOT_READY
v19,v19_E002,v19_095,NOT_READY
v19,v19_E002,v19_096,NOT_READY
v19,v19_E002,v19_097,NOT_READY
v19,v19_E002,v19_098,NOT_READY
v19,v19_E002,v19_099,NOT_READY
v19,v19_E002,v19_100,NOT_READY
v19,v19_E002,v19_101,NOT_READY
v19,v19_E002,v19_102,NOT_READY
v19,v19_E002,v19_103,NOT_READY
v19,v19_E002,v19_104,NOT_READY
v19,v19_E002,v19_105,NOT_READY
v19,v19_E002,v19_106,NOT_READY
v19,v19_E002,v19_107,NOT_READY
v19,v19_E002,v19_108,NOT_READY
v19,v19_E002,v19_109,NOT_READY
v19,v19_E002,v19_110,NOT_READY
v19,v19_E002,v19_111,NOT_READY
v19,v19_E002,v19_112,NOT_READY
v19,v19_E002,v19_113,NOT_READY
v19,v19_E002,v19_114,NOT_READY
v19,v19_E002,v19_115,NOT_READY
v19,v19_E002,v19_116,NOT_READY
v19,v19_E002,v19_117,NOT_READY
v19,v19_E002,v19_118,NOT_READY
v19,v19_E002,v19_119,NOT_READY
v19,v19_E002,v19_120,NOT_READY
v19,v19_E002,v19_121,NOT_READY
v19,v19_E002,v19_122,NOT_READY
v19,v19_E002,v19_123,NOT_READY
v19,v19_E002,v19_124,NOT_READY
v19,v19_E002,v19_125,NOT_READY
v19,v19_E002,v19_126,NOT_READY
v19,v19_E002,v19_127,NOT_READY
v19,v19_E002,v19_128,NOT_READY
v19,v19_E002,v19_129,NOT_READY
v19,v19_E002,v19_130,NOT_READY
v19,v19_E002,v19_131,NOT_READY
v19,v19_E002,v19_132,NOT_READY
v19,v19_E002,v19_133,NOT_READY
v19,v19_E002,v19_134,NOT_READY
v19,v19_E002,v19_135,NOT_READY
v19,v19_E002,v19_136,NOT_READY
v19,v19_E002,v19_137,NOT_READY
v19,v19_E002,v19_138,NOT_READY
v19,v19_E002,v19_139,NOT_READY
v19,v19_E002,v19_140,NOT_READY
v19,v19_E002,v19_141,NOT_READY
v19,v19_E002,v19_142,NOT_READY
v19,v19_E002,v19_143,NOT_READY
v19,v19_E002,v19_144,NOT_READY
v19,v19_E002,v19_145,NOT_READY
v19,v19_E002,v19_146,NOT_READY
v19,v19_E002,v19_147,NOT_READY
v19,v19_E002,v19_148,NOT_READY
v19,v19_E002,v19_149,NOT_READY
v19,v19_E002,v19_150,NOT_READY
v19,v19_E002,v19_151,NOT_READY
v19,v19_E002,v19_152,NOT_READY
v19,v19_E002,v19_153,NOT_READY
v19,v19_E002,v19_154,NOT_READY
v19,v19_E002,v19_155,NOT_READY
v19,v19_E002,v19_156,NOT_READY
v19,v19_E002,v19_157,NOT_READY
v19,v19_E002,v19_158,NOT_READY
v19,v19_E002,v19_159,NOT_READY
v19,v19_E002,v19_160,NOT_READY
v19,v19_E002,v19_161,NOT_READY
v19,v19_E002,v19_162,NOT_READY
v19,v19_E002,v19_163,NOT_READY
v19,v19_E002,v19_164,NOT_READY
v19,v19_E002,v19_165,NOT_READY
v19,v19_E002,v19_166,NOT_READY
v19,v19_E002,v19_167,NOT_READY
v19,,v19_168,INVALID
v19,,v19_169,INVALID
v19,,v19_170,INVALID
v19,,v19_171,INVALID
v19,,v19_172,INVALID
v19,,v19_173,INVALID
v19,,v19_174,INVALID
v19,,v19_175,INVALID
v19,,v19_176,INVALID
v19,,v19_177,INVALID
v19,,v19_178,INVALID
v19,v19_E003,v19_179,NOT_READY
v19,v19_E003,v19_180,NOT_READY
v19,v19_E003,v19_181,NOT_READY
v19,v19_E003,v19_182,NOT_READY
v19,v19_E003,v19_183,READY
v19,v19_E003,v19_184,READY
v19,v19_E003,v19_185,READY
v19,v19_E003,v19_186,READY
v19,v19_E003,v19_187,READY
v19,v19_E003,v19_188,NOT_READY
v19,v19_E003,v19_189,NOT_READY
v19,v19_E003,v19_190,NOT_READY
v19,v19_E003,v19_191,READY
v19,v19_E003,v19_192,READY
v19,v19_E003,v19_193,NOT_READY
v19,v19_E003,v19_194,NOT_READY
v19,v19_E003,v19_195,NOT_READY
v19,v19_E003,v19_196,NOT_READY
v19,v19_E003,v19_197,NOT_READY
v19,v19_E003,v19_198,NOT_READY
v19,v19_E003,v19_199,NOT_READY
v19,v19_E003,v19_200,NOT_READY
v19,v19_E003,v19_201,NOT_READY
v19,v19_E003,v19_202,NOT_READY
v19,v19_E003,v19_203,NOT_READY
v19,v19_E003,v19_204,NOT_READY
v19,v19_E003,v19_205,NOT_READY
v19,v19_E003,v19_206,READY
v19,v19_E003,v19_207,READY
v19,v19_E003,v19_208,NOT_READY
v19,v19_E003,v19_209,NOT_READY
v19,v19_E003,v19_210,READY
v19,v19_E003,v19_211,READY
v19,v19_E003,v19_212,NOT_READY
v19,v19_E003,v19_213,NOT_READY
v19,v19_E003,v19_214,NOT_READY
v19,v19_E003,v19_215,NOT_READY
v19,v19_E003,v19_216,NOT_READY
v19,v19_E003,v19_217,NOT_READY
v19,v19_E003,v19_218,NOT_READY
v19,v19_E003,v19_219,NOT_READY
v19,v19_E003,v19_220,NOT_READY
v19,v19_E003,v19_221,NOT_READY
v19,v19_E003,v19_222,NOT_READY
v19,v19_E003,v19_223,NOT_READY
v19,v19_E003,v19_224,NOT_READY
v19,v19_E003,v19_225,NOT_READY
v19,v19_E003,v19_226,NOT_READY
v19,v19_E003,v19_227,NOT_READY
v19,v19_E003,v19_228,NOT_READY
v19,v19_E003,v19_229,NOT_READY
v19,v19_E003,v19_230,NOT_READY
v19,v19_E003,v19_231,NOT_READY
v19,v19_E003,v19_232,NOT_READY
v19,v19_E003,v19_233,NOT_READY
v19,v19_E003,v19_234,NOT_READY
v19,v19_E003,v19_235,NOT_READY
v19,v19_E003,v19_236,NOT_READY
v19,v19_E003,v19_237,NOT_READY
v19,v19_E003,v19_238,NOT_READY
v19,v19_E003,v19_239,NOT_READY
v19,v19_E003,v19_240,NOT_READY
v19,v19_E003,v19_241,NOT_READY
v19,v19_E003,v19_242,NOT_READY
v19,v19_E003,v19_243,NOT_READY
v19,v19_E003,v19_244,NOT_READY
v19,v19_E003,v19_245,NOT_READY
v19,v19_E003,v19_246,NOT_READY
v19,v19_E003,v19_247,NOT_READY
v19,v19_E003,v19_248,NOT_READY
v19,v19_E003,v19_249,NOT_READY
v19,v19_E003,v19_250,NOT_READY
v19,v19_E003,v19_251,NOT_READY
v19,v19_E003,v19_252,NOT_READY
v19,v19_E003,v19_253,NOT_READY
v19,v19_E003,v19_254,NOT_READY
v19,v19_E003,v19_255,NOT_READY
v19,v19_E003,v19_256,NOT_READY
v19,v19_E003,v19_257,NOT_READY
v19,v19_E003,v19_258,NOT_READY
v19,v19_E003,v19_259,NOT_READY
v19,v19_E003,v19_260,NOT_READY
v19,v19_E003,v19_261,NOT_READY
v19,v19_E003,v19_262,NOT_READY
v19,v19_E003,v19_263,NOT_READY
v19,v19_E003,v19_264,NOT_READY
v19,v19_E003,v19_265,NOT_READY
v19,v19_E003,v19_266,NOT_READY
v19,v19_E003,v19_267,NOT_READY
v19,,v19_268,INVALID
v19,,v19_269,INVALID
v19,,v19_270,INVALID
v19,,v19_271,INVALID
v19,,v19_272,INVALID
v19,,v19_273,INVALID
v19,,v19_274,INVALID
v19,,v19_275,INVALID
v19,,v19_276,INVALID
v19,,v19_277,INVALID
v19,,v19_278,INVALID
v19,,v19_279,INVALID
v19,,v19_280,INVALID
v19,,v19_281,INVALID
v19,,v19_282,INVALID
v19,,v19_283,INVALID
v19,,v19_284,INVALID
v19,,v19_285,INVALID
v19,,v19_286,INVALID
v19,,v19_287,INVALID
v19,,v19_288,INVALID
v19,,v19_289,INVALID
v19,,v19_290,INVALID
v19,,v19_291,INVALID
v19,,v19_292,INVALID
v19,,v19_293,INVALID
v19,,v19_294,INVALID
v19,,v19_295,INVALID
v19,,v19_296,INVALID
v19,,v19_297,INVALID
v19,,v19_298,INVALID
v19,,v19_299,INVALID
v19,,v19_300,INVALID
v19,,v19_301,INVALID
v19,,v19_302,INVALID
v19,,v19_303,INVALID
v19,,v19_304,INVALID
v19,,v19_305,INVALID
v19,,v19_306,INVALID
v19,,v19_307,INVALID
v19,,v19_308,INVALID
v19,,v19_309,INVALID
v19,,v19_310,INVALID
v19,,v19_311,INVALID
v19,,v19_312,INVALID
v19,,v19_313,INVALID
v19,,v19_314,INVALID
v19,,v19_315,INVALID
v19,,v19_316,INVALID
v19,,v19_317,INVALID
v19,,v19_318,INVALID
v19,,v19_319,INVALID
v19,,v19_320,INVALID
v19,,v19_321,INVALID
v19,,v19_322,INVALID
v19,,v19_323,INVALID
v19,,v19_324,INVALID
v19,,v19_325,INVALID
v19,,v19_326,INVALID
v19,,v19_327,INVALID
v19,,v19_328,INVALID
v19,,v19_329,INVALID
v19,,v19_330,INVALID
v19,,v19_331,INVALID
v19,,v19_332,INVALID
v19,,v19_333,INVALID
v19,,v19_334,INVALID
v19,,v19_335,INVALID
v19,,v19_336,INVALID
v19,,v19_337,INVALID
v19,,v19_338,INVALID
v19,v19_E004,v19_339,NOT_READY
v19,v19_E004,v19_340,NOT_READY
v19,v19_E004,v19_341,NOT_READY
v19,v19_E004,v19_342,NOT_READY
v19,v19_E004,v19_343,READY
v19,v19_E004,v19_344,READY
v19,v19_E004,v19_345,READY
v19,v19_E004,v19_346,NOT_READY
v19,v19_E004,v19_347,NOT_READY
v19,v19_E004,v19_348,NOT_READY
v19,v19_E004,v19_349,NOT_READY
v19,v19_E004,v19_350,NOT_READY
v19,v19_E004,v19_351,NOT_READY
v19,v19_E004,v19_352,NOT_READY
v19,v19_E004,v19_353,NOT_READY
v19,v19_E004,v19_354,NOT_READY
v19,v19_E004,v19_355,READY
v19,v19_E004,v19_356,READY
v19,v19_E004,v19_357,NOT_READY
v19,v19_E004,v19_358,NOT_READY
v19,v19_E004,v19_359,NOT_READY
v19,v19_E004,v19_360,NOT_READY
v19,v19_E004,v19_361,NOT_READY
v19,v19_E004,v19_362,NOT_READY
v19,v19_E004,v19_363,NOT_READY
v19,v19_E004,v19_364,NOT_READY
v19,v19_E004,v19_365,NOT_READY
v19,v19_E004,v19_366,NOT_READY
v19,v19_E004,v19_367,NOT_READY
v19,v19_E004,v19_368,NOT_READY
v19,v19_E004,v19_369,NOT_READY
v19,v19_E004,v19_370,NOT_READY
v19,v19_E004,v19_371,NOT_READY
v19,v19_E004,v19_372,NOT_READY
v19,v19_E004,v19_373,NOT_READY
v19,v19_E004,v19_374,NOT_READY
v19,v19_E004,v19_375,NOT_READY
v19,v19_E004,v19_376,NOT_READY
v19,v19_E004,v19_377,NOT_READY
v19,v19_E004,v19_378,NOT_READY
v19,v19_E004,v19_379,NOT_READY
v19,v19_E004,v19_380,NOT_READY
v19,v19_E004,v19_381,NOT_READY
v19,v19_E004,v19_382,NOT_READY
v19,v19_E004,v19_383,NOT_READY
v19,v19_E004,v19_384,NOT_READY
v19,v19_E004,v19_385,NOT_READY
v19,v19_E004,v19_386,NOT_READY
v19,v19_E004,v19_387,NOT_READY
v19,v19_E004,v19_388,NOT_READY
v19,v19_E004,v19_389,NOT_READY
v19,v19_E004,v19_390,NOT_READY
v19,v19_E004,v19_391,NOT_READY
v19,v19_E004,v19_392,NOT_READY
v19,v19_E004,v19_393,NOT_READY
v19,v19_E004,v19_394,NOT_READY
v19,v19_E004,v19_395,NOT_READY
v19,v19_E004,v19_396,NOT_READY
v19,v19_E004,v19_397,NOT_READY
v19,v19_E004,v19_398,NOT_READY
v19,v19_E004,v19_399,NOT_READY
v19,v19_E004,v19_400,NOT_READY
v19,v19_E004,v19_401,NOT_READY
v19,v19_E004,v19_402,NOT_READY
v19,v19_E004,v19_403,NOT_READY
v19,v19_E004,v19_404,NOT_READY
v19,v19_E004,v19_405,NOT_READY
v19,v19_E004,v19_406,NOT_READY
v19,v19_E004,v19_407,NOT_READY
v19,v19_E004,v19_408,NOT_READY
v19,v19_E004,v19_409,NOT_READY
v19,v19_E004,v19_410,NOT_READY
v19,v19_E004,v19_411,NOT_READY
v19,v19_E004,v19_412,NOT_READY
v19,,v19_413,INVALID
v19,,v19_414,INVALID
v19,,v19_415,INVALID
v19,,v19_416,INVALID
v19,,v19_417,INVALID
v19,,v19_418,INVALID
v19,,v19_419,INVALID
v19,,v19_420,INVALID
v19,,v19_421,INVALID
v19,,v19_422,INVALID
v19,,v19_423,INVALID
v19,,v19_424,INVALID
v19,,v19_425,INVALID
v19,,v19_426,INVALID
v19,,v19_427,INVALID
v19,,v19_428,INVALID
v19,,v19_429,INVALID
v19,,v19_430,INVALID
v19,,v19_431,INVALID
v19,,v19_432,INVALID
v19,,v19_433,INVALID
v19,,v19_434,INVALID
v19,,v19_435,INVALID
v19,,v19_436,INVALID
v19,,v19_437,INVALID
v19,v19_E005,v19_438,NOT_READY
v19,v19_E005,v19_439,NOT_READY
v19,v19_E005,v19_440,NOT_READY
v19,v19_E005,v19_441,NOT_READY
v19,v19_E005,v19_442,NOT_READY
v19,v19_E005,v19_443,NOT_READY
v19,v19_E005,v19_444,NOT_READY
v19,v19_E005,v19_445,NOT_READY
v19,v19_E005,v19_446,NOT_READY
v19,v19_E005,v19_447,NOT_READY
v19,v19_E005,v19_448,NOT_READY
v19,v19_E005,v19_449,NOT_READY
v19,v19_E005,v19_450,NOT_READY
v19,v19_E005,v19_451,READY
v19,v19_E005,v19_452,NOT_READY
v19,v19_E005,v19_453,NOT_READY
v19,v19_E005,v19_454,NOT_READY
v19,v19_E005,v19_455,NOT_READY
v19,v19_E005,v19_456,NOT_READY
v19,v19_E005,v19_457,NOT_READY
v19,v19_E005,v19_458,NOT_READY
v19,v19_E005,v19_459,NOT_READY
v19,v19_E005,v19_460,NOT_READY
v19,v19_E005,v19_461,NOT_READY
v19,v19_E005,v19_462,NOT_READY
v19,v19_E005,v19_463,NOT_READY
v19,v19_E005,v19_464,NOT_READY
v19,v19_E005,v19_465,NOT_READY
v19,v19_E005,v19_466,NOT_READY
v19,v19_E005,v19_467,NOT_READY
v19,v19_E005,v19_468,NOT_READY
v19,v19_E005,v19_469,NOT_READY
v19,v19_E005,v19_470,NOT_READY
v19,v19_E005,v19_471,NOT_READY
v19,v19_E005,v19_472,NOT_READY
v19,v19_E005,v19_473,NOT_READY
v19,v19_E005,v19_474,NOT_READY
v19,v19_E005,v19_475,NOT_READY
v19,v19_E005,v19_476,NOT_READY
v19,v19_E005,v19_477,NOT_READY
v19,v19_E005,v19_478,NOT_READY
v19,v19_E005,v19_479,NOT_READY
v19,v19_E005,v19_480,NOT_READY
v19,v19_E005,v19_481,NOT_READY
v19,v19_E005,v19_482,NOT_READY
v19,v19_E005,v19_483,NOT_READY
v19,v19_E005,v19_484,NOT_READY
v19,v19_E005,v19_485,NOT_READY
v19,v19_E005,v19_486,NOT_READY
v19,v19_E005,v19_487,NOT_READY
v19,v19_E005,v19_488,NOT_READY
v19,v19_E005,v19_489,NOT_READY
v19,v19_E005,v19_490,NOT_READY
v19,v19_E005,v19_491,NOT_READY
v19,v19_E005,v19_492,NOT_READY
v19,v19_E005,v19_493,NOT_READY
v19,v19_E005,v19_494,NOT_READY
v19,v19_E005,v19_495,NOT_READY
v19,v19_E005,v19_496,NOT_READY
v19,,v19_497,INVALID
v19,,v19_498,INVALID
v19,,v19_499,INVALID
v19,,v19_500,INVALID
v19,,v19_501,INVALID
v19,,v19_502,INVALID
v19,,v19_503,INVALID
v19,,v19_504,INVALID
v19,,v19_505,INVALID
v19,,v19_506,INVALID
v19,,v19_507,INVALID
v19,,v19_508,INVALID
v19,,v19_509,INVALID
v19,,v19_510,INVALID
v19,,v19_511,INVALID
v19,,v19_512,INVALID
v19,,v19_513,INVALID
v19,,v19_514,INVALID
v19,,v19_515,INVALID
v19,,v19_516,INVALID
v19,,v19_517,INVALID
v19,,v19_518,INVALID
v19,,v19_519,INVALID
v19,,v19_520,INVALID
v19,,v19_521,INVALID
v19,,v19_522,INVALID
v19,,v19_523,INVALID
v19,,v19_524,INVALID
v19,,v19_525,INVALID
v19,,v19_526,INVALID
v19,,v19_527,INVALID
v19,,v19_528,INVALID
v19,,v19_529,INVALID
v19,,v19_530,INVALID
v19,,v19_531,INVALID
v19,,v19_532,INVALID
v19,v19_E006,v19_533,NOT_READY
v19,v19_E006,v19_534,NOT_READY
v19,v19_E006,v19_535,NOT_READY
v19,v19_E006,v19_536,NOT_READY
v19,v19_E006,v19_537,NOT_READY
v19,v19_E006,v19_538,NOT_READY
v19,v19_E006,v19_539,NOT_READY
v19,v19_E006,v19_540,NOT_READY
v19,v19_E006,v19_541,NOT_READY
v19,v19_E006,v19_542,READY
v19,v19_E006,v19_543,READY
v19,v19_E006,v19_544,READY
v19,v19_E006,v19_545,NOT_READY
v19,v19_E006,v19_546,NOT_READY
v19,v19_E006,v19_547,NOT_READY
v19,v19_E006,v19_548,NOT_READY
v19,v19_E006,v19_549,READY
v19,v19_E006,v19_550,READY
v19,v19_E006,v19_551,NOT_READY
v19,v19_E006,v19_552,NOT_READY
v19,v19_E006,v19_553,NOT_READY
v19,v19_E006,v19_554,NOT_READY
v19,v19_E006,v19_555,NOT_READY
v19,v19_E006,v19_556,NOT_READY
v19,v19_E006,v19_557,NOT_READY
v19,v19_E006,v19_558,NOT_READY
v19,v19_E006,v19_559,NOT_READY
v19,v19_E006,v19_560,NOT_READY
v19,v19_E006,v19_561,NOT_READY
v19,v19_E006,v19_562,NOT_READY
v19,v19_E006,v19_563,NOT_READY
v19,v19_E006,v19_564,NOT_READY
v19,v19_E006,v19_565,NOT_READY
v19,v19_E006,v19_566,NOT_READY
v19,v19_E006,v19_567,NOT_READY
v19,v19_E006,v19_568,NOT_READY
v19,v19_E006,v19_569,NOT_READY
v19,v19_E006,v19_570,NOT_READY
v19,v19_E006,v19_571,NOT_READY
v19,v19_E006,v19_572,NOT_READY
v19,v19_E006,v19_573,NOT_READY
v19,v19_E006,v19_574,NOT_READY
v19,v19_E006,v19_575,NOT_READY
v19,v19_E006,v19_576,NOT_READY
v19,v19_E006,v19_577,NOT_READY
v19,v19_E006,v19_578,NOT_READY
v19,v19_E006,v19_579,NOT_READY
v19,v19_E006,v19_580,NOT_READY
v19,v19_E006,v19_581,NOT_READY
v19,v19_E006,v19_582,NOT_READY
v19,v19_E006,v19_583,NOT_READY
v19,v19_E006,v19_584,NOT_READY
v19,v19_E006,v19_585,NOT_READY
v19,v19_E006,v19_586,NOT_READY
v19,v19_E006,v19_587,NOT_READY
v19,v19_E006,v19_588,NOT_READY
v19,v19_E006,v19_589,NOT_READY
v19,v19_E006,v19_590,NOT_READY
v19,v19_E006,v19_591,NOT_READY
v19,v19_E006,v19_592,NOT_READY
v19,v19_E006,v19_593,NOT_READY
v19,v19_E006,v19_594,NOT_READY
v19,v19_E006,v19_595,NOT_READY
v19,v19_E006,v19_596,NOT_READY
v19,v19_E006,v19_597,NOT_READY
v19,v19_E006,v19_598,NOT_READY
v19,v19_E006,v19_599,NOT_READY
v19,v19_E006,v19_600,NOT_READY
v19,v19_E006,v19_601,NOT_READY
v19,v19_E006,v19_602,NOT_READY
v19,v19_E006,v19_603,NOT_READY
v19,v19_E006,v19_604,NOT_READY
v19,v19_E006,v19_605,NOT_READY
v19,v19_E006,v19_606,NOT_READY
v19,v19_E006,v19_607,NOT_READY
v19,v19_E006,v19_608,NOT_READY
v19,v19_E006,v19_609,NOT_READY
v19,v19_E006,v19_610,NOT_READY
v19,v19_E006,v19_611,NOT_READY
v19,v19_E006,v19_612,NOT_READY
v19,v19_E006,v19_613,NOT_READY
v19,v19_E006,v19_614,NOT_READY
v19,v19_E006,v19_615,NOT_READY
v19,v19_E006,v19_616,NOT_READY
v19,v19_E006,v19_617,NOT_READY
v19,v19_E006,v19_618,NOT_READY
v19,v19_E006,v19_619,NOT_READY
v19,v19_E006,v19_620,NOT_READY
v19,v19_E006,v19_621,NOT_READY
v19,v19_E006,v19_622,NOT_READY
v19,v19_E006,v19_623,NOT_READY
v19,v19_E006,v19_624,NOT_READY
v19,v19_E006,v19_625,NOT_READY
v19,v19_E006,v19_626,NOT_READY
v19,v19_E006,v19_627,NOT_READY
v19,v19_E006,v19_628,NOT_READY
v19,v19_E006,v19_629,NOT_READY
v19,v19_E006,v19_630,NOT_READY
v19,v19_E006,v19_631,NOT_READY
v19,v19_E006,v19_632,NOT_READY
v19,v19_E006,v19_633,NOT_READY
v19,v19_E006,v19_634,NOT_READY
v19,v19_E006,v19_635,NOT_READY
v19,v19_E006,v19_636,NOT_READY
v19,v19_E006,v19_637,NOT_READY
v19,v19_E006,v19_638,NOT_READY
v19,v19_E006,v19_639,NOT_READY
v19,v19_E006,v19_640,NOT_READY
v19,v19_E006,v19_641,NOT_READY
v19,v19_E006,v19_642,NOT_READY
v19,v19_E006,v19_643,NOT_READY
v19,v19_E006,v19_644,NOT_READY
v19,v19_E006,v19_645,NOT_READY
v19,v19_E006,v19_646,NOT_READY
v19,v19_E006,v19_647,NOT_READY
v19,v19_E006,v19_648,NOT_READY
v19,v19_E006,v19_649,NOT_READY
v19,v19_E006,v19_650,NOT_READY
v19,v19_E006,v19_651,NOT_READY
v19,v19_E006,v19_652,NOT_READY
v19,v19_E006,v19_653,NOT_READY
v19,v19_E006,v19_654,NOT_READY
v19,v19_E006,v19_655,NOT_READY
v19,v19_E006,v19_656,NOT_READY
v19,v19_E006,v19_657,NOT_READY
v19,v19_E006,v19_658,NOT_READY
v19,v19_E006,v19_659,NOT_READY
v19,v19_E006,v19_660,NOT_READY
v19,v19_E006,v19_661,NOT_READY
v19,v19_E006,v19_662,NOT_READY
v19,v19_E006,v19_663,NOT_READY
v19,v19_E006,v19_664,NOT_READY
v19,v19_E006,v19_665,NOT_READY
v19,v19_E006,v19_666,NOT_READY
v19,v19_E006,v19_667,NOT_READY
v19,v19_E006,v19_668,NOT_READY
v19,,v19_669,INVALID
v19,,v19_670,INVALID
v19,,v19_671,INVALID
v19,,v19_672,INVALID
v19,,v19_673,INVALID
v19,,v19_674,INVALID
v19,,v19_675,INVALID
v19,,v19_676,INVALID
v19,,v19_677,INVALID
v19,,v19_678,INVALID
v19,,v19_679,INVALID
v19,,v19_680,INVALID
v19,,v19_681,INVALID
v19,,v19_682,INVALID
v19,v19_E007,v19_683,NOT_READY
v19,v19_E007,v19_684,NOT_READY
v19,v19_E007,v19_685,NOT_READY
v19,v19_E007,v19_686,NOT_READY
v19,v19_E007,v19_687,NOT_READY
v19,v19_E007,v19_688,NOT_READY
v19,v19_E007,v19_689,NOT_READY
v19,v19_E007,v19_690,NOT_READY
v19,v19_E007,v19_691,NOT_READY
v19,v19_E007,v19_692,NOT_READY
v19,v19_E007,v19_693,NOT_READY
v19,v19_E007,v19_694,NOT_READY
v19,v19_E007,v19_695,NOT_READY
v19,v19_E007,v19_696,READY
v19,v19_E007,v19_697,READY
v19,v19_E007,v19_698,READY
v19,v19_E007,v19_699,READY
v19,v19_E007,v19_700,READY
v19,v19_E007,v19_701,READY
v19,v19_E007,v19_702,READY
v19,v19_E007,v19_703,READY
v19,v19_E007,v19_704,READY
v19,v19_E007,v19_705,READY
v19,v19_E007,v19_706,NOT_READY
v19,v19_E007,v19_707,NOT_READY
v19,v19_E007,v19_708,NOT_READY
v19,v19_E007,v19_709,NOT_READY
v19,v19_E007,v19_710,NOT_READY
v19,v19_E007,v19_711,NOT_READY
v19,v19_E007,v19_712,NOT_READY
v19,v19_E007,v19_713,NOT_READY
v19,v19_E007,v19_714,NOT_READY
v19,v19_E007,v19_715,NOT_READY
v19,v19_E007,v19_716,NOT_READY
v19,v19_E007,v19_717,NOT_READY
v19,v19_E007,v19_718,NOT_READY
v19,v19_E007,v19_719,NOT_READY
v19,v19_E007,v19_720,NOT_READY
v19,v19_E007,v19_721,NOT_READY
v19,v19_E007,v19_722,NOT_READY
v19,v19_E007,v19_723,NOT_READY
v19,v19_E007,v19_724,NOT_READY
v19,v19_E007,v19_725,NOT_READY
v19,v19_E007,v19_726,NOT_READY
v19,v19_E007,v19_727,NOT_READY
v19,v19_E007,v19_728,NOT_READY
v19,v19_E007,v19_729,NOT_READY
v19,v19_E007,v19_730,NOT_READY
v19,v19_E007,v19_731,NOT_READY
v19,v19_E007,v19_732,NOT_READY
v19,v19_E007,v19_733,NOT_READY
v19,v19_E007,v19_734,NOT_READY
v19,v19_E007,v19_735,NOT_READY
v19,v19_E007,v19_736,NOT_READY
v19,v19_E007,v19_737,NOT_READY
v19,v19_E007,v19_738,NOT_READY
v19,v19_E007,v19_739,NOT_READY
v19,v19_E007,v19_740,NOT_READY
v19,v19_E007,v19_741,NOT_READY
v19,v19_E007,v19_742,NOT_READY
v19,v19_E007,v19_743,NOT_READY
v19,v19_E007,v19_744,NOT_READY
v19,v19_E007,v19_745,NOT_READY
v19,v19_E007,v19_746,NOT_READY
v19,v19_E007,v19_747,NOT_READY
v19,v19_E007,v19_748,NOT_READY
v19,v19_E007,v19_749,NOT_READY
v19,v19_E007,v19_750,NOT_READY
v19,v19_E007,v19_751,NOT_READY
v19,v19_E007,v19_752,NOT_READY
v19,v19_E007,v19_753,NOT_READY
v19,v19_E007,v19_754,NOT_READY
v19,v19_E007,v19_755,NOT_READY
v19,v19_E007,v19_756,NOT_READY
v19,v19_E007,v19_757,NOT_READY
v19,v19_E007,v19_758,NOT_READY
v19,v19_E007,v19_759,NOT_READY
v19,v19_E007,v19_760,NOT_READY
v19,v19_E007,v19_761,NOT_READY
v19,v19_E007,v19_762,NOT_READY
v19,v19_E007,v19_763,NOT_READY
v19,v19_E007,v19_764,NOT_READY
v19,v19_E007,v19_765,NOT_READY
v19,v19_E007,v19_766,NOT_READY
v19,v19_E007,v19_767,NOT_READY
v19,v19_E007,v19_768,NOT_READY
v19,v19_E007,v19_769,NOT_READY
v19,v19_E007,v19_770,NOT_READY
v19,v19_E007,v19_771,NOT_READY
v19,v19_E007,v19_772,NOT_READY
v19,v19_E007,v19_773,NOT_READY
v19,v19_E007,v19_774,NOT_READY
v19,v19_E007,v19_775,NOT_READY
v19,v19_E007,v19_776,NOT_READY
v19,v19_E007,v19_777,NOT_READY
v19,v19_E007,v19_778,NOT_READY
v19,v19_E007,v19_779,NOT_READY
v19,v19_E007,v19_780,NOT_READY
v19,v19_E007,v19_781,NOT_READY
v19,v19_E007,v19_782,NOT_READY
v19,v19_E007,v19_783,NOT_READY
v19,v19_E007,v19_784,NOT_READY
v19,v19_E007,v19_785,NOT_READY
v19,v19_E007,v19_786,NOT_READY
v19,v19_E007,v19_787,NOT_READY
v19,v19_E007,v19_788,NOT_READY
v19,v19_E007,v19_789,NOT_READY
v19,v19_E007,v19_790,NOT_READY
v19,v19_E007,v19_791,NOT_READY
v19,v19_E007,v19_792,NOT_READY
v19,v19_E007,v19_793,NOT_READY
v19,v19_E007,v19_794,NOT_READY
v19,v19_E007,v19_795,NOT_READY
v19,v19_E007,v19_796,NOT_READY
v19,v19_E007,v19_797,NOT_READY
v19,v19_E007,v19_798,NOT_READY
v19,v19_E007,v19_799,NOT_READY
v19,v19_E007,v19_800,NOT_READY
v19,v19_E007,v19_801,NOT_READY
v19,v19_E007,v19_802,NOT_READY
v19,v19_E007,v19_803,NOT_READY
v19,v19_E007,v19_804,NOT_READY
v19,v19_E007,v19_805,NOT_READY
v19,,v19_806,INVALID
v19,,v19_807,INVALID
v19,,v19_808,INVALID
v19,,v19_809,INVALID
v19,,v19_810,INVALID
v19,,v19_811,INVALID
v19,,v19_812,INVALID
v19,,v19_813,INVALID
v19,,v19_814,INVALID
v19,,v19_815,INVALID
v19,,v19_816,INVALID
v19,,v19_817,INVALID
v19,,v19_818,INVALID
v19,,v19_819,INVALID
v19,,v19_820,INVALID
v19,,v19_821,INVALID
v19,,v19_822,INVALID
v19,,v19_823,INVALID
v19,,v19_824,INVALID
v19,,v19_825,INVALID
v19,,v19_826,INVALID
v19,,v19_827,INVALID
v19,v19_E008,v19_828,READY
v19,v19_E008,v19_829,READY
v19,v19_E008,v19_830,READY
v19,v19_E008,v19_831,NOT_READY
v19,v19_E008,v19_832,NOT_READY
v19,v19_E008,v19_833,NOT_READY
v19,v19_E008,v19_834,NOT_READY
v19,v19_E008,v19_835,NOT_READY
v19,v19_E008,v19_836,NOT_READY
v19,v19_E008,v19_837,NOT_READY
v19,v19_E008,v19_838,NOT_READY
v19,v19_E008,v19_839,READY
v19,v19_E008,v19_840,READY
v19,v19_E008,v19_841,READY
v19,v19_E008,v19_842,NOT_READY
v19,v19_E008,v19_843,NOT_READY
v19,v19_E008,v19_844,NOT_READY
v19,v19_E008,v19_845,NOT_READY
v19,v19_E008,v19_846,NOT_READY
v19,v19_E008,v19_847,NOT_READY
v19,v19_E008,v19_848,NOT_READY
v19,v19_E008,v19_849,NOT_READY
v19,v19_E008,v19_850,NOT_READY
v19,v19_E008,v19_851,NOT_READY
v19,v19_E008,v19_852,NOT_READY
v19,v19_E008,v19_853,NOT_READY
v19,v19_E008,v19_854,NOT_READY
v19,v19_E008,v19_855,NOT_READY
v19,v19_E008,v19_856,NOT_READY
v19,v19_E008,v19_857,NOT_READY
v19,v19_E008,v19_858,NOT_READY
v19,v19_E008,v19_859,NOT_READY
v19,v19_E008,v19_860,NOT_READY
v19,v19_E008,v19_861,NOT_READY
v19,v19_E008,v19_862,NOT_READY
v19,v19_E008,v19_863,NOT_READY
v19,v19_E008,v19_864,NOT_READY
v19,v19_E008,v19_865,NOT_READY
v19,v19_E008,v19_866,NOT_READY
v19,v19_E008,v19_867,NOT_READY
v19,v19_E008,v19_868,NOT_READY
v19,v19_E008,v19_869,NOT_READY
v19,v19_E008,v19_870,NOT_READY
v19,v19_E008,v19_871,NOT_READY
v19,v19_E008,v19_872,NOT_READY
v19,v19_E008,v19_873,NOT_READY
v19,v19_E008,v19_874,NOT_READY
v19,v19_E008,v19_875,NOT_READY
v19,v19_E008,v19_876,NOT_READY
v19,v19_E008,v19_877,NOT_READY
v19,v19_E008,v19_878,NOT_READY
v19,v19_E008,v19_879,NOT_READY
v19,v19_E008,v19_880,NOT_READY
v19,v19_E008,v19_881,NOT_READY
v19,v19_E008,v19_882,NOT_READY
v19,v19_E008,v19_883,NOT_READY
v19,v19_E008,v19_884,NOT_READY
v19,v19_E008,v19_885,NOT_READY
v19,v19_E008,v19_886,NOT_READY
v19,v19_E008,v19_887,NOT_READY
v19,v19_E008,v19_888,NOT_READY
v19,v19_E008,v19_889,NOT_READY
v19,v19_E008,v19_890,NOT_READY
v19,v19_E008,v19_891,NOT_READY
v19,v19_E008,v19_892,NOT_READY
v19,v19_E008,v19_893,NOT_READY
v19,v19_E008,v19_894,NOT_READY
v19,v19_E008,v19_895,NOT_READY
v19,v19_E008,v19_896,NOT_READY
v19,v19_E008,v19_897,NOT_READY
v19,v19_E008,v19_898,NOT_READY
v19,v19_E008,v19_899,NOT_READY
v19,v19_E008,v19_900,NOT_READY
v19,v19_E008,v19_901,NOT_READY
v19,v19_E008,v19_902,NOT_READY
v19,v19_E008,v19_903,NOT_READY
v19,,v19_904,INVALID
v19,,v19_905,INVALID
v19,,v19_906,INVALID
v19,,v19_907,INVALID
v19,,v19_908,INVALID
v19,,v19_909,INVALID
v19,,v19_910,INVALID
v19,,v19_911,INVALID
v19,,v19_912,INVALID
v19,,v19_913,INVALID
v19,,v19_914,INVALID
v19,,v19_915,INVALID
v19,,v19_916,INVALID
v19,,v19_917,INVALID
v19,v19_E009,v19_918,NOT_READY
v19,v19_E009,v19_919,NOT_READY
v19,v19_E009,v19_920,NOT_READY
v19,v19_E009,v19_921,NOT_READY
v19,v19_E009,v19_922,NOT_READY
v19,v19_E009,v19_923,NOT_READY
v19,v19_E009,v19_924,NOT_READY
v19,v19_E009,v19_925,NOT_READY
v19,v19_E009,v19_926,NOT_READY
v19,v19_E009,v19_927,NOT_READY
v19,v19_E009,v19_928,NOT_READY
v19,v19_E009,v19_929,NOT_READY
v19,v19_E009,v19_930,NOT_READY
v19,v19_E009,v19_931,NOT_READY
v19,v19_E009,v19_932,NOT_READY
v19,v19_E009,v19_933,NOT_READY
v19,v19_E009,v19_934,READY
v19,v19_E009,v19_935,READY
v19,v19_E009,v19_936,READY
v19,v19_E009,v19_937,READY
v19,v19_E009,v19_938,READY
v19,v19_E009,v19_939,NOT_READY
v19,v19_E009,v19_940,NOT_READY
v19,v19_E009,v19_941,NOT_READY
v19,v19_E009,v19_942,NOT_READY
v19,v19_E009,v19_943,NOT_READY
v19,v19_E009,v19_944,NOT_READY
v19,v19_E009,v19_945,NOT_READY
v19,v19_E009,v19_946,NOT_READY
v19,v19_E009,v19_947,NOT_READY
v19,v19_E009,v19_948,NOT_READY
v19,v19_E009,v19_949,NOT_READY
v19,v19_E009,v19_950,NOT_READY
v19,v19_E009,v19_951,NOT_READY
v19,v19_E009,v19_952,NOT_READY
v19,v19_E009,v19_953,NOT_READY
v19,v19_E009,v19_954,NOT_READY
v19,v19_E009,v19_955,NOT_READY
v19,v19_E009,v19_956,NOT_READY
v19,v19_E009,v19_957,NOT_READY
v19,v19_E009,v19_958,NOT_READY
v19,v19_E009,v19_959,NOT_READY
v19,v19_E009,v19_960,NOT_READY
v19,v19_E009,v19_961,NOT_READY
v19,v19_E009,v19_962,NOT_READY
v19,v19_E009,v19_963,NOT_READY
v19,v19_E009,v19_964,NOT_READY
v19,v19_E009,v19_965,NOT_READY
v19,v19_E009,v19_966,NOT_READY
v19,v19_E009,v19_967,NOT_READY
v19,v19_E009,v19_968,NOT_READY
v19,,v19_969,INVALID
v19,,v19_970,INVALID
v19,,v19_971,INVALID
v19,,v19_972,INVALID
v19,,v19_973,INVALID
v19,,v19_974,INVALID
v19,,v19_975,INVALID
v19,,v19_976,INVALID
v19,,v19_977,INVALID
v19,,v19_978,INVALID
v19,,v19_979,INVALID
v19,,v19_980,INVALID
v19,,v19_981,INVALID
v19,,v19_982,INVALID
v19,,v19_983,INVALID
v19,,v19_984,INVALID
v19,,v19_985,INVALID
v19,v19_E010,v19_986,NOT_READY
v19,v19_E010,v19_987,NOT_READY
v19,v19_E010,v19_988,NOT_READY
v19,v19_E010,v19_989,NOT_READY
v19,v19_E010,v19_990,NOT_READY
v19,v19_E010,v19_991,NOT_READY
v19,v19_E010,v19_992,NOT_READY
v19,v19_E010,v19_993,NOT_READY
v19,v19_E010,v19_994,NOT_READY
v19,v19_E010,v19_995,NOT_READY
v19,v19_E010,v19_996,NOT_READY
v19,v19_E010,v19_997,NOT_READY
v19,v19_E010,v19_998,NOT_READY
v19,v19_E010,v19_999,READY
v19,v19_E010,v19_1000,READY
v19,v19_E010,v19_1001,READY
v19,v19_E010,v19_1002,READY
v19,v19_E010,v19_1003,NOT_READY
v19,v19_E010,v19_1004,NOT_READY
v19,v19_E010,v19_1005,NOT_READY
v19,v19_E010,v19_1006,NOT_READY
v19,v19_E010,v19_1007,NOT_READY
v19,v19_E010,v19_1008,NOT_READY
v19,v19_E010,v19_1009,NOT_READY
v19,v19_E010,v19_1010,NOT_READY
v19,v19_E010,v19_1011,NOT_READY
v19,v19_E010,v19_1012,NOT_READY
v19,v19_E010,v19_1013,NOT_READY
v19,v19_E010,v19_1014,NOT_READY
v19,v19_E010,v19_1015,NOT_READY
v19,v19_E010,v19_1016,NOT_READY
v19,v19_E010,v19_1017,NOT_READY
v19,v19_E010,v19_1018,NOT_READY
v19,v19_E010,v19_1019,NOT_READY
v19,v19_E010,v19_1020,NOT_READY
v19,v19_E010,v19_1021,NOT_READY
v19,v19_E010,v19_1022,NOT_READY
v19,v19_E010,v19_1023,NOT_READY
v19,v19_E010,v19_1024,NOT_READY
v19,v19_E010,v19_1025,NOT_READY
v19,v19_E010,v19_1026,NOT_READY
v19,v19_E010,v19_1027,NOT_READY
v19,v19_E010,v19_1028,NOT_READY
v19,v19_E010,v19_1029,NOT_READY
v19,v19_E010,v19_1030,NOT_READY
v19,v19_E010,v19_1031,NOT_READY
v19,v19_E010,v19_1032,NOT_READY
v19,v19_E010,v19_1033,NOT_READY
v19,v19_E010,v19_1034,NOT_READY
v19,v19_E010,v19_1035,NOT_READY
v19,v19_E010,v19_1036,NOT_READY
v19,v19_E010,v19_1037,NOT_READY
v19,v19_E010,v19_1038,NOT_READY
v19,v19_E010,v19_1039,NOT_READY
v19,v19_E010,v19_1040,NOT_READY
v19,v19_E010,v19_1041,NOT_READY
v19,v19_E010,v19_1042,NOT_READY
v19,v19_E010,v19_1043,NOT_READY
v19,v19_E010,v19_1044,NOT_READY
v19,v19_E010,v19_1045,NOT_READY
v19,v19_E010,v19_1046,NOT_READY
v19,v19_E010,v19_1047,NOT_READY
v19,v19_E010,v19_1048,NOT_READY
v19,v19_E010,v19_1049,NOT_READY
v19,v19_E010,v19_1050,NOT_READY
v19,v19_E010,v19_1051,NOT_READY
v19,v19_E010,v19_1052,NOT_READY
v19,v19_E010,v19_1053,NOT_READY
v19,v19_E010,v19_1054,NOT_READY
v19,v19_E010,v19_1055,NOT_READY
v19,v19_E010,v19_1056,NOT_READY
v19,v19_E010,v19_1057,NOT_READY
v19,v19_E010,v19_1058,NOT_READY
v19,v19_E010,v19_1059,NOT_READY
v19,v19_E010,v19_1060,NOT_READY
v19,v19_E010,v19_1061,NOT_READY
v19,v19_E010,v19_1062,NOT_READY
v19,v19_E010,v19_1063,NOT_READY
v19,v19_E010,v19_1064,NOT_READY
v19,v19_E010,v19_1065,NOT_READY
v19,v19_E010,v19_1066,NOT_READY
v19,v19_E010,v19_1067,NOT_READY
v19,v19_E010,v19_1068,NOT_READY
v19,v19_E010,v19_1069,NOT_READY
v19,v19_E010,v19_1070,NOT_READY
v19,v19_E010,v19_1071,NOT_READY
v19,v19_E010,v19_1072,NOT_READY
v19,v19_E010,v19_1073,NOT_READY
v19,v19_E010,v19_1074,NOT_READY
v19,v19_E010,v19_1075,NOT_READY
v19,v19_E010,v19_1076,NOT_READY
v19,v19_E010,v19_1077,NOT_READY
v19,v19_E010,v19_1078,NOT_READY
v19,v19_E010,v19_1079,NOT_READY
v19,v19_E010,v19_1080,NOT_READY
v19,v19_E010,v19_1081,NOT_READY
v19,v19_E010,v19_1082,NOT_READY
v19,v19_E010,v19_1083,NOT_READY
v19,v19_E010,v19_1084,NOT_READY
v19,v19_E010,v19_1085,NOT_READY
v19,v19_E010,v19_1086,NOT_READY
v19,v19_E010,v19_1087,NOT_READY
v19,v19_E010,v19_1088,NOT_READY
v19,v19_E010,v19_1089,NOT_READY
v19,v19_E010,v19_1090,NOT_READY
v19,v19_E010,v19_1091,NOT_READY
v19,v19_E010,v19_1092,NOT_READY
v19,v19_E010,v19_1093,NOT_READY
v19,v19_E010,v19_1094,NOT_READY
v19,v19_E010,v19_1095,NOT_READY
v19,v19_E010,v19_1096,NOT_READY
v19,v19_E010,v19_1097,NOT_READY
v19,v19_E010,v19_1098,NOT_READY
v19,v19_E010,v19_1099,NOT_READY
v19,,v19_1100,INVALID
v19,,v19_1101,INVALID
v19,,v19_1102,INVALID
v19,,v19_1103,INVALID
v19,,v19_1104,INVALID
v19,,v19_1105,INVALID
v19,,v19_1106,INVALID
v19,,v19_1107,INVALID
v19,,v19_1108,INVALID
v19,,v19_1109,INVALID
v19,,v19_1110,INVALID
v19,,v19_1111,INVALID
v19,,v19_1112,INVALID
v19,,v19_1113,INVALID
v19,,v19_1114,INVALID
v19,,v19_1115,INVALID
v19,,v19_1116,INVALID
v19,,v19_1117,INVALID
v19,,v19_1118,INVALID
v19,,v19_1119,INVALID
v19,,v19_1120,INVALID
v19,,v19_1121,INVALID
v19,,v19_1122,INVALID
v19,,v19_1123,INVALID
v19,,v19_1124,INVALID
v19,,v19_1125,INVALID
v19,,v19_1126,INVALID
v19,v19_E011,v19_1127,READY
v19,v19_E011,v19_1128,READY
v19,v19_E011,v19_1129,READY
v19,v19_E011,v19_1130,NOT_READY
v19,v19_E011,v19_1131,NOT_READY
v19,v19_E011,v19_1132,NOT_READY
v19,v19_E011,v19_1133,NOT_READY
v19,v19_E011,v19_1134,NOT_READY
v19,v19_E011,v19_1135,NOT_READY
v19,v19_E011,v19_1136,NOT_READY
v19,v19_E011,v19_1137,NOT_READY
v19,v19_E011,v19_1138,NOT_READY
v19,v19_E011,v19_1139,READY
v19,v19_E011,v19_1140,READY
v19,v19_E011,v19_1141,READY
v19,v19_E011,v19_1142,READY
v19,v19_E011,v19_1143,READY
v19,v19_E011,v19_1144,READY
v19,v19_E011,v19_1145,READY
v19,v19_E011,v19_1146,READY
v19,v19_E011,v19_1147,NOT_READY
v19,v19_E011,v19_1148,NOT_READY
v19,v19_E011,v19_1149,NOT_READY
v19,v19_E011,v19_1150,NOT_READY
v19,v19_E011,v19_1151,NOT_READY
v19,v19_E011,v19_1152,NOT_READY
v19,v19_E011,v19_1153,NOT_READY
v19,v19_E011,v19_1154,NOT_READY
v19,v19_E011,v19_1155,NOT_READY
v19,v19_E011,v19_1156,NOT_READY
v19,v19_E011,v19_1157,NOT_READY
v19,v19_E011,v19_1158,NOT_READY
v19,v19_E011,v19_1159,NOT_READY
v19,v19_E011,v19_1160,NOT_READY
v19,v19_E011,v19_1161,NOT_READY
v19,v19_E011,v19_1162,NOT_READY
v19,v19_E011,v19_1163,NOT_READY
v19,v19_E011,v19_1164,NOT_READY
v19,v19_E011,v19_1165,NOT_READY
v19,v19_E011,v19_1166,NOT_READY
v19,v19_E011,v19_1167,NOT_READY
v19,v19_E011,v19_1168,NOT_READY
v19,v19_E011,v19_1169,NOT_READY
v19,v19_E011,v19_1170,NOT_READY
v19,v19_E011,v19_1171,NOT_READY
v19,v19_E011,v19_1172,NOT_READY
v19,v19_E011,v19_1173,NOT_READY
v19,v19_E011,v19_1174,NOT_READY
v19,v19_E011,v19_1175,NOT_READY
v19,v19_E011,v19_1176,NOT_READY
v19,v19_E011,v19_1177,NOT_READY
v19,v19_E011,v19_1178,NOT_READY
v19,v19_E011,v19_1179,NOT_READY
v19,v19_E011,v19_1180,NOT_READY
v19,v19_E011,v19_1181,NOT_READY
v19,v19_E011,v19_1182,NOT_READY
v19,v19_E011,v19_1183,NOT_READY
v19,v19_E011,v19_1184,NOT_READY
v19,v19_E011,v19_1185,NOT_READY
v19,v19_E011,v19_1186,NOT_READY
v19,v19_E011,v19_1187,NOT_READY
v19,v19_E011,v19_1188,NOT_READY
v19,v19_E011,v19_1189,NOT_READY
v19,v19_E011,v19_1190,NOT_READY
v19,v19_E011,v19_1191,NOT_READY
v19,v19_E011,v19_1192,NOT_READY
v19,v19_E011,v19_1193,NOT_READY
v19,v19_E011,v19_1194,NOT_READY
v19,v19_E011,v19_1195,NOT_READY
v19,v19_E011,v19_1196,NOT_READY
v19,v19_E011,v19_1197,NOT_READY
v19,v19_E011,v19_1198,NOT_READY
v19,v19_E011,v19_1199,NOT_READY
v19,v19_E011,v19_1200,NOT_READY
v19,v19_E011,v19_1201,NOT_READY
v19,v19_E011,v19_1202,NOT_READY
v19,v19_E011,v19_1203,NOT_READY
v19,v19_E011,v19_1204,NOT_READY
v19,v19_E011,v19_1205,NOT_READY
v19,v19_E011,v19_1206,NOT_READY
v19,v19_E011,v19_1207,NOT_READY
v19,v19_E011,v19_1208,NOT_READY
v19,v19_E011,v19_1209,NOT_READY
v19,v19_E011,v19_1210,NOT_READY
v19,v19_E011,v19_1211,NOT_READY
v19,v19_E011,v19_1212,NOT_READY
v19,v19_E011,v19_1213,NOT_READY
v19,v19_E011,v19_1214,NOT_READY
v19,,v19_1215,INVALID
v19,,v19_1216,INVALID
v19,,v19_1217,INVALID
v19,,v19_1218,INVALID
v19,,v19_1219,INVALID
v19,,v19_1220,INVALID
v19,,v19_1221,INVALID
v19,,v19_1222,INVALID
v19,,v19_1223,INVALID
v19,,v19_1224,INVALID
v19,,v19_1225,INVALID
v19,,v19_1226,INVALID
v19,v19_E012,v19_1227,NOT_READY
v19,v19_E012,v19_1228,NOT_READY
v19,v19_E012,v19_1229,NOT_READY
v19,v19_E012,v19_1230,READY
v19,v19_E012,v19_1231,NOT_READY
v19,v19_E012,v19_1232,NOT_READY
v19,v19_E012,v19_1233,NOT_READY
v19,v19_E012,v19_1234,NOT_READY
v19,v19_E012,v19_1235,NOT_READY
v19,v19_E012,v19_1236,NOT_READY
v19,v19_E012,v19_1237,NOT_READY
v19,v19_E012,v19_1238,NOT_READY
v19,v19_E012,v19_1239,NOT_READY
v19,v19_E012,v19_1240,NOT_READY
v19,v19_E012,v19_1241,READY
v19,v19_E012,v19_1242,READY
v19,v19_E012,v19_1243,NOT_READY
v19,v19_E012,v19_1244,NOT_READY
v19,v19_E012,v19_1245,NOT_READY
v19,v19_E012,v19_1246,NOT_READY
v19,v19_E012,v19_1247,NOT_READY
v19,v19_E012,v19_1248,NOT_READY
v19,v19_E012,v19_1249,NOT_READY
v19,v19_E012,v19_1250,NOT_READY
v19,v19_E012,v19_1251,NOT_READY
v19,v19_E012,v19_1252,NOT_READY
v19,v19_E012,v19_1253,NOT_READY
v19,v19_E012,v19_1254,NOT_READY
v19,v19_E012,v19_1255,NOT_READY
v19,v19_E012,v19_1256,NOT_READY
v19,v19_E012,v19_1257,NOT_READY
v19,v19_E012,v19_1258,NOT_READY
v19,v19_E012,v19_1259,NOT_READY
v19,v19_E012,v19_1260,NOT_READY
v19,v19_E012,v19_1261,NOT_READY
v19,v19_E012,v19_1262,NOT_READY
v19,v19_E012,v19_1263,NOT_READY
v19,v19_E012,v19_1264,NOT_READY
v19,v19_E012,v19_1265,NOT_READY
v19,v19_E012,v19_1266,NOT_READY
v19,v19_E012,v19_1267,NOT_READY
v19,v19_E012,v19_1268,NOT_READY
v19,v19_E012,v19_1269,NOT_READY
v19,v19_E012,v19_1270,NOT_READY
v19,v19_E012,v19_1271,NOT_READY
v19,v19_E012,v19_1272,NOT_READY
v19,v19_E012,v19_1273,NOT_READY
v19,v19_E012,v19_1274,NOT_READY
v19,v19_E012,v19_1275,NOT_READY
v19,v19_E012,v19_1276,NOT_READY
v19,v19_E012,v19_1277,NOT_READY
v19,v19_E012,v19_1278,NOT_READY
v19,v19_E012,v19_1279,NOT_READY
v19,v19_E012,v19_1280,NOT_READY
v19,v19_E012,v19_1281,NOT_READY
v19,v19_E012,v19_1282,NOT_READY
v19,v19_E012,v19_1283,NOT_READY
v19,v19_E012,v19_1284,NOT_READY
v19,v19_E012,v19_1285,NOT_READY
v19,v19_E012,v19_1286,NOT_READY
v19,v19_E012,v19_1287,NOT_READY
v19,v19_E012,v19_1288,NOT_READY
v19,v19_E012,v19_1289,NOT_READY
v19,v19_E012,v19_1290,NOT_READY
v19,v19_E012,v19_1291,NOT_READY
v19,v19_E012,v19_1292,NOT_READY
v19,v19_E012,v19_1293,NOT_READY
v19,v19_E012,v19_1294,NOT_READY
v19,v19_E012,v19_1295,NOT_READY
v19,v19_E012,v19_1296,NOT_READY
v19,v19_E012,v19_1297,NOT_READY
v19,v19_E012,v19_1298,NOT_READY
v19,v19_E012,v19_1299,NOT_READY
v19,v19_E012,v19_1300,NOT_READY
v19,v19_E012,v19_1301,NOT_READY
v19,v19_E012,v19_1302,NOT_READY
v19,v19_E012,v19_1303,NOT_READY
v19,v19_E012,v19_1304,NOT_READY
v19,v19_E012,v19_1305,NOT_READY
v19,v19_E012,v19_1306,NOT_READY
v19,v19_E012,v19_1307,NOT_READY
v19,v19_E012,v19_1308,NOT_READY
v19,,v19_1309,INVALID
v19,,v19_1310,INVALID
v19,,v19_1311,INVALID
v19,,v19_1312,INVALID
v19,,v19_1313,INVALID
v19,,v19_1314,INVALID
v19,,v19_1315,INVALID
v19,,v19_1316,INVALID
v19,,v19_1317,INVALID
v19,,v19_1318,INVALID
v19,,v19_1319,INVALID
v19,,v19_1320,INVALID
v19,,v19_1321,INVALID
v19,,v19_1322,INVALID
v19,,v19_1323,INVALID
v19,,v19_1324,INVALID
v19,,v19_1325,INVALID
v19,,v19_1326,INVALID
v19,,v19_1327,INVALID
v19,,v19_1328,INVALID
v19,,v19_1329,INVALID
v19,,v19_1330,INVALID
v19,,v19_1331,INVALID
v19,,v19_1332,INVALID
v19,,v19_1333,INVALID
v19,,v19_1334,INVALID
v19,,v19_1335,INVALID
v19,,v19_1336,INVALID
v19,,v19_1337,INVALID
v19,,v19_1338,INVALID
v19,,v19_1339,INVALID
v19,,v19_1340,INVALID
v19,,v19_1341,INVALID
v19,,v19_1342,INVALID
v19,,v19_1343,INVALID
v19,,v19_1344,INVALID
v19,,v19_1345,INVALID
v19,,v19_1346,INVALID
v19,,v19_1347,INVALID
v19,,v19_1348,INVALID
v19,,v19_1349,INVALID
v19,,v19_1350,INVALID
v19,,v19_1351,INVALID
v19,,v19_1352,INVALID
v19,v19_E013,v19_1353,READY
v19,v19_E013,v19_1354,READY
v19,v19_E013,v19_1355,READY
v19,v19_E013,v19_1356,NOT_READY
v19,v19_E013,v19_1357,NOT_READY
v19,v19_E013,v19_1358,NOT_READY
v19,v19_E013,v19_1359,NOT_READY
v19,v19_E013,v19_1360,NOT_READY
v19,v19_E013,v19_1361,NOT_READY
v19,v19_E013,v19_1362,NOT_READY
v19,v19_E013,v19_1363,NOT_READY
v19,v19_E013,v19_1364,NOT_READY
v19,v19_E013,v19_1365,NOT_READY
v19,v19_E013,v19_1366,NOT_READY
v19,v19_E013,v19_1367,READY
v19,v19_E013,v19_1368,READY
v19,v19_E013,v19_1369,NOT_READY
v19,v19_E013,v19_1370,NOT_READY
v19,v19_E013,v19_1371,NOT_READY
v19,v19_E013,v19_1372,NOT_READY
v19,v19_E013,v19_1373,NOT_READY
v19,v19_E013,v19_1374,NOT_READY
v19,v19_E013,v19_1375,NOT_READY
v19,v19_E013,v19_1376,NOT_READY
v19,v19_E013,v19_1377,NOT_READY
v19,v19_E013,v19_1378,NOT_READY
v19,v19_E013,v19_1379,NOT_READY
v19,v19_E013,v19_1380,NOT_READY
v19,v19_E013,v19_1381,NOT_READY
v19,v19_E013,v19_1382,NOT_READY
v19,v19_E013,v19_1383,NOT_READY
v19,v19_E013,v19_1384,NOT_READY
v19,v19_E013,v19_1385,NOT_READY
v19,v19_E013,v19_1386,NOT_READY
v19,v19_E013,v19_1387,NOT_READY
v19,v19_E013,v19_1388,NOT_READY
v19,v19_E013,v19_1389,NOT_READY
v19,v19_E013,v19_1390,NOT_READY
v19,v19_E013,v19_1391,NOT_READY
v19,v19_E013,v19_1392,NOT_READY
v19,v19_E013,v19_1393,NOT_READY
v19,v19_E013,v19_1394,NOT_READY
v19,v19_E013,v19_1395,NOT_READY
v19,v19_E013,v19_1396,NOT_READY
v19,v19_E013,v19_1397,NOT_READY
v19,v19_E013,v19_1398,NOT_READY
v19,v19_E013,v19_1399,NOT_READY
v19,v19_E013,v19_1400,NOT_READY
v19,v19_E013,v19_1401,NOT_READY
v19,v19_E013,v19_1402,NOT_READY
v19,v19_E013,v19_1403,NOT_READY
v19,v19_E013,v19_1404,NOT_READY
v19,v19_E013,v19_1405,NOT_READY
v19,v19_E013,v19_1406,NOT_READY
v19,v19_E013,v19_1407,NOT_READY
v19,v19_E013,v19_1408,NOT_READY
v19,v19_E013,v19_1409,NOT_READY
v19,v19_E013,v19_1410,NOT_READY
v19,v19_E013,v19_1411,NOT_READY
v19,v19_E013,v19_1412,NOT_READY
v19,v19_E013,v19_1413,NOT_READY
v19,v19_E013,v19_1414,NOT_READY
v19,v19_E013,v19_1415,NOT_READY
v19,v19_E013,v19_1416,NOT_READY
v19,v19_E013,v19_1417,NOT_READY
v19,v19_E013,v19_1418,NOT_READY
v19,v19_E013,v19_1419,NOT_READY
v19,v19_E013,v19_1420,NOT_READY
v19,v19_E013,v19_1421,NOT_READY
v19,v19_E013,v19_1422,NOT_READY
v19,v19_E013,v19_1423,NOT_READY
v19,v19_E013,v19_1424,NOT_READY
v19,v19_E013,v19_1425,NOT_READY
v19,v19_E013,v19_1426,NOT_READY
v19,v19_E013,v19_1427,NOT_READY
v19,v19_E013,v19_1428,NOT_READY
v19,v19_E013,v19_1429,NOT_READY
v19,v19_E013,v19_1430,NOT_READY
v19,v19_E013,v19_1431,NOT_READY
v19,v19_E013,v19_1432,NOT_READY
v19,v19_E013,v19_1433,NOT_READY
v19,v19_E013,v19_1434,NOT_READY
v19,v19_E013,v19_1435,NOT_READY
v19,v19_E013,v19_1436,NOT_READY
v19,v19_E013,v19_1437,NOT_READY
v19,v19_E013,v19_1438,NOT_READY
v19,v19_E013,v19_1439,NOT_READY
v19,v19_E013,v19_1440,NOT_READY
v19,v19_E013,v19_1441,NOT_READY
v19,v19_E013,v19_1442,NOT_READY
v19,v19_E013,v19_1443,NOT_READY
v19,v19_E013,v19_1444,NOT_READY
v19,v19_E013,v19_1445,NOT_READY
v19,v19_E013,v19_1446,NOT_READY
v19,v19_E013,v19_1447,NOT_READY
v19,v19_E013,v19_1448,NOT_READY
v19,v19_E013,v19_1449,NOT_READY
v19,v19_E013,v19_1450,NOT_READY
v19,v19_E013,v19_1451,NOT_READY
v19,v19_E013,v19_1452,NOT_READY
v19,v19_E013,v19_1453,NOT_READY
v19,v19_E013,v19_1454,NOT_READY
v19,v19_E013,v19_1455,NOT_READY
v19,v19_E013,v19_1456,NOT_READY
v19,v19_E013,v19_1457,NOT_READY
v19,v19_E013,v19_1458,NOT_READY
v19,v19_E013,v19_1459,NOT_READY
v19,v19_E013,v19_1460,NOT_READY
v20,v20_E001,v20_001,NOT_READY
v20,v20_E001,v20_002,READY
v20,v20_E001,v20_003,READY
v20,v20_E001,v20_004,READY
v20,v20_E001,v20_005,READY
v20,v20_E001,v20_006,READY
v20,v20_E001,v20_007,READY
v20,v20_E001,v20_008,READY
v20,v20_E001,v20_009,READY
v20,v20_E001,v20_010,NOT_READY
v20,v20_E001,v20_011,NOT_READY
v20,v20_E001,v20_012,NOT_READY
v20,v20_E001,v20_013,NOT_READY
v20,v20_E001,v20_014,READY
v20,v20_E001,v20_015,NOT_READY
v20,v20_E001,v20_016,NOT_READY
v20,v20_E001,v20_017,NOT_READY
v20,v20_E001,v20_018,NOT_READY
v20,v20_E001,v20_019,NOT_READY
v20,v20_E001,v20_020,NOT_READY
v20,v20_E001,v20_021,NOT_READY
v20,v20_E001,v20_022,NOT_READY
v20,v20_E001,v20_023,NOT_READY
v20,v20_E001,v20_024,NOT_READY
v20,v20_E001,v20_025,NOT_READY
v20,v20_E001,v20_026,NOT_READY
v20,v20_E001,v20_027,NOT_READY
v20,v20_E001,v20_028,NOT_READY
v20,v20_E001,v20_029,NOT_READY
v20,v20_E001,v20_030,NOT_READY
v20,v20_E001,v20_031,NOT_READY
v20,v20_E001,v20_032,NOT_READY
v20,v20_E001,v20_033,NOT_READY
v20,v20_E001,v20_034,NOT_READY
v20,v20_E001,v20_035,NOT_READY
v20,v20_E001,v20_036,NOT_READY
v20,v20_E001,v20_037,NOT_READY
v20,v20_E001,v20_038,NOT_READY
v20,v20_E001,v20_039,NOT_READY
v20,v20_E001,v20_040,NOT_READY
v20,v20_E001,v20_041,NOT_READY
v20,v20_E001,v20_042,NOT_READY
v20,v20_E001,v20_043,NOT_READY
v20,v20_E001,v20_044,NOT_READY
v20,v20_E001,v20_045,NOT_READY
v20,v20_E001,v20_046,NOT_READY
v20,v20_E001,v20_047,NOT_READY
v20,v20_E001,v20_048,NOT_READY
v20,v20_E001,v20_049,NOT_READY
v20,v20_E001,v20_050,NOT_READY
v20,v20_E001,v20_051,NOT_READY
v20,v20_E001,v20_052,NOT_READY
v20,v20_E001,v20_053,NOT_READY
v20,v20_E001,v20_054,NOT_READY
v20,v20_E001,v20_055,NOT_READY
v20,v20_E001,v20_056,NOT_READY
v20,v20_E001,v20_057,NOT_READY
v20,v20_E001,v20_058,NOT_READY
v20,v20_E001,v20_059,NOT_READY
v20,v20_E001,v20_060,NOT_READY
v20,v20_E001,v20_061,NOT_READY
v20,v20_E001,v20_062,NOT_READY
v20,v20_E001,v20_063,NOT_READY
v20,v20_E001,v20_064,NOT_READY
v20,v20_E001,v20_065,NOT_READY
v20,v20_E001,v20_066,NOT_READY
v20,v20_E001,v20_067,NOT_READY
v20,v20_E001,v20_068,NOT_READY
v20,v20_E001,v20_069,NOT_READY
v20,v20_E001,v20_070,NOT_READY
v20,v20_E001,v20_071,NOT_READY
v20,v20_E001,v20_072,NOT_READY
v20,v20_E001,v20_073,NOT_READY
v20,v20_E001,v20_074,NOT_READY
v20,v20_E001,v20_075,NOT_READY
v20,v20_E001,v20_076,NOT_READY
v20,v20_E001,v20_077,NOT_READY
v20,v20_E001,v20_078,NOT_READY
v20,v20_E001,v20_079,NOT_READY
v20,v20_E001,v20_080,NOT_READY
v20,v20_E001,v20_081,NOT_READY
v20,v20_E001,v20_082,NOT_READY
v20,v20_E001,v20_083,NOT_READY
v20,v20_E001,v20_084,NOT_READY
v20,v20_E001,v20_085,NOT_READY
v20,v20_E001,v20_086,NOT_READY
v20,v20_E001,v20_087,NOT_READY
v20,v20_E001,v20_088,NOT_READY
v20,v20_E001,v20_089,NOT_READY
v20,v20_E001,v20_090,NOT_READY
v20,v20_E001,v20_091,NOT_READY
v20,v20_E001,v20_092,NOT_READY
v20,v20_E001,v20_093,NOT_READY
v20,v20_E001,v20_094,NOT_READY
v20,,v20_095,INVALID
v20,,v20_096,INVALID
v20,,v20_097,INVALID
v20,,v20_098,INVALID
v20,,v20_099,INVALID
v20,,v20_100,INVALID
v20,,v20_101,INVALID
v20,,v20_102,INVALID
v20,,v20_103,INVALID
v20,,v20_104,INVALID
v20,,v20_105,INVALID
v20,,v20_106,INVALID
v20,,v20_107,INVALID
v20,,v20_108,INVALID
v20,,v20_109,INVALID
v20,,v20_110,INVALID
v20,,v20_111,INVALID
v20,,v20_112,INVALID
v20,,v20_113,INVALID
v20,,v20_114,INVALID
v20,,v20_115,INVALID
v20,,v20_116,INVALID
v20,,v20_117,INVALID
v20,,v20_118,INVALID
v20,,v20_119,INVALID
v20,,v20_120,INVALID
v20,,v20_121,INVALID
v20,,v20_122,INVALID
v20,,v20_123,INVALID
v20,,v20_124,INVALID
v20,,v20_125,INVALID
v20,,v20_126,INVALID
v20,,v20_127,INVALID
v20,,v20_128,INVALID
v20,,v20_129,INVALID
v20,,v20_130,INVALID
v20,,v20_131,INVALID
v20,,v20_132,INVALID
v20,,v20_133,INVALID
v20,,v20_134,INVALID
v20,,v20_135,INVALID
v20,,v20_136,INVALID
v20,,v20_137,INVALID
v20,,v20_138,INVALID
v20,,v20_139,INVALID
v20,,v20_140,INVALID
v20,,v20_141,INVALID
v20,,v20_142,INVALID
v20,,v20_143,INVALID
v20,,v20_144,INVALID
v20,,v20_145,INVALID
v20,,v20_146,INVALID
v20,,v20_147,INVALID
v20,,v20_148,INVALID
v20,,v20_149,INVALID
v20,,v20_150,INVALID
v20,,v20_151,INVALID
v20,,v20_152,INVALID
v20,,v20_153,INVALID
v20,,v20_154,INVALID
v20,,v20_155,INVALID
v20,v20_E002,v20_156,NOT_READY
v20,v20_E002,v20_157,NOT_READY
v20,v20_E002,v20_158,NOT_READY
v20,v20_E002,v20_159,NOT_READY
v20,v20_E002,v20_160,NOT_READY
v20,v20_E002,v20_161,READY
v20,v20_E002,v20_162,READY
v20,v20_E002,v20_163,NOT_READY
v20,v20_E002,v20_164,NOT_READY
v20,v20_E002,v20_165,NOT_READY
v20,v20_E002,v20_166,NOT_READY
v20,v20_E002,v20_167,NOT_READY
v20,v20_E002,v20_168,NOT_READY
v20,v20_E002,v20_169,NOT_READY
v20,v20_E002,v20_170,NOT_READY
v20,v20_E002,v20_171,NOT_READY
v20,v20_E002,v20_172,NOT_READY
v20,v20_E002,v20_173,NOT_READY
v20,v20_E002,v20_174,NOT_READY
v20,v20_E002,v20_175,READY
v20,v20_E002,v20_176,READY
v20,v20_E002,v20_177,READY
v20,v20_E002,v20_178,NOT_READY
v20,v20_E002,v20_179,NOT_READY
v20,v20_E002,v20_180,NOT_READY
v20,v20_E002,v20_181,NOT_READY
v20,v20_E002,v20_182,NOT_READY
v20,v20_E002,v20_183,NOT_READY
v20,v20_E002,v20_184,NOT_READY
v20,v20_E002,v20_185,NOT_READY
v20,v20_E002,v20_186,NOT_READY
v20,v20_E002,v20_187,NOT_READY
v20,v20_E002,v20_188,NOT_READY
v20,v20_E002,v20_189,NOT_READY
v20,v20_E002,v20_190,NOT_READY
v20,v20_E002,v20_191,NOT_READY
v20,v20_E002,v20_192,NOT_READY
v20,v20_E002,v20_193,NOT_READY
v20,v20_E002,v20_194,NOT_READY
v20,v20_E002,v20_195,NOT_READY
v20,v20_E002,v20_196,NOT_READY
v20,v20_E002,v20_197,NOT_READY
v20,v20_E002,v20_198,NOT_READY
v20,v20_E002,v20_199,NOT_READY
v20,v20_E002,v20_200,NOT_READY
v20,v20_E002,v20_201,NOT_READY
v20,v20_E002,v20_202,NOT_READY
v20,v20_E002,v20_203,NOT_READY
v20,v20_E002,v20_204,NOT_READY
v20,v20_E002,v20_205,NOT_READY
v20,v20_E002,v20_206,NOT_READY
v20,v20_E002,v20_207,NOT_READY
v20,v20_E002,v20_208,NOT_READY
v20,v20_E002,v20_209,NOT_READY
v20,v20_E002,v20_210,NOT_READY
v20,v20_E002,v20_211,NOT_READY
v20,v20_E002,v20_212,NOT_READY
v20,v20_E002,v20_213,NOT_READY
v20,v20_E002,v20_214,NOT_READY
v20,v20_E002,v20_215,NOT_READY
v20,v20_E002,v20_216,NOT_READY
v20,v20_E002,v20_217,NOT_READY
v20,v20_E002,v20_218,NOT_READY
v20,v20_E002,v20_219,NOT_READY
v20,v20_E002,v20_220,NOT_READY
v20,v20_E002,v20_221,NOT_READY
v20,v20_E002,v20_222,NOT_READY
v20,v20_E002,v20_223,NOT_READY
v20,v20_E002,v20_224,NOT_READY
v20,v20_E002,v20_225,NOT_READY
v20,v20_E002,v20_226,NOT_READY
v20,v20_E002,v20_227,NOT_READY
v20,v20_E002,v20_228,NOT_READY
v20,v20_E002,v20_229,NOT_READY
v20,v20_E002,v20_230,NOT_READY
v20,v20_E002,v20_231,NOT_READY
v20,v20_E002,v20_232,NOT_READY
v20,v20_E002,v20_233,NOT_READY
v20,v20_E002,v20_234,NOT_READY
v20,v20_E002,v20_235,NOT_READY
v20,v20_E002,v20_236,NOT_READY
v20,v20_E002,v20_237,NOT_READY
v20,v20_E002,v20_238,NOT_READY
v20,v20_E002,v20_239,NOT_READY
v20,v20_E002,v20_240,NOT_READY
v20,v20_E002,v20_241,NOT_READY
v20,v20_E002,v20_242,NOT_READY
v20,v20_E002,v20_243,NOT_READY
v20,v20_E002,v20_244,NOT_READY
v20,v20_E002,v20_245,NOT_READY
v20,v20_E002,v20_246,NOT_READY
v20,v20_E002,v20_247,NOT_READY
v20,v20_E002,v20_248,NOT_READY
v20,v20_E002,v20_249,NOT_READY
v20,v20_E002,v20_250,NOT_READY
v20,v20_E002,v20_251,NOT_READY
v20,v20_E002,v20_252,NOT_READY
v20,v20_E002,v20_253,NOT_READY
v20,v20_E002,v20_254,NOT_READY
v20,v20_E002,v20_255,NOT_READY
v20,v20_E002,v20_256,NOT_READY
v20,v20_E002,v20_257,NOT_READY
v20,v20_E002,v20_258,NOT_READY
v20,v20_E002,v20_259,NOT_READY
v20,v20_E002,v20_260,NOT_READY
v20,v20_E002,v20_261,NOT_READY
v20,v20_E002,v20_262,NOT_READY
v20,v20_E002,v20_263,NOT_READY
v20,v20_E002,v20_264,NOT_READY
v20,v20_E002,v20_265,NOT_READY
v20,v20_E002,v20_266,NOT_READY
v20,v20_E002,v20_267,NOT_READY
v20,v20_E002,v20_268,NOT_READY
v20,v20_E002,v20_269,NOT_READY
v20,v20_E002,v20_270,NOT_READY
v20,v20_E002,v20_271,NOT_READY
v20,v20_E002,v20_272,NOT_READY
v20,,v20_273,INVALID
v20,,v20_274,INVALID
v20,,v20_275,INVALID
v20,,v20_276,INVALID
v20,,v20_277,INVALID
v20,,v20_278,INVALID
v20,,v20_279,INVALID
v20,,v20_280,INVALID
v20,,v20_281,INVALID
v20,,v20_282,INVALID
v20,,v20_283,INVALID
v20,,v20_284,INVALID
v20,,v20_285,INVALID
v20,,v20_286,INVALID
v20,,v20_287,INVALID
v20,,v20_288,INVALID
v20,,v20_289,INVALID
v20,,v20_290,INVALID
v20,,v20_291,INVALID
v20,,v20_292,INVALID
v20,,v20_293,INVALID
v20,,v20_294,INVALID
v20,,v20_295,INVALID
v20,,v20_296,INVALID
v20,,v20_297,INVALID
v20,,v20_298,INVALID
v20,,v20_299,INVALID
v20,,v20_300,INVALID
v20,,v20_301,INVALID
v20,,v20_302,INVALID
v20,,v20_303,INVALID
v20,,v20_304,INVALID
v20,,v20_305,INVALID
v20,,v20_306,INVALID
v20,,v20_307,INVALID
v20,,v20_308,INVALID
v20,v20_E003,v20_309,NOT_READY
v20,v20_E003,v20_310,NOT_READY
v20,v20_E003,v20_311,NOT_READY
v20,v20_E003,v20_312,NOT_READY
v20,v20_E003,v20_313,NOT_READY
v20,v20_E003,v20_314,NOT_READY
v20,v20_E003,v20_315,NOT_READY
v20,v20_E003,v20_316,NOT_READY
v20,v20_E003,v20_317,NOT_READY
v20,v20_E003,v20_318,NOT_READY
v20,v20_E003,v20_319,NOT_READY
v20,v20_E003,v20_320,NOT_READY
v20,v20_E003,v20_321,NOT_READY
v20,v20_E003,v20_322,NOT_READY
v20,v20_E003,v20_323,NOT_READY
v20,v20_E003,v20_324,NOT_READY
v20,v20_E003,v20_325,NOT_READY
v20,v20_E003,v20_326,NOT_READY
v20,v20_E003,v20_327,NOT_READY
v20,v20_E003,v20_328,READY
v20,v20_E003,v20_329,NOT_READY
v20,v20_E003,v20_330,NOT_READY
v20,v20_E003,v20_331,NOT_READY
v20,v20_E003,v20_332,NOT_READY
v20,v20_E003,v20_333,NOT_READY
v20,v20_E003,v20_334,NOT_READY
v20,v20_E003,v20_335,NOT_READY
v20,v20_E003,v20_336,NOT_READY
v20,v20_E003,v20_337,NOT_READY
v20,v20_E003,v20_338,NOT_READY
v20,v20_E003,v20_339,READY
v20,v20_E003,v20_340,NOT_READY
v20,v20_E003,v20_341,NOT_READY
v20,v20_E003,v20_342,NOT_READY
v20,v20_E003,v20_343,NOT_READY
v20,v20_E003,v20_344,NOT_READY
v20,v20_E003,v20_345,NOT_READY
v20,v20_E003,v20_346,NOT_READY
v20,v20_E003,v20_347,NOT_READY
v20,v20_E003,v20_348,NOT_READY
v20,v20_E003,v20_349,NOT_READY
v20,v20_E003,v20_350,NOT_READY
v20,v20_E003,v20_351,NOT_READY
v20,v20_E003,v20_352,NOT_READY
v20,v20_E003,v20_353,NOT_READY
v20,v20_E003,v20_354,NOT_READY
v20,v20_E003,v20_355,NOT_READY
v20,v20_E003,v20_356,NOT_READY
v20,v20_E003,v20_357,NOT_READY
v20,v20_E003,v20_358,NOT_READY
v20,v20_E003,v20_359,NOT_READY
v20,v20_E003,v20_360,NOT_READY
v20,v20_E003,v20_361,NOT_READY
v20,v20_E003,v20_362,NOT_READY
v20,v20_E003,v20_363,NOT_READY
v20,v20_E003,v20_364,NOT_READY
v20,v20_E003,v20_365,NOT_READY
v20,v20_E003,v20_366,NOT_READY
v20,v20_E003,v20_367,NOT_READY
v20,v20_E003,v20_368,NOT_READY
v20,v20_E003,v20_369,NOT_READY
v20,v20_E003,v20_370,NOT_READY
v20,v20_E003,v20_371,NOT_READY
v20,v20_E003,v20_372,NOT_READY
v20,v20_E003,v20_373,NOT_READY
v20,v20_E003,v20_374,NOT_READY
v20,v20_E003,v20_375,NOT_READY
v20,v20_E003,v20_376,NOT_READY
v20,v20_E003,v20_377,NOT_READY
v20,v20_E003,v20_378,NOT_READY
v20,v20_E003,v20_379,NOT_READY
v20,v20_E003,v20_380,NOT_READY
v20,v20_E003,v20_381,NOT_READY
v20,v20_E003,v20_382,NOT_READY
v20,v20_E003,v20_383,NOT_READY
v20,v20_E003,v20_384,NOT_READY
v20,v20_E003,v20_385,NOT_READY
v20,v20_E003,v20_386,NOT_READY
v20,v20_E003,v20_387,NOT_READY
v20,v20_E003,v20_388,NOT_READY
v20,v20_E003,v20_389,NOT_READY
v20,v20_E003,v20_390,NOT_READY
v20,v20_E003,v20_391,NOT_READY
v20,v20_E003,v20_392,NOT_READY
v20,v20_E003,v20_393,NOT_READY
v20,v20_E003,v20_394,NOT_READY
v20,v20_E003,v20_395,NOT_READY
v20,v20_E003,v20_396,NOT_READY
v20,v20_E003,v20_397,NOT_READY
v20,v20_E003,v20_398,NOT_READY
v20,v20_E003,v20_399,NOT_READY
v20,v20_E003,v20_400,NOT_READY
v20,v20_E003,v20_401,NOT_READY
v20,v20_E003,v20_402,NOT_READY
v20,v20_E003,v20_403,NOT_READY
v20,v20_E003,v20_404,NOT_READY
v20,v20_E003,v20_405,NOT_READY
v20,v20_E003,v20_406,NOT_READY
v20,v20_E003,v20_407,NOT_READY
v20,v20_E003,v20_408,NOT_READY
v20,v20_E003,v20_409,NOT_READY
v20,v20_E003,v20_410,NOT_READY
v20,v20_E003,v20_411,NOT_READY
v20,v20_E003,v20_412,NOT_READY
v20,v20_E003,v20_413,NOT_READY
v20,v20_E003,v20_414,NOT_READY
v20,v20_E003,v20_415,NOT_READY
v20,v20_E003,v20_416,NOT_READY
v20,v20_E003,v20_417,NOT_READY
v20,v20_E003,v20_418,NOT_READY
v20,v20_E003,v20_419,NOT_READY
v20,v20_E003,v20_420,NOT_READY
v20,v20_E003,v20_421,NOT_READY
v20,,v20_422,INVALID
v20,,v20_423,INVALID
v20,,v20_424,INVALID
v20,,v20_425,INVALID
v20,,v20_426,INVALID
v20,,v20_427,INVALID
v20,,v20_428,INVALID
v20,,v20_429,INVALID
v20,,v20_430,INVALID
v20,,v20_431,INVALID
v20,,v20_432,INVALID
v20,,v20_433,INVALID
v20,,v20_434,INVALID
v20,,v20_435,INVALID
v20,,v20_436,INVALID
v20,,v20_437,INVALID
v20,,v20_438,INVALID
v20,,v20_439,INVALID
v20,,v20_440,INVALID
v20,,v20_441,INVALID
v20,,v20_442,INVALID
v20,,v20_443,INVALID
v20,,v20_444,INVALID
v20,,v20_445,INVALID
v20,,v20_446,INVALID
v20,,v20_447,INVALID
v20,,v20_448,INVALID
v20,,v20_449,INVALID
v20,,v20_450,INVALID
v20,,v20_451,INVALID
v20,,v20_452,INVALID
v20,,v20_453,INVALID
v20,,v20_454,INVALID
v20,,v20_455,INVALID
v20,,v20_456,INVALID
v20,,v20_457,INVALID
v20,,v20_458,INVALID
v20,,v20_459,INVALID
v20,,v20_460,INVALID
v20,,v20_461,INVALID
v20,,v20_462,INVALID
v20,,v20_463,INVALID
v20,,v20_464,INVALID
v20,,v20_465,INVALID
v20,,v20_466,INVALID
v20,,v20_467,INVALID
v20,,v20_468,INVALID
v20,,v20_469,INVALID
v20,,v20_470,INVALID
v20,v20_E004,v20_471,NOT_READY
v20,v20_E004,v20_472,NOT_READY
v20,v20_E004,v20_473,NOT_READY
v20,v20_E004,v20_474,NOT_READY
v20,v20_E004,v20_475,READY
v20,v20_E004,v20_476,READY
v20,v20_E004,v20_477,NOT_READY
v20,v20_E004,v20_478,NOT_READY
v20,v20_E004,v20_479,NOT_READY
v20,v20_E004,v20_480,NOT_READY
v20,v20_E004,v20_481,NOT_READY
v20,v20_E004,v20_482,NOT_READY
v20,v20_E004,v20_483,NOT_READY
v20,v20_E004,v20_484,NOT_READY
v20,v20_E004,v20_485,NOT_READY
v20,v20_E004,v20_486,NOT_READY
v20,v20_E004,v20_487,NOT_READY
v20,v20_E004,v20_488,NOT_READY
v20,v20_E004,v20_489,NOT_READY
v20,v20_E004,v20_490,NOT_READY
v20,v20_E004,v20_491,NOT_READY
v20,v20_E004,v20_492,NOT_READY
v20,v20_E004,v20_493,NOT_READY
v20,v20_E004,v20_494,NOT_READY
v20,v20_E004,v20_495,NOT_READY
v20,v20_E004,v20_496,NOT_READY
v20,v20_E004,v20_497,NOT_READY
v20,v20_E004,v20_498,NOT_READY
v20,v20_E004,v20_499,NOT_READY
v20,v20_E004,v20_500,NOT_READY
v20,v20_E004,v20_501,NOT_READY
v20,v20_E004,v20_502,NOT_READY
v20,v20_E004,v20_503,NOT_READY
v20,v20_E004,v20_504,NOT_READY
v20,v20_E004,v20_505,NOT_READY
v20,v20_E004,v20_506,NOT_READY
v20,v20_E004,v20_507,NOT_READY
v20,v20_E004,v20_508,NOT_READY
v20,v20_E004,v20_509,NOT_READY
v20,v20_E004,v20_510,NOT_READY
v20,v20_E004,v20_511,NOT_READY
v20,v20_E004,v20_512,NOT_READY
v20,v20_E004,v20_513,NOT_READY
v20,v20_E004,v20_514,NOT_READY
v20,v20_E004,v20_515,NOT_READY
v20,v20_E004,v20_516,NOT_READY
v20,v20_E004,v20_517,NOT_READY
v20,v20_E004,v20_518,NOT_READY
v20,v20_E004,v20_519,NOT_READY
v20,v20_E004,v20_520,NOT_READY
v20,v20_E004,v20_521,NOT_READY
v20,v20_E004,v20_522,NOT_READY
v20,v20_E004,v20_523,NOT_READY
v20,v20_E004,v20_524,NOT_READY
v20,v20_E004,v20_525,NOT_READY
v20,v20_E004,v20_526,NOT_READY
v20,v20_E004,v20_527,NOT_READY
v20,v20_E004,v20_528,NOT_READY
v20,v20_E004,v20_529,NOT_READY
v20,v20_E004,v20_530,NOT_READY
v20,v20_E004,v20_531,NOT_READY
v20,v20_E004,v20_532,NOT_READY
v20,v20_E004,v20_533,NOT_READY
v20,v20_E004,v20_534,NOT_READY
v20,v20_E004,v20_535,NOT_READY
v20,v20_E004,v20_536,NOT_READY
v20,v20_E004,v20_537,NOT_READY
v20,v20_E004,v20_538,NOT_READY
v20,v20_E004,v20_539,NOT_READY
v20,v20_E004,v20_540,NOT_READY
v20,v20_E004,v20_541,NOT_READY
v20,v20_E004,v20_542,NOT_READY
v20,v20_E004,v20_543,NOT_READY
v20,v20_E004,v20_544,NOT_READY
v20,v20_E004,v20_545,NOT_READY
v20,v20_E004,v20_546,NOT_READY
v20,v20_E004,v20_547,NOT_READY
v20,v20_E004,v20_548,NOT_READY
v20,v20_E004,v20_549,NOT_READY
v20,v20_E004,v20_550,NOT_READY
v20,v20_E004,v20_551,NOT_READY
v20,v20_E004,v20_552,NOT_READY
v20,v20_E004,v20_553,NOT_READY
v21,v21_E001,v21_001,NOT_READY
v21,v21_E001,v21_002,NOT_READY
v21,v21_E001,v21_003,NOT_READY
v21,v21_E001,v21_004,READY
v21,v21_E001,v21_005,READY
v21,v21_E001,v21_006,READY
v21,v21_E001,v21_007,READY
v21,v21_E001,v21_008,READY
v21,v21_E001,v21_009,READY
v21,v21_E001,v21_010,NOT_READY
v21,v21_E001,v21_011,READY
v21,v21_E001,v21_012,READY
v21,v21_E001,v21_013,NOT_READY
v21,v21_E001,v21_014,NOT_READY
v21,v21_E001,v21_015,NOT_READY
v21,v21_E001,v21_016,NOT_READY
v21,v21_E001,v21_017,NOT_READY
v21,v21_E001,v21_018,NOT_READY
v21,v21_E001,v21_019,NOT_READY
v21,v21_E001,v21_020,NOT_READY
v21,v21_E001,v21_021,NOT_READY
v21,v21_E001,v21_022,NOT_READY
v21,v21_E001,v21_023,NOT_READY
v21,v21_E001,v21_024,NOT_READY
v21,v21_E001,v21_025,NOT_READY
v21,v21_E001,v21_026,NOT_READY
v21,v21_E001,v21_027,NOT_READY
v21,v21_E001,v21_028,READY
v21,v21_E001,v21_029,NOT_READY
v21,v21_E001,v21_030,NOT_READY
v21,v21_E001,v21_031,NOT_READY
v21,v21_E001,v21_032,NOT_READY
v21,v21_E001,v21_033,NOT_READY
v21,v21_E001,v21_034,NOT_READY
v21,v21_E001,v21_035,NOT_READY
v21,v21_E001,v21_036,NOT_READY
v21,v21_E001,v21_037,NOT_READY
v21,v21_E001,v21_038,NOT_READY
v21,v21_E001,v21_039,NOT_READY
v21,v21_E001,v21_040,NOT_READY
v21,v21_E001,v21_041,NOT_READY
v21,v21_E001,v21_042,NOT_READY
v21,v21_E001,v21_043,NOT_READY
v21,v21_E001,v21_044,NOT_READY
v21,v21_E001,v21_045,NOT_READY
v21,v21_E001,v21_046,NOT_READY
v21,v21_E001,v21_047,NOT_READY
v21,v21_E001,v21_048,NOT_READY
v21,v21_E001,v21_049,NOT_READY
v21,v21_E001,v21_050,NOT_READY
v21,v21_E001,v21_051,NOT_READY
v21,v21_E001,v21_052,NOT_READY
v21,v21_E001,v21_053,NOT_READY
v21,v21_E001,v21_054,NOT_READY
v21,v21_E001,v21_055,NOT_READY
v21,v21_E001,v21_056,NOT_READY
v21,v21_E001,v21_057,NOT_READY
v21,v21_E001,v21_058,NOT_READY
v21,v21_E001,v21_059,NOT_READY
v21,v21_E001,v21_060,NOT_READY
v21,v21_E001,v21_061,NOT_READY
v21,v21_E001,v21_062,NOT_READY
v21,v21_E001,v21_063,NOT_READY
v21,v21_E001,v21_064,NOT_READY
v21,v21_E001,v21_065,NOT_READY
v21,v21_E001,v21_066,NOT_READY
v21,v21_E001,v21_067,NOT_READY
v21,v21_E001,v21_068,NOT_READY
v21,v21_E001,v21_069,NOT_READY
v21,v21_E001,v21_070,NOT_READY
v21,v21_E001,v21_071,NOT_READY
v21,v21_E001,v21_072,NOT_READY
v21,v21_E001,v21_073,NOT_READY
v21,v21_E001,v21_074,NOT_READY
v21,v21_E001,v21_075,NOT_READY
v21,v21_E001,v21_076,NOT_READY
v21,v21_E001,v21_077,NOT_READY
v21,v21_E001,v21_078,NOT_READY
v21,v21_E001,v21_079,NOT_READY
v21,v21_E001,v21_080,NOT_READY
v21,v21_E001,v21_081,NOT_READY
v21,v21_E001,v21_082,NOT_READY
v21,v21_E001,v21_083,NOT_READY
v21,v21_E001,v21_084,NOT_READY
v21,v21_E001,v21_085,NOT_READY
v21,v21_E001,v21_086,NOT_READY
v21,v21_E001,v21_087,NOT_READY
v21,v21_E001,v21_088,NOT_READY
v21,v21_E001,v21_089,NOT_READY
v21,v21_E001,v21_090,NOT_READY
v21,v21_E001,v21_091,NOT_READY
v21,v21_E001,v21_092,NOT_READY
v21,v21_E001,v21_093,NOT_READY
v21,v21_E001,v21_094,NOT_READY
v21,v21_E001,v21_095,NOT_READY
v21,v21_E001,v21_096,NOT_READY
v21,v21_E001,v21_097,NOT_READY
v21,v21_E001,v21_098,NOT_READY
v21,v21_E001,v21_099,NOT_READY
v21,v21_E001,v21_100,NOT_READY
v21,v21_E001,v21_101,NOT_READY
v21,v21_E001,v21_102,NOT_READY
v21,v21_E001,v21_103,NOT_READY
v21,v21_E001,v21_104,NOT_READY
v21,v21_E001,v21_105,NOT_READY
v21,v21_E001,v21_106,NOT_READY
v21,v21_E001,v21_107,NOT_READY
v21,v21_E001,v21_108,NOT_READY
v21,v21_E001,v21_109,NOT_READY
v21,v21_E001,v21_110,NOT_READY
v21,v21_E001,v21_111,NOT_READY
v21,v21_E001,v21_112,NOT_READY
v21,v21_E001,v21_113,NOT_READY
v21,v21_E001,v21_114,NOT_READY
v21,v21_E001,v21_115,NOT_READY
v21,v21_E001,v21_116,NOT_READY
v21,v21_E001,v21_117,NOT_READY
v21,v21_E001,v21_118,NOT_READY
v21,v21_E001,v21_119,NOT_READY
v21,v21_E001,v21_120,NOT_READY
v21,v21_E001,v21_121,NOT_READY
v21,v21_E001,v21_122,NOT_READY
v21,v21_E001,v21_123,NOT_READY
v21,v21_E001,v21_124,NOT_READY
v21,v21_E001,v21_125,NOT_READY
v21,v21_E001,v21_126,NOT_READY
v21,v21_E001,v21_127,NOT_READY
v21,v21_E001,v21_128,NOT_READY
v21,v21_E001,v21_129,NOT_READY
v21,v21_E001,v21_130,NOT_READY
v21,v21_E001,v21_131,NOT_READY
v21,v21_E001,v21_132,NOT_READY
v21,v21_E001,v21_133,NOT_READY
v21,v21_E001,v21_134,NOT_READY
v21,v21_E001,v21_135,NOT_READY
v21,v21_E001,v21_136,NOT_READY
v21,v21_E001,v21_137,NOT_READY
v21,v21_E001,v21_138,NOT_READY
v21,v21_E001,v21_139,NOT_READY
v21,v21_E001,v21_140,NOT_READY
v21,v21_E001,v21_141,NOT_READY
v21,v21_E001,v21_142,NOT_READY
v21,v21_E001,v21_143,NOT_READY
v21,v21_E001,v21_144,NOT_READY
v21,v21_E001,v21_145,NOT_READY
v21,v21_E001,v21_146,NOT_READY
v21,v21_E001,v21_147,NOT_READY
v21,v21_E001,v21_148,NOT_READY
v21,v21_E001,v21_149,NOT_READY
v21,v21_E001,v21_150,NOT_READY
v21,v21_E001,v21_151,NOT_READY
v21,v21_E001,v21_152,NOT_READY
v21,v21_E001,v21_153,NOT_READY
v21,v21_E001,v21_154,NOT_READY
v21,v21_E001,v21_155,NOT_READY
v21,v21_E001,v21_156,NOT_READY
v21,v21_E001,v21_157,NOT_READY
v21,v21_E001,v21_158,NOT_READY
v21,v21_E001,v21_159,NOT_READY
v21,v21_E001,v21_160,NOT_READY
v21,v21_E001,v21_161,NOT_READY
v21,v21_E001,v21_162,NOT_READY
v21,v21_E001,v21_163,NOT_READY
v21,v21_E001,v21_164,NOT_READY
v21,v21_E001,v21_165,NOT_READY
v21,v21_E001,v21_166,NOT_READY
v21,v21_E001,v21_167,NOT_READY
v21,v21_E001,v21_168,NOT_READY
v21,v21_E001,v21_169,NOT_READY
v21,v21_E001,v21_170,NOT_READY
v21,v21_E001,v21_171,NOT_READY
v21,v21_E001,v21_172,NOT_READY
v21,v21_E001,v21_173,NOT_READY
v21,v21_E001,v21_174,NOT_READY
v21,v21_E001,v21_175,NOT_READY
v21,v21_E001,v21_176,NOT_READY
v21,v21_E001,v21_177,NOT_READY
v21,v21_E001,v21_178,NOT_READY
v21,v21_E001,v21_179,NOT_READY
v21,v21_E001,v21_180,NOT_READY
v21,v21_E001,v21_181,NOT_READY
v21,v21_E001,v21_182,NOT_READY
v21,v21_E001,v21_183,NOT_READY
v21,v21_E001,v21_184,NOT_READY
v21,v21_E001,v21_185,NOT_READY
v21,v21_E001,v21_186,NOT_READY
v21,v21_E001,v21_187,NOT_READY
v21,v21_E001,v21_188,NOT_READY
v21,v21_E001,v21_189,NOT_READY
v21,v21_E001,v21_190,NOT_READY
v21,v21_E001,v21_191,NOT_READY
v21,v21_E001,v21_192,NOT_READY
v21,v21_E001,v21_193,NOT_READY
v21,v21_E001,v21_194,NOT_READY
v21,v21_E001,v21_195,NOT_READY
v21,v21_E001,v21_196,NOT_READY
v21,v21_E001,v21_197,NOT_READY
v21,v21_E001,v21_198,NOT_READY
v21,v21_E001,v21_199,NOT_READY
v21,v21_E001,v21_200,NOT_READY
v21,v21_E001,v21_201,NOT_READY
v21,v21_E001,v21_202,NOT_READY
v21,v21_E001,v21_203,NOT_READY
v21,v21_E001,v21_204,NOT_READY
v21,v21_E001,v21_205,NOT_READY
v21,v21_E001,v21_206,NOT_READY
v21,v21_E001,v21_207,NOT_READY
v21,v21_E001,v21_208,NOT_READY
v21,v21_E001,v21_209,NOT_READY
v21,v21_E001,v21_210,NOT_READY
v21,v21_E001,v21_211,NOT_READY
v21,v21_E001,v21_212,NOT_READY
v21,v21_E001,v21_213,NOT_READY
v21,v21_E001,v21_214,NOT_READY
v21,v21_E001,v21_215,NOT_READY
v21,v21_E001,v21_216,NOT_READY
v21,v21_E001,v21_217,NOT_READY
v21,v21_E001,v21_218,NOT_READY
v21,v21_E001,v21_219,NOT_READY
v21,v21_E001,v21_220,NOT_READY
v21,v21_E001,v21_221,NOT_READY
v21,v21_E001,v21_222,NOT_READY
v21,v21_E001,v21_223,NOT_READY
v21,v21_E001,v21_224,NOT_READY
v21,v21_E001,v21_225,NOT_READY
v21,v21_E001,v21_226,NOT_READY
v21,v21_E001,v21_227,NOT_READY
v21,v21_E001,v21_228,NOT_READY
v21,v21_E001,v21_229,NOT_READY
v21,v21_E001,v21_230,NOT_READY
v21,v21_E001,v21_231,NOT_READY
v21,v21_E001,v21_232,NOT_READY
v21,v21_E001,v21_233,NOT_READY
v21,v21_E001,v21_234,NOT_READY
v21,v21_E001,v21_235,NOT_READY
v21,v21_E001,v21_236,NOT_READY
v21,v21_E001,v21_237,NOT_READY
v21,v21_E001,v21_238,NOT_READY
v21,v21_E001,v21_239,NOT_READY
v21,v21_E001,v21_240,NOT_READY
v21,v21_E001,v21_241,NOT_READY
v21,v21_E001,v21_242,NOT_READY
v21,v21_E001,v21_243,NOT_READY
v21,v21_E001,v21_244,NOT_READY
v21,v21_E001,v21_245,NOT_READY
v21,v21_E001,v21_246,NOT_READY
v21,v21_E001,v21_247,NOT_READY
v21,v21_E001,v21_248,NOT_READY
v21,v21_E001,v21_249,NOT_READY
v21,v21_E001,v21_250,NOT_READY
v21,v21_E001,v21_251,NOT_READY
v21,v21_E001,v21_252,NOT_READY
v21,v21_E001,v21_253,NOT_READY
v21,v21_E001,v21_254,NOT_READY
v21,v21_E001,v21_255,NOT_READY
v21,v21_E001,v21_256,NOT_READY
v21,v21_E001,v21_257,NOT_READY
v21,v21_E001,v21_258,NOT_READY
v21,v21_E001,v21_259,NOT_READY
v21,v21_E001,v21_260,NOT_READY
v21,v21_E001,v21_261,NOT_READY
v21,v21_E001,v21_262,NOT_READY
v21,v21_E001,v21_263,NOT_READY
v21,v21_E001,v21_264,NOT_READY
v21,v21_E001,v21_265,NOT_READY
v21,v21_E001,v21_266,NOT_READY
v21,v21_E001,v21_267,NOT_READY
v21,v21_E001,v21_268,NOT_READY
v21,v21_E001,v21_269,NOT_READY
v21,,v21_270,INVALID
v21,,v21_271,INVALID
v21,,v21_272,INVALID
v21,,v21_273,INVALID
v21,,v21_274,INVALID
v21,,v21_275,INVALID
v21,,v21_276,INVALID
v21,,v21_277,INVALID
v21,,v21_278,INVALID
v21,,v21_279,INVALID
v21,,v21_280,INVALID
v21,,v21_281,INVALID
v21,,v21_282,INVALID
v21,,v21_283,INVALID
v21,,v21_284,INVALID
v21,,v21_285,INVALID
v21,,v21_286,INVALID
v21,,v21_287,INVALID
v21,,v21_288,INVALID
v21,,v21_289,INVALID
v21,,v21_290,INVALID
v21,,v21_291,INVALID
v21,,v21_292,INVALID
v21,v21_E002,v21_293,NOT_READY
v21,v21_E002,v21_294,NOT_READY
v21,v21_E002,v21_295,NOT_READY
v21,v21_E002,v21_296,NOT_READY
v21,v21_E002,v21_297,NOT_READY
v21,v21_E002,v21_298,NOT_READY
v21,v21_E002,v21_299,NOT_READY
v21,v21_E002,v21_300,NOT_READY
v21,v21_E002,v21_301,NOT_READY
v21,v21_E002,v21_302,NOT_READY
v21,v21_E002,v21_303,NOT_READY
v21,v21_E002,v21_304,READY
v21,v21_E002,v21_305,NOT_READY
v21,v21_E002,v21_306,NOT_READY
v21,v21_E002,v21_307,READY
v21,v21_E002,v21_308,READY
v21,v21_E002,v21_309,READY
v21,v21_E002,v21_310,READY
v21,v21_E002,v21_311,NOT_READY
v21,v21_E002,v21_312,NOT_READY
v21,v21_E002,v21_313,NOT_READY
v21,v21_E002,v21_314,NOT_READY
v21,v21_E002,v21_315,READY
v21,v21_E002,v21_316,READY
v21,v21_E002,v21_317,READY
v21,v21_E002,v21_318,READY
v21,v21_E002,v21_319,READY
v21,v21_E002,v21_320,NOT_READY
v21,v21_E002,v21_321,NOT_READY
v21,v21_E002,v21_322,NOT_READY
v21,v21_E002,v21_323,NOT_READY
v21,v21_E002,v21_324,READY
v21,v21_E002,v21_325,READY
v21,v21_E002,v21_326,NOT_READY
v21,v21_E002,v21_327,NOT_READY
v21,v21_E002,v21_328,NOT_READY
v21,v21_E002,v21_329,NOT_READY
v21,v21_E002,v21_330,NOT_READY
v21,v21_E002,v21_331,NOT_READY
v21,v21_E002,v21_332,NOT_READY
v21,v21_E002,v21_333,NOT_READY
v21,v21_E002,v21_334,NOT_READY
v21,v21_E002,v21_335,NOT_READY
v21,v21_E002,v21_336,NOT_READY
v21,v21_E002,v21_337,NOT_READY
v21,v21_E002,v21_338,READY
v21,v21_E002,v21_339,READY
v21,v21_E002,v21_340,READY
v21,v21_E002,v21_341,READY
v21,v21_E002,v21_342,NOT_READY
v21,v21_E002,v21_343,NOT_READY
v21,v21_E002,v21_344,NOT_READY
v21,v21_E002,v21_345,NOT_READY
v21,v21_E002,v21_346,NOT_READY
v21,v21_E002,v21_347,NOT_READY
v21,v21_E002,v21_348,NOT_READY
v21,v21_E002,v21_349,NOT_READY
v21,v21_E002,v21_350,NOT_READY
v21,v21_E002,v21_351,NOT_READY
v21,v21_E002,v21_352,NOT_READY
v21,v21_E002,v21_353,NOT_READY
v21,v21_E002,v21_354,NOT_READY
v21,v21_E002,v21_355,NOT_READY
v21,v21_E002,v21_356,NOT_READY
v21,v21_E002,v21_357,NOT_READY
v21,v21_E002,v21_358,NOT_READY
v21,v21_E002,v21_359,NOT_READY
v21,v21_E002,v21_360,NOT_READY
v21,v21_E002,v21_361,NOT_READY
v21,v21_E002,v21_362,NOT_READY
v21,v21_E002,v21_363,NOT_READY
v21,v21_E002,v21_364,NOT_READY
v21,v21_E002,v21_365,NOT_READY
v21,v21_E002,v21_366,NOT_READY
v21,v21_E002,v21_367,NOT_READY
v21,v21_E002,v21_368,NOT_READY
v21,v21_E002,v21_369,NOT_READY
v21,v21_E002,v21_370,NOT_READY
v21,v21_E002,v21_371,NOT_READY
v21,v21_E002,v21_372,NOT_READY
v21,v21_E002,v21_373,NOT_READY
v21,v21_E002,v21_374,NOT_READY
v21,v21_E002,v21_375,NOT_READY
v21,v21_E002,v21_376,NOT_READY
v21,v21_E002,v21_377,NOT_READY
v21,v21_E002,v21_378,NOT_READY
v21,v21_E002,v21_379,NOT_READY
v21,v21_E002,v21_380,NOT_READY
v21,v21_E002,v21_381,NOT_READY
v21,v21_E002,v21_382,NOT_READY
v21,v21_E002,v21_383,NOT_READY
v21,v21_E002,v21_384,NOT_READY
v21,v21_E002,v21_385,NOT_READY
v21,v21_E002,v21_386,NOT_READY
v21,v21_E002,v21_387,NOT_READY
v21,v21_E002,v21_388,NOT_READY
v21,v21_E002,v21_389,NOT_READY
v21,v21_E002,v21_390,NOT_READY
v21,v21_E002,v21_391,NOT_READY
v21,v21_E002,v21_392,NOT_READY
v21,v21_E002,v21_393,NOT_READY
v21,v21_E002,v21_394,NOT_READY
v21,v21_E002,v21_395,NOT_READY
v21,v21_E002,v21_396,NOT_READY
v21,v21_E002,v21_397,NOT_READY
v21,v21_E002,v21_398,NOT_READY
v21,v21_E002,v21_399,NOT_READY
v21,v21_E002,v21_400,NOT_READY
v21,v21_E002,v21_401,NOT_READY
v21,v21_E002,v21_402,NOT_READY
v21,v21_E002,v21_403,NOT_READY
v21,v21_E002,v21_404,NOT_READY
v21,v21_E002,v21_405,NOT_READY
v21,v21_E002,v21_406,NOT_READY
v21,v21_E002,v21_407,NOT_READY
v21,v21_E002,v21_408,NOT_READY
v21,v21_E002,v21_409,NOT_READY
v21,v21_E002,v21_410,NOT_READY
v21,v21_E002,v21_411,NOT_READY
v21,v21_E002,v21_412,NOT_READY
v21,v21_E002,v21_413,NOT_READY
v21,v21_E002,v21_414,NOT_READY
v21,v21_E002,v21_415,NOT_READY
v21,v21_E002,v21_416,NOT_READY
v21,v21_E002,v21_417,NOT_READY
v21,v21_E002,v21_418,NOT_READY
v21,v21_E002,v21_419,NOT_READY
v21,v21_E002,v21_420,NOT_READY
v21,v21_E002,v21_421,NOT_READY
v21,v21_E002,v21_422,NOT_READY
v21,v21_E002,v21_423,NOT_READY
v21,v21_E002,v21_424,NOT_READY
v21,v21_E002,v21_425,NOT_READY
v21,v21_E002,v21_426,NOT_READY
v21,v21_E002,v21_427,NOT_READY
v21,v21_E002,v21_428,NOT_READY
v21,v21_E002,v21_429,NOT_READY
v21,v21_E002,v21_430,NOT_READY
v21,v21_E002,v21_431,NOT_READY
v21,v21_E002,v21_432,NOT_READY
v21,v21_E002,v21_433,NOT_READY
v21,v21_E002,v21_434,NOT_READY
v21,v21_E002,v21_435,NOT_READY
v21,v21_E002,v21_436,NOT_READY
v21,v21_E002,v21_437,NOT_READY
v21,v21_E002,v21_438,NOT_READY
v21,v21_E002,v21_439,NOT_READY
v21,v21_E002,v21_440,NOT_READY
v21,v21_E002,v21_441,NOT_READY
v21,v21_E002,v21_442,NOT_READY
v21,v21_E002,v21_443,NOT_READY
v21,v21_E002,v21_444,NOT_READY
v21,v21_E002,v21_445,NOT_READY
v21,v21_E002,v21_446,NOT_READY
v21,v21_E002,v21_447,NOT_READY
v21,v21_E002,v21_448,NOT_READY
v21,v21_E002,v21_449,NOT_READY
v21,v21_E002,v21_450,INVALID
v21,v21_E002,v21_451,INVALID
v21,,v21_452,INVALID
v21,,v21_453,INVALID
v21,,v21_454,INVALID
v21,,v21_455,INVALID
v21,,v21_456,INVALID
v21,,v21_457,INVALID
v21,,v21_458,INVALID
v21,,v21_459,INVALID
v21,,v21_460,INVALID
v21,,v21_461,INVALID
v21,,v21_462,INVALID
v21,,v21_463,INVALID
v21,,v21_464,INVALID
v21,,v21_465,NOT_READY
v21,,v21_466,INVALID
v21,,v21_467,NOT_READY
v21,,v21_468,NOT_READY
v21,,v21_469,INVALID
v21,v21_E003,v21_470,NOT_READY
v21,v21_E003,v21_471,NOT_READY
v21,v21_E003,v21_472,NOT_READY
v21,v21_E003,v21_473,NOT_READY
v21,v21_E003,v21_474,NOT_READY
v21,v21_E003,v21_475,NOT_READY
v21,v21_E003,v21_476,NOT_READY
v21,v21_E003,v21_477,NOT_READY
v21,v21_E003,v21_478,NOT_READY
v21,v21_E003,v21_479,NOT_READY
v21,v21_E003,v21_480,NOT_READY
v21,v21_E003,v21_481,NOT_READY
v21,v21_E003,v21_482,NOT_READY
v21,v21_E003,v21_483,NOT_READY
v21,v21_E003,v21_484,NOT_READY
v21,v21_E003,v21_485,NOT_READY
v21,v21_E003,v21_486,NOT_READY
v21,v21_E003,v21_487,NOT_READY
v21,v21_E003,v21_488,NOT_READY
v21,v21_E003,v21_489,NOT_READY
v21,v21_E003,v21_490,NOT_READY
v21,v21_E003,v21_491,NOT_READY
v21,v21_E003,v21_492,NOT_READY
v21,v21_E003,v21_493,NOT_READY
v21,v21_E003,v21_494,NOT_READY
v21,v21_E003,v21_495,NOT_READY
v21,v21_E003,v21_496,NOT_READY
v21,v21_E003,v21_497,NOT_READY
v21,v21_E003,v21_498,NOT_READY
v21,v21_E003,v21_499,NOT_READY
v21,v21_E003,v21_500,NOT_READY
v21,v21_E003,v21_501,NOT_READY
v21,v21_E003,v21_502,READY
v21,v21_E003,v21_503,READY
v21,v21_E003,v21_504,READY
v21,v21_E003,v21_505,NOT_READY
v21,v21_E003,v21_506,NOT_READY
v21,v21_E003,v21_507,NOT_READY
v21,v21_E003,v21_508,NOT_READY
v21,v21_E003,v21_509,NOT_READY
v21,v21_E003,v21_510,NOT_READY
v21,v21_E003,v21_511,READY
v21,v21_E003,v21_512,READY
v21,v21_E003,v21_513,READY
v21,v21_E003,v21_514,READY
v21,v21_E003,v21_515,READY
v21,v21_E003,v21_516,READY
v21,v21_E003,v21_517,READY
v21,v21_E003,v21_518,READY
v21,v21_E003,v21_519,READY
v21,v21_E003,v21_520,READY
v21,v21_E003,v21_521,READY
v21,v21_E003,v21_522,READY
v21,v21_E003,v21_523,READY
v21,v21_E003,v21_524,NOT_READY
v21,v21_E003,v21_525,NOT_READY
v21,v21_E003,v21_526,NOT_READY
v21,v21_E003,v21_527,NOT_READY
v21,v21_E003,v21_528,NOT_READY
v21,v21_E003,v21_529,NOT_READY
v21,v21_E003,v21_530,NOT_READY
v21,v21_E003,v21_531,NOT_READY
v21,v21_E003,v21_532,NOT_READY
v21,v21_E003,v21_533,NOT_READY
v21,v21_E003,v21_534,NOT_READY
v21,v21_E003,v21_535,NOT_READY
v21,v21_E003,v21_536,NOT_READY
v21,v21_E003,v21_537,NOT_READY
v21,v21_E003,v21_538,NOT_READY
v21,v21_E003,v21_539,NOT_READY
v21,v21_E003,v21_540,NOT_READY
v21,v21_E003,v21_541,NOT_READY
v21,v21_E003,v21_542,NOT_READY
v21,v21_E003,v21_543,NOT_READY
v21,v21_E003,v21_544,NOT_READY
v21,v21_E003,v21_545,NOT_READY
v21,v21_E003,v21_546,NOT_READY
v21,v21_E003,v21_547,NOT_READY
v21,v21_E003,v21_548,NOT_READY
v21,v21_E003,v21_549,NOT_READY
v21,v21_E003,v21_550,NOT_READY
v21,v21_E003,v21_551,NOT_READY
v21,v21_E003,v21_552,NOT_READY
v21,v21_E003,v21_553,NOT_READY
v21,v21_E003,v21_554,NOT_READY
v21,v21_E003,v21_555,NOT_READY
v21,v21_E003,v21_556,NOT_READY
v21,v21_E003,v21_557,NOT_READY
v21,v21_E003,v21_558,NOT_READY
v21,v21_E003,v21_559,NOT_READY
v21,v21_E003,v21_560,NOT_READY
v21,v21_E003,v21_561,NOT_READY
v21,v21_E003,v21_562,NOT_READY
v21,v21_E003,v21_563,NOT_READY
v21,v21_E003,v21_564,NOT_READY
v21,v21_E003,v21_565,NOT_READY
v21,v21_E003,v21_566,NOT_READY
v21,v21_E003,v21_567,NOT_READY
v21,v21_E003,v21_568,NOT_READY
v21,v21_E003,v21_569,NOT_READY
v21,v21_E003,v21_570,NOT_READY
v21,v21_E003,v21_571,NOT_READY
v21,v21_E003,v21_572,NOT_READY
v21,v21_E003,v21_573,NOT_READY
v21,v21_E003,v21_574,NOT_READY
v21,v21_E003,v21_575,NOT_READY
v21,v21_E003,v21_576,NOT_READY
v21,v21_E003,v21_577,NOT_READY
v21,v21_E003,v21_578,NOT_READY
v21,v21_E003,v21_579,NOT_READY
v21,v21_E003,v21_580,NOT_READY
v21,v21_E003,v21_581,NOT_READY
v21,v21_E003,v21_582,NOT_READY
v21,v21_E003,v21_583,NOT_READY
v21,v21_E003,v21_584,NOT_READY
v21,v21_E003,v21_585,NOT_READY
v21,v21_E003,v21_586,NOT_READY
v21,v21_E003,v21_587,NOT_READY
v21,v21_E003,v21_588,NOT_READY
v21,v21_E003,v21_589,NOT_READY
v21,v21_E003,v21_590,NOT_READY
v21,v21_E003,v21_591,NOT_READY
v21,v21_E003,v21_592,NOT_READY
v21,v21_E003,v21_593,NOT_READY
v21,v21_E003,v21_594,NOT_READY
v21,v21_E003,v21_595,NOT_READY
v21,v21_E003,v21_596,NOT_READY
v21,v21_E003,v21_597,NOT_READY
v21,v21_E003,v21_598,NOT_READY
v21,v21_E003,v21_599,NOT_READY
v21,v21_E003,v21_600,NOT_READY
v21,v21_E003,v21_601,NOT_READY
v21,v21_E003,v21_602,NOT_READY
v21,v21_E003,v21_603,NOT_READY
v21,v21_E003,v21_604,NOT_READY
v21,v21_E003,v21_605,NOT_READY
v21,v21_E003,v21_606,NOT_READY
v21,v21_E003,v21_607,NOT_READY
v21,v21_E003,v21_608,NOT_READY
v21,v21_E003,v21_609,NOT_READY
v21,v21_E003,v21_610,NOT_READY
v21,v21_E003,v21_611,NOT_READY
v21,v21_E003,v21_612,NOT_READY
v21,v21_E003,v21_613,NOT_READY
v21,v21_E003,v21_614,NOT_READY
v21,v21_E003,v21_615,NOT_READY
v21,v21_E003,v21_616,NOT_READY
v21,v21_E003,v21_617,NOT_READY
v21,v21_E003,v21_618,NOT_READY
v21,v21_E003,v21_619,NOT_READY
v21,v21_E003,v21_620,NOT_READY
v21,v21_E003,v21_621,NOT_READY
v21,v21_E003,v21_622,NOT_READY
v21,v21_E003,v21_623,NOT_READY
v21,v21_E003,v21_624,NOT_READY
v21,v21_E003,v21_625,NOT_READY
v21,v21_E003,v21_626,NOT_READY
v21,v21_E003,v21_627,NOT_READY
v21,v21_E003,v21_628,READY
v21,v21_E003,v21_629,READY
v21,v21_E003,v21_630,READY
v21,v21_E003,v21_631,READY
v21,v21_E003,v21_632,READY
v21,v21_E003,v21_633,NOT_READY
v21,v21_E003,v21_634,NOT_READY
v21,v21_E003,v21_635,READY
v21,v21_E003,v21_636,READY
v21,v21_E003,v21_637,READY
v21,v21_E003,v21_638,NOT_READY
v21,v21_E003,v21_639,NOT_READY
v21,v21_E003,v21_640,NOT_READY
v21,v21_E003,v21_641,NOT_READY
v21,v21_E003,v21_642,NOT_READY
v21,v21_E003,v21_643,READY
v21,v21_E003,v21_644,NOT_READY
v21,v21_E003,v21_645,NOT_READY
v21,v21_E003,v21_646,NOT_READY
v21,v21_E003,v21_647,NOT_READY
v21,v21_E003,v21_648,NOT_READY
v21,v21_E003,v21_649,NOT_READY
v21,v21_E003,v21_650,NOT_READY
v21,v21_E003,v21_651,NOT_READY
v21,v21_E003,v21_652,NOT_READY
v21,v21_E003,v21_653,NOT_READY
v21,v21_E003,v21_654,NOT_READY
v21,v21_E003,v21_655,NOT_READY
v21,v21_E003,v21_656,NOT_READY
v21,v21_E003,v21_657,NOT_READY
v21,v21_E003,v21_658,NOT_READY
v21,v21_E003,v21_659,NOT_READY
v21,v21_E003,v21_660,NOT_READY
v21,v21_E003,v21_661,NOT_READY
v21,v21_E003,v21_662,NOT_READY
v21,v21_E003,v21_663,NOT_READY
v21,v21_E003,v21_664,NOT_READY
v21,v21_E003,v21_665,NOT_READY
v21,v21_E003,v21_666,NOT_READY
v21,v21_E003,v21_667,NOT_READY
v21,v21_E003,v21_668,NOT_READY
v21,v21_E003,v21_669,NOT_READY
v21,v21_E003,v21_670,NOT_READY
v21,v21_E003,v21_671,NOT_READY
v21,v21_E003,v21_672,NOT_READY
v21,v21_E003,v21_673,NOT_READY
v21,v21_E003,v21_674,NOT_READY
v21,v21_E003,v21_675,NOT_READY
v21,v21_E003,v21_676,NOT_READY
v21,v21_E003,v21_677,NOT_READY
v21,v21_E003,v21_678,NOT_READY
v21,v21_E003,v21_679,NOT_READY
v21,v21_E003,v21_680,NOT_READY
v21,v21_E003,v21_681,NOT_READY
v21,v21_E003,v21_682,NOT_READY
v21,v21_E003,v21_683,NOT_READY
v21,v21_E003,v21_684,NOT_READY
v21,v21_E003,v21_685,NOT_READY
v21,v21_E003,v21_686,NOT_READY
v21,v21_E003,v21_687,NOT_READY
v21,v21_E003,v21_688,NOT_READY
v21,v21_E003,v21_689,NOT_READY
v21,v21_E003,v21_690,NOT_READY
v21,v21_E003,v21_691,NOT_READY
v21,v21_E003,v21_692,NOT_READY
v21,v21_E003,v21_693,NOT_READY
v21,v21_E003,v21_694,NOT_READY
v21,v21_E003,v21_695,NOT_READY
v21,v21_E003,v21_696,NOT_READY
v21,v21_E003,v21_697,NOT_READY
v21,v21_E003,v21_698,NOT_READY
v21,v21_E003,v21_699,NOT_READY
v21,v21_E003,v21_700,NOT_READY
v21,v21_E003,v21_701,NOT_READY
v21,v21_E003,v21_702,NOT_READY
v21,v21_E003,v21_703,NOT_READY
v21,v21_E003,v21_704,NOT_READY
v21,v21_E003,v21_705,NOT_READY
v21,v21_E003,v21_706,NOT_READY
v21,v21_E003,v21_707,NOT_READY
v21,v21_E003,v21_708,NOT_READY
v21,v21_E003,v21_709,NOT_READY
v21,v21_E003,v21_710,NOT_READY
v21,v21_E003,v21_711,NOT_READY
v21,v21_E003,v21_712,NOT_READY
v21,v21_E003,v21_713,NOT_READY
v21,v21_E003,v21_714,NOT_READY
v21,v21_E003,v21_715,NOT_READY
v21,v21_E003,v21_716,NOT_READY
v21,v21_E003,v21_717,NOT_READY
v21,v21_E003,v21_718,NOT_READY
v21,v21_E003,v21_719,NOT_READY
v21,v21_E003,v21_720,NOT_READY
v21,v21_E003,v21_721,NOT_READY
v21,v21_E003,v21_722,NOT_READY
v21,v21_E003,v21_723,NOT_READY
v21,v21_E003,v21_724,NOT_READY
v21,v21_E003,v21_725,NOT_READY
v21,v21_E003,v21_726,NOT_READY
v21,v21_E003,v21_727,NOT_READY
v21,v21_E003,v21_728,NOT_READY
v21,v21_E003,v21_729,NOT_READY
v21,v21_E003,v21_730,NOT_READY
v21,v21_E003,v21_731,NOT_READY
v21,v21_E003,v21_732,NOT_READY
v21,v21_E003,v21_733,NOT_READY
v21,v21_E003,v21_734,NOT_READY
v21,v21_E003,v21_735,NOT_READY
v21,v21_E003,v21_736,NOT_READY
v21,v21_E003,v21_737,NOT_READY
v21,v21_E003,v21_738,NOT_READY
v21,v21_E003,v21_739,NOT_READY
v21,v21_E003,v21_740,NOT_READY
v21,v21_E003,v21_741,NOT_READY
v21,v21_E003,v21_742,NOT_READY
v21,v21_E003,v21_743,NOT_READY
v21,v21_E003,v21_744,NOT_READY
v21,v21_E003,v21_745,NOT_READY
v21,v21_E003,v21_746,NOT_READY
v21,v21_E003,v21_747,NOT_READY
v21,v21_E003,v21_748,NOT_READY
v21,v21_E003,v21_749,NOT_READY
v21,v21_E003,v21_750,NOT_READY
v21,v21_E003,v21_751,NOT_READY
v21,v21_E003,v21_752,NOT_READY
v21,v21_E003,v21_753,NOT_READY
v21,v21_E003,v21_754,NOT_READY
v21,v21_E003,v21_755,NOT_READY
v21,v21_E003,v21_756,NOT_READY
v21,v21_E003,v21_757,NOT_READY
v21,v21_E003,v21_758,NOT_READY
v21,v21_E003,v21_759,NOT_READY
v21,v21_E003,v21_760,NOT_READY
v21,v21_E003,v21_761,NOT_READY
v21,v21_E003,v21_762,NOT_READY
v21,v21_E003,v21_763,NOT_READY
v21,v21_E003,v21_764,NOT_READY
v21,v21_E003,v21_765,NOT_READY
v21,v21_E003,v21_766,NOT_READY
v21,v21_E003,v21_767,NOT_READY
v21,v21_E003,v21_768,NOT_READY
v21,v21_E003,v21_769,INVALID
v21,,v21_770,INVALID
v21,,v21_771,INVALID
v21,,v21_772,INVALID
v21,,v21_773,INVALID
v21,,v21_774,INVALID
v21,,v21_775,INVALID
v22,v22_E001,v22_001,NOT_READY
v22,v22_E001,v22_002,NOT_READY
v22,v22_E001,v22_003,NOT_READY
v22,v22_E001,v22_004,NOT_READY
v22,v22_E001,v22_005,NOT_READY
v22,v22_E001,v22_006,NOT_READY
v22,v22_E001,v22_007,NOT_READY
v22,v22_E001,v22_008,NOT_READY
v22,v22_E001,v22_009,NOT_READY
v22,v22_E001,v22_010,NOT_READY
v22,v22_E001,v22_011,NOT_READY
v22,v22_E001,v22_012,NOT_READY
v22,v22_E001,v22_013,NOT_READY
v22,v22_E001,v22_014,NOT_READY
v22,v22_E001,v22_015,NOT_READY
v22,v22_E001,v22_016,NOT_READY
v22,v22_E001,v22_017,NOT_READY
v22,v22_E001,v22_018,NOT_READY
v22,v22_E001,v22_019,NOT_READY
v22,v22_E001,v22_020,NOT_READY
v22,v22_E001,v22_021,NOT_READY
v22,v22_E001,v22_022,NOT_READY
v22,v22_E001,v22_023,NOT_READY
v22,v22_E001,v22_024,NOT_READY
v22,v22_E001,v22_025,NOT_READY
v22,v22_E001,v22_026,READY
v22,v22_E001,v22_027,READY
v22,v22_E001,v22_028,READY
v22,v22_E001,v22_029,NOT_READY
v22,v22_E001,v22_030,NOT_READY
v22,v22_E001,v22_031,NOT_READY
v22,v22_E001,v22_032,NOT_READY
v22,v22_E001,v22_033,NOT_READY
v22,v22_E001,v22_034,NOT_READY
v22,v22_E001,v22_035,NOT_READY
v22,v22_E001,v22_036,NOT_READY
v22,v22_E001,v22_037,NOT_READY
v22,v22_E001,v22_038,NOT_READY
v22,v22_E001,v22_039,NOT_READY
v22,v22_E001,v22_040,NOT_READY
v22,v22_E001,v22_041,NOT_READY
v22,v22_E001,v22_042,NOT_READY
v22,v22_E001,v22_043,NOT_READY
v22,v22_E001,v22_044,NOT_READY
v22,v22_E001,v22_045,NOT_READY
v22,v22_E001,v22_046,NOT_READY
v22,v22_E001,v22_047,NOT_READY
v22,v22_E001,v22_048,NOT_READY
v22,v22_E001,v22_049,NOT_READY
v22,v22_E001,v22_050,NOT_READY
v22,v22_E001,v22_051,NOT_READY
v22,v22_E001,v22_052,NOT_READY
v22,v22_E001,v22_053,NOT_READY
v22,v22_E001,v22_054,NOT_READY
v22,v22_E001,v22_055,NOT_READY
v22,v22_E001,v22_056,NOT_READY
v22,v22_E001,v22_057,NOT_READY
v22,v22_E001,v22_058,NOT_READY
v22,v22_E001,v22_059,NOT_READY
v22,v22_E001,v22_060,NOT_READY
v22,v22_E001,v22_061,NOT_READY
v22,v22_E001,v22_062,NOT_READY
v22,v22_E001,v22_063,NOT_READY
v22,v22_E001,v22_064,NOT_READY
v22,v22_E001,v22_065,NOT_READY
v22,v22_E001,v22_066,NOT_READY
v22,v22_E001,v22_067,NOT_READY
v22,v22_E001,v22_068,NOT_READY
v22,v22_E001,v22_069,NOT_READY
v22,v22_E001,v22_070,NOT_READY
v22,v22_E001,v22_071,NOT_READY
v22,v22_E001,v22_072,NOT_READY
v22,v22_E001,v22_073,NOT_READY
v22,v22_E001,v22_074,NOT_READY
v22,v22_E001,v22_075,NOT_READY
v22,v22_E001,v22_076,NOT_READY
v22,v22_E001,v22_077,NOT_READY
v22,v22_E001,v22_078,NOT_READY
v22,v22_E001,v22_079,NOT_READY
v22,v22_E001,v22_080,NOT_READY
v22,v22_E001,v22_081,NOT_READY
v22,v22_E001,v22_082,NOT_READY
v22,v22_E001,v22_083,NOT_READY
v22,v22_E001,v22_084,NOT_READY
v22,v22_E001,v22_085,NOT_READY
v22,v22_E001,v22_086,NOT_READY
v22,,v22_087,INVALID
v22,,v22_088,INVALID
v22,,v22_089,INVALID
v22,,v22_090,INVALID
v22,,v22_091,INVALID
v22,,v22_092,INVALID
v22,,v22_093,INVALID
v22,,v22_094,INVALID
v22,,v22_095,INVALID
v22,,v22_096,INVALID
v22,,v22_097,INVALID
v22,,v22_098,INVALID
v22,,v22_099,INVALID
v22,v22_E002,v22_100,NOT_READY
v22,v22_E002,v22_101,NOT_READY
v22,v22_E002,v22_102,NOT_READY
v22,v22_E002,v22_103,NOT_READY
v22,v22_E002,v22_104,NOT_READY
v22,v22_E002,v22_105,READY
v22,v22_E002,v22_106,READY
v22,v22_E002,v22_107,READY
v22,v22_E002,v22_108,NOT_READY
v22,v22_E002,v22_109,NOT_READY
v22,v22_E002,v22_110,NOT_READY
v22,v22_E002,v22_111,NOT_READY
v22,v22_E002,v22_112,NOT_READY
v22,v22_E002,v22_113,NOT_READY
v22,v22_E002,v22_114,NOT_READY
v22,v22_E002,v22_115,NOT_READY
v22,v22_E002,v22_116,NOT_READY
v22,v22_E002,v22_117,NOT_READY
v22,v22_E002,v22_118,NOT_READY
v22,v22_E002,v22_119,NOT_READY
v22,v22_E002,v22_120,NOT_READY
v22,v22_E002,v22_121,NOT_READY
v22,v22_E002,v22_122,NOT_READY
v22,v22_E002,v22_123,NOT_READY
v22,v22_E002,v22_124,NOT_READY
v22,v22_E002,v22_125,NOT_READY
v22,v22_E002,v22_126,NOT_READY
v22,v22_E002,v22_127,NOT_READY
v22,v22_E002,v22_128,NOT_READY
v22,v22_E002,v22_129,NOT_READY
v22,v22_E002,v22_130,NOT_READY
v22,v22_E002,v22_131,NOT_READY
v22,v22_E002,v22_132,NOT_READY
v22,v22_E002,v22_133,NOT_READY
v22,v22_E002,v22_134,NOT_READY
v22,v22_E002,v22_135,NOT_READY
v22,v22_E002,v22_136,NOT_READY
v22,v22_E002,v22_137,NOT_READY
v22,v22_E002,v22_138,NOT_READY
v22,v22_E002,v22_139,NOT_READY
v22,v22_E002,v22_140,NOT_READY
v22,v22_E002,v22_141,NOT_READY
v22,v22_E002,v22_142,NOT_READY
v22,v22_E002,v22_143,NOT_READY
v22,v22_E002,v22_144,NOT_READY
v22,v22_E002,v22_145,NOT_READY
v22,v22_E002,v22_146,NOT_READY
v22,v22_E002,v22_147,NOT_READY
v22,v22_E002,v22_148,NOT_READY
v22,v22_E002,v22_149,NOT_READY
v22,v22_E002,v22_150,NOT_READY
v22,v22_E002,v22_151,NOT_READY
v22,v22_E002,v22_152,NOT_READY
v22,v22_E002,v22_153,NOT_READY
v22,v22_E002,v22_154,NOT_READY
v22,v22_E002,v22_155,NOT_READY
v22,v22_E002,v22_156,NOT_READY
v22,v22_E002,v22_157,NOT_READY
v22,v22_E002,v22_158,NOT_READY
v22,v22_E002,v22_159,NOT_READY
v22,v22_E002,v22_160,NOT_READY
v22,v22_E002,v22_161,NOT_READY
v22,v22_E002,v22_162,NOT_READY
v22,v22_E002,v22_163,NOT_READY
v22,v22_E002,v22_164,NOT_READY
v22,v22_E002,v22_165,NOT_READY
v22,v22_E002,v22_166,NOT_READY
v22,v22_E002,v22_167,NOT_READY
v22,v22_E002,v22_168,NOT_READY
v22,v22_E002,v22_169,NOT_READY
v22,v22_E002,v22_170,NOT_READY
v22,v22_E002,v22_171,NOT_READY
v22,v22_E002,v22_172,NOT_READY
v22,v22_E002,v22_173,NOT_READY
v22,v22_E002,v22_174,NOT_READY
v22,v22_E002,v22_175,NOT_READY
v22,v22_E002,v22_176,NOT_READY
v22,v22_E002,v22_177,NOT_READY
v22,v22_E002,v22_178,NOT_READY
v22,v22_E002,v22_179,NOT_READY
v22,v22_E002,v22_180,NOT_READY
v22,v22_E002,v22_181,NOT_READY
v22,v22_E002,v22_182,NOT_READY
v22,,v22_183,INVALID
v22,,v22_184,INVALID
v22,,v22_185,INVALID
v22,,v22_186,INVALID
v22,,v22_187,INVALID
v22,,v22_188,INVALID
v22,,v22_189,INVALID
v22,,v22_190,INVALID
v22,,v22_191,INVALID
v22,,v22_192,INVALID
v22,v22_E003,v22_193,NOT_READY
v22,v22_E003,v22_194,NOT_READY
v22,v22_E003,v22_195,READY
v22,v22_E003,v22_196,READY
v22,v22_E003,v22_197,READY
v22,v22_E003,v22_198,NOT_READY
v22,v22_E003,v22_199,NOT_READY
v22,v22_E003,v22_200,NOT_READY
v22,v22_E003,v22_201,NOT_READY
v22,v22_E003,v22_202,NOT_READY
v22,v22_E003,v22_203,NOT_READY
v22,v22_E003,v22_204,NOT_READY
v22,v22_E003,v22_205,NOT_READY
v22,v22_E003,v22_206,NOT_READY
v22,v22_E003,v22_207,NOT_READY
v22,v22_E003,v22_208,NOT_READY
v22,v22_E003,v22_209,NOT_READY
v22,v22_E003,v22_210,NOT_READY
v22,v22_E003,v22_211,NOT_READY
v22,v22_E003,v22_212,NOT_READY
v22,v22_E003,v22_213,NOT_READY
v22,v22_E003,v22_214,NOT_READY
v22,v22_E003,v22_215,NOT_READY
v22,v22_E003,v22_216,NOT_READY
v22,v22_E003,v22_217,NOT_READY
v22,v22_E003,v22_218,NOT_READY
v22,v22_E003,v22_219,NOT_READY
v22,v22_E003,v22_220,NOT_READY
v22,v22_E003,v22_221,NOT_READY
v22,v22_E003,v22_222,NOT_READY
v22,v22_E003,v22_223,NOT_READY
v22,v22_E003,v22_224,NOT_READY
v22,v22_E003,v22_225,NOT_READY
v22,v22_E003,v22_226,NOT_READY
v22,v22_E003,v22_227,NOT_READY
v22,v22_E003,v22_228,NOT_READY
v22,v22_E003,v22_229,NOT_READY
v22,v22_E003,v22_230,NOT_READY
v22,v22_E003,v22_231,NOT_READY
v22,v22_E003,v22_232,NOT_READY
v22,v22_E003,v22_233,NOT_READY
v22,v22_E003,v22_234,NOT_READY
v22,v22_E003,v22_235,NOT_READY
v22,v22_E003,v22_236,NOT_READY
v22,v22_E003,v22_237,NOT_READY
v22,v22_E003,v22_238,NOT_READY
v22,v22_E003,v22_239,NOT_READY
v22,v22_E003,v22_240,NOT_READY
v22,v22_E003,v22_241,NOT_READY
v22,v22_E003,v22_242,NOT_READY
v22,v22_E003,v22_243,NOT_READY
v22,v22_E003,v22_244,NOT_READY
v22,v22_E003,v22_245,NOT_READY
v22,v22_E003,v22_246,NOT_READY
v22,v22_E003,v22_247,NOT_READY
v22,v22_E003,v22_248,NOT_READY
v22,v22_E003,v22_249,NOT_READY
v22,,v22_250,INVALID
v22,,v22_251,INVALID
v22,,v22_252,INVALID
v22,,v22_253,INVALID
v22,,v22_254,INVALID
v22,,v22_255,INVALID
v22,,v22_256,INVALID
v22,,v22_257,INVALID
v22,,v22_258,INVALID
v22,,v22_259,INVALID
v22,,v22_260,INVALID
v22,v22_E004,v22_261,NOT_READY
v22,v22_E004,v22_262,NOT_READY
v22,v22_E004,v22_263,READY
v22,v22_E004,v22_264,READY
v22,v22_E004,v22_265,NOT_READY
v22,v22_E004,v22_266,NOT_READY
v22,v22_E004,v22_267,NOT_READY
v22,v22_E004,v22_268,NOT_READY
v22,v22_E004,v22_269,NOT_READY
v22,v22_E004,v22_270,NOT_READY
v22,v22_E004,v22_271,NOT_READY
v22,v22_E004,v22_272,NOT_READY
v22,v22_E004,v22_273,NOT_READY
v22,v22_E004,v22_274,NOT_READY
v22,v22_E004,v22_275,NOT_READY
v22,v22_E004,v22_276,NOT_READY
v22,v22_E004,v22_277,NOT_READY
v22,v22_E004,v22_278,NOT_READY
v22,v22_E004,v22_279,NOT_READY
v22,v22_E004,v22_280,NOT_READY
v22,v22_E004,v22_281,NOT_READY
v22,v22_E004,v22_282,NOT_READY
v22,v22_E004,v22_283,NOT_READY
v22,v22_E004,v22_284,NOT_READY
v22,v22_E004,v22_285,NOT_READY
v22,v22_E004,v22_286,NOT_READY
v22,v22_E004,v22_287,NOT_READY
v22,v22_E004,v22_288,NOT_READY
v22,v22_E004,v22_289,NOT_READY
v22,v22_E004,v22_290,NOT_READY
v22,v22_E004,v22_291,NOT_READY
v22,v22_E004,v22_292,NOT_READY
v22,v22_E004,v22_293,NOT_READY
v22,v22_E004,v22_294,NOT_READY
v22,v22_E004,v22_295,NOT_READY
v22,v22_E004,v22_296,NOT_READY
v22,v22_E004,v22_297,NOT_READY
v22,v22_E004,v22_298,NOT_READY
v22,v22_E004,v22_299,NOT_READY
v22,v22_E004,v22_300,NOT_READY
v22,v22_E004,v22_301,NOT_READY
v22,v22_E004,v22_302,NOT_READY
v22,v22_E004,v22_303,NOT_READY
v22,v22_E004,v22_304,NOT_READY
v22,v22_E004,v22_305,NOT_READY
v22,v22_E004,v22_306,NOT_READY
v22,v22_E004,v22_307,NOT_READY
v22,v22_E004,v22_308,NOT_READY
v22,v22_E004,v22_309,NOT_READY
v22,v22_E004,v22_310,NOT_READY
v22,v22_E004,v22_311,NOT_READY
v22,v22_E004,v22_312,NOT_READY
v22,v22_E004,v22_313,NOT_READY
v22,v22_E004,v22_314,NOT_READY
v22,v22_E004,v22_315,NOT_READY
v22,v22_E004,v22_316,NOT_READY
v22,v22_E004,v22_317,NOT_READY
v22,v22_E004,v22_318,NOT_READY
v22,v22_E004,v22_319,NOT_READY
v22,v22_E004,v22_320,NOT_READY
v22,,v22_321,INVALID
v22,,v22_322,INVALID
v22,,v22_323,INVALID
v22,,v22_324,INVALID
v22,,v22_325,INVALID
v22,,v22_326,INVALID
v22,,v22_327,INVALID
v22,v22_E005,v22_328,NOT_READY
v22,v22_E005,v22_329,NOT_READY
v22,v22_E005,v22_330,NOT_READY
v22,v22_E005,v22_331,NOT_READY
v22,v22_E005,v22_332,READY
v22,v22_E005,v22_333,READY
v22,v22_E005,v22_334,NOT_READY
v22,v22_E005,v22_335,NOT_READY
v22,v22_E005,v22_336,NOT_READY
v22,v22_E005,v22_337,NOT_READY
v22,v22_E005,v22_338,NOT_READY
v22,v22_E005,v22_339,NOT_READY
v22,v22_E005,v22_340,NOT_READY
v22,v22_E005,v22_341,NOT_READY
v22,v22_E005,v22_342,NOT_READY
v22,v22_E005,v22_343,NOT_READY
v22,v22_E005,v22_344,NOT_READY
v22,v22_E005,v22_345,NOT_READY
v22,v22_E005,v22_346,NOT_READY
v22,v22_E005,v22_347,NOT_READY
v22,v22_E005,v22_348,NOT_READY
v22,v22_E005,v22_349,NOT_READY
v22,v22_E005,v22_350,NOT_READY
v22,v22_E005,v22_351,NOT_READY
v22,v22_E005,v22_352,NOT_READY
v22,v22_E005,v22_353,NOT_READY
v22,v22_E005,v22_354,NOT_READY
v22,v22_E005,v22_355,NOT_READY
v22,v22_E005,v22_356,NOT_READY
v22,v22_E005,v22_357,NOT_READY
v22,v22_E005,v22_358,NOT_READY
v22,v22_E005,v22_359,NOT_READY
v22,v22_E005,v22_360,NOT_READY
v22,v22_E005,v22_361,NOT_READY
v22,v22_E005,v22_362,NOT_READY
v22,v22_E005,v22_363,NOT_READY
v22,v22_E005,v22_364,NOT_READY
v22,v22_E005,v22_365,NOT_READY
v22,v22_E005,v22_366,NOT_READY
v22,v22_E005,v22_367,NOT_READY
v22,v22_E005,v22_368,NOT_READY
v22,v22_E005,v22_369,NOT_READY
v22,v22_E005,v22_370,NOT_READY
v22,v22_E005,v22_371,NOT_READY
v22,v22_E005,v22_372,NOT_READY
v22,v22_E005,v22_373,NOT_READY
v22,v22_E005,v22_374,NOT_READY
v22,v22_E005,v22_375,NOT_READY
v22,v22_E005,v22_376,NOT_READY
v22,v22_E005,v22_377,NOT_READY
v22,v22_E005,v22_378,NOT_READY
v22,v22_E005,v22_379,NOT_READY
v22,v22_E005,v22_380,NOT_READY
v22,v22_E005,v22_381,NOT_READY
v22,v22_E005,v22_382,NOT_READY
v22,v22_E005,v22_383,NOT_READY
v22,v22_E005,v22_384,NOT_READY
v22,v22_E005,v22_385,NOT_READY
v22,v22_E005,v22_386,NOT_READY
v22,v22_E005,v22_387,NOT_READY
v22,v22_E005,v22_388,NOT_READY
v22,v22_E005,v22_389,NOT_READY
v22,v22_E005,v22_390,NOT_READY
v22,v22_E005,v22_391,NOT_READY
v22,v22_E005,v22_392,NOT_READY
v22,v22_E005,v22_393,NOT_READY
v22,,v22_394,INVALID
v22,,v22_395,INVALID
v22,,v22_396,INVALID
v22,,v22_397,INVALID
v22,,v22_398,INVALID
v22,,v22_399,INVALID
v22,,v22_400,INVALID
v22,,v22_401,INVALID
v22,,v22_402,INVALID
v22,,v22_403,INVALID
v22,,v22_404,INVALID
v22,,v22_405,INVALID
v22,v22_E006,v22_406,READY
v22,v22_E006,v22_407,READY
v22,v22_E006,v22_408,NOT_READY
v22,v22_E006,v22_409,NOT_READY
v22,v22_E006,v22_410,NOT_READY
v22,v22_E006,v22_411,NOT_READY
v22,v22_E006,v22_412,NOT_READY
v22,v22_E006,v22_413,NOT_READY
v22,v22_E006,v22_414,NOT_READY
v22,v22_E006,v22_415,NOT_READY
v22,v22_E006,v22_416,NOT_READY
v22,v22_E006,v22_417,NOT_READY
v22,v22_E006,v22_418,NOT_READY
v22,v22_E006,v22_419,NOT_READY
v22,v22_E006,v22_420,NOT_READY
v22,v22_E006,v22_421,NOT_READY
v22,v22_E006,v22_422,NOT_READY
v22,v22_E006,v22_423,NOT_READY
v22,v22_E006,v22_424,NOT_READY
v22,v22_E006,v22_425,NOT_READY
v22,v22_E006,v22_426,NOT_READY
v22,v22_E006,v22_427,NOT_READY
v22,v22_E006,v22_428,NOT_READY
v22,v22_E006,v22_429,NOT_READY
v22,v22_E006,v22_430,NOT_READY
v22,v22_E006,v22_431,NOT_READY
v22,v22_E006,v22_432,NOT_READY
v22,v22_E006,v22_433,NOT_READY
v22,v22_E006,v22_434,NOT_READY
v22,v22_E006,v22_435,NOT_READY
v22,v22_E006,v22_436,NOT_READY
v22,v22_E006,v22_437,NOT_READY
v22,v22_E006,v22_438,NOT_READY
v22,v22_E006,v22_439,NOT_READY
v22,v22_E006,v22_440,NOT_READY
v22,v22_E006,v22_441,NOT_READY
v22,v22_E006,v22_442,NOT_READY
v22,v22_E006,v22_443,NOT_READY
v22,v22_E006,v22_444,NOT_READY
v22,v22_E006,v22_445,NOT_READY
v22,v22_E006,v22_446,NOT_READY
v22,v22_E006,v22_447,NOT_READY
v22,v22_E006,v22_448,NOT_READY
v22,v22_E006,v22_449,NOT_READY
v22,v22_E006,v22_450,NOT_READY
v22,v22_E006,v22_451,NOT_READY
v22,v22_E006,v22_452,NOT_READY
v22,v22_E006,v22_453,NOT_READY
v22,v22_E006,v22_454,NOT_READY
v22,v22_E006,v22_455,NOT_READY
v22,v22_E006,v22_456,NOT_READY
v22,v22_E006,v22_457,NOT_READY
v22,v22_E006,v22_458,NOT_READY
v22,v22_E006,v22_459,NOT_READY
v22,v22_E006,v22_460,NOT_READY
v22,v22_E006,v22_461,NOT_READY
v22,v22_E006,v22_462,NOT_READY
v22,v22_E006,v22_463,NOT_READY
v22,v22_E006,v22_464,NOT_READY
v22,v22_E006,v22_465,NOT_READY
v22,v22_E006,v22_466,NOT_READY
v22,v22_E006,v22_467,NOT_READY
v22,v22_E006,v22_468,NOT_READY
v22,v22_E006,v22_469,NOT_READY
v22,v22_E006,v22_470,NOT_READY
v22,v22_E006,v22_471,NOT_READY
v22,v22_E006,v22_472,NOT_READY
v22,v22_E006,v22_473,NOT_READY
v22,v22_E006,v22_474,NOT_READY
v22,v22_E006,v22_475,NOT_READY
v22,v22_E006,v22_476,NOT_READY
v22,v22_E006,v22_477,NOT_READY
v22,v22_E006,v22_478,NOT_READY
v22,v22_E006,v22_479,NOT_READY
v22,v22_E006,v22_480,NOT_READY
v22,v22_E006,v22_481,NOT_READY
v22,v22_E006,v22_482,NOT_READY
v22,v22_E006,v22_483,NOT_READY
v22,v22_E006,v22_484,NOT_READY
v22,v22_E006,v22_485,NOT_READY
v22,v22_E006,v22_486,NOT_READY
v22,v22_E006,v22_487,NOT_READY
v22,v22_E006,v22_488,NOT_READY
v22,v22_E006,v22_489,NOT_READY
v22,,v22_490,INVALID
v22,,v22_491,INVALID
v22,,v22_492,INVALID
v22,,v22_493,INVALID
v22,,v22_494,INVALID
v22,,v22_495,INVALID
v22,,v22_496,INVALID
v22,v22_E007,v22_497,NOT_READY
v22,v22_E007,v22_498,NOT_READY
v22,v22_E007,v22_499,NOT_READY
v22,v22_E007,v22_500,NOT_READY
v22,v22_E007,v22_501,NOT_READY
v22,v22_E007,v22_502,READY
v22,v22_E007,v22_503,READY
v22,v22_E007,v22_504,NOT_READY
v22,v22_E007,v22_505,NOT_READY
v22,v22_E007,v22_506,NOT_READY
v22,v22_E007,v22_507,NOT_READY
v22,v22_E007,v22_508,NOT_READY
v22,v22_E007,v22_509,NOT_READY
v22,v22_E007,v22_510,NOT_READY
v22,v22_E007,v22_511,NOT_READY
v22,v22_E007,v22_512,NOT_READY
v22,v22_E007,v22_513,NOT_READY
v22,v22_E007,v22_514,NOT_READY
v22,v22_E007,v22_515,NOT_READY
v22,v22_E007,v22_516,NOT_READY
v22,v22_E007,v22_517,NOT_READY
v22,v22_E007,v22_518,NOT_READY
v22,v22_E007,v22_519,NOT_READY
v22,v22_E007,v22_520,NOT_READY
v22,v22_E007,v22_521,NOT_READY
v22,v22_E007,v22_522,NOT_READY
v22,v22_E007,v22_523,NOT_READY
v22,v22_E007,v22_524,NOT_READY
v22,v22_E007,v22_525,NOT_READY
v22,v22_E007,v22_526,NOT_READY
v22,v22_E007,v22_527,NOT_READY
v22,v22_E007,v22_528,NOT_READY
v22,v22_E007,v22_529,NOT_READY
v22,v22_E007,v22_530,NOT_READY
v22,v22_E007,v22_531,NOT_READY
v22,v22_E007,v22_532,NOT_READY
v22,v22_E007,v22_533,NOT_READY
v22,v22_E007,v22_534,NOT_READY
v22,v22_E007,v22_535,NOT_READY
v22,v22_E007,v22_536,NOT_READY
v22,v22_E007,v22_537,NOT_READY
v22,v22_E007,v22_538,NOT_READY
v22,v22_E007,v22_539,NOT_READY
v22,v22_E007,v22_540,NOT_READY
v22,v22_E007,v22_541,NOT_READY
v22,v22_E007,v22_542,NOT_READY
v22,v22_E007,v22_543,NOT_READY
v22,v22_E007,v22_544,NOT_READY
v22,v22_E007,v22_545,NOT_READY
v22,v22_E007,v22_546,NOT_READY
v22,v22_E007,v22_547,NOT_READY
v22,v22_E007,v22_548,NOT_READY
v22,v22_E007,v22_549,NOT_READY
v22,v22_E007,v22_550,NOT_READY
v22,v22_E007,v22_551,NOT_READY
v22,v22_E007,v22_552,NOT_READY
v22,v22_E007,v22_553,NOT_READY
v22,v22_E007,v22_554,NOT_READY
v22,v22_E007,v22_555,NOT_READY
v22,v22_E007,v22_556,NOT_READY
v22,v22_E007,v22_557,NOT_READY
v22,v22_E007,v22_558,NOT_READY
v22,v22_E007,v22_559,NOT_READY
v22,v22_E007,v22_560,NOT_READY
v22,v22_E007,v22_561,NOT_READY
v22,v22_E007,v22_562,NOT_READY
v22,v22_E007,v22_563,NOT_READY
v22,,v22_564,INVALID
v22,,v22_565,INVALID
v22,,v22_566,INVALID
v22,,v22_567,INVALID
v22,,v22_568,INVALID
v22,,v22_569,INVALID
v22,,v22_570,INVALID
v22,v22_E008,v22_571,NOT_READY
v22,v22_E008,v22_572,NOT_READY
v22,v22_E008,v22_573,READY
v22,v22_E008,v22_574,READY
v22,v22_E008,v22_575,NOT_READY
v22,v22_E008,v22_576,NOT_READY
v22,v22_E008,v22_577,READY
v22,v22_E008,v22_578,NOT_READY
v22,v22_E008,v22_579,NOT_READY
v22,v22_E008,v22_580,NOT_READY
v22,v22_E008,v22_581,NOT_READY
v22,v22_E008,v22_582,NOT_READY
v22,v22_E008,v22_583,NOT_READY
v22,v22_E008,v22_584,NOT_READY
v22,v22_E008,v22_585,NOT_READY
v22,v22_E008,v22_586,NOT_READY
v22,v22_E008,v22_587,NOT_READY
v22,v22_E008,v22_588,NOT_READY
v22,v22_E008,v22_589,NOT_READY
v22,v22_E008,v22_590,NOT_READY
v22,v22_E008,v22_591,NOT_READY
v22,v22_E008,v22_592,NOT_READY
v22,v22_E008,v22_593,NOT_READY
v22,v22_E008,v22_594,NOT_READY
v22,v22_E008,v22_595,NOT_READY
v22,v22_E008,v22_596,NOT_READY
v22,v22_E008,v22_597,NOT_READY
v22,v22_E008,v22_598,NOT_READY
v22,v22_E008,v22_599,NOT_READY
v22,v22_E008,v22_600,NOT_READY
v22,v22_E008,v22_601,NOT_READY
v22,v22_E008,v22_602,NOT_READY
v22,v22_E008,v22_603,NOT_READY
v22,v22_E008,v22_604,NOT_READY
v22,v22_E008,v22_605,NOT_READY
v22,v22_E008,v22_606,NOT_READY
v22,v22_E008,v22_607,NOT_READY
v22,v22_E008,v22_608,NOT_READY
v22,v22_E008,v22_609,NOT_READY
v22,v22_E008,v22_610,NOT_READY
v22,,v22_611,INVALID
v22,,v22_612,INVALID
v22,,v22_613,INVALID
v22,,v22_614,INVALID
v22,,v22_615,INVALID
v22,,v22_616,INVALID
v22,,v22_617,INVALID
v22,v22_E009,v22_618,NOT_READY
v22,v22_E009,v22_619,NOT_READY
v22,v22_E009,v22_620,NOT_READY
v22,v22_E009,v22_621,NOT_READY
v22,v22_E009,v22_622,READY
v22,v22_E009,v22_623,READY
v22,v22_E009,v22_624,NOT_READY
v22,v22_E009,v22_625,NOT_READY
v22,v22_E009,v22_626,NOT_READY
v22,v22_E009,v22_627,NOT_READY
v22,v22_E009,v22_628,NOT_READY
v22,v22_E009,v22_629,NOT_READY
v22,v22_E009,v22_630,NOT_READY
v22,v22_E009,v22_631,NOT_READY
v22,v22_E009,v22_632,NOT_READY
v22,v22_E009,v22_633,NOT_READY
v22,v22_E009,v22_634,NOT_READY
v22,v22_E009,v22_635,NOT_READY
v22,v22_E009,v22_636,NOT_READY
v22,v22_E009,v22_637,NOT_READY
v22,v22_E009,v22_638,NOT_READY
v22,v22_E009,v22_639,NOT_READY
v22,v22_E009,v22_640,NOT_READY
v22,v22_E009,v22_641,NOT_READY
v22,v22_E009,v22_642,NOT_READY
v22,v22_E009,v22_643,NOT_READY
v22,v22_E009,v22_644,NOT_READY
v22,v22_E009,v22_645,NOT_READY
v22,v22_E009,v22_646,NOT_READY
v22,v22_E009,v22_647,NOT_READY
v22,v22_E009,v22_648,NOT_READY
v22,v22_E009,v22_649,NOT_READY
v22,v22_E009,v22_650,NOT_READY
v22,v22_E009,v22_651,NOT_READY
v22,v22_E009,v22_652,NOT_READY
v22,v22_E009,v22_653,NOT_READY
v22,v22_E009,v22_654,NOT_READY
v22,,v22_655,INVALID
v22,,v22_656,INVALID
v22,,v22_657,INVALID
v22,,v22_658,INVALID
v22,,v22_659,INVALID
v22,,v22_660,INVALID
v22,,v22_661,INVALID
v22,,v22_662,INVALID
v22,,v22_663,INVALID
v22,,v22_664,INVALID
v22,,v22_665,INVALID
v22,,v22_666,INVALID
v22,,v22_667,INVALID
v22,,v22_668,INVALID
v22,,v22_669,INVALID
v22,,v22_670,INVALID
v22,,v22_671,INVALID
v22,,v22_672,INVALID
v22,,v22_673,INVALID
v22,,v22_674,INVALID
v22,,v22_675,INVALID
v22,,v22_676,INVALID
v22,,v22_677,INVALID
v22,,v22_678,INVALID
v22,,v22_679,INVALID
v22,,v22_680,INVALID
v22,,v22_681,INVALID
v22,,v22_682,INVALID
v22,,v22_683,INVALID
v22,,v22_684,INVALID
v22,,v22_685,INVALID
v22,,v22_686,INVALID
v22,,v22_687,INVALID
v22,,v22_688,INVALID
v22,,v22_689,INVALID
v22,,v22_690,INVALID
v22,,v22_691,INVALID
v22,,v22_692,INVALID
v22,v22_E010,v22_693,NOT_READY
v22,v22_E010,v22_694,READY
v22,v22_E010,v22_695,READY
v22,v22_E010,v22_696,NOT_READY
v22,v22_E010,v22_697,NOT_READY
v22,v22_E010,v22_698,NOT_READY
v22,v22_E010,v22_699,NOT_READY
v22,v22_E010,v22_700,NOT_READY
v22,v22_E010,v22_701,NOT_READY
v22,v22_E010,v22_702,NOT_READY
v22,v22_E010,v22_703,NOT_READY
v22,v22_E010,v22_704,NOT_READY
v22,v22_E010,v22_705,NOT_READY
v22,v22_E010,v22_706,NOT_READY
v22,v22_E010,v22_707,NOT_READY
v22,v22_E010,v22_708,NOT_READY
v22,v22_E010,v22_709,NOT_READY
v22,v22_E010,v22_710,NOT_READY
v22,v22_E010,v22_711,NOT_READY
v22,v22_E010,v22_712,NOT_READY
v22,v22_E010,v22_713,NOT_READY
v22,v22_E010,v22_714,NOT_READY
v22,v22_E010,v22_715,NOT_READY
v22,v22_E010,v22_716,NOT_READY
v22,v22_E010,v22_717,NOT_READY
v22,v22_E010,v22_718,NOT_READY
v22,v22_E010,v22_719,NOT_READY
v22,v22_E010,v22_720,NOT_READY
v22,v22_E010,v22_721,NOT_READY
v22,v22_E010,v22_722,NOT_READY
v22,v22_E010,v22_723,NOT_READY
v22,v22_E010,v22_724,NOT_READY
v22,v22_E010,v22_725,NOT_READY
v22,v22_E010,v22_726,NOT_READY
v22,,v22_727,INVALID
v22,,v22_728,INVALID
v22,,v22_729,INVALID
v22,,v22_730,INVALID
v22,,v22_731,INVALID
v22,,v22_732,INVALID
v22,,v22_733,INVALID
v22,,v22_734,INVALID
v22,,v22_735,INVALID
v22,,v22_736,INVALID
v22,,v22_737,INVALID
v22,,v22_738,INVALID
v22,,v22_739,INVALID
v22,v22_E011,v22_740,NOT_READY
v22,v22_E011,v22_741,NOT_READY
v22,v22_E011,v22_742,READY
v22,v22_E011,v22_743,READY
v22,v22_E011,v22_744,NOT_READY
v22,v22_E011,v22_745,NOT_READY
v22,v22_E011,v22_746,NOT_READY
v22,v22_E011,v22_747,NOT_READY
v22,v22_E011,v22_748,NOT_READY
v22,v22_E011,v22_749,NOT_READY
v22,v22_E011,v22_750,NOT_READY
v22,v22_E011,v22_751,NOT_READY
v22,v22_E011,v22_752,NOT_READY
v22,v22_E011,v22_753,NOT_READY
v22,v22_E011,v22_754,NOT_READY
v22,v22_E011,v22_755,NOT_READY
v22,v22_E011,v22_756,NOT_READY
v22,v22_E011,v22_757,NOT_READY
v22,v22_E011,v22_758,NOT_READY
v22,v22_E011,v22_759,NOT_READY
v22,v22_E011,v22_760,NOT_READY
v22,v22_E011,v22_761,NOT_READY
v22,v22_E011,v22_762,NOT_READY
v22,v22_E011,v22_763,NOT_READY
v22,v22_E011,v22_764,NOT_READY
v22,v22_E011,v22_765,NOT_READY
v22,v22_E011,v22_766,NOT_READY
v22,v22_E011,v22_767,NOT_READY
v22,v22_E011,v22_768,NOT_READY
v22,v22_E011,v22_769,NOT_READY
v22,v22_E011,v22_770,NOT_READY
v22,v22_E011,v22_771,NOT_READY
v22,v22_E011,v22_772,NOT_READY
v22,v22_E011,v22_773,NOT_READY
v22,v22_E011,v22_774,NOT_READY
v22,v22_E011,v22_775,NOT_READY
v22,v22_E011,v22_776,NOT_READY
v22,v22_E011,v22_777,NOT_READY
v22,v22_E011,v22_778,NOT_READY
v22,v22_E011,v22_779,NOT_READY
v22,v22_E011,v22_780,NOT_READY
v22,v22_E011,v22_781,NOT_READY
v22,v22_E011,v22_782,NOT_READY
v22,v22_E011,v22_783,NOT_READY
v22,v22_E011,v22_784,NOT_READY
v22,v22_E011,v22_785,NOT_READY
v22,v22_E011,v22_786,NOT_READY
v22,v22_E011,v22_787,NOT_READY
v22,v22_E011,v22_788,NOT_READY
v22,v22_E011,v22_789,NOT_READY
v22,v22_E011,v22_790,NOT_READY
v22,v22_E011,v22_791,NOT_READY
v22,,v22_792,INVALID
v22,,v22_793,INVALID
v22,,v22_794,INVALID
v22,,v22_795,INVALID
v22,,v22_796,INVALID
v22,,v22_797,INVALID
v22,,v22_798,INVALID
v22,,v22_799,INVALID
v22,,v22_800,INVALID
v22,,v22_801,INVALID
v22,,v22_802,INVALID
v22,v22_E012,v22_803,NOT_READY
v22,v22_E012,v22_804,NOT_READY
v22,v22_E012,v22_805,NOT_READY
v22,v22_E012,v22_806,NOT_READY
v22,v22_E012,v22_807,READY
v22,v22_E012,v22_808,READY
v22,v22_E012,v22_809,READY
v22,v22_E012,v22_810,NOT_READY
v22,v22_E012,v22_811,NOT_READY
v22,v22_E012,v22_812,NOT_READY
v22,v22_E012,v22_813,NOT_READY
v22,v22_E012,v22_814,NOT_READY
v22,v22_E012,v22_815,NOT_READY
v22,v22_E012,v22_816,NOT_READY
v22,v22_E012,v22_817,NOT_READY
v22,v22_E012,v22_818,NOT_READY
v22,v22_E012,v22_819,NOT_READY
v22,v22_E012,v22_820,NOT_READY
v22,v22_E012,v22_821,NOT_READY
v22,v22_E012,v22_822,NOT_READY
v22,v22_E012,v22_823,NOT_READY
v22,v22_E012,v22_824,NOT_READY
v22,v22_E012,v22_825,NOT_READY
v22,v22_E012,v22_826,NOT_READY
v22,v22_E012,v22_827,NOT_READY
v22,v22_E012,v22_828,NOT_READY
v22,v22_E012,v22_829,NOT_READY
v22,v22_E012,v22_830,NOT_READY
v22,v22_E012,v22_831,NOT_READY
v22,v22_E012,v22_832,NOT_READY
v22,v22_E012,v22_833,NOT_READY
v22,v22_E012,v22_834,NOT_READY
v22,v22_E012,v22_835,NOT_READY
v22,v22_E012,v22_836,NOT_READY
v22,v22_E012,v22_837,NOT_READY
v22,v22_E012,v22_838,NOT_READY
v22,v22_E012,v22_839,NOT_READY
v22,v22_E012,v22_840,NOT_READY
v22,v22_E012,v22_841,NOT_READY
v22,v22_E012,v22_842,NOT_READY
v22,v22_E012,v22_843,NOT_READY
v22,v22_E012,v22_844,NOT_READY
v22,v22_E012,v22_845,NOT_READY
v22,v22_E012,v22_846,NOT_READY
v22,v22_E012,v22_847,NOT_READY
v22,v22_E012,v22_848,NOT_READY
v22,v22_E012,v22_849,NOT_READY
v22,v22_E012,v22_850,NOT_READY
v22,v22_E012,v22_851,NOT_READY
v22,v22_E012,v22_852,NOT_READY
v22,v22_E012,v22_853,NOT_READY
v22,v22_E012,v22_854,NOT_READY
v22,v22_E012,v22_855,NOT_READY
v22,v22_E012,v22_856,NOT_READY
v22,v22_E012,v22_857,NOT_READY
v22,v22_E012,v22_858,NOT_READY
v22,v22_E012,v22_859,NOT_READY
v22,v22_E012,v22_860,NOT_READY
v22,v22_E012,v22_861,NOT_READY
v22,v22_E012,v22_862,NOT_READY
v22,v22_E012,v22_863,NOT_READY
v22,v22_E012,v22_864,NOT_READY
v22,v22_E012,v22_865,NOT_READY
v22,v22_E012,v22_866,NOT_READY
v22,,v22_867,INVALID
v22,,v22_868,INVALID
v22,,v22_869,INVALID
v22,,v22_870,INVALID
v22,,v22_871,INVALID
v22,,v22_872,INVALID
v22,,v22_873,INVALID
v22,,v22_874,INVALID
v22,,v22_875,INVALID
v22,,v22_876,INVALID
v22,,v22_877,INVALID
v22,,v22_878,INVALID
v22,,v22_879,INVALID
v22,v22_E013,v22_880,NOT_READY
v22,v22_E013,v22_881,NOT_READY
v22,v22_E013,v22_882,NOT_READY
v22,v22_E013,v22_883,NOT_READY
v22,v22_E013,v22_884,NOT_READY
v22,v22_E013,v22_885,NOT_READY
v22,v22_E013,v22_886,READY
v22,v22_E013,v22_887,READY
v22,v22_E013,v22_888,READY
v22,v22_E013,v22_889,NOT_READY
v22,v22_E013,v22_890,NOT_READY
v22,v22_E013,v22_891,NOT_READY
v22,v22_E013,v22_892,NOT_READY
v22,v22_E013,v22_893,NOT_READY
v22,v22_E013,v22_894,NOT_READY
v22,v22_E013,v22_895,NOT_READY
v22,v22_E013,v22_896,NOT_READY
v22,v22_E013,v22_897,NOT_READY
v22,v22_E013,v22_898,NOT_READY
v22,v22_E013,v22_899,NOT_READY
v22,v22_E013,v22_900,NOT_READY
v22,v22_E013,v22_901,NOT_READY
v22,v22_E013,v22_902,NOT_READY
v22,v22_E013,v22_903,NOT_READY
v22,v22_E013,v22_904,NOT_READY
v22,v22_E013,v22_905,NOT_READY
v22,v22_E013,v22_906,NOT_READY
v22,v22_E013,v22_907,NOT_READY
v22,v22_E013,v22_908,NOT_READY
v22,v22_E013,v22_909,NOT_READY
v22,v22_E013,v22_910,NOT_READY
v22,v22_E013,v22_911,NOT_READY
v22,v22_E013,v22_912,NOT_READY
v22,v22_E013,v22_913,NOT_READY
v22,v22_E013,v22_914,NOT_READY
v22,v22_E013,v22_915,NOT_READY
v22,v22_E013,v22_916,NOT_READY
v22,v22_E013,v22_917,NOT_READY
v22,v22_E013,v22_918,NOT_READY
v22,,v22_919,INVALID
v22,,v22_920,INVALID
v22,,v22_921,INVALID
v22,,v22_922,INVALID
v22,,v22_923,INVALID
v22,,v22_924,INVALID
v22,,v22_925,INVALID
v22,,v22_926,INVALID
v22,,v22_927,INVALID
v22,v22_E014,v22_928,NOT_READY
v22,v22_E014,v22_929,NOT_READY
v22,v22_E014,v22_930,READY
v22,v22_E014,v22_931,READY
v22,v22_E014,v22_932,NOT_READY
v22,v22_E014,v22_933,NOT_READY
v22,v22_E014,v22_934,NOT_READY
v22,v22_E014,v22_935,NOT_READY
v22,v22_E014,v22_936,NOT_READY
v22,v22_E014,v22_937,NOT_READY
v22,v22_E014,v22_938,NOT_READY
v22,v22_E014,v22_939,NOT_READY
v22,v22_E014,v22_940,NOT_READY
v22,v22_E014,v22_941,NOT_READY
v22,v22_E014,v22_942,NOT_READY
v22,v22_E014,v22_943,NOT_READY
v22,v22_E014,v22_944,NOT_READY
v22,v22_E014,v22_945,NOT_READY
v22,v22_E014,v22_946,NOT_READY
v22,v22_E014,v22_947,NOT_READY
v22,v22_E014,v22_948,NOT_READY
v22,v22_E014,v22_949,NOT_READY
v22,v22_E014,v22_950,NOT_READY
v22,v22_E014,v22_951,NOT_READY
v22,v22_E014,v22_952,NOT_READY
v22,v22_E014,v22_953,NOT_READY
v22,v22_E014,v22_954,NOT_READY
v22,v22_E014,v22_955,NOT_READY
v22,v22_E014,v22_956,NOT_READY
v22,v22_E014,v22_957,NOT_READY
v22,v22_E014,v22_958,NOT_READY
v22,v22_E014,v22_959,NOT_READY
v22,v22_E014,v22_960,NOT_READY
v22,v22_E014,v22_961,NOT_READY
v22,v22_E014,v22_962,NOT_READY
v22,v22_E014,v22_963,NOT_READY
v22,v22_E014,v22_964,NOT_READY
v22,v22_E014,v22_965,NOT_READY
v22,v22_E014,v22_966,NOT_READY
v22,v22_E014,v22_967,NOT_READY
v22,v22_E014,v22_968,NOT_READY
v22,v22_E014,v22_969,NOT_READY
v22,v22_E014,v22_970,NOT_READY
v22,,v22_971,INVALID
v22,,v22_972,INVALID
v22,,v22_973,INVALID
v22,,v22_974,INVALID
v22,,v22_975,INVALID
v22,,v22_976,INVALID
v22,,v22_977,INVALID
v22,,v22_978,INVALID
v22,,v22_979,INVALID
v22,,v22_980,INVALID
v22,v22_E015,v22_981,NOT_READY
v22,v22_E015,v22_982,NOT_READY
v22,v22_E015,v22_983,NOT_READY
v22,v22_E015,v22_984,NOT_READY
v22,v22_E015,v22_985,NOT_READY
v22,v22_E015,v22_986,NOT_READY
v22,v22_E015,v22_987,READY
v22,v22_E015,v22_988,READY
v22,v22_E015,v22_989,READY
v22,v22_E015,v22_990,NOT_READY
v22,v22_E015,v22_991,NOT_READY
v22,v22_E015,v22_992,NOT_READY
v22,v22_E015,v22_993,NOT_READY
v22,v22_E015,v22_994,NOT_READY
v22,v22_E015,v22_995,NOT_READY
v22,v22_E015,v22_996,NOT_READY
v22,v22_E015,v22_997,NOT_READY
v22,v22_E015,v22_998,NOT_READY
v22,v22_E015,v22_999,NOT_READY
v22,v22_E015,v22_1000,NOT_READY
v22,v22_E015,v22_1001,NOT_READY
v22,v22_E015,v22_1002,NOT_READY
v22,v22_E015,v22_1003,NOT_READY
v22,v22_E015,v22_1004,NOT_READY
v22,v22_E015,v22_1005,NOT_READY
v22,v22_E015,v22_1006,NOT_READY
v22,v22_E015,v22_1007,NOT_READY
v22,v22_E015,v22_1008,NOT_READY
v22,v22_E015,v22_1009,NOT_READY
v22,v22_E015,v22_1010,NOT_READY
v22,v22_E015,v22_1011,NOT_READY
v22,v22_E015,v22_1012,NOT_READY
v22,v22_E015,v22_1013,NOT_READY
v22,v22_E015,v22_1014,NOT_READY
v22,v22_E015,v22_1015,NOT_READY
v22,v22_E015,v22_1016,NOT_READY
v22,v22_E015,v22_1017,NOT_READY
v22,v22_E015,v22_1018,NOT_READY
v22,v22_E015,v22_1019,NOT_READY
v22,v22_E015,v22_1020,NOT_READY
v22,v22_E015,v22_1021,NOT_READY
v22,v22_E015,v22_1022,NOT_READY
v22,v22_E015,v22_1023,NOT_READY
v22,v22_E015,v22_1024,NOT_READY
v22,v22_E015,v22_1025,NOT_READY
v22,v22_E015,v22_1026,NOT_READY
v22,v22_E015,v22_1027,NOT_READY
v22,v22_E015,v22_1028,NOT_READY
v22,,v22_1029,INVALID
v22,,v22_1030,INVALID
v22,,v22_1031,INVALID
v22,,v22_1032,INVALID
v22,,v22_1033,INVALID
v22,,v22_1034,INVALID
v22,,v22_1035,INVALID
v22,,v22_1036,INVALID
v22,,v22_1037,INVALID
v22,,v22_1038,INVALID
v22,,v22_1039,INVALID
v22,,v22_1040,INVALID
v22,,v22_1041,INVALID
v22,,v22_1042,INVALID
v22,,v22_1043,INVALID
v22,v22_E016,v22_1044,NOT_READY
v22,v22_E016,v22_1045,NOT_READY
v22,v22_E016,v22_1046,NOT_READY
v22,v22_E016,v22_1047,READY
v22,v22_E016,v22_1048,READY
v22,v22_E016,v22_1049,NOT_READY
v22,v22_E016,v22_1050,NOT_READY
v22,v22_E016,v22_1051,NOT_READY
v22,v22_E016,v22_1052,NOT_READY
v22,v22_E016,v22_1053,NOT_READY
v22,v22_E016,v22_1054,NOT_READY
v22,v22_E016,v22_1055,NOT_READY
v22,v22_E016,v22_1056,NOT_READY
v22,v22_E016,v22_1057,NOT_READY
v22,v22_E016,v22_1058,NOT_READY
v22,v22_E016,v22_1059,NOT_READY
v22,v22_E016,v22_1060,NOT_READY
v22,v22_E016,v22_1061,NOT_READY
v22,v22_E016,v22_1062,NOT_READY
v22,v22_E016,v22_1063,NOT_READY
v22,v22_E016,v22_1064,NOT_READY
v22,v22_E016,v22_1065,NOT_READY
v22,v22_E016,v22_1066,NOT_READY
v22,v22_E016,v22_1067,NOT_READY
v22,v22_E016,v22_1068,NOT_READY
v22,v22_E016,v22_1069,NOT_READY
v22,v22_E016,v22_1070,NOT_READY
v22,v22_E016,v22_1071,NOT_READY
v22,v22_E016,v22_1072,NOT_READY
v22,v22_E016,v22_1073,NOT_READY
v22,v22_E016,v22_1074,NOT_READY
v22,v22_E016,v22_1075,NOT_READY
v22,v22_E016,v22_1076,NOT_READY
v22,v22_E016,v22_1077,NOT_READY
v22,v22_E016,v22_1078,NOT_READY
v22,v22_E016,v22_1079,NOT_READY
v22,v22_E016,v22_1080,NOT_READY
v22,v22_E016,v22_1081,NOT_READY
v22,v22_E016,v22_1082,NOT_READY
v22,v22_E016,v22_1083,NOT_READY
v22,v22_E016,v22_1084,NOT_READY
v22,v22_E016,v22_1085,NOT_READY
v22,v22_E016,v22_1086,NOT_READY
v22,v22_E016,v22_1087,NOT_READY
v22,v22_E016,v22_1088,NOT_READY
v22,v22_E016,v22_1089,NOT_READY
v22,v22_E016,v22_1090,NOT_READY
v22,v22_E016,v22_1091,NOT_READY
v22,v22_E016,v22_1092,NOT_READY
v22,v22_E016,v22_1093,NOT_READY
v22,v22_E016,v22_1094,NOT_READY
v22,v22_E016,v22_1095,NOT_READY
v22,v22_E016,v22_1096,NOT_READY
v22,v22_E016,v22_1097,NOT_READY
v22,v22_E016,v22_1098,NOT_READY
v22,v22_E016,v22_1099,NOT_READY
v22,v22_E016,v22_1100,READY
v22,v22_E016,v22_1101,READY
v22,v22_E016,v22_1102,NOT_READY
v22,v22_E016,v22_1103,NOT_READY
v22,v22_E016,v22_1104,NOT_READY
v22,v22_E016,v22_1105,NOT_READY
v22,v22_E016,v22_1106,NOT_READY
v22,v22_E016,v22_1107,NOT_READY
v22,v22_E016,v22_1108,NOT_READY
v22,v22_E016,v22_1109,NOT_READY
v22,v22_E016,v22_1110,NOT_READY
v22,v22_E016,v22_1111,NOT_READY
v22,v22_E016,v22_1112,NOT_READY
v22,v22_E016,v22_1113,NOT_READY
v22,v22_E016,v22_1114,NOT_READY
v22,v22_E016,v22_1115,NOT_READY
v22,,v22_1116,INVALID
v22,,v22_1117,INVALID
v22,,v22_1118,INVALID
v22,,v22_1119,INVALID
v22,,v22_1120,INVALID
v22,,v22_1121,INVALID
v22,,v22_1122,INVALID
v22,,v22_1123,INVALID
v22,,v22_1124,INVALID
v22,,v22_1125,INVALID
v22,,v22_1126,INVALID
v22,,v22_1127,INVALID
v22,,v22_1128,INVALID
v22,,v22_1129,INVALID
v22,,v22_1130,INVALID
v22,,v22_1131,INVALID
v22,,v22_1132,INVALID
v22,,v22_1133,INVALID
v22,,v22_1134,INVALID
v22,,v22_1135,INVALID
v22,,v22_1136,INVALID
v22,,v22_1137,INVALID
v22,,v22_1138,INVALID
v22,,v22_1139,INVALID
v22,,v22_1140,INVALID
v22,,v22_1141,INVALID
v22,,v22_1142,INVALID
v22,,v22_1143,INVALID
v22,,v22_1144,INVALID
v22,,v22_1145,INVALID
v22,,v22_1146,INVALID
v22,,v22_1147,INVALID
v22,,v22_1148,INVALID
v22,,v22_1149,INVALID
v22,,v22_1150,INVALID
v22,,v22_1151,INVALID
v22,,v22_1152,INVALID
v22,,v22_1153,INVALID
v22,,v22_1154,INVALID
v22,,v22_1155,INVALID
v22,,v22_1156,INVALID
v22,,v22_1157,INVALID
v22,,v22_1158,INVALID
v22,,v22_1159,INVALID
v22,,v22_1160,INVALID
v22,,v22_1161,INVALID
v22,v22_E017,v22_1162,NOT_READY
v22,v22_E017,v22_1163,NOT_READY
v22,v22_E017,v22_1164,NOT_READY
v22,v22_E017,v22_1165,NOT_READY
v22,v22_E017,v22_1166,NOT_READY
v22,v22_E017,v22_1167,NOT_READY
v22,v22_E017,v22_1168,READY
v22,v22_E017,v22_1169,READY
v22,v22_E017,v22_1170,NOT_READY
v22,v22_E017,v22_1171,NOT_READY
v22,v22_E017,v22_1172,NOT_READY
v22,v22_E017,v22_1173,NOT_READY
v22,v22_E017,v22_1174,NOT_READY
v22,v22_E017,v22_1175,NOT_READY
v22,v22_E017,v22_1176,NOT_READY
v22,v22_E017,v22_1177,NOT_READY
v22,v22_E017,v22_1178,NOT_READY
v22,v22_E017,v22_1179,NOT_READY
v22,v22_E017,v22_1180,NOT_READY
v22,v22_E017,v22_1181,NOT_READY
v22,v22_E017,v22_1182,NOT_READY
v22,v22_E017,v22_1183,NOT_READY
v22,v22_E017,v22_1184,NOT_READY
v22,v22_E017,v22_1185,NOT_READY
v22,v22_E017,v22_1186,NOT_READY
v22,v22_E017,v22_1187,NOT_READY
v22,v22_E017,v22_1188,NOT_READY
v22,v22_E017,v22_1189,NOT_READY
v22,v22_E017,v22_1190,NOT_READY
v22,v22_E017,v22_1191,NOT_READY
v22,v22_E017,v22_1192,NOT_READY
v22,v22_E017,v22_1193,NOT_READY
v22,v22_E017,v22_1194,NOT_READY
v22,v22_E017,v22_1195,NOT_READY
v22,v22_E017,v22_1196,NOT_READY
v22,v22_E017,v22_1197,NOT_READY
v22,v22_E017,v22_1198,NOT_READY
v22,v22_E017,v22_1199,NOT_READY
v22,v22_E017,v22_1200,NOT_READY
v22,v22_E017,v22_1201,NOT_READY
v22,v22_E017,v22_1202,NOT_READY
v22,v22_E017,v22_1203,NOT_READY
v22,v22_E017,v22_1204,NOT_READY
v22,v22_E017,v22_1205,NOT_READY
v22,,v22_1206,INVALID
v22,,v22_1207,INVALID
v22,,v22_1208,INVALID
v22,,v22_1209,INVALID
v22,,v22_1210,INVALID
v22,,v22_1211,INVALID
v22,,v22_1212,INVALID
v22,,v22_1213,INVALID
v22,,v22_1214,INVALID
v22,,v22_1215,INVALID
v22,,v22_1216,INVALID
v22,,v22_1217,INVALID
v22,,v22_1218,INVALID
v22,,v22_1219,INVALID
v22,,v22_1220,INVALID
v22,,v22_1221,INVALID
v22,,v22_1222,INVALID
v22,,v22_1223,INVALID
v22,,v22_1224,INVALID
v22,,v22_1225,INVALID
v22,,v22_1226,INVALID
v22,v22_E018,v22_1227,NOT_READY
v22,v22_E018,v22_1228,NOT_READY
v22,v22_E018,v22_1229,NOT_READY
v22,v22_E018,v22_1230,NOT_READY
v22,v22_E018,v22_1231,READY
v22,v22_E018,v22_1232,READY
v22,v22_E018,v22_1233,READY
v22,v22_E018,v22_1234,READY
v22,v22_E018,v22_1235,READY
v22,v22_E018,v22_1236,READY
v22,v22_E018,v22_1237,READY
v22,v22_E018,v22_1238,NOT_READY
v22,v22_E018,v22_1239,NOT_READY
v22,v22_E018,v22_1240,NOT_READY
v22,v22_E018,v22_1241,NOT_READY
v22,v22_E018,v22_1242,NOT_READY
v22,v22_E018,v22_1243,NOT_READY
v22,v22_E018,v22_1244,NOT_READY
v22,v22_E018,v22_1245,NOT_READY
v22,v22_E018,v22_1246,NOT_READY
v22,v22_E018,v22_1247,NOT_READY
v22,v22_E018,v22_1248,NOT_READY
v22,v22_E018,v22_1249,NOT_READY
v22,v22_E018,v22_1250,NOT_READY
v22,v22_E018,v22_1251,NOT_READY
v22,v22_E018,v22_1252,NOT_READY
v22,v22_E018,v22_1253,NOT_READY
v22,v22_E018,v22_1254,NOT_READY
v22,v22_E018,v22_1255,NOT_READY
v22,v22_E018,v22_1256,NOT_READY
v22,v22_E018,v22_1257,NOT_READY
v22,v22_E018,v22_1258,NOT_READY
v22,v22_E018,v22_1259,NOT_READY
v22,v22_E018,v22_1260,NOT_READY
v22,v22_E018,v22_1261,NOT_READY
v22,v22_E018,v22_1262,NOT_READY
v22,v22_E018,v22_1263,NOT_READY
v22,v22_E018,v22_1264,NOT_READY
v22,v22_E018,v22_1265,NOT_READY
v22,v22_E018,v22_1266,NOT_READY
v22,v22_E018,v22_1267,NOT_READY
v22,v22_E018,v22_1268,NOT_READY
v22,v22_E018,v22_1269,NOT_READY
v22,v22_E018,v22_1270,NOT_READY
v22,v22_E018,v22_1271,NOT_READY
v22,v22_E018,v22_1272,NOT_READY
v22,v22_E018,v22_1273,NOT_READY
v22,v22_E018,v22_1274,NOT_READY
v22,v22_E018,v22_1275,NOT_READY
v22,v22_E018,v22_1276,NOT_READY
v22,v22_E018,v22_1277,NOT_READY
v22,v22_E018,v22_1278,NOT_READY
v22,v22_E018,v22_1279,NOT_READY
v22,,v22_1280,INVALID
v22,,v22_1281,INVALID
v22,,v22_1282,INVALID
v22,,v22_1283,INVALID
v22,,v22_1284,INVALID
v22,,v22_1285,INVALID
v22,,v22_1286,INVALID
v22,,v22_1287,INVALID
v22,v22_E019,v22_1288,NOT_READY
v22,v22_E019,v22_1289,NOT_READY
v22,v22_E019,v22_1290,NOT_READY
v22,v22_E019,v22_1291,READY
v22,v22_E019,v22_1292,READY
v22,v22_E019,v22_1293,NOT_READY
v22,v22_E019,v22_1294,NOT_READY
v22,v22_E019,v22_1295,NOT_READY
v22,v22_E019,v22_1296,NOT_READY
v22,v22_E019,v22_1297,NOT_READY
v22,v22_E019,v22_1298,NOT_READY
v22,v22_E019,v22_1299,NOT_READY
v22,v22_E019,v22_1300,NOT_READY
v22,v22_E019,v22_1301,NOT_READY
v22,v22_E019,v22_1302,NOT_READY
v22,v22_E019,v22_1303,NOT_READY
v22,v22_E019,v22_1304,NOT_READY
v22,v22_E019,v22_1305,NOT_READY
v22,v22_E019,v22_1306,NOT_READY
v22,v22_E019,v22_1307,NOT_READY
v22,v22_E019,v22_1308,NOT_READY
v22,v22_E019,v22_1309,NOT_READY
v22,v22_E019,v22_1310,NOT_READY
v22,v22_E019,v22_1311,NOT_READY
v22,v22_E019,v22_1312,NOT_READY
v22,v22_E019,v22_1313,NOT_READY
v22,v22_E019,v22_1314,NOT_READY
v22,v22_E019,v22_1315,NOT_READY
v22,v22_E019,v22_1316,NOT_READY
v22,v22_E019,v22_1317,NOT_READY
v22,v22_E019,v22_1318,NOT_READY
v22,v22_E019,v22_1319,NOT_READY
v22,v22_E019,v22_1320,NOT_READY
v22,v22_E019,v22_1321,NOT_READY
v22,v22_E019,v22_1322,NOT_READY
v22,v22_E019,v22_1323,NOT_READY
v22,v22_E019,v22_1324,NOT_READY
v22,v22_E019,v22_1325,NOT_READY
v22,v22_E019,v22_1326,NOT_READY
v22,v22_E019,v22_1327,NOT_READY
v22,v22_E019,v22_1328,NOT_READY
v22,v22_E019,v22_1329,NOT_READY
v22,v22_E019,v22_1330,NOT_READY
v22,v22_E019,v22_1331,NOT_READY
v22,v22_E019,v22_1332,NOT_READY
v22,v22_E019,v22_1333,NOT_READY
v22,v22_E019,v22_1334,NOT_READY
v22,v22_E019,v22_1335,NOT_READY
v22,v22_E019,v22_1336,NOT_READY
v22,v22_E019,v22_1337,NOT_READY
v22,v22_E019,v22_1338,NOT_READY
v22,,v22_1339,INVALID
v22,,v22_1340,INVALID
v22,,v22_1341,INVALID
v22,,v22_1342,INVALID
v22,,v22_1343,INVALID
v22,,v22_1344,INVALID
v22,,v22_1345,INVALID
v22,v22_E020,v22_1346,NOT_READY
v22,v22_E020,v22_1347,NOT_READY
v22,v22_E020,v22_1348,NOT_READY
v22,v22_E020,v22_1349,NOT_READY
v22,v22_E020,v22_1350,NOT_READY
v22,v22_E020,v22_1351,NOT_READY
v22,v22_E020,v22_1352,NOT_READY
v22,v22_E020,v22_1353,READY
v22,v22_E020,v22_1354,READY
v22,v22_E020,v22_1355,NOT_READY
v22,v22_E020,v22_1356,NOT_READY
v22,v22_E020,v22_1357,NOT_READY
v22,v22_E020,v22_1358,NOT_READY
v22,v22_E020,v22_1359,NOT_READY
v22,v22_E020,v22_1360,NOT_READY
v22,v22_E020,v22_1361,NOT_READY
v22,v22_E020,v22_1362,NOT_READY
v22,v22_E020,v22_1363,NOT_READY
v22,v22_E020,v22_1364,NOT_READY
v22,v22_E020,v22_1365,NOT_READY
v22,v22_E020,v22_1366,NOT_READY
v22,v22_E020,v22_1367,NOT_READY
v22,v22_E020,v22_1368,NOT_READY
v22,v22_E020,v22_1369,NOT_READY
v22,v22_E020,v22_1370,NOT_READY
v22,v22_E020,v22_1371,NOT_READY
v22,v22_E020,v22_1372,NOT_READY
v22,v22_E020,v22_1373,NOT_READY
v22,v22_E020,v22_1374,NOT_READY
v22,v22_E020,v22_1375,NOT_READY
v22,v22_E020,v22_1376,NOT_READY
v22,v22_E020,v22_1377,NOT_READY
v22,v22_E020,v22_1378,NOT_READY
v22,v22_E020,v22_1379,NOT_READY
v22,v22_E020,v22_1380,NOT_READY
v22,v22_E020,v22_1381,NOT_READY
v22,v22_E020,v22_1382,NOT_READY
v22,,v22_1383,INVALID
v22,,v22_1384,INVALID
v22,,v22_1385,INVALID
v22,,v22_1386,INVALID
v22,,v22_1387,INVALID
v22,,v22_1388,INVALID
v22,,v22_1389,INVALID
v22,,v22_1390,INVALID
v22,,v22_1391,INVALID
v22,,v22_1392,INVALID
v22,,v22_1393,INVALID
v22,v22_E021,v22_1394,NOT_READY
v22,v22_E021,v22_1395,NOT_READY
v22,v22_E021,v22_1396,READY
v22,v22_E021,v22_1397,NOT_READY
v22,v22_E021,v22_1398,NOT_READY
v22,v22_E021,v22_1399,NOT_READY
v22,v22_E021,v22_1400,NOT_READY
v22,v22_E021,v22_1401,NOT_READY
v22,v22_E021,v22_1402,NOT_READY
v22,v22_E021,v22_1403,NOT_READY
v22,v22_E021,v22_1404,NOT_READY
v22,v22_E021,v22_1405,NOT_READY
v22,v22_E021,v22_1406,NOT_READY
v22,v22_E021,v22_1407,NOT_READY
v22,v22_E021,v22_1408,NOT_READY
v22,v22_E021,v22_1409,NOT_READY
v22,v22_E021,v22_1410,NOT_READY
v22,v22_E021,v22_1411,NOT_READY
v22,v22_E021,v22_1412,NOT_READY
v22,v22_E021,v22_1413,NOT_READY
v22,v22_E021,v22_1414,NOT_READY
v22,v22_E021,v22_1415,NOT_READY
v22,v22_E021,v22_1416,NOT_READY
v22,v22_E021,v22_1417,NOT_READY
v22,v22_E021,v22_1418,NOT_READY
v22,v22_E021,v22_1419,NOT_READY
v22,v22_E021,v22_1420,NOT_READY
v22,v22_E021,v22_1421,NOT_READY
v22,v22_E021,v22_1422,NOT_READY
v22,v22_E021,v22_1423,NOT_READY
v22,v22_E021,v22_1424,NOT_READY
v22,v22_E021,v22_1425,NOT_READY
v22,v22_E021,v22_1426,NOT_READY
v22,v22_E021,v22_1427,NOT_READY
v22,v22_E021,v22_1428,NOT_READY
v22,v22_E021,v22_1429,NOT_READY
v22,v22_E021,v22_1430,NOT_READY
v22,,v22_1431,INVALID
v22,,v22_1432,INVALID
v22,,v22_1433,INVALID
v22,,v22_1434,INVALID
v22,,v22_1435,INVALID
v22,,v22_1436,INVALID
v22,,v22_1437,INVALID
v22,,v22_1438,INVALID
v22,,v22_1439,INVALID
v22,,v22_1440,INVALID
v22,,v22_1441,INVALID
v22,,v22_1442,INVALID
v22,,v22_1443,INVALID
v22,,v22_1444,INVALID
v22,,v22_1445,INVALID
v22,,v22_1446,INVALID
v22,,v22_1447,INVALID
v22,,v22_1448,INVALID
v22,v22_E022,v22_1449,READY
v22,v22_E022,v22_1450,READY
v22,v22_E022,v22_1451,READY
v22,v22_E022,v22_1452,NOT_READY
v22,v22_E022,v22_1453,NOT_READY
v22,v22_E022,v22_1454,NOT_READY
v22,v22_E022,v22_1455,NOT_READY
v22,v22_E022,v22_1456,NOT_READY
v22,v22_E022,v22_1457,NOT_READY
v22,v22_E022,v22_1458,NOT_READY
v22,v22_E022,v22_1459,NOT_READY
v22,v22_E022,v22_1460,NOT_READY
v22,v22_E022,v22_1461,NOT_READY
v22,v22_E022,v22_1462,NOT_READY
v22,v22_E022,v22_1463,NOT_READY
v22,v22_E022,v22_1464,NOT_READY
v22,v22_E022,v22_1465,NOT_READY
v22,v22_E022,v22_1466,NOT_READY
v22,v22_E022,v22_1467,NOT_READY
v22,v22_E022,v22_1468,NOT_READY
v22,v22_E022,v22_1469,NOT_READY
v22,v22_E022,v22_1470,NOT_READY
v22,v22_E022,v22_1471,NOT_READY
v22,v22_E022,v22_1472,NOT_READY
v22,v22_E022,v22_1473,NOT_READY
v22,v22_E022,v22_1474,NOT_READY
v22,v22_E022,v22_1475,NOT_READY
v22,v22_E022,v22_1476,NOT_READY
v22,v22_E022,v22_1477,NOT_READY
v22,v22_E022,v22_1478,NOT_READY
v22,v22_E022,v22_1479,NOT_READY
v22,v22_E022,v22_1480,NOT_READY
v22,v22_E022,v22_1481,NOT_READY
v22,v22_E022,v22_1482,NOT_READY
v22,v22_E022,v22_1483,NOT_READY
v22,v22_E022,v22_1484,NOT_READY
v22,v22_E022,v22_1485,NOT_READY
v22,v22_E022,v22_1486,NOT_READY
v22,v22_E022,v22_1487,NOT_READY
v22,v22_E022,v22_1488,NOT_READY
v22,v22_E022,v22_1489,NOT_READY
v22,v22_E022,v22_1490,NOT_READY
v22,v22_E022,v22_1491,NOT_READY
v22,v22_E022,v22_1492,NOT_READY
v22,v22_E022,v22_1493,NOT_READY
v22,v22_E022,v22_1494,NOT_READY
v22,v22_E022,v22_1495,NOT_READY
v22,v22_E022,v22_1496,NOT_READY
v22,v22_E022,v22_1497,NOT_READY
v22,v22_E022,v22_1498,NOT_READY
v22,v22_E022,v22_1499,NOT_READY
v22,v22_E022,v22_1500,NOT_READY
v22,v22_E022,v22_1501,NOT_READY
v22,v22_E022,v22_1502,NOT_READY
v22,v22_E022,v22_1503,NOT_READY
v22,v22_E022,v22_1504,NOT_READY
v22,v22_E022,v22_1505,NOT_READY
v22,v22_E022,v22_1506,NOT_READY
v22,v22_E022,v22_1507,NOT_READY
v22,v22_E022,v22_1508,NOT_READY
v22,v22_E022,v22_1509,NOT_READY
v22,v22_E022,v22_1510,NOT_READY
v22,v22_E022,v22_1511,NOT_READY
v22,v22_E022,v22_1512,NOT_READY
v22,v22_E022,v22_1513,NOT_READY
v22,v22_E022,v22_1514,NOT_READY
v22,v22_E022,v22_1515,NOT_READY
v22,v22_E022,v22_1516,NOT_READY
v22,v22_E022,v22_1517,NOT_READY
v22,v22_E022,v22_1518,NOT_READY
v22,v22_E022,v22_1519,NOT_READY
v22,v22_E022,v22_1520,NOT_READY
v22,v22_E022,v22_1521,NOT_READY
v22,v22_E022,v22_1522,NOT_READY
v22,v22_E022,v22_1523,NOT_READY
v22,v22_E022,v22_1524,NOT_READY
v22,v22_E022,v22_1525,NOT_READY
v22,v22_E022,v22_1526,NOT_READY
v22,v22_E022,v22_1527,NOT_READY
v22,v22_E022,v22_1528,NOT_READY
v22,v22_E022,v22_1529,NOT_READY
v22,v22_E022,v22_1530,NOT_READY
v22,v22_E022,v22_1531,NOT_READY
v22,,v22_1532,INVALID
v22,,v22_1533,INVALID
v22,,v22_1534,INVALID
v22,,v22_1535,INVALID
v22,v22_E023,v22_1536,NOT_READY
v22,v22_E023,v22_1537,NOT_READY
v22,v22_E023,v22_1538,NOT_READY
v22,v22_E023,v22_1539,READY
v22,v22_E023,v22_1540,READY
v22,v22_E023,v22_1541,READY
v22,v22_E023,v22_1542,NOT_READY
v22,v22_E023,v22_1543,NOT_READY
v22,v22_E023,v22_1544,NOT_READY
v22,v22_E023,v22_1545,NOT_READY
v22,v22_E023,v22_1546,NOT_READY
v22,v22_E023,v22_1547,NOT_READY
v22,v22_E023,v22_1548,NOT_READY
v22,v22_E023,v22_1549,NOT_READY
v22,v22_E023,v22_1550,NOT_READY
v22,v22_E023,v22_1551,NOT_READY
v22,v22_E023,v22_1552,NOT_READY
v22,v22_E023,v22_1553,NOT_READY
v22,v22_E023,v22_1554,NOT_READY
v22,v22_E023,v22_1555,NOT_READY
v22,v22_E023,v22_1556,NOT_READY
v22,v22_E023,v22_1557,NOT_READY
v22,v22_E023,v22_1558,NOT_READY
v22,v22_E023,v22_1559,NOT_READY
v22,v22_E023,v22_1560,NOT_READY
v22,v22_E023,v22_1561,NOT_READY
v22,v22_E023,v22_1562,NOT_READY
v22,v22_E023,v22_1563,NOT_READY
v22,v22_E023,v22_1564,NOT_READY
v22,v22_E023,v22_1565,NOT_READY
v22,v22_E023,v22_1566,NOT_READY
v22,v22_E023,v22_1567,NOT_READY
v22,v22_E023,v22_1568,NOT_READY
v22,v22_E023,v22_1569,NOT_READY
v22,v22_E023,v22_1570,NOT_READY
v22,v22_E023,v22_1571,NOT_READY
v22,v22_E023,v22_1572,NOT_READY
v22,v22_E023,v22_1573,NOT_READY
v22,v22_E023,v22_1574,NOT_READY
v22,v22_E023,v22_1575,NOT_READY
v22,v22_E023,v22_1576,NOT_READY
v22,v22_E023,v22_1577,NOT_READY
v22,v22_E023,v22_1578,NOT_READY
v22,v22_E023,v22_1579,NOT_READY
v22,v22_E023,v22_1580,NOT_READY
v22,v22_E023,v22_1581,NOT_READY
v22,v22_E023,v22_1582,NOT_READY
v22,v22_E023,v22_1583,NOT_READY
v22,v22_E023,v22_1584,NOT_READY
v22,,v22_1585,INVALID
v22,,v22_1586,INVALID
v22,,v22_1587,INVALID
v22,,v22_1588,INVALID
v22,,v22_1589,INVALID
v22,,v22_1590,INVALID
v22,,v22_1591,INVALID
v22,,v22_1592,INVALID
v22,,v22_1593,INVALID
v22,,v22_1594,INVALID
v22,,v22_1595,INVALID
v22,,v22_1596,INVALID
v22,,v22_1597,INVALID
v22,,v22_1598,INVALID
v22,v22_E024,v22_1599,NOT_READY
v22,v22_E024,v22_1600,NOT_READY
v22,v22_E024,v22_1601,READY
v22,v22_E024,v22_1602,READY
v22,v22_E024,v22_1603,READY
v22,v22_E024,v22_1604,NOT_READY
v22,v22_E024,v22_1605,NOT_READY
v22,v22_E024,v22_1606,NOT_READY
v22,v22_E024,v22_1607,NOT_READY
v22,v22_E024,v22_1608,NOT_READY
v22,v22_E024,v22_1609,NOT_READY
v22,v22_E024,v22_1610,NOT_READY
v22,v22_E024,v22_1611,NOT_READY
v22,v22_E024,v22_1612,NOT_READY
v22,v22_E024,v22_1613,NOT_READY
v22,v22_E024,v22_1614,NOT_READY
v22,v22_E024,v22_1615,NOT_READY
v22,v22_E024,v22_1616,NOT_READY
v22,v22_E024,v22_1617,NOT_READY
v22,v22_E024,v22_1618,NOT_READY
v22,v22_E024,v22_1619,NOT_READY
v22,v22_E024,v22_1620,NOT_READY
v22,v22_E024,v22_1621,NOT_READY
v22,v22_E024,v22_1622,NOT_READY
v22,v22_E024,v22_1623,NOT_READY
v22,v22_E024,v22_1624,NOT_READY
v22,v22_E024,v22_1625,NOT_READY
v22,v22_E024,v22_1626,NOT_READY
v22,v22_E024,v22_1627,NOT_READY
v22,v22_E024,v22_1628,NOT_READY
v22,v22_E024,v22_1629,NOT_READY
v22,v22_E024,v22_1630,NOT_READY
v22,v22_E024,v22_1631,NOT_READY
v22,v22_E024,v22_1632,NOT_READY
v22,v22_E024,v22_1633,NOT_READY
v22,v22_E024,v22_1634,NOT_READY
v22,v22_E024,v22_1635,NOT_READY
v22,v22_E024,v22_1636,NOT_READY
v22,v22_E024,v22_1637,NOT_READY
v22,v22_E024,v22_1638,NOT_READY
v22,v22_E024,v22_1639,NOT_READY
v22,v22_E024,v22_1640,NOT_READY
v22,v22_E024,v22_1641,NOT_READY
v22,,v22_1642,INVALID
v22,,v22_1643,INVALID
v22,,v22_1644,INVALID
v22,,v22_1645,INVALID
v22,,v22_1646,INVALID
v22,,v22_1647,INVALID
v22,,v22_1648,INVALID
v22,,v22_1649,INVALID
v22,,v22_1650,INVALID
v22,,v22_1651,INVALID
v22,,v22_1652,INVALID
v22,,v22_1653,INVALID
v22,,v22_1654,INVALID
v22,,v22_1655,INVALID
v22,,v22_1656,INVALID
v22,v22_E025,v22_1657,NOT_READY
v22,v22_E025,v22_1658,NOT_READY
v22,v22_E025,v22_1659,NOT_READY
v22,v22_E025,v22_1660,NOT_READY
v22,v22_E025,v22_1661,READY
v22,v22_E025,v22_1662,READY
v22,v22_E025,v22_1663,NOT_READY
v22,v22_E025,v22_1664,NOT_READY
v22,v22_E025,v22_1665,NOT_READY
v22,v22_E025,v22_1666,NOT_READY
v22,v22_E025,v22_1667,NOT_READY
v22,v22_E025,v22_1668,NOT_READY
v22,v22_E025,v22_1669,NOT_READY
v22,v22_E025,v22_1670,NOT_READY
v22,v22_E025,v22_1671,NOT_READY
v22,v22_E025,v22_1672,NOT_READY
v22,v22_E025,v22_1673,NOT_READY
v22,v22_E025,v22_1674,NOT_READY
v22,v22_E025,v22_1675,NOT_READY
v22,v22_E025,v22_1676,NOT_READY
v22,v22_E025,v22_1677,NOT_READY
v22,v22_E025,v22_1678,NOT_READY
v22,v22_E025,v22_1679,NOT_READY
v22,v22_E025,v22_1680,NOT_READY
v22,v22_E025,v22_1681,NOT_READY
v22,v22_E025,v22_1682,NOT_READY
v22,v22_E025,v22_1683,NOT_READY
v22,v22_E025,v22_1684,NOT_READY
v22,v22_E025,v22_1685,NOT_READY
v22,v22_E025,v22_1686,NOT_READY
v22,v22_E025,v22_1687,NOT_READY
v22,v22_E025,v22_1688,NOT_READY
v22,v22_E025,v22_1689,NOT_READY
v22,v22_E025,v22_1690,NOT_READY
v22,v22_E025,v22_1691,NOT_READY
v22,v22_E025,v22_1692,NOT_READY
v22,v22_E025,v22_1693,NOT_READY
v22,v22_E025,v22_1694,NOT_READY
v22,v22_E025,v22_1695,NOT_READY
v22,v22_E025,v22_1696,NOT_READY
v22,v22_E025,v22_1697,NOT_READY
v22,v22_E025,v22_1698,NOT_READY
v22,v22_E025,v22_1699,NOT_READY
v22,v22_E025,v22_1700,NOT_READY
v22,v22_E025,v22_1701,NOT_READY
v22,v22_E025,v22_1702,NOT_READY
v22,v22_E025,v22_1703,NOT_READY
v22,v22_E025,v22_1704,NOT_READY
v22,v22_E025,v22_1705,NOT_READY
v22,v22_E025,v22_1706,NOT_READY
v22,v22_E025,v22_1707,NOT_READY
v22,v22_E025,v22_1708,NOT_READY
v22,v22_E025,v22_1709,NOT_READY
v22,,v22_1710,INVALID
v22,,v22_1711,INVALID
v22,,v22_1712,INVALID
v22,,v22_1713,INVALID
v22,,v22_1714,INVALID
v22,,v22_1715,INVALID
v22,,v22_1716,INVALID
v22,,v22_1717,INVALID
v22,,v22_1718,INVALID
v22,,v22_1719,INVALID
v22,,v22_1720,INVALID
v22,,v22_1721,INVALID
v22,v22_E026,v22_1722,NOT_READY
v22,v22_E026,v22_1723,NOT_READY
v22,v22_E026,v22_1724,NOT_READY
v22,v22_E026,v22_1725,READY
v22,v22_E026,v22_1726,READY
v22,v22_E026,v22_1727,READY
v22,v22_E026,v22_1728,NOT_READY
v22,v22_E026,v22_1729,NOT_READY
v22,v22_E026,v22_1730,NOT_READY
v22,v22_E026,v22_1731,NOT_READY
v22,v22_E026,v22_1732,NOT_READY
v22,v22_E026,v22_1733,NOT_READY
v22,v22_E026,v22_1734,NOT_READY
v22,v22_E026,v22_1735,NOT_READY
v22,v22_E026,v22_1736,NOT_READY
v22,v22_E026,v22_1737,NOT_READY
v22,v22_E026,v22_1738,NOT_READY
v22,v22_E026,v22_1739,NOT_READY
v22,v22_E026,v22_1740,NOT_READY
v22,v22_E026,v22_1741,NOT_READY
v22,v22_E026,v22_1742,NOT_READY
v22,v22_E026,v22_1743,NOT_READY
v22,v22_E026,v22_1744,NOT_READY
v22,v22_E026,v22_1745,NOT_READY
v22,v22_E026,v22_1746,NOT_READY
v22,v22_E026,v22_1747,NOT_READY
v22,v22_E026,v22_1748,NOT_READY
v22,v22_E026,v22_1749,NOT_READY
v22,v22_E026,v22_1750,NOT_READY
v22,v22_E026,v22_1751,NOT_READY
v22,v22_E026,v22_1752,NOT_READY
v22,v22_E026,v22_1753,NOT_READY
v22,v22_E026,v22_1754,NOT_READY
v22,v22_E026,v22_1755,NOT_READY
v22,v22_E026,v22_1756,NOT_READY
v22,v22_E026,v22_1757,NOT_READY
v22,v22_E026,v22_1758,NOT_READY
v22,v22_E026,v22_1759,NOT_READY
v22,v22_E026,v22_1760,NOT_READY
v22,v22_E026,v22_1761,NOT_READY
v22,v22_E026,v22_1762,NOT_READY
v22,v22_E026,v22_1763,NOT_READY
v22,v22_E026,v22_1764,NOT_READY
v22,v22_E026,v22_1765,NOT_READY
v22,v22_E026,v22_1766,NOT_READY
v22,v22_E026,v22_1767,NOT_READY
v22,v22_E026,v22_1768,NOT_READY
v22,v22_E026,v22_1769,NOT_READY
v22,v22_E026,v22_1770,NOT_READY
v22,,v22_1771,INVALID
v22,,v22_1772,INVALID
v22,,v22_1773,INVALID
v22,,v22_1774,INVALID
v22,,v22_1775,INVALID
v22,,v22_1776,INVALID
v22,,v22_1777,INVALID
v22,,v22_1778,INVALID
v22,,v22_1779,INVALID
v22,,v22_1780,INVALID
v22,,v22_1781,INVALID
v22,,v22_1782,INVALID
v22,,v22_1783,INVALID
v22,,v22_1784,INVALID
v22,,v22_1785,INVALID
v22,,v22_1786,INVALID
v22,,v22_1787,INVALID
v22,,v22_1788,INVALID
v23,,v23_001,INVALID
v23,,v23_002,INVALID
v23,,v23_003,INVALID
v23,,v23_004,INVALID
v23,,v23_005,INVALID
v23,,v23_006,INVALID
v23,,v23_007,INVALID
v23,v23_E001,v23_008,NOT_READY
v23,v23_E001,v23_009,NOT_READY
v23,v23_E001,v23_010,NOT_READY
v23,v23_E001,v23_011,NOT_READY
v23,v23_E001,v23_012,READY
v23,v23_E001,v23_013,READY
v23,v23_E001,v23_014,READY
v23,v23_E001,v23_015,READY
v23,v23_E001,v23_016,READY
v23,v23_E001,v23_017,READY
v23,v23_E001,v23_018,READY
v23,v23_E001,v23_019,READY
v23,v23_E001,v23_020,NOT_READY
v23,v23_E001,v23_021,NOT_READY
v23,v23_E001,v23_022,NOT_READY
v23,v23_E001,v23_023,NOT_READY
v23,v23_E001,v23_024,NOT_READY
v23,v23_E001,v23_025,READY
v23,v23_E001,v23_026,READY
v23,v23_E001,v23_027,READY
v23,v23_E001,v23_028,READY
v23,v23_E001,v23_029,READY
v23,v23_E001,v23_030,READY
v23,v23_E001,v23_031,NOT_READY
v23,v23_E001,v23_032,NOT_READY
v23,v23_E001,v23_033,NOT_READY
v23,v23_E001,v23_034,NOT_READY
v23,v23_E001,v23_035,NOT_READY
v23,v23_E001,v23_036,NOT_READY
v23,v23_E001,v23_037,NOT_READY
v23,v23_E001,v23_038,NOT_READY
v23,v23_E001,v23_039,NOT_READY
v23,v23_E001,v23_040,NOT_READY
v23,v23_E001,v23_041,READY
v23,v23_E001,v23_042,READY
v23,v23_E001,v23_043,READY
v23,v23_E001,v23_044,READY
v23,v23_E001,v23_045,READY
v23,v23_E001,v23_046,READY
v23,v23_E001,v23_047,READY
v23,v23_E001,v23_048,READY
v23,v23_E001,v23_049,NOT_READY
v23,v23_E001,v23_050,NOT_READY
v23,v23_E001,v23_051,NOT_READY
v23,v23_E001,v23_052,READY
v23,v23_E001,v23_053,NOT_READY
v23,v23_E001,v23_054,NOT_READY
v23,v23_E001,v23_055,NOT_READY
v23,v23_E001,v23_056,NOT_READY
v23,v23_E001,v23_057,NOT_READY
v23,v23_E001,v23_058,NOT_READY
v23,v23_E001,v23_059,NOT_READY
v23,v23_E001,v23_060,NOT_READY
v23,v23_E001,v23_061,NOT_READY
v23,v23_E001,v23_062,NOT_READY
v23,v23_E001,v23_063,NOT_READY
v23,v23_E001,v23_064,NOT_READY
v23,v23_E001,v23_065,NOT_READY
v23,v23_E001,v23_066,NOT_READY
v23,v23_E001,v23_067,NOT_READY
v23,v23_E001,v23_068,NOT_READY
v23,v23_E001,v23_069,NOT_READY
v23,v23_E001,v23_070,NOT_READY
v23,v23_E001,v23_071,NOT_READY
v23,v23_E001,v23_072,NOT_READY
v23,v23_E001,v23_073,NOT_READY
v23,v23_E001,v23_074,NOT_READY
v23,v23_E001,v23_075,NOT_READY
v23,v23_E001,v23_076,NOT_READY
v23,v23_E001,v23_077,NOT_READY
v23,v23_E001,v23_078,NOT_READY
v23,v23_E001,v23_079,NOT_READY
v23,v23_E001,v23_080,NOT_READY
v23,v23_E001,v23_081,NOT_READY
v23,v23_E001,v23_082,NOT_READY
v23,v23_E001,v23_083,NOT_READY
v23,v23_E001,v23_084,NOT_READY
v23,v23_E001,v23_085,NOT_READY
v23,v23_E001,v23_086,NOT_READY
v23,v23_E001,v23_087,NOT_READY
v23,v23_E001,v23_088,NOT_READY
v23,v23_E001,v23_089,NOT_READY
v23,v23_E001,v23_090,NOT_READY
v23,v23_E001,v23_091,NOT_READY
v23,v23_E001,v23_092,NOT_READY
v23,v23_E001,v23_093,NOT_READY
v23,v23_E001,v23_094,NOT_READY
v23,v23_E001,v23_095,NOT_READY
v23,v23_E001,v23_096,NOT_READY
v23,v23_E001,v23_097,NOT_READY
v23,v23_E001,v23_098,NOT_READY
v23,v23_E001,v23_099,NOT_READY
v23,v23_E001,v23_100,NOT_READY
v23,v23_E001,v23_101,NOT_READY
v23,v23_E001,v23_102,NOT_READY
v23,v23_E001,v23_103,NOT_READY
v23,v23_E001,v23_104,NOT_READY
v23,v23_E001,v23_105,NOT_READY
v23,v23_E001,v23_106,NOT_READY
v23,v23_E001,v23_107,NOT_READY
v23,v23_E001,v23_108,NOT_READY
v23,v23_E001,v23_109,NOT_READY
v23,v23_E001,v23_110,NOT_READY
v23,v23_E001,v23_111,NOT_READY
v23,v23_E001,v23_112,NOT_READY
v23,v23_E001,v23_113,NOT_READY
v23,v23_E001,v23_114,NOT_READY
v23,v23_E001,v23_115,NOT_READY
v23,v23_E001,v23_116,NOT_READY
v23,v23_E001,v23_117,NOT_READY
v23,v23_E001,v23_118,NOT_READY
v23,v23_E001,v23_119,NOT_READY
v23,v23_E001,v23_120,NOT_READY
v23,v23_E001,v23_121,NOT_READY
v23,v23_E001,v23_122,NOT_READY
v23,v23_E001,v23_123,NOT_READY
v23,v23_E001,v23_124,NOT_READY
v23,v23_E001,v23_125,NOT_READY
v23,v23_E001,v23_126,NOT_READY
v23,v23_E001,v23_127,NOT_READY
v23,v23_E001,v23_128,NOT_READY
v23,v23_E001,v23_129,NOT_READY
v23,v23_E001,v23_130,NOT_READY
v23,v23_E001,v23_131,NOT_READY
v23,v23_E001,v23_132,NOT_READY
v23,v23_E001,v23_133,NOT_READY
v23,v23_E001,v23_134,NOT_READY
v23,v23_E001,v23_135,NOT_READY
v23,v23_E001,v23_136,NOT_READY
v23,v23_E001,v23_137,NOT_READY
v23,v23_E001,v23_138,NOT_READY
v23,v23_E001,v23_139,NOT_READY
v23,v23_E001,v23_140,NOT_READY
v23,v23_E001,v23_141,NOT_READY
v23,v23_E001,v23_142,NOT_READY
v23,v23_E001,v23_143,NOT_READY
v23,v23_E001,v23_144,NOT_READY
v23,v23_E001,v23_145,NOT_READY
v23,v23_E001,v23_146,NOT_READY
v23,v23_E001,v23_147,NOT_READY
v23,v23_E001,v23_148,NOT_READY
v23,v23_E001,v23_149,NOT_READY
v23,v23_E001,v23_150,NOT_READY
v23,v23_E001,v23_151,NOT_READY
v23,v23_E001,v23_152,NOT_READY
v23,v23_E001,v23_153,NOT_READY
v23,v23_E001,v23_154,NOT_READY
v23,v23_E001,v23_155,NOT_READY
v23,v23_E001,v23_156,NOT_READY
v23,v23_E001,v23_157,NOT_READY
v23,v23_E001,v23_158,NOT_READY
v23,v23_E001,v23_159,NOT_READY
v23,v23_E001,v23_160,NOT_READY
v23,v23_E001,v23_161,NOT_READY
v23,v23_E001,v23_162,NOT_READY
v23,v23_E001,v23_163,NOT_READY
v23,v23_E001,v23_164,NOT_READY
v23,v23_E001,v23_165,NOT_READY
v23,v23_E001,v23_166,NOT_READY
v23,v23_E001,v23_167,NOT_READY
v23,v23_E001,v23_168,NOT_READY
v23,v23_E001,v23_169,NOT_READY
v23,v23_E001,v23_170,NOT_READY
v23,v23_E001,v23_171,NOT_READY
v23,v23_E001,v23_172,NOT_READY
v23,,v23_173,INVALID
v23,,v23_174,INVALID
v23,,v23_175,INVALID
v23,,v23_176,INVALID
v23,,v23_177,INVALID
v23,,v23_178,INVALID
v23,,v23_179,INVALID
v23,,v23_180,INVALID
v23,,v23_181,INVALID
v23,,v23_182,INVALID
v23,,v23_183,INVALID
v23,,v23_184,INVALID
v23,,v23_185,INVALID
v23,,v23_186,INVALID
v23,,v23_187,INVALID
v23,,v23_188,INVALID
v23,,v23_189,INVALID
v23,,v23_190,INVALID
v23,,v23_191,INVALID
v23,,v23_192,INVALID
v23,,v23_193,INVALID
v23,,v23_194,INVALID
v23,,v23_195,INVALID
v23,,v23_196,INVALID
v23,,v23_197,INVALID
v23,,v23_198,INVALID
v23,,v23_199,INVALID
v23,,v23_200,INVALID
v23,,v23_201,INVALID
v23,,v23_202,INVALID
v23,,v23_203,INVALID
v23,,v23_204,INVALID
v23,,v23_205,INVALID
v23,,v23_206,INVALID
v23,v23_E002,v23_207,NOT_READY
v23,v23_E002,v23_208,NOT_READY
v23,v23_E002,v23_209,NOT_READY
v23,v23_E002,v23_210,NOT_READY
v23,v23_E002,v23_211,NOT_READY
v23,v23_E002,v23_212,NOT_READY
v23,v23_E002,v23_213,NOT_READY
v23,v23_E002,v23_214,NOT_READY
v23,v23_E002,v23_215,NOT_READY
v23,v23_E002,v23_216,NOT_READY
v23,v23_E002,v23_217,NOT_READY
v23,v23_E002,v23_218,NOT_READY
v23,v23_E002,v23_219,NOT_READY
v23,v23_E002,v23_220,NOT_READY
v23,v23_E002,v23_221,READY
v23,v23_E002,v23_222,NOT_READY
v23,v23_E002,v23_223,NOT_READY
v23,v23_E002,v23_224,NOT_READY
v23,v23_E002,v23_225,NOT_READY
v23,v23_E002,v23_226,NOT_READY
v23,v23_E002,v23_227,NOT_READY
v23,v23_E002,v23_228,NOT_READY
v23,v23_E002,v23_229,NOT_READY
v23,v23_E002,v23_230,NOT_READY
v23,v23_E002,v23_231,NOT_READY
v23,v23_E002,v23_232,NOT_READY
v23,v23_E002,v23_233,NOT_READY
v23,v23_E002,v23_234,NOT_READY
v23,v23_E002,v23_235,NOT_READY
v23,v23_E002,v23_236,NOT_READY
v23,v23_E002,v23_237,READY
v23,v23_E002,v23_238,NOT_READY
v23,v23_E002,v23_239,NOT_READY
v23,v23_E002,v23_240,NOT_READY
v23,v23_E002,v23_241,NOT_READY
v23,v23_E002,v23_242,READY
v23,v23_E002,v23_243,READY
v23,v23_E002,v23_244,NOT_READY
v23,v23_E002,v23_245,READY
v23,v23_E002,v23_246,READY
v23,v23_E002,v23_247,READY
v23,v23_E002,v23_248,READY
v23,v23_E002,v23_249,READY
v23,v23_E002,v23_250,READY
v23,v23_E002,v23_251,READY
v23,v23_E002,v23_252,READY
v23,v23_E002,v23_253,READY
v23,v23_E002,v23_254,NOT_READY
v23,v23_E002,v23_255,NOT_READY
v23,v23_E002,v23_256,NOT_READY
v23,v23_E002,v23_257,NOT_READY
v23,v23_E002,v23_258,NOT_READY
v23,v23_E002,v23_259,NOT_READY
v23,v23_E002,v23_260,NOT_READY
v23,v23_E002,v23_261,NOT_READY
v23,v23_E002,v23_262,NOT_READY
v23,v23_E002,v23_263,NOT_READY
v23,v23_E002,v23_264,NOT_READY
v23,v23_E002,v23_265,NOT_READY
v23,v23_E002,v23_266,NOT_READY
v23,v23_E002,v23_267,NOT_READY
v23,v23_E002,v23_268,NOT_READY
v23,v23_E002,v23_269,NOT_READY
v23,v23_E002,v23_270,NOT_READY
v23,v23_E002,v23_271,NOT_READY
v23,v23_E002,v23_272,NOT_READY
v23,v23_E002,v23_273,NOT_READY
v23,v23_E002,v23_274,NOT_READY
v23,v23_E002,v23_275,NOT_READY
v23,v23_E002,v23_276,NOT_READY
v23,v23_E002,v23_277,NOT_READY
v23,v23_E002,v23_278,NOT_READY
v23,v23_E002,v23_279,NOT_READY
v23,v23_E002,v23_280,NOT_READY
v23,v23_E002,v23_281,NOT_READY
v23,v23_E002,v23_282,NOT_READY
v23,v23_E002,v23_283,NOT_READY
v23,v23_E002,v23_284,NOT_READY
v23,v23_E002,v23_285,NOT_READY
v23,v23_E002,v23_286,NOT_READY
v23,v23_E002,v23_287,NOT_READY
v23,v23_E002,v23_288,NOT_READY
v23,v23_E002,v23_289,NOT_READY
v23,v23_E002,v23_290,NOT_READY
v23,v23_E002,v23_291,NOT_READY
v23,v23_E002,v23_292,NOT_READY
v23,v23_E002,v23_293,NOT_READY
v23,v23_E002,v23_294,NOT_READY
v23,v23_E002,v23_295,NOT_READY
v23,v23_E002,v23_296,NOT_READY
v23,v23_E002,v23_297,NOT_READY
v23,v23_E002,v23_298,NOT_READY
v23,v23_E002,v23_299,NOT_READY
v23,v23_E002,v23_300,NOT_READY
v23,v23_E002,v23_301,NOT_READY
v23,v23_E002,v23_302,NOT_READY
v23,v23_E002,v23_303,NOT_READY
v23,v23_E002,v23_304,NOT_READY
v23,v23_E002,v23_305,NOT_READY
v23,v23_E002,v23_306,NOT_READY
v23,v23_E002,v23_307,NOT_READY
v23,v23_E002,v23_308,NOT_READY
v23,v23_E002,v23_309,NOT_READY
v23,v23_E002,v23_310,NOT_READY
v23,v23_E002,v23_311,NOT_READY
v23,,v23_312,INVALID
v23,,v23_313,INVALID
v23,,v23_314,INVALID
v23,,v23_315,INVALID
v23,,v23_316,INVALID
v23,,v23_317,INVALID
v23,,v23_318,INVALID
v23,,v23_319,INVALID
v23,,v23_320,INVALID
v23,,v23_321,INVALID
v23,,v23_322,INVALID
v23,,v23_323,INVALID
v23,,v23_324,INVALID
v23,,v23_325,INVALID
v23,,v23_326,INVALID
v23,,v23_327,INVALID
v23,,v23_328,INVALID
v23,,v23_329,INVALID
v23,,v23_330,INVALID
v23,,v23_331,INVALID
v23,,v23_332,INVALID
v23,,v23_333,INVALID
v23,,v23_334,INVALID
v23,,v23_335,INVALID
v23,,v23_336,INVALID
v23,,v23_337,INVALID
v23,,v23_338,INVALID
v23,,v23_339,INVALID
v23,,v23_340,INVALID
v23,,v23_341,INVALID
v23,,v23_342,INVALID
v23,,v23_343,INVALID
v23,,v23_344,INVALID
v23,,v23_345,INVALID
v23,,v23_346,INVALID
v23,,v23_347,INVALID
v23,,v23_348,INVALID
v23,,v23_349,INVALID
v23,,v23_350,INVALID
v23,,v23_351,INVALID
v23,,v23_352,INVALID
v23,,v23_353,INVALID
v23,,v23_354,INVALID
v23,v23_E003,v23_355,NOT_READY
v23,v23_E003,v23_356,NOT_READY
v23,v23_E003,v23_357,NOT_READY
v23,v23_E003,v23_358,NOT_READY
v23,v23_E003,v23_359,NOT_READY
v23,v23_E003,v23_360,NOT_READY
v23,v23_E003,v23_361,NOT_READY
v23,v23_E003,v23_362,NOT_READY
v23,v23_E003,v23_363,NOT_READY
v23,v23_E003,v23_364,NOT_READY
v23,v23_E003,v23_365,NOT_READY
v23,v23_E003,v23_366,NOT_READY
v23,v23_E003,v23_367,NOT_READY
v23,v23_E003,v23_368,NOT_READY
v23,v23_E003,v23_369,NOT_READY
v23,v23_E003,v23_370,NOT_READY
v23,v23_E003,v23_371,NOT_READY
v23,v23_E003,v23_372,NOT_READY
v23,v23_E003,v23_373,NOT_READY
v23,v23_E003,v23_374,NOT_READY
v24,v24_E001,v24_001,NOT_READY
v24,v24_E001,v24_002,NOT_READY
v24,v24_E001,v24_003,NOT_READY
v24,v24_E001,v24_004,NOT_READY
v24,v24_E001,v24_005,NOT_READY
v24,v24_E001,v24_006,NOT_READY
v24,v24_E001,v24_007,NOT_READY
v24,v24_E001,v24_008,NOT_READY
v24,v24_E001,v24_009,NOT_READY
v24,v24_E001,v24_010,NOT_READY
v24,v24_E001,v24_011,NOT_READY
v24,v24_E001,v24_012,NOT_READY
v24,v24_E001,v24_013,NOT_READY
v24,v24_E001,v24_014,NOT_READY
v24,v24_E001,v24_015,NOT_READY
v24,v24_E001,v24_016,NOT_READY
v24,v24_E001,v24_017,NOT_READY
v24,v24_E001,v24_018,NOT_READY
v24,v24_E001,v24_019,NOT_READY
v24,v24_E001,v24_020,NOT_READY
v24,v24_E001,v24_021,NOT_READY
v24,v24_E001,v24_022,NOT_READY
v24,v24_E001,v24_023,NOT_READY
v24,v24_E001,v24_024,NOT_READY
v24,v24_E001,v24_025,NOT_READY
v24,v24_E001,v24_026,NOT_READY
v24,v24_E001,v24_027,INVALID
v24,,v24_028,INVALID
v24,,v24_029,INVALID
v24,,v24_030,INVALID
v24,,v24_031,INVALID
v24,,v24_032,INVALID
v24,,v24_033,INVALID
v24,,v24_034,INVALID
v24,,v24_035,INVALID
v24,,v24_036,INVALID
v24,,v24_037,INVALID
v24,,v24_038,INVALID
v24,,v24_039,INVALID
v24,,v24_040,INVALID
v24,,v24_041,INVALID
v24,,v24_042,INVALID
v24,,v24_043,INVALID
v24,,v24_044,INVALID
v24,,v24_045,INVALID
v24,,v24_046,INVALID
v24,,v24_047,INVALID
v24,,v24_048,INVALID
v24,,v24_049,INVALID
v24,,v24_050,INVALID
v24,,v24_051,INVALID
v24,,v24_052,INVALID
v24,,v24_053,INVALID
v24,,v24_054,INVALID
v24,,v24_055,INVALID
v24,v24_E002,v24_056,NOT_READY
v24,v24_E002,v24_057,NOT_READY
v24,v24_E002,v24_058,NOT_READY
v24,v24_E002,v24_059,NOT_READY
v24,v24_E002,v24_060,NOT_READY
v24,v24_E002,v24_061,READY
v24,v24_E002,v24_062,READY
v24,v24_E002,v24_063,READY
v24,v24_E002,v24_064,READY
v24,v24_E002,v24_065,READY
v24,v24_E002,v24_066,READY
v24,v24_E002,v24_067,READY
v24,v24_E002,v24_068,NOT_READY
v24,v24_E002,v24_069,NOT_READY
v24,v24_E002,v24_070,NOT_READY
v24,v24_E002,v24_071,NOT_READY
v24,v24_E002,v24_072,NOT_READY
v24,v24_E002,v24_073,NOT_READY
v24,v24_E002,v24_074,NOT_READY
v24,v24_E002,v24_075,NOT_READY
v24,v24_E002,v24_076,NOT_READY
v24,v24_E002,v24_077,NOT_READY
v24,v24_E002,v24_078,NOT_READY
v24,v24_E002,v24_079,NOT_READY
v24,v24_E002,v24_080,NOT_READY
v24,v24_E002,v24_081,NOT_READY
v24,v24_E002,v24_082,NOT_READY
v24,v24_E002,v24_083,NOT_READY
v24,v24_E002,v24_084,NOT_READY
v24,v24_E002,v24_085,NOT_READY
v24,v24_E002,v24_086,NOT_READY
v24,v24_E002,v24_087,NOT_READY
v24,v24_E002,v24_088,NOT_READY
v24,v24_E002,v24_089,NOT_READY
v24,v24_E002,v24_090,NOT_READY
v24,v24_E002,v24_091,NOT_READY
v24,v24_E002,v24_092,NOT_READY
v24,v24_E002,v24_093,NOT_READY
v24,v24_E002,v24_094,NOT_READY
v24,v24_E002,v24_095,NOT_READY
v24,v24_E002,v24_096,NOT_READY
v24,v24_E002,v24_097,NOT_READY
v24,v24_E002,v24_098,NOT_READY
v24,v24_E002,v24_099,NOT_READY
v24,v24_E002,v24_100,NOT_READY
v24,v24_E002,v24_101,NOT_READY
v24,v24_E002,v24_102,NOT_READY
v24,v24_E002,v24_103,NOT_READY
v24,v24_E002,v24_104,NOT_READY
v24,v24_E002,v24_105,NOT_READY
v24,v24_E002,v24_106,NOT_READY
v24,v24_E002,v24_107,NOT_READY
v24,v24_E002,v24_108,NOT_READY
v24,v24_E002,v24_109,NOT_READY
v24,v24_E002,v24_110,NOT_READY
v24,v24_E002,v24_111,NOT_READY
v24,v24_E002,v24_112,NOT_READY
v24,v24_E002,v24_113,NOT_READY
v24,v24_E002,v24_114,NOT_READY
v24,v24_E002,v24_115,NOT_READY
v24,v24_E002,v24_116,NOT_READY
v24,v24_E002,v24_117,NOT_READY
v24,v24_E002,v24_118,NOT_READY
v24,v24_E002,v24_119,NOT_READY
v24,v24_E002,v24_120,NOT_READY
v24,v24_E002,v24_121,NOT_READY
v24,v24_E002,v24_122,NOT_READY
v24,v24_E002,v24_123,NOT_READY
v24,v24_E002,v24_124,NOT_READY
v24,v24_E002,v24_125,NOT_READY
v24,v24_E002,v24_126,NOT_READY
v24,v24_E002,v24_127,NOT_READY
v24,v24_E002,v24_128,NOT_READY
v24,v24_E002,v24_129,INVALID
v24,,v24_130,INVALID
v24,,v24_131,INVALID
v24,,v24_132,INVALID
v24,,v24_133,INVALID
v24,,v24_134,INVALID
v24,,v24_135,INVALID
v24,,v24_136,INVALID
v24,,v24_137,INVALID
v24,,v24_138,INVALID
v24,,v24_139,INVALID
v24,,v24_140,INVALID
v24,,v24_141,INVALID
v24,,v24_142,INVALID
v24,,v24_143,INVALID
v24,,v24_144,INVALID
v24,,v24_145,INVALID
v24,,v24_146,INVALID
v24,,v24_147,NOT_READY
v24,v24_E003,v24_148,NOT_READY
v24,v24_E003,v24_149,NOT_READY
v24,v24_E003,v24_150,NOT_READY
v24,v24_E003,v24_151,READY
v24,v24_E003,v24_152,READY
v24,v24_E003,v24_153,READY
v24,v24_E003,v24_154,NOT_READY
v24,v24_E003,v24_155,NOT_READY
v24,v24_E003,v24_156,NOT_READY
v24,v24_E003,v24_157,NOT_READY
v24,v24_E003,v24_158,NOT_READY
v24,v24_E003,v24_159,NOT_READY
v24,v24_E003,v24_160,NOT_READY
v24,v24_E003,v24_161,NOT_READY
v24,v24_E003,v24_162,NOT_READY
v24,v24_E003,v24_163,NOT_READY
v24,v24_E003,v24_164,NOT_READY
v24,v24_E003,v24_165,NOT_READY
v24,v24_E003,v24_166,NOT_READY
v24,v24_E003,v24_167,NOT_READY
v24,v24_E003,v24_168,NOT_READY
v24,v24_E003,v24_169,NOT_READY
v24,v24_E003,v24_170,NOT_READY
v24,v24_E003,v24_171,NOT_READY
v24,v24_E003,v24_172,NOT_READY
v24,v24_E003,v24_173,NOT_READY
v24,v24_E003,v24_174,NOT_READY
v24,v24_E003,v24_175,NOT_READY
v24,v24_E003,v24_176,NOT_READY
v24,v24_E003,v24_177,NOT_READY
v24,v24_E003,v24_178,NOT_READY
v24,v24_E003,v24_179,NOT_READY
v24,v24_E003,v24_180,NOT_READY
v24,v24_E003,v24_181,NOT_READY
v24,v24_E003,v24_182,NOT_READY
v24,v24_E003,v24_183,NOT_READY
v24,v24_E003,v24_184,NOT_READY
v24,v24_E003,v24_185,NOT_READY
v24,v24_E003,v24_186,NOT_READY
v24,v24_E003,v24_187,NOT_READY
v24,v24_E003,v24_188,NOT_READY
v24,v24_E003,v24_189,NOT_READY
v24,v24_E003,v24_190,NOT_READY
v24,v24_E003,v24_191,NOT_READY
v24,v24_E003,v24_192,NOT_READY
v24,v24_E003,v24_193,NOT_READY
v24,v24_E003,v24_194,NOT_READY
v24,v24_E003,v24_195,NOT_READY
v24,v24_E003,v24_196,NOT_READY
v24,v24_E003,v24_197,NOT_READY
v24,v24_E003,v24_198,NOT_READY
v24,v24_E003,v24_199,NOT_READY
v24,v24_E003,v24_200,NOT_READY
v24,v24_E003,v24_201,NOT_READY
v24,v24_E003,v24_202,NOT_READY
v24,v24_E003,v24_203,NOT_READY
v24,v24_E003,v24_204,NOT_READY
v24,v24_E003,v24_205,NOT_READY
v24,v24_E003,v24_206,NOT_READY
v24,v24_E003,v24_207,NOT_READY
v24,v24_E003,v24_208,NOT_READY
v24,v24_E003,v24_209,NOT_READY
v24,v24_E003,v24_210,NOT_READY
v24,,v24_211,INVALID
v24,,v24_212,INVALID
v24,,v24_213,INVALID
v24,,v24_214,INVALID
v24,,v24_215,INVALID
v24,,v24_216,INVALID
v24,,v24_217,INVALID
v24,,v24_218,INVALID
v24,,v24_219,INVALID
v24,,v24_220,INVALID
v24,,v24_221,INVALID
v24,,v24_222,INVALID
v24,,v24_223,NOT_READY
v24,,v24_224,NOT_READY
v24,v24_E004,v24_225,NOT_READY
v24,v24_E004,v24_226,NOT_READY
v24,v24_E004,v24_227,NOT_READY
v24,v24_E004,v24_228,READY
v24,v24_E004,v24_229,READY
v24,v24_E004,v24_230,READY
v24,v24_E004,v24_231,NOT_READY
v24,v24_E004,v24_232,NOT_READY
v24,v24_E004,v24_233,NOT_READY
v24,v24_E004,v24_234,NOT_READY
v24,v24_E004,v24_235,NOT_READY
v24,v24_E004,v24_236,NOT_READY
v24,v24_E004,v24_237,NOT_READY
v24,v24_E004,v24_238,NOT_READY
v24,v24_E004,v24_239,NOT_READY
v24,v24_E004,v24_240,NOT_READY
v24,v24_E004,v24_241,NOT_READY
v24,v24_E004,v24_242,NOT_READY
v24,v24_E004,v24_243,NOT_READY
v24,v24_E004,v24_244,NOT_READY
v24,v24_E004,v24_245,NOT_READY
v24,v24_E004,v24_246,NOT_READY
v24,v24_E004,v24_247,NOT_READY
v24,v24_E004,v24_248,NOT_READY
v24,v24_E004,v24_249,NOT_READY
v24,v24_E004,v24_250,NOT_READY
v24,v24_E004,v24_251,NOT_READY
v24,v24_E004,v24_252,NOT_READY
v24,v24_E004,v24_253,NOT_READY
v24,v24_E004,v24_254,NOT_READY
v24,v24_E004,v24_255,NOT_READY
v24,v24_E004,v24_256,NOT_READY
v24,v24_E004,v24_257,NOT_READY
v24,v24_E004,v24_258,NOT_READY
v24,v24_E004,v24_259,NOT_READY
v24,v24_E004,v24_260,NOT_READY
v24,v24_E004,v24_261,NOT_READY
v24,v24_E004,v24_262,NOT_READY
v24,v24_E004,v24_263,NOT_READY
v24,v24_E004,v24_264,NOT_READY
v24,v24_E004,v24_265,NOT_READY
v24,v24_E004,v24_266,NOT_READY
v24,v24_E004,v24_267,NOT_READY
v24,v24_E004,v24_268,NOT_READY
v24,v24_E004,v24_269,NOT_READY
v24,v24_E004,v24_270,NOT_READY
v24,v24_E004,v24_271,NOT_READY
v24,v24_E004,v24_272,NOT_READY
v24,v24_E004,v24_273,NOT_READY
v24,v24_E004,v24_274,NOT_READY
v24,v24_E004,v24_275,NOT_READY
v24,v24_E004,v24_276,NOT_READY
v24,v24_E004,v24_277,NOT_READY
v24,v24_E004,v24_278,NOT_READY
v24,v24_E004,v24_279,NOT_READY
v24,v24_E004,v24_280,NOT_READY
v24,v24_E004,v24_281,NOT_READY
v24,v24_E004,v24_282,NOT_READY
v24,v24_E004,v24_283,NOT_READY
v24,v24_E004,v24_284,NOT_READY
v24,v24_E004,v24_285,NOT_READY
v24,v24_E004,v24_286,NOT_READY
v24,v24_E004,v24_287,NOT_READY
v24,v24_E004,v24_288,NOT_READY
v24,v24_E004,v24_289,NOT_READY
v24,v24_E004,v24_290,NOT_READY
v24,v24_E004,v24_291,NOT_READY
v24,v24_E004,v24_292,NOT_READY
v24,v24_E004,v24_293,NOT_READY
v24,v24_E004,v24_294,NOT_READY
v24,v24_E004,v24_295,NOT_READY
v24,v24_E004,v24_296,NOT_READY
v24,v24_E004,v24_297,NOT_READY
v24,v24_E004,v24_298,NOT_READY
v24,v24_E004,v24_299,NOT_READY
v24,v24_E004,v24_300,NOT_READY
v24,v24_E004,v24_301,NOT_READY
v24,v24_E004,v24_302,NOT_READY
v24,v24_E004,v24_303,NOT_READY
v24,,v24_304,INVALID
v24,,v24_305,INVALID
v24,,v24_306,INVALID
v24,,v24_307,INVALID
v24,,v24_308,INVALID
v24,,v24_309,INVALID
v24,,v24_310,INVALID
v24,,v24_311,INVALID
v24,,v24_312,INVALID
v24,,v24_313,INVALID
v24,,v24_314,INVALID
v24,,v24_315,INVALID
v24,,v24_316,INVALID
v24,,v24_317,INVALID
v24,,v24_318,INVALID
v24,v24_E005,v24_319,NOT_READY
v24,v24_E005,v24_320,NOT_READY
v24,v24_E005,v24_321,NOT_READY
v24,v24_E005,v24_322,NOT_READY
v24,v24_E005,v24_323,NOT_READY
v24,v24_E005,v24_324,NOT_READY
v24,v24_E005,v24_325,NOT_READY
v24,v24_E005,v24_326,NOT_READY
v24,v24_E005,v24_327,NOT_READY
v24,v24_E005,v24_328,NOT_READY
v24,v24_E005,v24_329,READY
v24,v24_E005,v24_330,READY
v24,v24_E005,v24_331,READY
v24,v24_E005,v24_332,READY
v24,v24_E005,v24_333,READY
v24,v24_E005,v24_334,NOT_READY
v24,v24_E005,v24_335,NOT_READY
v24,v24_E005,v24_336,NOT_READY
v24,v24_E005,v24_337,NOT_READY
v24,v24_E005,v24_338,NOT_READY
v24,v24_E005,v24_339,NOT_READY
v24,v24_E005,v24_340,NOT_READY
v24,v24_E005,v24_341,NOT_READY
v24,v24_E005,v24_342,NOT_READY
v24,v24_E005,v24_343,NOT_READY
v24,v24_E005,v24_344,NOT_READY
v24,v24_E005,v24_345,NOT_READY
v24,v24_E005,v24_346,NOT_READY
v24,v24_E005,v24_347,NOT_READY
v24,v24_E005,v24_348,NOT_READY
v24,v24_E005,v24_349,NOT_READY
v24,v24_E005,v24_350,NOT_READY
v24,v24_E005,v24_351,NOT_READY
v24,v24_E005,v24_352,NOT_READY
v24,v24_E005,v24_353,NOT_READY
v24,v24_E005,v24_354,NOT_READY
v24,v24_E005,v24_355,NOT_READY
v24,v24_E005,v24_356,NOT_READY
v24,v24_E005,v24_357,NOT_READY
v24,v24_E005,v24_358,NOT_READY
v24,v24_E005,v24_359,NOT_READY
v24,v24_E005,v24_360,NOT_READY
v24,v24_E005,v24_361,NOT_READY
v24,v24_E005,v24_362,NOT_READY
v24,v24_E005,v24_363,NOT_READY
v24,v24_E005,v24_364,NOT_READY
v24,v24_E005,v24_365,NOT_READY
v24,v24_E005,v24_366,NOT_READY
v24,v24_E005,v24_367,NOT_READY
v24,v24_E005,v24_368,NOT_READY
v24,v24_E005,v24_369,NOT_READY
v24,v24_E005,v24_370,NOT_READY
v24,v24_E005,v24_371,NOT_READY
v24,v24_E005,v24_372,NOT_READY
v24,v24_E005,v24_373,NOT_READY
v24,v24_E005,v24_374,NOT_READY
v24,v24_E005,v24_375,NOT_READY
v24,v24_E005,v24_376,NOT_READY
v24,v24_E005,v24_377,NOT_READY
v24,v24_E005,v24_378,NOT_READY
v24,v24_E005,v24_379,NOT_READY
v24,v24_E005,v24_380,NOT_READY
v24,v24_E005,v24_381,NOT_READY
v24,v24_E005,v24_382,NOT_READY
v24,v24_E005,v24_383,NOT_READY
v24,v24_E005,v24_384,NOT_READY
v24,v24_E005,v24_385,NOT_READY
v24,v24_E005,v24_386,INVALID
v24,,v24_387,INVALID
v24,,v24_388,INVALID
v24,,v24_389,INVALID
v24,,v24_390,INVALID
v24,,v24_391,INVALID
v24,,v24_392,INVALID
v24,,v24_393,INVALID
v24,,v24_394,INVALID
v24,,v24_395,INVALID
v24,,v24_396,INVALID
v24,,v24_397,INVALID
v24,,v24_398,INVALID
v24,,v24_399,INVALID
v24,,v24_400,INVALID
v24,,v24_401,INVALID
v24,,v24_402,INVALID
v24,,v24_403,INVALID
v24,,v24_404,INVALID
v24,,v24_405,INVALID
v24,,v24_406,INVALID
v24,,v24_407,INVALID
v24,,v24_408,INVALID
v24,,v24_409,INVALID
v24,,v24_410,INVALID
v24,,v24_411,INVALID
v24,,v24_412,INVALID
v24,,v24_413,INVALID
v24,,v24_414,INVALID
v24,,v24_415,INVALID
v24,,v24_416,INVALID
v24,,v24_417,INVALID
v24,,v24_418,INVALID
v24,,v24_419,INVALID
v24,,v24_420,INVALID
v24,,v24_421,INVALID
v24,,v24_422,INVALID
v24,,v24_423,INVALID
v24,,v24_424,INVALID
v24,,v24_425,INVALID
v24,,v24_426,INVALID
v24,,v24_427,INVALID
v24,,v24_428,INVALID
v24,,v24_429,INVALID
v24,,v24_430,INVALID
v24,v24_E006,v24_431,NOT_READY
v24,v24_E006,v24_432,NOT_READY
v24,v24_E006,v24_433,NOT_READY
v24,v24_E006,v24_434,NOT_READY
v24,v24_E006,v24_435,NOT_READY
v24,v24_E006,v24_436,READY
v24,v24_E006,v24_437,READY
v24,v24_E006,v24_438,READY
v24,v24_E006,v24_439,READY
v24,v24_E006,v24_440,READY
v24,v24_E006,v24_441,READY
v24,v24_E006,v24_442,READY
v24,v24_E006,v24_443,READY
v24,v24_E006,v24_444,READY
v24,v24_E006,v24_445,READY
v24,v24_E006,v24_446,READY
v24,v24_E006,v24_447,READY
v24,v24_E006,v24_448,READY
v24,v24_E006,v24_449,READY
v24,v24_E006,v24_450,READY
v24,v24_E006,v24_451,READY
v24,v24_E006,v24_452,READY
v24,v24_E006,v24_453,READY
v24,v24_E006,v24_454,READY
v24,v24_E006,v24_455,NOT_READY
v24,v24_E006,v24_456,NOT_READY
v24,v24_E006,v24_457,NOT_READY
v24,v24_E006,v24_458,NOT_READY
v24,v24_E006,v24_459,NOT_READY
v24,v24_E006,v24_460,NOT_READY
v24,v24_E006,v24_461,NOT_READY
v24,v24_E006,v24_462,NOT_READY
v24,v24_E006,v24_463,NOT_READY
v24,v24_E006,v24_464,NOT_READY
v24,v24_E006,v24_465,NOT_READY
v24,v24_E006,v24_466,NOT_READY
v24,v24_E006,v24_467,NOT_READY
v24,v24_E006,v24_468,NOT_READY
v24,v24_E006,v24_469,NOT_READY
v24,v24_E006,v24_470,NOT_READY
v24,v24_E006,v24_471,NOT_READY
v24,v24_E006,v24_472,NOT_READY
v24,v24_E006,v24_473,NOT_READY
v24,v24_E006,v24_474,NOT_READY
v24,v24_E006,v24_475,NOT_READY
v24,v24_E006,v24_476,NOT_READY
v24,v24_E006,v24_477,NOT_READY
v24,v24_E006,v24_478,NOT_READY
v24,v24_E006,v24_479,NOT_READY
v24,v24_E006,v24_480,NOT_READY
v24,v24_E006,v24_481,NOT_READY
v24,v24_E006,v24_482,NOT_READY
v24,v24_E006,v24_483,NOT_READY
v24,v24_E006,v24_484,NOT_READY
v24,v24_E006,v24_485,NOT_READY
v24,v24_E006,v24_486,NOT_READY
v24,v24_E006,v24_487,NOT_READY
v24,v24_E006,v24_488,NOT_READY
v24,v24_E006,v24_489,NOT_READY
v24,v24_E006,v24_490,NOT_READY
v24,v24_E006,v24_491,NOT_READY
v24,v24_E006,v24_492,NOT_READY
v24,v24_E006,v24_493,NOT_READY
v24,v24_E006,v24_494,NOT_READY
v24,v24_E006,v24_495,NOT_READY
v24,v24_E006,v24_496,NOT_READY
v24,v24_E006,v24_497,NOT_READY
v24,v24_E006,v24_498,NOT_READY
v24,v24_E006,v24_499,NOT_READY
v24,v24_E006,v24_500,NOT_READY
v24,v24_E006,v24_501,NOT_READY
v24,v24_E006,v24_502,NOT_READY
v24,v24_E006,v24_503,NOT_READY
v24,v24_E006,v24_504,NOT_READY
v24,v24_E006,v24_505,NOT_READY
v24,v24_E006,v24_506,NOT_READY
v24,v24_E006,v24_507,NOT_READY
v24,v24_E006,v24_508,NOT_READY
v24,v24_E006,v24_509,NOT_READY
v24,v24_E006,v24_510,NOT_READY
v24,v24_E006,v24_511,NOT_READY
v24,v24_E006,v24_512,NOT_READY
v24,v24_E006,v24_513,NOT_READY
v24,v24_E006,v24_514,NOT_READY
v24,v24_E006,v24_515,NOT_READY
v24,v24_E006,v24_516,NOT_READY
v24,v24_E006,v24_517,NOT_READY
v24,v24_E006,v24_518,NOT_READY
v24,v24_E006,v24_519,NOT_READY
v24,v24_E006,v24_520,NOT_READY
v24,v24_E006,v24_521,NOT_READY
v24,v24_E006,v24_522,NOT_READY
v24,v24_E006,v24_523,NOT_READY
v24,v24_E006,v24_524,NOT_READY
v24,v24_E006,v24_525,NOT_READY
v24,v24_E006,v24_526,NOT_READY
v24,v24_E006,v24_527,NOT_READY
v24,v24_E006,v24_528,NOT_READY
v24,v24_E006,v24_529,NOT_READY
v24,v24_E006,v24_530,NOT_READY
v24,v24_E006,v24_531,NOT_READY
v24,v24_E006,v24_532,NOT_READY
v24,,v24_533,INVALID
v24,,v24_534,INVALID
v24,,v24_535,INVALID
v24,,v24_536,INVALID
v24,,v24_537,INVALID
v24,,v24_538,INVALID
v24,,v24_539,INVALID
v24,,v24_540,INVALID
v24,,v24_541,INVALID
v24,,v24_542,INVALID
v24,,v24_543,INVALID
v24,,v24_544,INVALID
v24,,v24_545,INVALID
v24,,v24_546,NOT_READY
v24,,v24_547,NOT_READY
v24,,v24_548,INVALID
v24,,v24_549,NOT_READY
v24,,v24_550,NOT_READY
v24,,v24_551,NOT_READY
v24,,v24_552,NOT_READY
v24,,v24_553,INVALID
v24,,v24_554,INVALID
v24,,v24_555,NOT_READY
v24,,v24_556,NOT_READY
v24,,v24_557,NOT_READY
v24,,v24_558,READY
v24,v24_E007,v24_559,READY
v24,v24_E007,v24_560,READY
v24,v24_E007,v24_561,READY
v24,v24_E007,v24_562,READY
v24,v24_E007,v24_563,READY
v24,v24_E007,v24_564,READY
v24,v24_E007,v24_565,NOT_READY
v24,v24_E007,v24_566,NOT_READY
v24,v24_E007,v24_567,NOT_READY
v24,v24_E007,v24_568,NOT_READY
v24,v24_E007,v24_569,NOT_READY
v24,v24_E007,v24_570,NOT_READY
v24,v24_E007,v24_571,NOT_READY
v24,v24_E007,v24_572,NOT_READY
v24,v24_E007,v24_573,NOT_READY
v24,v24_E007,v24_574,NOT_READY
v24,v24_E007,v24_575,NOT_READY
v24,v24_E007,v24_576,NOT_READY
v24,v24_E007,v24_577,NOT_READY
v24,v24_E007,v24_578,NOT_READY
v24,v24_E007,v24_579,NOT_READY
v24,v24_E007,v24_580,NOT_READY
v24,v24_E007,v24_581,NOT_READY
v24,v24_E007,v24_582,NOT_READY
v24,v24_E007,v24_583,NOT_READY
v24,v24_E007,v24_584,NOT_READY
v24,v24_E007,v24_585,NOT_READY
v24,v24_E007,v24_586,NOT_READY
v24,v24_E007,v24_587,NOT_READY
v24,v24_E007,v24_588,NOT_READY
v24,v24_E007,v24_589,NOT_READY
v24,v24_E007,v24_590,NOT_READY
v24,v24_E007,v24_591,NOT_READY
v24,v24_E007,v24_592,NOT_READY
v24,v24_E007,v24_593,NOT_READY
v24,v24_E007,v24_594,NOT_READY
v24,v24_E007,v24_595,NOT_READY
v24,v24_E007,v24_596,NOT_READY
v24,v24_E007,v24_597,NOT_READY
v24,v24_E007,v24_598,NOT_READY
v24,v24_E007,v24_599,NOT_READY
v24,v24_E007,v24_600,NOT_READY
v24,v24_E007,v24_601,NOT_READY
v24,v24_E007,v24_602,NOT_READY
v24,v24_E007,v24_603,NOT_READY
v24,v24_E007,v24_604,NOT_READY
v24,v24_E007,v24_605,NOT_READY
v24,v24_E007,v24_606,NOT_READY
v24,v24_E007,v24_607,NOT_READY
v24,v24_E007,v24_608,NOT_READY
v24,v24_E007,v24_609,NOT_READY
v24,v24_E007,v24_610,NOT_READY
v24,v24_E007,v24_611,NOT_READY
v24,v24_E007,v24_612,NOT_READY
v24,v24_E007,v24_613,NOT_READY
v24,v24_E007,v24_614,NOT_READY
v24,v24_E007,v24_615,NOT_READY
v24,v24_E007,v24_616,NOT_READY
v24,v24_E007,v24_617,NOT_READY
v24,v24_E007,v24_618,NOT_READY
v24,,v24_619,INVALID
v24,,v24_620,INVALID
v24,,v24_621,INVALID
v24,,v24_622,INVALID
v24,,v24_623,INVALID
v24,,v24_624,INVALID
v24,,v24_625,INVALID
v24,,v24_626,INVALID
v24,,v24_627,INVALID
v24,,v24_628,INVALID
v24,,v24_629,INVALID
v24,,v24_630,INVALID
v24,,v24_631,INVALID
v24,,v24_632,INVALID
v24,,v24_633,INVALID
v24,,v24_634,INVALID
v24,,v24_635,INVALID
v24,,v24_636,INVALID
v24,,v24_637,INVALID
v24,,v24_638,INVALID
v24,,v24_639,INVALID
v24,,v24_640,INVALID
v24,,v24_641,INVALID
v24,,v24_642,INVALID
v24,,v24_643,INVALID
v24,,v24_644,INVALID
v24,,v24_645,INVALID
v24,,v24_646,INVALID
v24,,v24_647,INVALID
v24,,v24_648,INVALID
v24,,v24_649,INVALID
v24,,v24_650,INVALID
v24,,v24_651,INVALID
v24,,v24_652,INVALID
v24,,v24_653,INVALID
v24,,v24_654,INVALID
v24,,v24_655,INVALID
v24,,v24_656,INVALID
v24,,v24_657,INVALID
v24,,v24_658,INVALID
v24,,v24_659,NOT_READY
v24,,v24_660,NOT_READY
v24,,v24_661,NOT_READY
v24,v24_E008,v24_662,NOT_READY
v24,v24_E008,v24_663,NOT_READY
v24,v24_E008,v24_664,READY
v24,v24_E008,v24_665,READY
v24,v24_E008,v24_666,NOT_READY
v24,v24_E008,v24_667,NOT_READY
v24,v24_E008,v24_668,NOT_READY
v24,v24_E008,v24_669,NOT_READY
v24,v24_E008,v24_670,NOT_READY
v24,v24_E008,v24_671,NOT_READY
v24,v24_E008,v24_672,NOT_READY
v24,v24_E008,v24_673,NOT_READY
v24,v24_E008,v24_674,NOT_READY
v24,v24_E008,v24_675,NOT_READY
v24,v24_E008,v24_676,NOT_READY
v24,v24_E008,v24_677,NOT_READY
v24,v24_E008,v24_678,NOT_READY
v24,v24_E008,v24_679,NOT_READY
v24,v24_E008,v24_680,NOT_READY
v24,v24_E008,v24_681,NOT_READY
v24,v24_E008,v24_682,NOT_READY
v24,v24_E008,v24_683,NOT_READY
v24,v24_E008,v24_684,NOT_READY
v24,v24_E008,v24_685,NOT_READY
v24,v24_E008,v24_686,NOT_READY
v24,v24_E008,v24_687,NOT_READY
v24,v24_E008,v24_688,NOT_READY
v24,v24_E008,v24_689,NOT_READY
v24,v24_E008,v24_690,NOT_READY
v24,v24_E008,v24_691,NOT_READY
v24,v24_E008,v24_692,NOT_READY
v24,v24_E008,v24_693,NOT_READY
v24,v24_E008,v24_694,NOT_READY
v24,v24_E008,v24_695,NOT_READY
v24,v24_E008,v24_696,NOT_READY
v24,v24_E008,v24_697,NOT_READY
v24,v24_E008,v24_698,NOT_READY
v24,v24_E008,v24_699,NOT_READY
v24,v24_E008,v24_700,NOT_READY
v24,v24_E008,v24_701,NOT_READY
v24,v24_E008,v24_702,NOT_READY
v24,v24_E008,v24_703,NOT_READY
v24,v24_E008,v24_704,NOT_READY
v24,v24_E008,v24_705,NOT_READY
v24,v24_E008,v24_706,NOT_READY
v24,v24_E008,v24_707,NOT_READY
v24,v24_E008,v24_708,NOT_READY
v24,v24_E008,v24_709,NOT_READY
v24,v24_E008,v24_710,NOT_READY
v24,v24_E008,v24_711,NOT_READY
v24,v24_E008,v24_712,NOT_READY
v24,v24_E008,v24_713,NOT_READY
v24,,v24_714,INVALID
v24,,v24_715,INVALID
v24,,v24_716,INVALID
v24,,v24_717,INVALID
v24,,v24_718,INVALID
v24,,v24_719,INVALID
v24,,v24_720,INVALID
v24,,v24_721,NOT_READY
v24,,v24_722,INVALID
v24,,v24_723,INVALID
v24,v24_E009,v24_724,NOT_READY
v24,v24_E009,v24_725,NOT_READY
v24,v24_E009,v24_726,NOT_READY
v24,v24_E009,v24_727,NOT_READY
v24,v24_E009,v24_728,NOT_READY
v24,v24_E009,v24_729,READY
v24,v24_E009,v24_730,READY
v24,v24_E009,v24_731,READY
v24,v24_E009,v24_732,NOT_READY
v24,v24_E009,v24_733,NOT_READY
v24,v24_E009,v24_734,NOT_READY
v24,v24_E009,v24_735,NOT_READY
v24,v24_E009,v24_736,NOT_READY
v24,v24_E009,v24_737,NOT_READY
v24,v24_E009,v24_738,NOT_READY
v24,v24_E009,v24_739,NOT_READY
v24,v24_E009,v24_740,NOT_READY
v24,v24_E009,v24_741,NOT_READY
v24,v24_E009,v24_742,NOT_READY
v24,v24_E009,v24_743,NOT_READY
v24,v24_E009,v24_744,NOT_READY
v24,v24_E009,v24_745,NOT_READY
v24,v24_E009,v24_746,NOT_READY
v24,v24_E009,v24_747,NOT_READY
v24,v24_E009,v24_748,NOT_READY
v24,v24_E009,v24_749,NOT_READY
v24,v24_E009,v24_750,NOT_READY
v24,v24_E009,v24_751,NOT_READY
v24,v24_E009,v24_752,NOT_READY
v24,v24_E009,v24_753,NOT_READY
v24,v24_E009,v24_754,NOT_READY
v24,v24_E009,v24_755,NOT_READY
v24,v24_E009,v24_756,NOT_READY
v24,v24_E009,v24_757,NOT_READY
v24,v24_E009,v24_758,NOT_READY
v24,v24_E009,v24_759,NOT_READY
v24,v24_E009,v24_760,NOT_READY
v24,v24_E009,v24_761,NOT_READY
v24,v24_E009,v24_762,NOT_READY
v24,v24_E009,v24_763,NOT_READY
v24,v24_E009,v24_764,NOT_READY
v24,v24_E009,v24_765,NOT_READY
v24,v24_E009,v24_766,NOT_READY
v24,v24_E009,v24_767,NOT_READY
v24,v24_E009,v24_768,NOT_READY
v24,v24_E009,v24_769,NOT_READY
v24,v24_E009,v24_770,NOT_READY
v24,v24_E009,v24_771,NOT_READY
v24,v24_E009,v24_772,NOT_READY
v24,v24_E009,v24_773,NOT_READY
v24,v24_E009,v24_774,NOT_READY
v24,v24_E009,v24_775,NOT_READY
v24,v24_E009,v24_776,NOT_READY
v24,v24_E009,v24_777,NOT_READY
v24,v24_E009,v24_778,NOT_READY
v24,v24_E009,v24_779,NOT_READY
v24,v24_E009,v24_780,NOT_READY
v24,,v24_781,NOT_READY
v24,,v24_782,NOT_READY
v24,,v24_783,INVALID
v24,,v24_784,INVALID
v24,,v24_785,INVALID
v24,,v24_786,INVALID
v24,,v24_787,INVALID
v24,,v24_788,INVALID
v24,,v24_789,INVALID
v24,,v24_790,INVALID
v24,,v24_791,INVALID
v24,,v24_792,INVALID
v24,,v24_793,INVALID
v24,,v24_794,INVALID
v24,,v24_795,INVALID
v24,,v24_796,INVALID
v24,,v24_797,INVALID
v24,,v24_798,INVALID
v24,,v24_799,INVALID
v24,,v24_800,INVALID
v24,,v24_801,NOT_READY
v24,v24_E010,v24_802,NOT_READY
v24,v24_E010,v24_803,NOT_READY
v24,v24_E010,v24_804,READY
v24,v24_E010,v24_805,READY
v24,v24_E010,v24_806,READY
v24,v24_E010,v24_807,READY
v24,v24_E010,v24_808,READY
v24,v24_E010,v24_809,NOT_READY
v24,v24_E010,v24_810,NOT_READY
v24,v24_E010,v24_811,NOT_READY
v24,v24_E010,v24_812,NOT_READY
v24,v24_E010,v24_813,NOT_READY
v24,v24_E010,v24_814,NOT_READY
v24,v24_E010,v24_815,NOT_READY
v24,v24_E010,v24_816,NOT_READY
v24,v24_E010,v24_817,NOT_READY
v24,v24_E010,v24_818,NOT_READY
v24,v24_E010,v24_819,NOT_READY
v24,v24_E010,v24_820,NOT_READY
v24,v24_E010,v24_821,NOT_READY
v24,v24_E010,v24_822,NOT_READY
v24,v24_E010,v24_823,NOT_READY
v24,v24_E010,v24_824,NOT_READY
v24,v24_E010,v24_825,NOT_READY
v24,v24_E010,v24_826,NOT_READY
v24,v24_E010,v24_827,NOT_READY
v24,v24_E010,v24_828,NOT_READY
v24,v24_E010,v24_829,NOT_READY
v24,v24_E010,v24_830,NOT_READY
v24,v24_E010,v24_831,NOT_READY
v24,v24_E010,v24_832,NOT_READY
v24,v24_E010,v24_833,NOT_READY
v24,v24_E010,v24_834,NOT_READY
v24,v24_E010,v24_835,NOT_READY
v24,v24_E010,v24_836,NOT_READY
v24,v24_E010,v24_837,NOT_READY
v24,v24_E010,v24_838,NOT_READY
v24,v24_E010,v24_839,NOT_READY
v24,v24_E010,v24_840,NOT_READY
v24,v24_E010,v24_841,NOT_READY
v24,v24_E010,v24_842,NOT_READY
v24,v24_E010,v24_843,NOT_READY
v24,v24_E010,v24_844,NOT_READY
v24,v24_E010,v24_845,NOT_READY
v24,v24_E010,v24_846,NOT_READY
v24,v24_E010,v24_847,NOT_READY
v24,v24_E010,v24_848,NOT_READY
v24,v24_E010,v24_849,NOT_READY
v24,v24_E010,v24_850,NOT_READY
v24,v24_E010,v24_851,NOT_READY
v24,v24_E010,v24_852,NOT_READY
v24,v24_E010,v24_853,NOT_READY
v24,v24_E010,v24_854,NOT_READY
v24,v24_E010,v24_855,NOT_READY
v24,v24_E010,v24_856,NOT_READY
v24,v24_E010,v24_857,NOT_READY
v24,v24_E010,v24_858,NOT_READY
v24,v24_E010,v24_859,NOT_READY
v24,v24_E010,v24_860,NOT_READY
v24,v24_E010,v24_861,NOT_READY
v24,v24_E010,v24_862,NOT_READY
v24,v24_E010,v24_863,NOT_READY
v24,v24_E010,v24_864,NOT_READY
v24,,v24_865,INVALID
v24,,v24_866,INVALID
v24,,v24_867,INVALID
v24,,v24_868,INVALID
v24,,v24_869,INVALID
v24,,v24_870,INVALID
v24,,v24_871,INVALID
v24,,v24_872,NOT_READY
v24,,v24_873,INVALID
v24,,v24_874,INVALID
v24,,v24_875,NOT_READY
v24,v24_E011,v24_876,NOT_READY
v24,v24_E011,v24_877,NOT_READY
v24,v24_E011,v24_878,NOT_READY
v24,v24_E011,v24_879,READY
v24,v24_E011,v24_880,READY
v24,v24_E011,v24_881,READY
v24,v24_E011,v24_882,READY
v24,v24_E011,v24_883,NOT_READY
v24,v24_E011,v24_884,NOT_READY
v24,v24_E011,v24_885,NOT_READY
v24,v24_E011,v24_886,NOT_READY
v24,v24_E011,v24_887,NOT_READY
v24,v24_E011,v24_888,NOT_READY
v24,v24_E011,v24_889,NOT_READY
v24,v24_E011,v24_890,NOT_READY
v24,v24_E011,v24_891,NOT_READY
v24,v24_E011,v24_892,NOT_READY
v24,v24_E011,v24_893,NOT_READY
v24,v24_E011,v24_894,NOT_READY
v24,v24_E011,v24_895,NOT_READY
v24,v24_E011,v24_896,NOT_READY
v24,v24_E011,v24_897,NOT_READY
v24,v24_E011,v24_898,NOT_READY
v24,v24_E011,v24_899,NOT_READY
v24,v24_E011,v24_900,NOT_READY
v24,v24_E011,v24_901,NOT_READY
v24,v24_E011,v24_902,NOT_READY
v24,v24_E011,v24_903,NOT_READY
v24,v24_E011,v24_904,NOT_READY
v24,v24_E011,v24_905,NOT_READY
v24,v24_E011,v24_906,NOT_READY
v24,v24_E011,v24_907,NOT_READY
v24,v24_E011,v24_908,NOT_READY
v24,v24_E011,v24_909,NOT_READY
v24,v24_E011,v24_910,NOT_READY
v24,v24_E011,v24_911,NOT_READY
v24,v24_E011,v24_912,NOT_READY
v24,v24_E011,v24_913,NOT_READY
v24,v24_E011,v24_914,NOT_READY
v24,v24_E011,v24_915,NOT_READY
v24,v24_E011,v24_916,NOT_READY
v24,v24_E011,v24_917,NOT_READY
v24,v24_E011,v24_918,NOT_READY
v24,v24_E011,v24_919,NOT_READY
v24,v24_E011,v24_920,NOT_READY
v24,v24_E011,v24_921,NOT_READY
v24,v24_E011,v24_922,NOT_READY
v24,v24_E011,v24_923,NOT_READY
v24,v24_E011,v24_924,NOT_READY
v24,v24_E011,v24_925,NOT_READY
v24,v24_E011,v24_926,NOT_READY
v24,v24_E011,v24_927,NOT_READY
v24,v24_E011,v24_928,NOT_READY
v24,v24_E011,v24_929,NOT_READY
v24,v24_E011,v24_930,NOT_READY
v24,v24_E011,v24_931,NOT_READY
v24,v24_E011,v24_932,NOT_READY
v24,v24_E011,v24_933,NOT_READY
v24,v24_E011,v24_934,NOT_READY
v24,v24_E011,v24_935,NOT_READY
v24,v24_E011,v24_936,NOT_READY
v24,v24_E011,v24_937,NOT_READY
v24,v24_E011,v24_938,NOT_READY
v24,v24_E011,v24_939,NOT_READY
v24,v24_E011,v24_940,NOT_READY
v24,v24_E011,v24_941,NOT_READY
v24,v24_E011,v24_942,NOT_READY
v24,v24_E011,v24_943,NOT_READY
v24,,v24_944,INVALID
v24,,v24_945,INVALID
v24,,v24_946,INVALID
v24,,v24_947,INVALID
v24,,v24_948,INVALID
v24,,v24_949,INVALID
v24,,v24_950,INVALID
v24,,v24_951,INVALID
v24,,v24_952,INVALID
v24,,v24_953,INVALID
v25,v25_E001,v25_001,NOT_READY
v25,v25_E001,v25_002,NOT_READY
v25,v25_E001,v25_003,NOT_READY
v25,v25_E001,v25_004,NOT_READY
v25,v25_E001,v25_005,NOT_READY
v25,v25_E001,v25_006,NOT_READY
v25,v25_E001,v25_007,NOT_READY
v25,v25_E001,v25_008,NOT_READY
v25,v25_E001,v25_009,NOT_READY
v25,v25_E001,v25_010,NOT_READY
v25,v25_E001,v25_011,NOT_READY
v25,v25_E001,v25_012,NOT_READY
v25,v25_E001,v25_013,NOT_READY
v25,v25_E001,v25_014,NOT_READY
v25,v25_E001,v25_015,NOT_READY
v25,v25_E001,v25_016,NOT_READY
v25,v25_E001,v25_017,NOT_READY
v25,v25_E001,v25_018,NOT_READY
v25,v25_E001,v25_019,NOT_READY
v25,v25_E001,v25_020,NOT_READY
v25,v25_E001,v25_021,NOT_READY
v25,v25_E001,v25_022,NOT_READY
v25,v25_E001,v25_023,NOT_READY
v25,v25_E001,v25_024,NOT_READY
v25,v25_E001,v25_025,NOT_READY
v25,v25_E001,v25_026,NOT_READY
v25,v25_E001,v25_027,NOT_READY
v25,v25_E001,v25_028,NOT_READY
v25,v25_E001,v25_029,NOT_READY
v25,v25_E001,v25_030,NOT_READY
v25,v25_E001,v25_031,NOT_READY
v25,v25_E001,v25_032,NOT_READY
v25,v25_E001,v25_033,NOT_READY
v25,v25_E001,v25_034,READY
v25,v25_E001,v25_035,READY
v25,v25_E001,v25_036,READY
v25,v25_E001,v25_037,READY
v25,v25_E001,v25_038,READY
v25,v25_E001,v25_039,READY
v25,v25_E001,v25_040,NOT_READY
v25,v25_E001,v25_041,NOT_READY
v25,v25_E001,v25_042,NOT_READY
v25,v25_E001,v25_043,NOT_READY
v25,v25_E001,v25_044,NOT_READY
v25,v25_E001,v25_045,NOT_READY
v25,v25_E001,v25_046,NOT_READY
v25,v25_E001,v25_047,NOT_READY
v25,v25_E001,v25_048,NOT_READY
v25,v25_E001,v25_049,NOT_READY
v25,v25_E001,v25_050,NOT_READY
v25,v25_E001,v25_051,NOT_READY
v25,v25_E001,v25_052,NOT_READY
v25,v25_E001,v25_053,NOT_READY
v25,v25_E001,v25_054,NOT_READY
v25,v25_E001,v25_055,NOT_READY
v25,v25_E001,v25_056,NOT_READY
v25,v25_E001,v25_057,NOT_READY
v25,v25_E001,v25_058,NOT_READY
v25,v25_E001,v25_059,NOT_READY
v25,v25_E001,v25_060,NOT_READY
v25,v25_E001,v25_061,NOT_READY
v25,v25_E001,v25_062,NOT_READY
v25,v25_E001,v25_063,NOT_READY
v25,v25_E001,v25_064,NOT_READY
v25,v25_E001,v25_065,NOT_READY
v25,v25_E001,v25_066,NOT_READY
v25,v25_E001,v25_067,NOT_READY
v25,v25_E001,v25_068,NOT_READY
v25,v25_E001,v25_069,NOT_READY
v25,v25_E001,v25_070,NOT_READY
v25,v25_E001,v25_071,NOT_READY
v25,v25_E001,v25_072,NOT_READY
v25,v25_E001,v25_073,NOT_READY
v25,v25_E001,v25_074,NOT_READY
v25,v25_E001,v25_075,NOT_READY
v25,v25_E001,v25_076,NOT_READY
v25,v25_E001,v25_077,NOT_READY
v25,v25_E001,v25_078,NOT_READY
v25,,v25_079,INVALID
v25,,v25_080,INVALID
v25,,v25_081,INVALID
v25,,v25_082,INVALID
v25,,v25_083,INVALID
v25,,v25_084,INVALID
v25,,v25_085,INVALID
v25,,v25_086,INVALID
v25,v25_E002,v25_087,NOT_READY
v25,v25_E002,v25_088,NOT_READY
v25,v25_E002,v25_089,NOT_READY
v25,v25_E002,v25_090,NOT_READY
v25,v25_E002,v25_091,READY
v25,v25_E002,v25_092,READY
v25,v25_E002,v25_093,READY
v25,v25_E002,v25_094,READY
v25,v25_E002,v25_095,NOT_READY
v25,v25_E002,v25_096,NOT_READY
v25,v25_E002,v25_097,NOT_READY
v25,v25_E002,v25_098,NOT_READY
v25,v25_E002,v25_099,NOT_READY
v25,v25_E002,v25_100,NOT_READY
v25,v25_E002,v25_101,NOT_READY
v25,v25_E002,v25_102,NOT_READY
v25,v25_E002,v25_103,NOT_READY
v25,v25_E002,v25_104,NOT_READY
v25,v25_E002,v25_105,NOT_READY
v25,v25_E002,v25_106,NOT_READY
v25,v25_E002,v25_107,NOT_READY
v25,v25_E002,v25_108,NOT_READY
v25,v25_E002,v25_109,NOT_READY
v25,v25_E002,v25_110,NOT_READY
v25,v25_E002,v25_111,NOT_READY
v25,v25_E002,v25_112,NOT_READY
v25,v25_E002,v25_113,NOT_READY
v25,v25_E002,v25_114,NOT_READY
v25,v25_E002,v25_115,NOT_READY
v25,v25_E002,v25_116,NOT_READY
v25,v25_E002,v25_117,NOT_READY
v25,v25_E002,v25_118,NOT_READY
v25,v25_E002,v25_119,NOT_READY
v25,v25_E002,v25_120,NOT_READY
v25,v25_E002,v25_121,NOT_READY
v25,v25_E002,v25_122,NOT_READY
v25,v25_E002,v25_123,NOT_READY
v25,v25_E002,v25_124,NOT_READY
v25,v25_E002,v25_125,NOT_READY
v25,v25_E002,v25_126,NOT_READY
v25,v25_E002,v25_127,NOT_READY
v25,,v25_128,INVALID
v25,,v25_129,INVALID
v25,,v25_130,INVALID
v25,,v25_131,INVALID
v25,,v25_132,INVALID
v25,,v25_133,INVALID
v25,,v25_134,INVALID
v25,,v25_135,INVALID
v25,,v25_136,INVALID
v25,,v25_137,INVALID
v25,,v25_138,INVALID
v25,,v25_139,INVALID
v25,,v25_140,INVALID
v25,,v25_141,INVALID
v25,,v25_142,INVALID
v25,,v25_143,INVALID
v25,v25_E003,v25_144,NOT_READY
v25,v25_E003,v25_145,NOT_READY
v25,v25_E003,v25_146,NOT_READY
v25,v25_E003,v25_147,NOT_READY
v25,v25_E003,v25_148,NOT_READY
v25,v25_E003,v25_149,NOT_READY
v25,v25_E003,v25_150,NOT_READY
v25,v25_E003,v25_151,NOT_READY
v25,v25_E003,v25_152,NOT_READY
v25,v25_E003,v25_153,NOT_READY
v25,v25_E003,v25_154,NOT_READY
v25,v25_E003,v25_155,NOT_READY
v25,v25_E003,v25_156,NOT_READY
v25,v25_E003,v25_157,NOT_READY
v25,v25_E003,v25_158,READY
v25,v25_E003,v25_159,READY
v25,v25_E003,v25_160,NOT_READY
v25,v25_E003,v25_161,NOT_READY
v25,v25_E003,v25_162,NOT_READY
v25,v25_E003,v25_163,NOT_READY
v25,v25_E003,v25_164,NOT_READY
v25,v25_E003,v25_165,NOT_READY
v25,v25_E003,v25_166,NOT_READY
v25,v25_E003,v25_167,NOT_READY
v25,v25_E003,v25_168,NOT_READY
v25,v25_E003,v25_169,NOT_READY
v25,v25_E003,v25_170,NOT_READY
v25,v25_E003,v25_171,NOT_READY
v25,v25_E003,v25_172,NOT_READY
v25,v25_E003,v25_173,NOT_READY
v25,v25_E003,v25_174,NOT_READY
v25,v25_E003,v25_175,NOT_READY
v25,v25_E003,v25_176,NOT_READY
v25,v25_E003,v25_177,NOT_READY
v25,v25_E003,v25_178,NOT_READY
v25,v25_E003,v25_179,NOT_READY
v25,v25_E003,v25_180,NOT_READY
v25,v25_E003,v25_181,NOT_READY
v25,v25_E003,v25_182,NOT_READY
v25,v25_E003,v25_183,NOT_READY
v25,v25_E003,v25_184,NOT_READY
v25,v25_E003,v25_185,NOT_READY
v25,v25_E003,v25_186,NOT_READY
v25,v25_E003,v25_187,NOT_READY
v25,v25_E003,v25_188,NOT_READY
v25,v25_E003,v25_189,NOT_READY
v25,v25_E003,v25_190,NOT_READY
v25,v25_E003,v25_191,NOT_READY
v25,v25_E003,v25_192,NOT_READY
v25,v25_E003,v25_193,NOT_READY
v25,v25_E003,v25_194,NOT_READY
v25,v25_E003,v25_195,NOT_READY
v25,v25_E003,v25_196,NOT_READY
v25,v25_E003,v25_197,NOT_READY
v25,v25_E003,v25_198,NOT_READY
v25,v25_E003,v25_199,NOT_READY
v25,v25_E003,v25_200,NOT_READY
v25,v25_E003,v25_201,NOT_READY
v25,v25_E003,v25_202,NOT_READY
v25,v25_E003,v25_203,NOT_READY
v25,v25_E003,v25_204,NOT_READY
v25,v25_E003,v25_205,NOT_READY
v25,v25_E003,v25_206,NOT_READY
v25,v25_E003,v25_207,NOT_READY
v25,v25_E003,v25_208,NOT_READY
v25,v25_E003,v25_209,NOT_READY
v25,v25_E003,v25_210,NOT_READY
v25,v25_E003,v25_211,NOT_READY
v25,v25_E003,v25_212,NOT_READY
v25,v25_E003,v25_213,NOT_READY
v25,v25_E003,v25_214,NOT_READY
v25,v25_E003,v25_215,NOT_READY
v25,,v25_216,INVALID
v25,,v25_217,INVALID
v25,,v25_218,INVALID
v25,,v25_219,INVALID
v25,,v25_220,INVALID
v25,,v25_221,INVALID
v25,,v25_222,INVALID
v25,v25_E004,v25_223,NOT_READY
v25,v25_E004,v25_224,NOT_READY
v25,v25_E004,v25_225,NOT_READY
v25,v25_E004,v25_226,READY
v25,v25_E004,v25_227,READY
v25,v25_E004,v25_228,READY
v25,v25_E004,v25_229,NOT_READY
v25,v25_E004,v25_230,NOT_READY
v25,v25_E004,v25_231,NOT_READY
v25,v25_E004,v25_232,NOT_READY
v25,v25_E004,v25_233,NOT_READY
v25,v25_E004,v25_234,NOT_READY
v25,v25_E004,v25_235,NOT_READY
v25,v25_E004,v25_236,NOT_READY
v25,v25_E004,v25_237,NOT_READY
v25,v25_E004,v25_238,NOT_READY
v25,v25_E004,v25_239,NOT_READY
v25,v25_E004,v25_240,NOT_READY
v25,v25_E004,v25_241,NOT_READY
v25,v25_E004,v25_242,NOT_READY
v25,v25_E004,v25_243,NOT_READY
v25,v25_E004,v25_244,NOT_READY
v25,v25_E004,v25_245,NOT_READY
v25,v25_E004,v25_246,NOT_READY
v25,v25_E004,v25_247,NOT_READY
v25,v25_E004,v25_248,NOT_READY
v25,v25_E004,v25_249,NOT_READY
v25,v25_E004,v25_250,NOT_READY
v25,v25_E004,v25_251,NOT_READY
v25,v25_E004,v25_252,NOT_READY
v25,v25_E004,v25_253,NOT_READY
v25,v25_E004,v25_254,NOT_READY
v25,v25_E004,v25_255,NOT_READY
v25,v25_E004,v25_256,NOT_READY
v25,v25_E004,v25_257,NOT_READY
v25,v25_E004,v25_258,NOT_READY
v25,v25_E004,v25_259,NOT_READY
v25,v25_E004,v25_260,NOT_READY
v25,v25_E004,v25_261,NOT_READY
v25,v25_E004,v25_262,NOT_READY
v25,v25_E004,v25_263,NOT_READY
v25,v25_E004,v25_264,NOT_READY
v25,v25_E004,v25_265,NOT_READY
v25,v25_E004,v25_266,NOT_READY
v25,v25_E004,v25_267,NOT_READY
v25,v25_E004,v25_268,NOT_READY
v25,v25_E004,v25_269,NOT_READY
v25,v25_E004,v25_270,NOT_READY
v25,v25_E004,v25_271,NOT_READY
v25,v25_E004,v25_272,NOT_READY
v25,v25_E004,v25_273,NOT_READY
v25,,v25_274,INVALID
v25,,v25_275,INVALID
v25,,v25_276,INVALID
v25,,v25_277,INVALID
v25,,v25_278,INVALID
v25,,v25_279,INVALID
v25,,v25_280,INVALID
v25,,v25_281,INVALID
v25,,v25_282,INVALID
v25,,v25_283,INVALID
v25,,v25_284,INVALID
v25,v25_E005,v25_285,NOT_READY
v25,v25_E005,v25_286,NOT_READY
v25,v25_E005,v25_287,NOT_READY
v25,v25_E005,v25_288,NOT_READY
v25,v25_E005,v25_289,NOT_READY
v25,v25_E005,v25_290,NOT_READY
v25,v25_E005,v25_291,READY
v25,v25_E005,v25_292,READY
v25,v25_E005,v25_293,READY
v25,v25_E005,v25_294,NOT_READY
v25,v25_E005,v25_295,NOT_READY
v25,v25_E005,v25_296,NOT_READY
v25,v25_E005,v25_297,NOT_READY
v25,v25_E005,v25_298,NOT_READY
v25,v25_E005,v25_299,NOT_READY
v25,v25_E005,v25_300,READY
v25,v25_E005,v25_301,READY
v25,v25_E005,v25_302,READY
v25,v25_E005,v25_303,READY
v25,v25_E005,v25_304,NOT_READY
v25,v25_E005,v25_305,NOT_READY
v25,v25_E005,v25_306,NOT_READY
v25,v25_E005,v25_307,NOT_READY
v25,v25_E005,v25_308,NOT_READY
v25,v25_E005,v25_309,NOT_READY
v25,v25_E005,v25_310,NOT_READY
v25,v25_E005,v25_311,NOT_READY
v25,v25_E005,v25_312,NOT_READY
v25,v25_E005,v25_313,NOT_READY
v25,v25_E005,v25_314,NOT_READY
v25,v25_E005,v25_315,NOT_READY
v25,v25_E005,v25_316,NOT_READY
v25,v25_E005,v25_317,NOT_READY
v25,v25_E005,v25_318,NOT_READY
v25,v25_E005,v25_319,NOT_READY
v25,v25_E005,v25_320,NOT_READY
v25,v25_E005,v25_321,NOT_READY
v25,v25_E005,v25_322,NOT_READY
v25,v25_E005,v25_323,NOT_READY
v25,v25_E005,v25_324,NOT_READY
v25,v25_E005,v25_325,NOT_READY
v25,v25_E005,v25_326,NOT_READY
v25,v25_E005,v25_327,NOT_READY
v25,v25_E005,v25_328,NOT_READY
v25,v25_E005,v25_329,NOT_READY
v25,v25_E005,v25_330,NOT_READY
v25,v25_E005,v25_331,NOT_READY
v25,v25_E005,v25_332,NOT_READY
v25,v25_E005,v25_333,NOT_READY
v25,v25_E005,v25_334,NOT_READY
v25,v25_E005,v25_335,NOT_READY
v25,,v25_336,INVALID
v25,,v25_337,INVALID
v25,,v25_338,INVALID
v25,,v25_339,INVALID
v25,,v25_340,INVALID
v25,,v25_341,INVALID
v25,,v25_342,INVALID
v25,,v25_343,INVALID
v25,,v25_344,INVALID
v25,,v25_345,INVALID
v25,,v25_346,INVALID
v25,,v25_347,INVALID
v25,,v25_348,INVALID
v25,,v25_349,INVALID
v25,,v25_350,INVALID
v25,,v25_351,INVALID
v25,,v25_352,INVALID
v25,,v25_353,INVALID
v25,v25_E006,v25_354,NOT_READY
v25,v25_E006,v25_355,NOT_READY
v25,v25_E006,v25_356,NOT_READY
v25,v25_E006,v25_357,NOT_READY
v25,v25_E006,v25_358,READY
v25,v25_E006,v25_359,READY
v25,v25_E006,v25_360,NOT_READY
v25,v25_E006,v25_361,NOT_READY
v25,v25_E006,v25_362,NOT_READY
v25,v25_E006,v25_363,NOT_READY
v25,v25_E006,v25_364,NOT_READY
v25,v25_E006,v25_365,READY
v25,v25_E006,v25_366,READY
v25,v25_E006,v25_367,READY
v25,v25_E006,v25_368,NOT_READY
v25,v25_E006,v25_369,NOT_READY
v25,v25_E006,v25_370,NOT_READY
v25,v25_E006,v25_371,NOT_READY
v25,v25_E006,v25_372,NOT_READY
v25,v25_E006,v25_373,NOT_READY
v25,v25_E006,v25_374,NOT_READY
v25,v25_E006,v25_375,NOT_READY
v25,v25_E006,v25_376,NOT_READY
v25,v25_E006,v25_377,NOT_READY
v25,v25_E006,v25_378,NOT_READY
v25,v25_E006,v25_379,NOT_READY
v25,v25_E006,v25_380,NOT_READY
v25,v25_E006,v25_381,NOT_READY
v25,v25_E006,v25_382,NOT_READY
v25,v25_E006,v25_383,NOT_READY
v25,v25_E006,v25_384,NOT_READY
v25,v25_E006,v25_385,NOT_READY
v25,v25_E006,v25_386,NOT_READY
v25,v25_E006,v25_387,NOT_READY
v25,v25_E006,v25_388,NOT_READY
v25,v25_E006,v25_389,NOT_READY
v25,v25_E006,v25_390,NOT_READY
v25,v25_E006,v25_391,NOT_READY
v25,v25_E006,v25_392,NOT_READY
v25,v25_E006,v25_393,NOT_READY
v25,v25_E006,v25_394,NOT_READY
v25,v25_E006,v25_395,NOT_READY
v25,v25_E006,v25_396,NOT_READY
v25,v25_E006,v25_397,NOT_READY
v25,v25_E006,v25_398,NOT_READY
v25,v25_E006,v25_399,NOT_READY
v25,v25_E006,v25_400,NOT_READY
v25,v25_E006,v25_401,NOT_READY
v25,v25_E006,v25_402,NOT_READY
v25,v25_E006,v25_403,NOT_READY
v25,v25_E006,v25_404,NOT_READY
v25,v25_E006,v25_405,NOT_READY
v25,v25_E006,v25_406,NOT_READY
v25,v25_E006,v25_407,NOT_READY
v25,v25_E006,v25_408,NOT_READY
v25,v25_E006,v25_409,NOT_READY
v25,v25_E006,v25_410,NOT_READY
v25,v25_E006,v25_411,NOT_READY
v25,v25_E006,v25_412,NOT_READY
v25,v25_E006,v25_413,NOT_READY
v25,v25_E006,v25_414,NOT_READY
v25,v25_E006,v25_415,NOT_READY
v25,v25_E006,v25_416,NOT_READY
v25,v25_E006,v25_417,NOT_READY
v25,v25_E006,v25_418,NOT_READY
v25,v25_E006,v25_419,NOT_READY
v25,v25_E006,v25_420,NOT_READY
v25,v25_E006,v25_421,NOT_READY
v25,v25_E006,v25_422,NOT_READY
v25,v25_E006,v25_423,NOT_READY
v25,v25_E006,v25_424,NOT_READY
v25,v25_E006,v25_425,NOT_READY
v25,v25_E006,v25_426,NOT_READY
v25,v25_E006,v25_427,NOT_READY
v25,v25_E006,v25_428,READY
v25,v25_E006,v25_429,READY
v25,v25_E006,v25_430,READY
v25,v25_E006,v25_431,READY
v25,v25_E006,v25_432,NOT_READY
v25,v25_E006,v25_433,NOT_READY
v25,v25_E006,v25_434,NOT_READY
v25,v25_E006,v25_435,NOT_READY
v25,v25_E006,v25_436,NOT_READY
v25,v25_E006,v25_437,NOT_READY
v25,v25_E006,v25_438,NOT_READY
v25,v25_E006,v25_439,NOT_READY
v25,v25_E006,v25_440,NOT_READY
v25,v25_E006,v25_441,NOT_READY
v25,v25_E006,v25_442,NOT_READY
v25,v25_E006,v25_443,NOT_READY
v25,v25_E006,v25_444,NOT_READY
v25,v25_E006,v25_445,NOT_READY
v25,v25_E006,v25_446,NOT_READY
v25,v25_E006,v25_447,NOT_READY
v25,v25_E006,v25_448,NOT_READY
v25,v25_E006,v25_449,NOT_READY
v25,v25_E006,v25_450,NOT_READY
v25,v25_E006,v25_451,NOT_READY
v25,v25_E006,v25_452,NOT_READY
v25,v25_E006,v25_453,NOT_READY
v25,v25_E006,v25_454,NOT_READY
v25,v25_E006,v25_455,NOT_READY
v25,v25_E006,v25_456,NOT_READY
v25,v25_E006,v25_457,NOT_READY
v25,v25_E006,v25_458,NOT_READY
v25,v25_E006,v25_459,NOT_READY
v25,v25_E006,v25_460,NOT_READY
v25,v25_E006,v25_461,NOT_READY
v25,v25_E006,v25_462,NOT_READY
v25,v25_E006,v25_463,NOT_READY
v25,v25_E006,v25_464,NOT_READY
v25,v25_E006,v25_465,NOT_READY
v25,v25_E006,v25_466,NOT_READY
v25,v25_E006,v25_467,NOT_READY
v25,v25_E006,v25_468,NOT_READY
v25,v25_E006,v25_469,NOT_READY
v25,v25_E006,v25_470,NOT_READY
v25,v25_E006,v25_471,NOT_READY
v25,v25_E006,v25_472,NOT_READY
v25,v25_E006,v25_473,NOT_READY
v25,v25_E006,v25_474,NOT_READY
v25,v25_E006,v25_475,NOT_READY
v25,v25_E006,v25_476,NOT_READY
v25,v25_E006,v25_477,NOT_READY
v25,v25_E006,v25_478,NOT_READY
v25,v25_E006,v25_479,NOT_READY
v25,v25_E006,v25_480,NOT_READY
v25,v25_E006,v25_481,NOT_READY
v25,v25_E006,v25_482,NOT_READY
v25,v25_E006,v25_483,NOT_READY
v25,v25_E006,v25_484,NOT_READY
v25,v25_E006,v25_485,NOT_READY
v25,v25_E006,v25_486,NOT_READY
v25,v25_E006,v25_487,NOT_READY
v25,v25_E006,v25_488,NOT_READY
v25,v25_E006,v25_489,NOT_READY
v25,v25_E006,v25_490,NOT_READY
v25,v25_E006,v25_491,NOT_READY
v25,v25_E006,v25_492,NOT_READY
v25,v25_E006,v25_493,NOT_READY
v25,,v25_494,INVALID
v25,,v25_495,INVALID
v25,,v25_496,INVALID
v25,,v25_497,INVALID
v25,,v25_498,INVALID
v25,,v25_499,INVALID
v25,,v25_500,INVALID
v25,,v25_501,INVALID
v25,,v25_502,INVALID
v25,,v25_503,INVALID
v25,,v25_504,INVALID
v25,,v25_505,INVALID
v25,,v25_506,INVALID
v25,,v25_507,INVALID
v25,v25_E007,v25_508,NOT_READY
v25,v25_E007,v25_509,READY
v25,v25_E007,v25_510,READY
v25,v25_E007,v25_511,READY
v25,v25_E007,v25_512,NOT_READY
v25,v25_E007,v25_513,NOT_READY
v25,v25_E007,v25_514,NOT_READY
v25,v25_E007,v25_515,NOT_READY
v25,v25_E007,v25_516,NOT_READY
v25,v25_E007,v25_517,NOT_READY
v25,v25_E007,v25_518,NOT_READY
v25,v25_E007,v25_519,NOT_READY
v25,v25_E007,v25_520,NOT_READY
v25,v25_E007,v25_521,NOT_READY
v25,v25_E007,v25_522,NOT_READY
v25,v25_E007,v25_523,NOT_READY
v25,v25_E007,v25_524,NOT_READY
v25,v25_E007,v25_525,NOT_READY
v25,v25_E007,v25_526,NOT_READY
v25,v25_E007,v25_527,NOT_READY
v25,v25_E007,v25_528,NOT_READY
v25,v25_E007,v25_529,NOT_READY
v25,v25_E007,v25_530,NOT_READY
v25,v25_E007,v25_531,NOT_READY
v25,v25_E007,v25_532,NOT_READY
v25,v25_E007,v25_533,NOT_READY
v25,v25_E007,v25_534,NOT_READY
v25,v25_E007,v25_535,NOT_READY
v25,v25_E007,v25_536,NOT_READY
v25,v25_E007,v25_537,NOT_READY
v25,v25_E007,v25_538,NOT_READY
v25,v25_E007,v25_539,NOT_READY
v25,v25_E007,v25_540,NOT_READY
v25,v25_E007,v25_541,NOT_READY
v25,v25_E007,v25_542,NOT_READY
v25,v25_E007,v25_543,NOT_READY
v25,v25_E007,v25_544,NOT_READY
v25,v25_E007,v25_545,NOT_READY
v25,v25_E007,v25_546,NOT_READY
v25,v25_E007,v25_547,NOT_READY
v25,v25_E007,v25_548,NOT_READY
v25,v25_E007,v25_549,NOT_READY
v25,v25_E007,v25_550,NOT_READY
v25,v25_E007,v25_551,NOT_READY
v25,v25_E007,v25_552,NOT_READY
v25,v25_E007,v25_553,NOT_READY
v25,v25_E007,v25_554,NOT_READY
v25,v25_E007,v25_555,NOT_READY
v25,v25_E007,v25_556,NOT_READY
v25,v25_E007,v25_557,NOT_READY
v25,v25_E007,v25_558,NOT_READY
v25,v25_E007,v25_559,NOT_READY
v25,v25_E007,v25_560,NOT_READY
v25,v25_E007,v25_561,NOT_READY
v25,v25_E007,v25_562,NOT_READY
v25,v25_E007,v25_563,NOT_READY
v25,,v25_564,INVALID
v25,,v25_565,INVALID
v25,,v25_566,INVALID
v25,,v25_567,INVALID
v25,,v25_568,INVALID
v25,,v25_569,INVALID
v25,,v25_570,INVALID
v25,,v25_571,INVALID
v25,,v25_572,INVALID
v25,,v25_573,INVALID
v25,,v25_574,INVALID
v25,,v25_575,INVALID
v25,,v25_576,INVALID
v25,,v25_577,INVALID
v25,,v25_578,INVALID
v25,,v25_579,INVALID
v25,,v25_580,INVALID
v25,,v25_581,INVALID
v25,,v25_582,INVALID
v25,,v25_583,INVALID
v25,,v25_584,INVALID
v25,,v25_585,INVALID
v25,,v25_586,INVALID
v25,,v25_587,INVALID
v25,,v25_588,INVALID
v25,,v25_589,INVALID
v25,,v25_590,INVALID
v25,v25_E008,v25_591,NOT_READY
v25,v25_E008,v25_592,NOT_READY
v25,v25_E008,v25_593,READY
v25,v25_E008,v25_594,READY
v25,v25_E008,v25_595,NOT_READY
v25,v25_E008,v25_596,NOT_READY
v25,v25_E008,v25_597,NOT_READY
v25,v25_E008,v25_598,NOT_READY
v25,v25_E008,v25_599,NOT_READY
v25,v25_E008,v25_600,NOT_READY
v25,v25_E008,v25_601,NOT_READY
v25,v25_E008,v25_602,NOT_READY
v25,v25_E008,v25_603,NOT_READY
v25,v25_E008,v25_604,NOT_READY
v25,v25_E008,v25_605,NOT_READY
v25,v25_E008,v25_606,NOT_READY
v25,v25_E008,v25_607,NOT_READY
v25,v25_E008,v25_608,NOT_READY
v25,v25_E008,v25_609,NOT_READY
v25,v25_E008,v25_610,NOT_READY
v25,v25_E008,v25_611,NOT_READY
v25,v25_E008,v25_612,NOT_READY
v25,v25_E008,v25_613,NOT_READY
v25,v25_E008,v25_614,NOT_READY
v25,v25_E008,v25_615,NOT_READY
v25,v25_E008,v25_616,NOT_READY
v25,v25_E008,v25_617,NOT_READY
v25,v25_E008,v25_618,NOT_READY
v25,v25_E008,v25_619,NOT_READY
v25,v25_E008,v25_620,NOT_READY
v25,v25_E008,v25_621,NOT_READY
v25,v25_E008,v25_622,NOT_READY
v25,v25_E008,v25_623,NOT_READY
v25,v25_E008,v25_624,NOT_READY
v25,v25_E008,v25_625,NOT_READY
v25,v25_E008,v25_626,NOT_READY
v25,v25_E008,v25_627,NOT_READY
v25,v25_E008,v25_628,NOT_READY
v25,v25_E008,v25_629,NOT_READY
v25,v25_E008,v25_630,NOT_READY
v25,v25_E008,v25_631,NOT_READY
v25,v25_E008,v25_632,NOT_READY
v25,v25_E008,v25_633,NOT_READY
v25,v25_E008,v25_634,NOT_READY
v25,v25_E008,v25_635,NOT_READY
v25,v25_E008,v25_636,NOT_READY
v25,v25_E008,v25_637,NOT_READY
v25,v25_E008,v25_638,NOT_READY
v25,v25_E008,v25_639,NOT_READY
v25,v25_E008,v25_640,NOT_READY
v25,v25_E008,v25_641,NOT_READY
v25,v25_E008,v25_642,NOT_READY
v25,v25_E008,v25_643,NOT_READY
v25,v25_E008,v25_644,NOT_READY
v25,v25_E008,v25_645,NOT_READY
v25,v25_E008,v25_646,NOT_READY
v25,v25_E008,v25_647,NOT_READY
v25,v25_E008,v25_648,NOT_READY
v25,v25_E008,v25_649,NOT_READY
v25,v25_E008,v25_650,NOT_READY
v25,v25_E008,v25_651,NOT_READY
v25,,v25_652,INVALID
v25,,v25_653,INVALID
v25,,v25_654,INVALID
v25,,v25_655,INVALID
v25,,v25_656,INVALID
v25,,v25_657,INVALID
v25,,v25_658,INVALID
v25,,v25_659,INVALID
v25,,v25_660,INVALID
v25,,v25_661,INVALID
v25,,v25_662,INVALID
v25,,v25_663,INVALID
v25,,v25_664,INVALID
v25,,v25_665,INVALID
v25,v25_E009,v25_666,READY
v25,v25_E009,v25_667,READY
v25,v25_E009,v25_668,NOT_READY
v25,v25_E009,v25_669,NOT_READY
v25,v25_E009,v25_670,NOT_READY
v25,v25_E009,v25_671,NOT_READY
v25,v25_E009,v25_672,NOT_READY
v25,v25_E009,v25_673,NOT_READY
v25,v25_E009,v25_674,NOT_READY
v25,v25_E009,v25_675,NOT_READY
v25,v25_E009,v25_676,NOT_READY
v25,v25_E009,v25_677,NOT_READY
v25,v25_E009,v25_678,NOT_READY
v25,v25_E009,v25_679,NOT_READY
v25,v25_E009,v25_680,NOT_READY
v25,v25_E009,v25_681,NOT_READY
v25,v25_E009,v25_682,NOT_READY
v25,v25_E009,v25_683,NOT_READY
v25,v25_E009,v25_684,NOT_READY
v25,v25_E009,v25_685,NOT_READY
v25,v25_E009,v25_686,NOT_READY
v25,v25_E009,v25_687,NOT_READY
v25,v25_E009,v25_688,NOT_READY
v25,v25_E009,v25_689,NOT_READY
v25,v25_E009,v25_690,NOT_READY
v25,v25_E009,v25_691,NOT_READY
v25,v25_E009,v25_692,NOT_READY
v25,v25_E009,v25_693,NOT_READY
v25,v25_E009,v25_694,NOT_READY
v25,v25_E009,v25_695,NOT_READY
v25,v25_E009,v25_696,NOT_READY
v25,v25_E009,v25_697,NOT_READY
v25,v25_E009,v25_698,NOT_READY
v25,v25_E009,v25_699,NOT_READY
v25,v25_E009,v25_700,NOT_READY
v25,v25_E009,v25_701,NOT_READY
v25,v25_E009,v25_702,NOT_READY
v25,v25_E009,v25_703,NOT_READY
v25,v25_E009,v25_704,NOT_READY
v25,v25_E009,v25_705,NOT_READY
v25,v25_E009,v25_706,NOT_READY
v25,v25_E009,v25_707,NOT_READY
v25,v25_E009,v25_708,NOT_READY
v25,v25_E009,v25_709,NOT_READY
v25,v25_E009,v25_710,NOT_READY
v25,v25_E009,v25_711,NOT_READY
v25,v25_E009,v25_712,NOT_READY
v25,v25_E009,v25_713,NOT_READY
v25,v25_E009,v25_714,NOT_READY
v25,v25_E009,v25_715,NOT_READY
v25,v25_E009,v25_716,NOT_READY
v25,v25_E009,v25_717,NOT_READY
v25,v25_E009,v25_718,NOT_READY
v25,v25_E009,v25_719,NOT_READY
v25,v25_E009,v25_720,NOT_READY
v25,,v25_721,INVALID
v25,,v25_722,INVALID
v25,,v25_723,INVALID
v25,,v25_724,INVALID
v25,,v25_725,INVALID
v25,,v25_726,INVALID
v25,,v25_727,INVALID
v25,,v25_728,INVALID
v25,,v25_729,INVALID
v25,,v25_730,INVALID
v25,,v25_731,INVALID
v25,,v25_732,INVALID
v25,,v25_733,INVALID
v25,v25_E010,v25_734,NOT_READY
v25,v25_E010,v25_735,NOT_READY
v25,v25_E010,v25_736,READY
v25,v25_E010,v25_737,READY
v25,v25_E010,v25_738,READY
v25,v25_E010,v25_739,READY
v25,v25_E010,v25_740,NOT_READY
v25,v25_E010,v25_741,NOT_READY
v25,v25_E010,v25_742,NOT_READY
v25,v25_E010,v25_743,NOT_READY
v25,v25_E010,v25_744,NOT_READY
v25,v25_E010,v25_745,NOT_READY
v25,v25_E010,v25_746,NOT_READY
v25,v25_E010,v25_747,NOT_READY
v25,v25_E010,v25_748,NOT_READY
v25,v25_E010,v25_749,NOT_READY
v25,v25_E010,v25_750,NOT_READY
v25,v25_E010,v25_751,NOT_READY
v25,v25_E010,v25_752,NOT_READY
v25,v25_E010,v25_753,NOT_READY
v25,v25_E010,v25_754,NOT_READY
v25,v25_E010,v25_755,NOT_READY
v25,v25_E010,v25_756,NOT_READY
v25,v25_E010,v25_757,NOT_READY
v25,v25_E010,v25_758,NOT_READY
v25,v25_E010,v25_759,NOT_READY
v25,v25_E010,v25_760,NOT_READY
v25,v25_E010,v25_761,NOT_READY
v25,v25_E010,v25_762,NOT_READY
v25,v25_E010,v25_763,NOT_READY
v25,v25_E010,v25_764,NOT_READY
v25,v25_E010,v25_765,NOT_READY
v25,v25_E010,v25_766,NOT_READY
v25,v25_E010,v25_767,NOT_READY
v25,v25_E010,v25_768,NOT_READY
v25,v25_E010,v25_769,NOT_READY
v25,v25_E010,v25_770,NOT_READY
v25,v25_E010,v25_771,NOT_READY
v25,v25_E010,v25_772,NOT_READY
v25,v25_E010,v25_773,NOT_READY
v25,v25_E010,v25_774,NOT_READY
v25,v25_E010,v25_775,NOT_READY
v25,v25_E010,v25_776,NOT_READY
v25,v25_E010,v25_777,NOT_READY
v25,v25_E010,v25_778,NOT_READY
v25,v25_E010,v25_779,NOT_READY
v25,v25_E010,v25_780,NOT_READY
v25,v25_E010,v25_781,NOT_READY
v25,v25_E010,v25_782,NOT_READY
v25,v25_E010,v25_783,NOT_READY
v25,v25_E010,v25_784,NOT_READY
v25,v25_E010,v25_785,NOT_READY
v25,v25_E010,v25_786,NOT_READY
v25,v25_E010,v25_787,NOT_READY
v25,v25_E010,v25_788,NOT_READY
v25,,v25_789,INVALID
v25,,v25_790,INVALID
v25,,v25_791,INVALID
v25,,v25_792,INVALID
v25,,v25_793,INVALID
v25,,v25_794,INVALID
v25,,v25_795,INVALID
v25,,v25_796,INVALID
v25,,v25_797,INVALID
v25,v25_E011,v25_798,NOT_READY
v25,v25_E011,v25_799,NOT_READY
v25,v25_E011,v25_800,NOT_READY
v25,v25_E011,v25_801,READY
v25,v25_E011,v25_802,READY
v25,v25_E011,v25_803,READY
v25,v25_E011,v25_804,READY
v25,v25_E011,v25_805,NOT_READY
v25,v25_E011,v25_806,NOT_READY
v25,v25_E011,v25_807,NOT_READY
v25,v25_E011,v25_808,NOT_READY
v25,v25_E011,v25_809,NOT_READY
v25,v25_E011,v25_810,NOT_READY
v25,v25_E011,v25_811,NOT_READY
v25,v25_E011,v25_812,NOT_READY
v25,v25_E011,v25_813,NOT_READY
v25,v25_E011,v25_814,NOT_READY
v25,v25_E011,v25_815,NOT_READY
v25,v25_E011,v25_816,READY
v25,v25_E011,v25_817,READY
v25,v25_E011,v25_818,NOT_READY
v25,v25_E011,v25_819,NOT_READY
v25,v25_E011,v25_820,NOT_READY
v25,v25_E011,v25_821,NOT_READY
v25,v25_E011,v25_822,NOT_READY
v25,v25_E011,v25_823,NOT_READY
v25,v25_E011,v25_824,NOT_READY
v25,v25_E011,v25_825,NOT_READY
v25,v25_E011,v25_826,NOT_READY
v25,v25_E011,v25_827,NOT_READY
v25,v25_E011,v25_828,NOT_READY
v25,v25_E011,v25_829,NOT_READY
v25,v25_E011,v25_830,NOT_READY
v25,v25_E011,v25_831,NOT_READY
v25,v25_E011,v25_832,NOT_READY
v25,v25_E011,v25_833,NOT_READY
v25,v25_E011,v25_834,NOT_READY
v25,v25_E011,v25_835,NOT_READY
v25,v25_E011,v25_836,NOT_READY
v25,v25_E011,v25_837,NOT_READY
v25,v25_E011,v25_838,NOT_READY
v25,v25_E011,v25_839,NOT_READY
v25,v25_E011,v25_840,NOT_READY
v25,v25_E011,v25_841,NOT_READY
v25,v25_E011,v25_842,NOT_READY
v25,v25_E011,v25_843,NOT_READY
v25,v25_E011,v25_844,NOT_READY
v25,v25_E011,v25_845,NOT_READY
v25,v25_E011,v25_846,NOT_READY
v25,v25_E011,v25_847,NOT_READY
v25,v25_E011,v25_848,NOT_READY
v25,v25_E011,v25_849,NOT_READY
v25,v25_E011,v25_850,NOT_READY
v25,v25_E011,v25_851,NOT_READY
v25,v25_E011,v25_852,NOT_READY
v25,v25_E011,v25_853,NOT_READY
v25,v25_E011,v25_854,NOT_READY
v25,v25_E011,v25_855,NOT_READY
v25,v25_E011,v25_856,NOT_READY
v25,v25_E011,v25_857,NOT_READY
v25,v25_E011,v25_858,NOT_READY
v25,v25_E011,v25_859,NOT_READY
v25,v25_E011,v25_860,NOT_READY
v25,v25_E011,v25_861,NOT_READY
v25,v25_E011,v25_862,NOT_READY
v25,v25_E011,v25_863,NOT_READY
v25,v25_E011,v25_864,NOT_READY
v25,v25_E011,v25_865,NOT_READY
v25,,v25_866,INVALID
v25,,v25_867,INVALID
v25,,v25_868,INVALID
v25,,v25_869,INVALID
v25,,v25_870,INVALID
v25,,v25_871,INVALID
v25,,v25_872,INVALID
v25,,v25_873,INVALID
v25,,v25_874,INVALID
v25,,v25_875,INVALID
v25,,v25_876,INVALID
v25,,v25_877,INVALID
v25,,v25_878,INVALID
v25,,v25_879,INVALID
v25,,v25_880,INVALID
v25,,v25_881,INVALID
v25,,v25_882,INVALID
v25,,v25_883,INVALID
v25,,v25_884,INVALID
v25,,v25_885,INVALID
v25,v25_E012,v25_886,NOT_READY
v25,v25_E012,v25_887,NOT_READY
v25,v25_E012,v25_888,NOT_READY
v25,v25_E012,v25_889,NOT_READY
v25,v25_E012,v25_890,NOT_READY
v25,v25_E012,v25_891,NOT_READY
v25,v25_E012,v25_892,READY
v25,v25_E012,v25_893,READY
v25,v25_E012,v25_894,READY
v25,v25_E012,v25_895,READY
v25,v25_E012,v25_896,READY
v25,v25_E012,v25_897,READY
v25,v25_E012,v25_898,NOT_READY
v25,v25_E012,v25_899,NOT_READY
v25,v25_E012,v25_900,NOT_READY
v25,v25_E012,v25_901,NOT_READY
v25,v25_E012,v25_902,NOT_READY
v25,v25_E012,v25_903,NOT_READY
v25,v25_E012,v25_904,NOT_READY
v25,v25_E012,v25_905,NOT_READY
v25,v25_E012,v25_906,NOT_READY
v25,v25_E012,v25_907,NOT_READY
v25,v25_E012,v25_908,NOT_READY
v25,v25_E012,v25_909,NOT_READY
v25,v25_E012,v25_910,NOT_READY
v25,v25_E012,v25_911,NOT_READY
v25,v25_E012,v25_912,NOT_READY
v25,v25_E012,v25_913,NOT_READY
v25,v25_E012,v25_914,NOT_READY
v25,v25_E012,v25_915,NOT_READY
v25,v25_E012,v25_916,NOT_READY
v25,v25_E012,v25_917,NOT_READY
v25,v25_E012,v25_918,NOT_READY
v25,v25_E012,v25_919,NOT_READY
v25,v25_E012,v25_920,NOT_READY
v25,v25_E012,v25_921,NOT_READY
v25,v25_E012,v25_922,NOT_READY
v25,v25_E012,v25_923,NOT_READY
v25,v25_E012,v25_924,NOT_READY
v25,v25_E012,v25_925,NOT_READY
v25,v25_E012,v25_926,NOT_READY
v25,v25_E012,v25_927,NOT_READY
v25,v25_E012,v25_928,NOT_READY
v25,v25_E012,v25_929,NOT_READY
v25,v25_E012,v25_930,NOT_READY
v25,v25_E012,v25_931,NOT_READY
v25,v25_E012,v25_932,NOT_READY
v25,v25_E012,v25_933,NOT_READY
v25,v25_E012,v25_934,NOT_READY
v25,v25_E012,v25_935,NOT_READY
v25,v25_E012,v25_936,NOT_READY
v25,v25_E012,v25_937,NOT_READY
v25,v25_E012,v25_938,NOT_READY
v25,v25_E012,v25_939,NOT_READY
v25,v25_E012,v25_940,NOT_READY
v25,v25_E012,v25_941,NOT_READY
v25,v25_E012,v25_942,NOT_READY
v25,v25_E012,v25_943,NOT_READY
v25,v25_E012,v25_944,NOT_READY
v25,v25_E012,v25_945,NOT_READY
v25,v25_E012,v25_946,NOT_READY
v25,v25_E012,v25_947,NOT_READY
v25,v25_E012,v25_948,NOT_READY
v25,v25_E012,v25_949,NOT_READY
v25,v25_E012,v25_950,NOT_READY
v25,v25_E012,v25_951,NOT_READY
v25,v25_E012,v25_952,NOT_READY
v25,v25_E012,v25_953,NOT_READY
v25,v25_E012,v25_954,NOT_READY
v25,v25_E012,v25_955,NOT_READY
v25,v25_E012,v25_956,NOT_READY
v25,v25_E012,v25_957,NOT_READY
v25,v25_E012,v25_958,NOT_READY
v25,v25_E012,v25_959,NOT_READY
v25,,v25_960,INVALID
v25,,v25_961,INVALID
v25,,v25_962,INVALID
v25,,v25_963,INVALID
v25,,v25_964,INVALID
v25,,v25_965,INVALID
v25,,v25_966,INVALID
v25,,v25_967,INVALID
v25,,v25_968,INVALID
v25,,v25_969,INVALID
v25,,v25_970,INVALID
v25,v25_E013,v25_971,NOT_READY
v25,v25_E013,v25_972,NOT_READY
v25,v25_E013,v25_973,NOT_READY
v25,v25_E013,v25_974,NOT_READY
v25,v25_E013,v25_975,READY
v25,v25_E013,v25_976,READY
v25,v25_E013,v25_977,READY
v25,v25_E013,v25_978,READY
v25,v25_E013,v25_979,NOT_READY
v25,v25_E013,v25_980,NOT_READY
v25,v25_E013,v25_981,NOT_READY
v25,v25_E013,v25_982,NOT_READY
v25,v25_E013,v25_983,NOT_READY
v25,v25_E013,v25_984,NOT_READY
v25,v25_E013,v25_985,NOT_READY
v25,v25_E013,v25_986,NOT_READY
v25,v25_E013,v25_987,NOT_READY
v25,v25_E013,v25_988,NOT_READY
v25,v25_E013,v25_989,NOT_READY
v25,v25_E013,v25_990,NOT_READY
v25,v25_E013,v25_991,NOT_READY
v25,v25_E013,v25_992,NOT_READY
v25,v25_E013,v25_993,NOT_READY
v25,v25_E013,v25_994,NOT_READY
v25,v25_E013,v25_995,NOT_READY
v25,v25_E013,v25_996,NOT_READY
v25,v25_E013,v25_997,NOT_READY
v25,v25_E013,v25_998,NOT_READY
v25,v25_E013,v25_999,NOT_READY
v25,v25_E013,v25_1000,NOT_READY
v25,v25_E013,v25_1001,NOT_READY
v25,v25_E013,v25_1002,NOT_READY
v25,v25_E013,v25_1003,NOT_READY
v25,v25_E013,v25_1004,NOT_READY
v25,v25_E013,v25_1005,NOT_READY
v25,v25_E013,v25_1006,NOT_READY
v25,v25_E013,v25_1007,NOT_READY
v25,v25_E013,v25_1008,NOT_READY
v25,v25_E013,v25_1009,NOT_READY
v25,v25_E013,v25_1010,NOT_READY
v25,v25_E013,v25_1011,NOT_READY
v25,v25_E013,v25_1012,NOT_READY
v25,v25_E013,v25_1013,NOT_READY
v25,v25_E013,v25_1014,NOT_READY
v25,v25_E013,v25_1015,NOT_READY
v25,v25_E013,v25_1016,NOT_READY
v25,v25_E013,v25_1017,NOT_READY
v25,v25_E013,v25_1018,NOT_READY
v25,v25_E013,v25_1019,NOT_READY
v25,v25_E013,v25_1020,NOT_READY
v25,v25_E013,v25_1021,NOT_READY
v25,v25_E013,v25_1022,NOT_READY
v25,v25_E013,v25_1023,NOT_READY
v25,v25_E013,v25_1024,NOT_READY
v25,v25_E013,v25_1025,NOT_READY
v25,v25_E013,v25_1026,NOT_READY
v25,v25_E013,v25_1027,NOT_READY
v25,,v25_1028,INVALID
v25,v25_E014,v25_1029,NOT_READY
v25,v25_E014,v25_1030,NOT_READY
v25,v25_E014,v25_1031,NOT_READY
v25,,v25_1032,INVALID
v25,,v25_1033,INVALID
v25,,v25_1034,INVALID
v25,,v25_1035,INVALID
v25,,v25_1036,INVALID
v25,,v25_1037,INVALID
v25,,v25_1038,INVALID
v25,,v25_1039,INVALID
v25,,v25_1040,INVALID
v25,,v25_1041,INVALID
v25,,v25_1042,INVALID
v25,,v25_1043,INVALID
v25,,v25_1044,INVALID
v25,,v25_1045,INVALID
v25,v25_E015,v25_1046,NOT_READY
v25,v25_E015,v25_1047,NOT_READY
v25,v25_E015,v25_1048,NOT_READY
v25,v25_E015,v25_1049,NOT_READY
v25,v25_E015,v25_1050,NOT_READY
v25,v25_E015,v25_1051,NOT_READY
v25,v25_E015,v25_1052,READY
v25,v25_E015,v25_1053,READY
v25,v25_E015,v25_1054,READY
v25,v25_E015,v25_1055,READY
v25,v25_E015,v25_1056,READY
v25,v25_E015,v25_1057,READY
v25,v25_E015,v25_1058,NOT_READY
v25,v25_E015,v25_1059,NOT_READY
v25,v25_E015,v25_1060,NOT_READY
v25,v25_E015,v25_1061,NOT_READY
v25,v25_E015,v25_1062,NOT_READY
v25,v25_E015,v25_1063,NOT_READY
v25,v25_E015,v25_1064,NOT_READY
v25,v25_E015,v25_1065,NOT_READY
v25,v25_E015,v25_1066,NOT_READY
v25,v25_E015,v25_1067,NOT_READY
v25,v25_E015,v25_1068,NOT_READY
v25,v25_E015,v25_1069,NOT_READY
v25,v25_E015,v25_1070,NOT_READY
v25,v25_E015,v25_1071,NOT_READY
v25,v25_E015,v25_1072,NOT_READY
v25,v25_E015,v25_1073,NOT_READY
v25,v25_E015,v25_1074,NOT_READY
v25,v25_E015,v25_1075,NOT_READY
v25,v25_E015,v25_1076,NOT_READY
v25,v25_E015,v25_1077,NOT_READY
v25,v25_E015,v25_1078,NOT_READY
v25,v25_E015,v25_1079,NOT_READY
v25,v25_E015,v25_1080,NOT_READY
v25,v25_E015,v25_1081,NOT_READY
v25,v25_E015,v25_1082,NOT_READY
v25,v25_E015,v25_1083,NOT_READY
v25,v25_E015,v25_1084,NOT_READY
v25,v25_E015,v25_1085,NOT_READY
v25,v25_E015,v25_1086,NOT_READY
v25,v25_E015,v25_1087,NOT_READY
v25,v25_E015,v25_1088,NOT_READY
v25,v25_E015,v25_1089,NOT_READY
v25,v25_E015,v25_1090,NOT_READY
v25,v25_E015,v25_1091,NOT_READY
v25,v25_E015,v25_1092,NOT_READY
v25,v25_E015,v25_1093,NOT_READY
v25,v25_E015,v25_1094,NOT_READY
v25,v25_E015,v25_1095,NOT_READY
v25,v25_E015,v25_1096,NOT_READY
v25,v25_E015,v25_1097,NOT_READY
v25,v25_E015,v25_1098,NOT_READY
v25,v25_E015,v25_1099,NOT_READY
v25,v25_E015,v25_1100,NOT_READY
v25,v25_E015,v25_1101,NOT_READY
v25,v25_E015,v25_1102,NOT_READY
v25,v25_E015,v25_1103,NOT_READY
v25,v25_E015,v25_1104,NOT_READY
v25,v25_E015,v25_1105,NOT_READY
v25,v25_E015,v25_1106,NOT_READY
v25,v25_E015,v25_1107,NOT_READY
v25,v25_E015,v25_1108,NOT_READY
v25,v25_E015,v25_1109,NOT_READY
v25,,v25_1110,INVALID
v25,,v25_1111,INVALID
v25,,v25_1112,INVALID
v25,,v25_1113,INVALID
v25,,v25_1114,INVALID
v25,,v25_1115,INVALID
v25,,v25_1116,INVALID
v25,,v25_1117,INVALID
v25,,v25_1118,INVALID
v25,,v25_1119,INVALID
v25,,v25_1120,INVALID
v25,v25_E016,v25_1121,NOT_READY
v25,v25_E016,v25_1122,NOT_READY
v25,v25_E016,v25_1123,NOT_READY
v25,v25_E016,v25_1124,READY
v25,v25_E016,v25_1125,READY
v25,v25_E016,v25_1126,READY
v25,v25_E016,v25_1127,READY
v25,v25_E016,v25_1128,READY
v25,v25_E016,v25_1129,READY
v25,v25_E016,v25_1130,READY
v25,v25_E016,v25_1131,NOT_READY
v25,v25_E016,v25_1132,NOT_READY
v25,v25_E016,v25_1133,NOT_READY
v25,v25_E016,v25_1134,NOT_READY
v25,v25_E016,v25_1135,NOT_READY
v25,v25_E016,v25_1136,NOT_READY
v25,v25_E016,v25_1137,READY
v25,v25_E016,v25_1138,READY
v25,v25_E016,v25_1139,READY
v25,v25_E016,v25_1140,READY
v25,v25_E016,v25_1141,READY
v25,v25_E016,v25_1142,READY
v25,v25_E016,v25_1143,READY
v25,v25_E016,v25_1144,NOT_READY
v25,v25_E016,v25_1145,NOT_READY
v25,v25_E016,v25_1146,NOT_READY
v25,v25_E016,v25_1147,NOT_READY
v25,v25_E016,v25_1148,NOT_READY
v25,v25_E016,v25_1149,NOT_READY
v25,v25_E016,v25_1150,NOT_READY
v25,v25_E016,v25_1151,NOT_READY
v25,v25_E016,v25_1152,NOT_READY
v25,v25_E016,v25_1153,NOT_READY
v25,v25_E016,v25_1154,NOT_READY
v25,v25_E016,v25_1155,NOT_READY
v25,v25_E016,v25_1156,NOT_READY
v25,v25_E016,v25_1157,NOT_READY
v25,v25_E016,v25_1158,NOT_READY
v25,v25_E016,v25_1159,NOT_READY
v25,v25_E016,v25_1160,NOT_READY
v25,v25_E016,v25_1161,NOT_READY
v25,v25_E016,v25_1162,NOT_READY
v25,v25_E016,v25_1163,NOT_READY
v25,v25_E016,v25_1164,NOT_READY
v25,v25_E016,v25_1165,NOT_READY
v25,v25_E016,v25_1166,NOT_READY
v25,v25_E016,v25_1167,NOT_READY
v25,v25_E016,v25_1168,NOT_READY
v25,v25_E016,v25_1169,NOT_READY
v25,v25_E016,v25_1170,NOT_READY
v25,v25_E016,v25_1171,NOT_READY
v25,v25_E016,v25_1172,NOT_READY
v25,v25_E016,v25_1173,NOT_READY
v25,v25_E016,v25_1174,NOT_READY
v25,v25_E016,v25_1175,NOT_READY
v25,v25_E016,v25_1176,NOT_READY
v25,v25_E016,v25_1177,NOT_READY
v25,v25_E016,v25_1178,NOT_READY
v25,v25_E016,v25_1179,NOT_READY
v25,v25_E016,v25_1180,NOT_READY
v25,v25_E016,v25_1181,NOT_READY
v25,v25_E016,v25_1182,NOT_READY
v25,v25_E016,v25_1183,NOT_READY
v25,v25_E016,v25_1184,NOT_READY
v25,v25_E016,v25_1185,NOT_READY
v25,v25_E016,v25_1186,NOT_READY
v25,v25_E016,v25_1187,NOT_READY
v25,v25_E016,v25_1188,NOT_READY
v25,v25_E016,v25_1189,NOT_READY
v25,v25_E016,v25_1190,NOT_READY
v25,v25_E016,v25_1191,NOT_READY
v25,,v25_1192,INVALID
v25,,v25_1193,INVALID
v25,,v25_1194,INVALID
v25,,v25_1195,INVALID
v25,,v25_1196,INVALID
v25,,v25_1197,INVALID
v25,,v25_1198,INVALID
v25,,v25_1199,INVALID
v25,,v25_1200,INVALID
v25,,v25_1201,INVALID
v25,,v25_1202,INVALID
v25,,v25_1203,INVALID
v25,,v25_1204,INVALID
v25,,v25_1205,INVALID
v25,v25_E017,v25_1206,NOT_READY
v25,v25_E017,v25_1207,NOT_READY
v25,v25_E017,v25_1208,NOT_READY
v25,v25_E017,v25_1209,NOT_READY
v25,v25_E017,v25_1210,READY
v25,v25_E017,v25_1211,READY
v25,v25_E017,v25_1212,NOT_READY
v25,v25_E017,v25_1213,NOT_READY
v25,v25_E017,v25_1214,NOT_READY
v25,v25_E017,v25_1215,NOT_READY
v25,v25_E017,v25_1216,NOT_READY
v25,v25_E017,v25_1217,NOT_READY
v25,v25_E017,v25_1218,NOT_READY
v25,v25_E017,v25_1219,NOT_READY
v25,v25_E017,v25_1220,NOT_READY
v25,v25_E017,v25_1221,NOT_READY
v25,v25_E017,v25_1222,NOT_READY
v25,v25_E017,v25_1223,NOT_READY
v25,v25_E017,v25_1224,NOT_READY
v25,v25_E017,v25_1225,NOT_READY
v25,v25_E017,v25_1226,NOT_READY
v25,v25_E017,v25_1227,NOT_READY
v25,v25_E017,v25_1228,NOT_READY
v25,v25_E017,v25_1229,NOT_READY
v25,v25_E017,v25_1230,NOT_READY
v25,v25_E017,v25_1231,NOT_READY
v25,v25_E017,v25_1232,NOT_READY
v25,v25_E017,v25_1233,NOT_READY
v25,v25_E017,v25_1234,NOT_READY
v25,v25_E017,v25_1235,NOT_READY
v25,v25_E017,v25_1236,NOT_READY
v25,v25_E017,v25_1237,NOT_READY
v25,v25_E017,v25_1238,NOT_READY
v25,v25_E017,v25_1239,NOT_READY
v25,v25_E017,v25_1240,NOT_READY
v25,v25_E017,v25_1241,NOT_READY
v25,v25_E017,v25_1242,NOT_READY
v25,v25_E017,v25_1243,NOT_READY
v25,v25_E017,v25_1244,NOT_READY
v25,v25_E017,v25_1245,NOT_READY
v25,v25_E017,v25_1246,NOT_READY
v25,v25_E017,v25_1247,NOT_READY
v25,v25_E017,v25_1248,NOT_READY
v25,v25_E017,v25_1249,NOT_READY
v25,v25_E017,v25_1250,NOT_READY
v25,v25_E017,v25_1251,NOT_READY
v25,v25_E017,v25_1252,NOT_READY
v25,,v25_1253,INVALID
v25,,v25_1254,INVALID
v25,,v25_1255,INVALID
v25,,v25_1256,INVALID
v25,,v25_1257,INVALID
v25,,v25_1258,INVALID
v25,,v25_1259,INVALID
v25,,v25_1260,INVALID
v25,,v25_1261,INVALID
v25,,v25_1262,INVALID
v25,,v25_1263,INVALID
v25,,v25_1264,INVALID
v25,,v25_1265,INVALID
v25,,v25_1266,INVALID
v25,,v25_1267,INVALID
v25,,v25_1268,INVALID
v25,,v25_1269,INVALID
v25,,v25_1270,INVALID
v25,,v25_1271,INVALID
v25,,v25_1272,INVALID
v25,,v25_1273,INVALID
v25,,v25_1274,INVALID
v25,,v25_1275,INVALID
v25,,v25_1276,INVALID
v25,,v25_1277,INVALID
v25,,v25_1278,INVALID
v25,,v25_1279,INVALID
v25,,v25_1280,INVALID
v25,,v25_1281,INVALID
v25,,v25_1282,INVALID
v25,,v25_1283,INVALID
v25,,v25_1284,INVALID
v25,,v25_1285,INVALID
v25,,v25_1286,INVALID
v25,,v25_1287,INVALID
v25,,v25_1288,INVALID
v25,,v25_1289,INVALID
v25,,v25_1290,INVALID
v25,,v25_1291,INVALID
v25,,v25_1292,INVALID
v25,v25_E018,v25_1293,NOT_READY
v25,v25_E018,v25_1294,NOT_READY
v25,v25_E018,v25_1295,NOT_READY
v25,v25_E018,v25_1296,NOT_READY
v25,v25_E018,v25_1297,NOT_READY
v25,v25_E018,v25_1298,NOT_READY
v25,v25_E018,v25_1299,NOT_READY
v25,v25_E018,v25_1300,NOT_READY
v25,v25_E018,v25_1301,NOT_READY
v25,v25_E018,v25_1302,NOT_READY
v25,v25_E018,v25_1303,READY
v25,v25_E018,v25_1304,READY
v25,v25_E018,v25_1305,READY
v25,v25_E018,v25_1306,READY
v25,v25_E018,v25_1307,READY
v25,v25_E018,v25_1308,READY
v25,v25_E018,v25_1309,READY
v25,v25_E018,v25_1310,READY
v25,v25_E018,v25_1311,READY
v25,v25_E018,v25_1312,READY
v25,v25_E018,v25_1313,READY
v25,v25_E018,v25_1314,NOT_READY
v25,v25_E018,v25_1315,NOT_READY
v25,v25_E018,v25_1316,NOT_READY
v25,v25_E018,v25_1317,NOT_READY
v25,v25_E018,v25_1318,NOT_READY
v25,v25_E018,v25_1319,NOT_READY
v25,v25_E018,v25_1320,NOT_READY
v25,v25_E018,v25_1321,NOT_READY
v25,v25_E018,v25_1322,NOT_READY
v25,v25_E018,v25_1323,NOT_READY
v25,v25_E018,v25_1324,NOT_READY
v25,v25_E018,v25_1325,NOT_READY
v25,v25_E018,v25_1326,NOT_READY
v25,v25_E018,v25_1327,NOT_READY
v25,v25_E018,v25_1328,NOT_READY
v25,v25_E018,v25_1329,NOT_READY
v25,v25_E018,v25_1330,NOT_READY
v25,v25_E018,v25_1331,NOT_READY
v25,v25_E018,v25_1332,NOT_READY
v25,v25_E018,v25_1333,NOT_READY
v25,v25_E018,v25_1334,NOT_READY
v25,v25_E018,v25_1335,NOT_READY
v25,v25_E018,v25_1336,NOT_READY
v25,v25_E018,v25_1337,NOT_READY
v25,v25_E018,v25_1338,NOT_READY
v25,v25_E018,v25_1339,NOT_READY
v25,v25_E018,v25_1340,NOT_READY
v25,v25_E018,v25_1341,NOT_READY
v25,v25_E018,v25_1342,NOT_READY
v25,v25_E018,v25_1343,NOT_READY
v25,v25_E018,v25_1344,NOT_READY
v25,v25_E018,v25_1345,NOT_READY
v25,v25_E018,v25_1346,NOT_READY
v25,v25_E018,v25_1347,NOT_READY
v25,v25_E018,v25_1348,NOT_READY
v25,v25_E018,v25_1349,NOT_READY
v25,v25_E018,v25_1350,NOT_READY
v25,v25_E018,v25_1351,NOT_READY
v25,v25_E018,v25_1352,NOT_READY
v25,v25_E018,v25_1353,NOT_READY
v25,,v25_1354,INVALID
v25,,v25_1355,INVALID
v25,,v25_1356,INVALID
v25,,v25_1357,INVALID
v25,,v25_1358,INVALID
v25,,v25_1359,INVALID
v25,,v25_1360,INVALID
v25,,v25_1361,INVALID
v25,,v25_1362,INVALID
v25,,v25_1363,INVALID
v25,,v25_1364,INVALID
v25,,v25_1365,INVALID
v25,,v25_1366,INVALID
v25,,v25_1367,INVALID
v25,,v25_1368,INVALID
v25,,v25_1369,INVALID
v25,,v25_1370,INVALID
v25,,v25_1371,INVALID
v25,,v25_1372,INVALID
v25,,v25_1373,INVALID
v25,v25_E019,v25_1374,NOT_READY
v25,v25_E019,v25_1375,NOT_READY
v25,v25_E019,v25_1376,NOT_READY
v25,v25_E019,v25_1377,NOT_READY
v25,v25_E019,v25_1378,NOT_READY
v25,v25_E019,v25_1379,NOT_READY
v25,v25_E019,v25_1380,NOT_READY
v25,v25_E019,v25_1381,NOT_READY
v25,v25_E019,v25_1382,NOT_READY
v25,v25_E019,v25_1383,READY
v25,v25_E019,v25_1384,READY
v25,v25_E019,v25_1385,READY
v25,v25_E019,v25_1386,READY
v25,v25_E019,v25_1387,READY
v25,v25_E019,v25_1388,NOT_READY
v25,v25_E019,v25_1389,NOT_READY
v25,v25_E019,v25_1390,NOT_READY
v25,v25_E019,v25_1391,NOT_READY
v25,v25_E019,v25_1392,NOT_READY
v25,v25_E019,v25_1393,NOT_READY
v25,v25_E019,v25_1394,NOT_READY
v25,v25_E019,v25_1395,NOT_READY
v25,v25_E019,v25_1396,NOT_READY
v25,v25_E019,v25_1397,NOT_READY
v25,v25_E019,v25_1398,NOT_READY
v25,v25_E019,v25_1399,NOT_READY
v25,v25_E019,v25_1400,NOT_READY
v25,v25_E019,v25_1401,NOT_READY
v25,v25_E019,v25_1402,NOT_READY
v25,v25_E019,v25_1403,NOT_READY
v25,v25_E019,v25_1404,NOT_READY
v25,v25_E019,v25_1405,NOT_READY
v25,v25_E019,v25_1406,NOT_READY
v25,v25_E019,v25_1407,NOT_READY
v25,v25_E019,v25_1408,NOT_READY
v25,v25_E019,v25_1409,NOT_READY
v25,v25_E019,v25_1410,NOT_READY
v25,v25_E019,v25_1411,NOT_READY
v25,v25_E019,v25_1412,NOT_READY
v25,v25_E019,v25_1413,NOT_READY
v25,v25_E019,v25_1414,NOT_READY
v25,v25_E019,v25_1415,NOT_READY
v25,v25_E019,v25_1416,NOT_READY
v25,v25_E019,v25_1417,NOT_READY
v25,v25_E019,v25_1418,NOT_READY
v25,v25_E019,v25_1419,NOT_READY
v25,v25_E019,v25_1420,NOT_READY
v25,v25_E019,v25_1421,NOT_READY
v25,v25_E019,v25_1422,NOT_READY
v25,v25_E019,v25_1423,NOT_READY
v25,v25_E019,v25_1424,NOT_READY
v25,v25_E019,v25_1425,NOT_READY
v25,v25_E019,v25_1426,NOT_READY
v25,v25_E019,v25_1427,NOT_READY
v25,v25_E019,v25_1428,NOT_READY
v25,v25_E019,v25_1429,NOT_READY
v25,v25_E019,v25_1430,NOT_READY
v25,v25_E019,v25_1431,NOT_READY
v25,v25_E019,v25_1432,NOT_READY
v25,v25_E019,v25_1433,NOT_READY
v25,v25_E019,v25_1434,NOT_READY
v25,v25_E019,v25_1435,NOT_READY
v25,v25_E019,v25_1436,NOT_READY
v25,v25_E019,v25_1437,NOT_READY
v26,v26_E001,v26_001,NOT_READY
v26,v26_E001,v26_002,NOT_READY
v26,v26_E001,v26_003,NOT_READY
v26,v26_E001,v26_004,NOT_READY
v26,v26_E001,v26_005,NOT_READY
v26,v26_E001,v26_006,NOT_READY
v26,v26_E001,v26_007,NOT_READY
v26,v26_E001,v26_008,NOT_READY
v26,v26_E001,v26_009,NOT_READY
v26,v26_E001,v26_010,NOT_READY
v26,v26_E001,v26_011,NOT_READY
v26,v26_E001,v26_012,NOT_READY
v26,v26_E001,v26_013,NOT_READY
v26,v26_E001,v26_014,NOT_READY
v26,v26_E001,v26_015,NOT_READY
v26,v26_E001,v26_016,NOT_READY
v26,v26_E001,v26_017,NOT_READY
v26,v26_E001,v26_018,NOT_READY
v26,v26_E001,v26_019,NOT_READY
v26,,v26_020,INVALID
v26,,v26_021,INVALID
v26,,v26_022,INVALID
v26,,v26_023,INVALID
v26,,v26_024,INVALID
v26,,v26_025,INVALID
v26,,v26_026,INVALID
v26,,v26_027,INVALID
v26,,v26_028,INVALID
v26,,v26_029,INVALID
v26,,v26_030,INVALID
v26,,v26_031,INVALID
v26,,v26_032,INVALID
v26,,v26_033,INVALID
v26,,v26_034,INVALID
v26,,v26_035,INVALID
v26,,v26_036,INVALID
v26,,v26_037,INVALID
v26,,v26_038,INVALID
v26,,v26_039,INVALID
v26,,v26_040,INVALID
v26,,v26_041,INVALID
v26,,v26_042,INVALID
v26,,v26_043,INVALID
v26,,v26_044,INVALID
v26,,v26_045,INVALID
v26,,v26_046,INVALID
v26,,v26_047,INVALID
v26,,v26_048,INVALID
v26,,v26_049,INVALID
v26,,v26_050,INVALID
v26,,v26_051,INVALID
v26,,v26_052,INVALID
v26,,v26_053,INVALID
v26,,v26_054,INVALID
v26,,v26_055,INVALID
v26,,v26_056,INVALID
v26,,v26_057,INVALID
v26,,v26_058,INVALID
v26,,v26_059,INVALID
v26,,v26_060,INVALID
v26,v26_E002,v26_061,NOT_READY
v26,v26_E002,v26_062,NOT_READY
v26,v26_E002,v26_063,NOT_READY
v26,v26_E002,v26_064,NOT_READY
v26,v26_E002,v26_065,NOT_READY
v26,v26_E002,v26_066,NOT_READY
v26,v26_E002,v26_067,NOT_READY
v26,v26_E002,v26_068,NOT_READY
v26,v26_E002,v26_069,NOT_READY
v26,v26_E002,v26_070,NOT_READY
v26,v26_E002,v26_071,NOT_READY
v26,v26_E002,v26_072,NOT_READY
v26,v26_E002,v26_073,READY
v26,v26_E002,v26_074,READY
v26,v26_E002,v26_075,READY
v26,v26_E002,v26_076,READY
v26,v26_E002,v26_077,READY
v26,v26_E002,v26_078,READY
v26,v26_E002,v26_079,NOT_READY
v26,v26_E002,v26_080,NOT_READY
v26,v26_E002,v26_081,NOT_READY
v26,v26_E002,v26_082,NOT_READY
v26,v26_E002,v26_083,NOT_READY
v26,v26_E002,v26_084,NOT_READY
v26,v26_E002,v26_085,NOT_READY
v26,v26_E002,v26_086,NOT_READY
v26,v26_E002,v26_087,NOT_READY
v26,v26_E002,v26_088,NOT_READY
v26,v26_E002,v26_089,NOT_READY
v26,v26_E002,v26_090,NOT_READY
v26,v26_E002,v26_091,NOT_READY
v26,v26_E002,v26_092,NOT_READY
v26,v26_E002,v26_093,NOT_READY
v26,v26_E002,v26_094,NOT_READY
v26,v26_E002,v26_095,NOT_READY
v26,v26_E002,v26_096,NOT_READY
v26,v26_E002,v26_097,NOT_READY
v26,v26_E002,v26_098,NOT_READY
v26,v26_E002,v26_099,NOT_READY
v26,v26_E002,v26_100,NOT_READY
v26,v26_E002,v26_101,NOT_READY
v26,v26_E002,v26_102,NOT_READY
v26,v26_E002,v26_103,NOT_READY
v26,v26_E002,v26_104,NOT_READY
v26,v26_E002,v26_105,NOT_READY
v26,v26_E002,v26_106,NOT_READY
v26,v26_E002,v26_107,NOT_READY
v26,v26_E002,v26_108,NOT_READY
v26,v26_E002,v26_109,NOT_READY
v26,v26_E002,v26_110,NOT_READY
v26,v26_E002,v26_111,NOT_READY
v26,v26_E002,v26_112,NOT_READY
v26,v26_E002,v26_113,NOT_READY
v26,v26_E002,v26_114,NOT_READY
v26,v26_E002,v26_115,NOT_READY
v26,v26_E002,v26_116,NOT_READY
v26,v26_E002,v26_117,NOT_READY
v26,v26_E002,v26_118,NOT_READY
v26,v26_E002,v26_119,NOT_READY
v26,v26_E002,v26_120,NOT_READY
v26,v26_E002,v26_121,NOT_READY
v26,v26_E002,v26_122,NOT_READY
v26,v26_E002,v26_123,NOT_READY
v26,v26_E002,v26_124,NOT_READY
v26,v26_E002,v26_125,NOT_READY
v26,v26_E002,v26_126,NOT_READY
v26,v26_E002,v26_127,NOT_READY
v26,v26_E002,v26_128,NOT_READY
v26,v26_E002,v26_129,NOT_READY
v26,v26_E002,v26_130,NOT_READY
v26,v26_E002,v26_131,NOT_READY
v26,v26_E002,v26_132,NOT_READY
v26,v26_E002,v26_133,NOT_READY
v26,v26_E002,v26_134,NOT_READY
v26,v26_E002,v26_135,NOT_READY
v26,v26_E002,v26_136,NOT_READY
v26,v26_E002,v26_137,NOT_READY
v26,v26_E002,v26_138,NOT_READY
v26,v26_E002,v26_139,NOT_READY
v26,v26_E002,v26_140,NOT_READY
v26,v26_E002,v26_141,NOT_READY
v26,v26_E002,v26_142,NOT_READY
v26,v26_E002,v26_143,NOT_READY
v26,v26_E002,v26_144,NOT_READY
v26,v26_E002,v26_145,NOT_READY
v26,v26_E002,v26_146,NOT_READY
v26,v26_E002,v26_147,NOT_READY
v26,v26_E002,v26_148,NOT_READY
v26,v26_E002,v26_149,NOT_READY
v26,v26_E002,v26_150,NOT_READY
v26,v26_E002,v26_151,NOT_READY
v26,v26_E002,v26_152,NOT_READY
v26,v26_E002,v26_153,NOT_READY
v26,v26_E002,v26_154,NOT_READY
v26,v26_E002,v26_155,NOT_READY
v26,v26_E002,v26_156,NOT_READY
v26,v26_E002,v26_157,NOT_READY
v26,v26_E002,v26_158,NOT_READY
v26,v26_E002,v26_159,NOT_READY
v26,v26_E002,v26_160,NOT_READY
v26,v26_E002,v26_161,NOT_READY
v26,v26_E002,v26_162,NOT_READY
v26,v26_E002,v26_163,NOT_READY
v26,v26_E002,v26_164,NOT_READY
v26,v26_E002,v26_165,NOT_READY
v26,v26_E002,v26_166,NOT_READY
v26,v26_E002,v26_167,NOT_READY
v26,v26_E002,v26_168,NOT_READY
v26,v26_E002,v26_169,NOT_READY
v26,v26_E002,v26_170,NOT_READY
v26,v26_E002,v26_171,NOT_READY
v26,v26_E002,v26_172,NOT_READY
v26,,v26_173,INVALID
v26,,v26_174,INVALID
v26,,v26_175,INVALID
v26,,v26_176,INVALID
v26,,v26_177,INVALID
v26,,v26_178,INVALID
v26,,v26_179,INVALID
v26,,v26_180,INVALID
v26,,v26_181,INVALID
v26,,v26_182,INVALID
v26,,v26_183,INVALID
v26,,v26_184,INVALID
v26,,v26_185,INVALID
v26,,v26_186,INVALID
v26,,v26_187,INVALID
v26,,v26_188,INVALID
v26,,v26_189,INVALID
v26,,v26_190,INVALID
v26,,v26_191,INVALID
v26,,v26_192,INVALID
v26,,v26_193,INVALID
v26,,v26_194,INVALID
v26,,v26_195,INVALID
v26,,v26_196,INVALID
v26,,v26_197,INVALID
v26,,v26_198,INVALID
v26,,v26_199,INVALID
v26,,v26_200,INVALID
v26,,v26_201,INVALID
v26,,v26_202,INVALID
v26,,v26_203,INVALID
v26,,v26_204,INVALID
v26,,v26_205,INVALID
v26,,v26_206,INVALID
v26,,v26_207,INVALID
v26,,v26_208,INVALID
v26,,v26_209,INVALID
v26,v26_E003,v26_210,NOT_READY
v26,v26_E003,v26_211,NOT_READY
v26,v26_E003,v26_212,NOT_READY
v26,v26_E003,v26_213,NOT_READY
v26,v26_E003,v26_214,NOT_READY
v26,v26_E003,v26_215,NOT_READY
v26,v26_E003,v26_216,NOT_READY
v26,v26_E003,v26_217,NOT_READY
v26,v26_E003,v26_218,NOT_READY
v26,v26_E003,v26_219,READY
v26,v26_E003,v26_220,READY
v26,v26_E003,v26_221,READY
v26,v26_E003,v26_222,READY
v26,v26_E003,v26_223,READY
v26,v26_E003,v26_224,READY
v26,v26_E003,v26_225,NOT_READY
v26,v26_E003,v26_226,NOT_READY
v26,v26_E003,v26_227,NOT_READY
v26,v26_E003,v26_228,NOT_READY
v26,v26_E003,v26_229,NOT_READY
v26,v26_E003,v26_230,NOT_READY
v26,v26_E003,v26_231,NOT_READY
v26,v26_E003,v26_232,NOT_READY
v26,v26_E003,v26_233,NOT_READY
v26,v26_E003,v26_234,NOT_READY
v26,v26_E003,v26_235,NOT_READY
v26,v26_E003,v26_236,NOT_READY
v26,v26_E003,v26_237,READY
v26,v26_E003,v26_238,READY
v26,v26_E003,v26_239,NOT_READY
v26,v26_E003,v26_240,NOT_READY
v26,v26_E003,v26_241,NOT_READY
v26,v26_E003,v26_242,NOT_READY
v26,v26_E003,v26_243,NOT_READY
v26,v26_E003,v26_244,NOT_READY
v26,v26_E003,v26_245,NOT_READY
v26,v26_E003,v26_246,NOT_READY
v26,v26_E003,v26_247,NOT_READY
v26,v26_E003,v26_248,NOT_READY
v26,v26_E003,v26_249,NOT_READY
v26,v26_E003,v26_250,NOT_READY
v26,v26_E003,v26_251,NOT_READY
v26,v26_E003,v26_252,NOT_READY
v26,v26_E003,v26_253,NOT_READY
v26,v26_E003,v26_254,NOT_READY
v26,v26_E003,v26_255,NOT_READY
v26,v26_E003,v26_256,NOT_READY
v26,v26_E003,v26_257,NOT_READY
v26,v26_E003,v26_258,NOT_READY
v26,v26_E003,v26_259,NOT_READY
v26,v26_E003,v26_260,NOT_READY
v26,v26_E003,v26_261,NOT_READY
v26,v26_E003,v26_262,NOT_READY
v26,v26_E003,v26_263,NOT_READY
v26,v26_E003,v26_264,NOT_READY
v26,v26_E003,v26_265,NOT_READY
v26,v26_E003,v26_266,NOT_READY
v26,v26_E003,v26_267,NOT_READY
v26,v26_E003,v26_268,NOT_READY
v26,v26_E003,v26_269,NOT_READY
v26,v26_E003,v26_270,NOT_READY
v26,v26_E003,v26_271,NOT_READY
v26,v26_E003,v26_272,NOT_READY
v26,v26_E003,v26_273,NOT_READY
v26,v26_E003,v26_274,NOT_READY
v26,v26_E003,v26_275,NOT_READY
v26,v26_E003,v26_276,NOT_READY
v26,v26_E003,v26_277,NOT_READY
v26,v26_E003,v26_278,NOT_READY
v26,v26_E003,v26_279,NOT_READY
v26,v26_E003,v26_280,NOT_READY
v26,v26_E003,v26_281,NOT_READY
v26,v26_E003,v26_282,NOT_READY
v26,v26_E003,v26_283,NOT_READY
v26,v26_E003,v26_284,NOT_READY
v26,v26_E003,v26_285,NOT_READY
v26,v26_E003,v26_286,NOT_READY
v26,v26_E003,v26_287,NOT_READY
v26,v26_E003,v26_288,NOT_READY
v26,v26_E003,v26_289,NOT_READY
v26,v26_E003,v26_290,NOT_READY
v26,v26_E003,v26_291,NOT_READY
v26,v26_E003,v26_292,NOT_READY
v26,v26_E003,v26_293,NOT_READY
v26,v26_E003,v26_294,NOT_READY
v26,v26_E003,v26_295,NOT_READY
v26,v26_E003,v26_296,NOT_READY
v26,v26_E003,v26_297,NOT_READY
v26,v26_E003,v26_298,NOT_READY
v26,v26_E003,v26_299,NOT_READY
v26,v26_E003,v26_300,NOT_READY
v26,v26_E003,v26_301,NOT_READY
v26,v26_E003,v26_302,NOT_READY
v26,v26_E003,v26_303,NOT_READY
v26,v26_E003,v26_304,NOT_READY
v26,v26_E003,v26_305,NOT_READY
v26,v26_E003,v26_306,NOT_READY
v26,v26_E003,v26_307,NOT_READY
v26,v26_E003,v26_308,NOT_READY
v26,,v26_309,INVALID
v26,,v26_310,INVALID
v26,,v26_311,INVALID
v26,,v26_312,INVALID
v26,,v26_313,INVALID
v26,,v26_314,INVALID
v26,,v26_315,INVALID
v26,,v26_316,INVALID
v26,,v26_317,INVALID
v26,,v26_318,INVALID
v26,,v26_319,INVALID
v26,,v26_320,INVALID
v26,,v26_321,INVALID
v26,,v26_322,INVALID
v26,,v26_323,INVALID
v26,,v26_324,INVALID
v26,,v26_325,INVALID
v26,,v26_326,INVALID
v26,,v26_327,INVALID
v26,,v26_328,INVALID
v26,,v26_329,INVALID
v26,,v26_330,INVALID
v26,,v26_331,INVALID
v26,,v26_332,INVALID
v26,,v26_333,INVALID
v26,,v26_334,INVALID
v26,,v26_335,INVALID
v26,,v26_336,INVALID
v26,,v26_337,INVALID
v26,,v26_338,INVALID
v26,,v26_339,INVALID
v26,v26_E004,v26_340,NOT_READY
v26,v26_E004,v26_341,NOT_READY
v26,v26_E004,v26_342,NOT_READY
v26,v26_E004,v26_343,NOT_READY
v26,v26_E004,v26_344,NOT_READY
v26,v26_E004,v26_345,NOT_READY
v26,v26_E004,v26_346,NOT_READY
v26,v26_E004,v26_347,NOT_READY
v26,v26_E004,v26_348,NOT_READY
v26,v26_E004,v26_349,NOT_READY
v26,v26_E004,v26_350,NOT_READY
v26,v26_E004,v26_351,NOT_READY
v26,v26_E004,v26_352,NOT_READY
v26,v26_E004,v26_353,NOT_READY
v26,v26_E004,v26_354,NOT_READY
v26,v26_E004,v26_355,NOT_READY
v26,v26_E004,v26_356,NOT_READY
v26,v26_E004,v26_357,NOT_READY
v26,v26_E004,v26_358,NOT_READY
v26,v26_E004,v26_359,NOT_READY
v26,v26_E004,v26_360,NOT_READY
v26,v26_E004,v26_361,READY
v26,v26_E004,v26_362,NOT_READY
v26,v26_E004,v26_363,NOT_READY
v26,v26_E004,v26_364,NOT_READY
v26,v26_E004,v26_365,NOT_READY
v26,v26_E004,v26_366,NOT_READY
v26,v26_E004,v26_367,NOT_READY
v26,v26_E004,v26_368,READY
v26,v26_E004,v26_369,READY
v26,v26_E004,v26_370,NOT_READY
v26,v26_E004,v26_371,NOT_READY
v26,v26_E004,v26_372,NOT_READY
v26,v26_E004,v26_373,NOT_READY
v26,v26_E004,v26_374,NOT_READY
v26,v26_E004,v26_375,NOT_READY
v26,v26_E004,v26_376,NOT_READY
v26,v26_E004,v26_377,NOT_READY
v26,v26_E004,v26_378,NOT_READY
v26,v26_E004,v26_379,NOT_READY
v26,v26_E004,v26_380,NOT_READY
v26,v26_E004,v26_381,NOT_READY
v26,v26_E004,v26_382,NOT_READY
v26,v26_E004,v26_383,READY
v26,v26_E004,v26_384,READY
v26,v26_E004,v26_385,READY
v26,v26_E004,v26_386,READY
v26,v26_E004,v26_387,NOT_READY
v26,v26_E004,v26_388,NOT_READY
v26,v26_E004,v26_389,NOT_READY
v26,v26_E004,v26_390,NOT_READY
v26,v26_E004,v26_391,NOT_READY
v26,v26_E004,v26_392,NOT_READY
v26,v26_E004,v26_393,NOT_READY
v26,v26_E004,v26_394,NOT_READY
v26,v26_E004,v26_395,NOT_READY
v26,v26_E004,v26_396,NOT_READY
v26,v26_E004,v26_397,NOT_READY
v26,v26_E004,v26_398,NOT_READY
v26,v26_E004,v26_399,NOT_READY
v26,v26_E004,v26_400,READY
v26,v26_E004,v26_401,READY
v26,v26_E004,v26_402,READY
v26,v26_E004,v26_403,READY
v26,v26_E004,v26_404,READY
v26,v26_E004,v26_405,READY
v26,v26_E004,v26_406,READY
v26,v26_E004,v26_407,READY
v26,v26_E004,v26_408,NOT_READY
v26,v26_E004,v26_409,NOT_READY
v26,v26_E004,v26_410,NOT_READY
v26,v26_E004,v26_411,NOT_READY
v26,v26_E004,v26_412,NOT_READY
v26,v26_E004,v26_413,NOT_READY
v26,v26_E004,v26_414,NOT_READY
v26,v26_E004,v26_415,NOT_READY
v26,v26_E004,v26_416,NOT_READY
v26,v26_E004,v26_417,NOT_READY
v26,v26_E004,v26_418,NOT_READY
v26,v26_E004,v26_419,NOT_READY
v26,v26_E004,v26_420,NOT_READY
v26,v26_E004,v26_421,NOT_READY
v26,v26_E004,v26_422,NOT_READY
v26,v26_E004,v26_423,NOT_READY
v26,v26_E004,v26_424,NOT_READY
v26,v26_E004,v26_425,NOT_READY
v26,v26_E004,v26_426,NOT_READY
v26,v26_E004,v26_427,NOT_READY
v26,v26_E004,v26_428,NOT_READY
v26,v26_E004,v26_429,NOT_READY
v26,v26_E004,v26_430,NOT_READY
v26,v26_E004,v26_431,NOT_READY
v26,v26_E004,v26_432,NOT_READY
v26,v26_E004,v26_433,NOT_READY
v26,v26_E004,v26_434,NOT_READY
v26,v26_E004,v26_435,NOT_READY
v26,v26_E004,v26_436,NOT_READY
v26,v26_E004,v26_437,NOT_READY
v26,v26_E004,v26_438,NOT_READY
v26,v26_E004,v26_439,NOT_READY
v26,v26_E004,v26_440,NOT_READY
v26,v26_E004,v26_441,NOT_READY
v26,v26_E004,v26_442,NOT_READY
v26,v26_E004,v26_443,NOT_READY
v26,v26_E004,v26_444,NOT_READY
v26,v26_E004,v26_445,NOT_READY
v26,v26_E004,v26_446,NOT_READY
v26,v26_E004,v26_447,NOT_READY
v26,v26_E004,v26_448,NOT_READY
v26,v26_E004,v26_449,NOT_READY
v26,v26_E004,v26_450,NOT_READY
v26,v26_E004,v26_451,NOT_READY
v26,v26_E004,v26_452,NOT_READY
v26,v26_E004,v26_453,NOT_READY
v26,v26_E004,v26_454,NOT_READY
v26,v26_E004,v26_455,NOT_READY
v26,v26_E004,v26_456,NOT_READY
v26,v26_E004,v26_457,NOT_READY
v26,v26_E004,v26_458,NOT_READY
v26,v26_E004,v26_459,NOT_READY
v26,v26_E004,v26_460,NOT_READY
v26,v26_E004,v26_461,NOT_READY
v26,v26_E004,v26_462,NOT_READY
v26,v26_E004,v26_463,NOT_READY
v26,,v26_464,INVALID
v26,,v26_465,INVALID
v26,,v26_466,INVALID
v26,,v26_467,INVALID
v26,,v26_468,INVALID
v26,,v26_469,INVALID
v26,,v26_470,INVALID
v26,,v26_471,INVALID
v26,,v26_472,INVALID
v26,,v26_473,INVALID
v26,,v26_474,INVALID
v26,,v26_475,INVALID
v26,,v26_476,INVALID
v26,,v26_477,INVALID
v26,,v26_478,INVALID
v26,,v26_479,INVALID
v26,,v26_480,INVALID
v26,,v26_481,INVALID
v26,,v26_482,INVALID
v26,,v26_483,INVALID
v26,,v26_484,INVALID
v26,,v26_485,INVALID
v26,,v26_486,INVALID
v26,,v26_487,INVALID
v26,,v26_488,INVALID
v26,,v26_489,INVALID
v26,,v26_490,INVALID
v26,,v26_491,INVALID
v26,,v26_492,INVALID
v26,,v26_493,INVALID
v26,,v26_494,INVALID
v26,,v26_495,INVALID
v26,v26_E005,v26_496,NOT_READY
v26,v26_E005,v26_497,NOT_READY
v26,v26_E005,v26_498,NOT_READY
v26,v26_E005,v26_499,NOT_READY
v26,v26_E005,v26_500,NOT_READY
v26,v26_E005,v26_501,NOT_READY
v26,v26_E005,v26_502,NOT_READY
v26,v26_E005,v26_503,NOT_READY
v26,v26_E005,v26_504,NOT_READY
v26,v26_E005,v26_505,NOT_READY
v26,v26_E005,v26_506,NOT_READY
v26,v26_E005,v26_507,NOT_READY
v26,v26_E005,v26_508,NOT_READY
v26,v26_E005,v26_509,NOT_READY
v26,v26_E005,v26_510,READY
v26,v26_E005,v26_511,READY
v26,v26_E005,v26_512,READY
v26,v26_E005,v26_513,READY
v26,v26_E005,v26_514,READY
v26,v26_E005,v26_515,READY
v26,v26_E005,v26_516,NOT_READY
v26,v26_E005,v26_517,NOT_READY
v26,v26_E005,v26_518,NOT_READY
v26,v26_E005,v26_519,NOT_READY
v26,v26_E005,v26_520,NOT_READY
v26,v26_E005,v26_521,NOT_READY
v26,v26_E005,v26_522,NOT_READY
v26,v26_E005,v26_523,NOT_READY
v26,v26_E005,v26_524,NOT_READY
v26,v26_E005,v26_525,NOT_READY
v26,v26_E005,v26_526,NOT_READY
v26,v26_E005,v26_527,NOT_READY
v26,v26_E005,v26_528,NOT_READY
v26,v26_E005,v26_529,NOT_READY
v26,v26_E005,v26_530,NOT_READY
v26,v26_E005,v26_531,NOT_READY
v26,v26_E005,v26_532,NOT_READY
v26,v26_E005,v26_533,NOT_READY
v26,v26_E005,v26_534,NOT_READY
v26,v26_E005,v26_535,NOT_READY
v26,v26_E005,v26_536,READY
v26,v26_E005,v26_537,READY
v26,v26_E005,v26_538,READY
v27,v27_E001,v27_001,NOT_READY
v27,v27_E001,v27_002,NOT_READY
v27,v27_E001,v27_003,NOT_READY
v27,v27_E001,v27_004,NOT_READY
v27,v27_E001,v27_005,NOT_READY
v27,v27_E001,v27_006,NOT_READY
v27,v27_E001,v27_007,NOT_READY
v27,v27_E001,v27_008,NOT_READY
v27,v27_E001,v27_009,NOT_READY
v27,v27_E001,v27_010,NOT_READY
v27,v27_E001,v27_011,NOT_READY
v27,v27_E001,v27_012,NOT_READY
v27,v27_E001,v27_013,NOT_READY
v27,v27_E001,v27_014,NOT_READY
v27,v27_E001,v27_015,NOT_READY
v27,v27_E001,v27_016,NOT_READY
v27,v27_E001,v27_017,NOT_READY
v27,v27_E001,v27_018,NOT_READY
v27,v27_E001,v27_019,NOT_READY
v27,v27_E001,v27_020,NOT_READY
v27,v27_E001,v27_021,NOT_READY
v27,v27_E001,v27_022,NOT_READY
v27,v27_E001,v27_023,NOT_READY
v27,v27_E001,v27_024,NOT_READY
v27,v27_E001,v27_025,NOT_READY
v27,v27_E001,v27_026,NOT_READY
v27,v27_E001,v27_027,NOT_READY
v27,v27_E001,v27_028,NOT_READY
v27,v27_E001,v27_029,NOT_READY
v27,v27_E001,v27_030,NOT_READY
v27,v27_E001,v27_031,NOT_READY
v27,v27_E001,v27_032,NOT_READY
v27,v27_E001,v27_033,NOT_READY
v27,v27_E001,v27_034,NOT_READY
v27,v27_E001,v27_035,NOT_READY
v27,v27_E001,v27_036,NOT_READY
v27,v27_E001,v27_037,NOT_READY
v27,v27_E001,v27_038,NOT_READY
v27,v27_E001,v27_039,NOT_READY
v27,v27_E001,v27_040,NOT_READY
v27,v27_E001,v27_041,NOT_READY
v27,v27_E001,v27_042,NOT_READY
v27,v27_E001,v27_043,NOT_READY
v27,v27_E001,v27_044,NOT_READY
v27,v27_E001,v27_045,NOT_READY
v27,v27_E001,v27_046,NOT_READY
v27,v27_E001,v27_047,NOT_READY
v27,v27_E001,v27_048,NOT_READY
v27,v27_E001,v27_049,NOT_READY
v27,v27_E001,v27_050,NOT_READY
v27,v27_E001,v27_051,NOT_READY
v27,v27_E001,v27_052,NOT_READY
v27,v27_E001,v27_053,NOT_READY
v27,v27_E001,v27_054,NOT_READY
v27,v27_E001,v27_055,NOT_READY
v27,v27_E001,v27_056,NOT_READY
v27,v27_E001,v27_057,NOT_READY
v27,v27_E001,v27_058,NOT_READY
v27,v27_E001,v27_059,NOT_READY
v27,v27_E001,v27_060,NOT_READY
v27,v27_E001,v27_061,NOT_READY
v27,v27_E001,v27_062,NOT_READY
v27,v27_E001,v27_063,NOT_READY
v27,v27_E001,v27_064,NOT_READY
v27,v27_E001,v27_065,NOT_READY
v27,v27_E001,v27_066,NOT_READY
v27,v27_E001,v27_067,NOT_READY
v27,v27_E001,v27_068,NOT_READY
v27,v27_E001,v27_069,NOT_READY
v27,v27_E001,v27_070,NOT_READY
v27,v27_E001,v27_071,NOT_READY
v27,v27_E001,v27_072,NOT_READY
v27,v27_E001,v27_073,NOT_READY
v27,v27_E001,v27_074,NOT_READY
v27,v27_E001,v27_075,NOT_READY
v27,v27_E001,v27_076,NOT_READY
v27,v27_E001,v27_077,NOT_READY
v27,v27_E001,v27_078,NOT_READY
v27,v27_E001,v27_079,NOT_READY
v27,v27_E001,v27_080,NOT_READY
v27,v27_E001,v27_081,NOT_READY
v27,v27_E001,v27_082,NOT_READY
v27,v27_E001,v27_083,NOT_READY
v27,v27_E001,v27_084,NOT_READY
v27,v27_E001,v27_085,NOT_READY
v27,v27_E001,v27_086,NOT_READY
v27,v27_E001,v27_087,NOT_READY
v27,v27_E001,v27_088,NOT_READY
v27,v27_E001,v27_089,NOT_READY
v27,v27_E001,v27_090,NOT_READY
v27,v27_E001,v27_091,NOT_READY
v27,v27_E001,v27_092,NOT_READY
v27,v27_E001,v27_093,NOT_READY
v27,v27_E001,v27_094,NOT_READY
v27,v27_E001,v27_095,NOT_READY
v27,v27_E001,v27_096,NOT_READY
v27,v27_E001,v27_097,NOT_READY
v27,,v27_098,INVALID
v27,,v27_099,INVALID
v27,,v27_100,INVALID
v27,,v27_101,INVALID
v27,,v27_102,INVALID
v27,,v27_103,INVALID
v27,,v27_104,INVALID
v27,,v27_105,INVALID
v27,,v27_106,INVALID
v27,,v27_107,INVALID
v27,,v27_108,INVALID
v27,,v27_109,INVALID
v27,,v27_110,INVALID
v27,,v27_111,INVALID
v27,,v27_112,INVALID
v27,,v27_113,INVALID
v27,,v27_114,INVALID
v27,,v27_115,INVALID
v27,,v27_116,INVALID
v27,,v27_117,INVALID
v27,,v27_118,INVALID
v27,,v27_119,INVALID
v27,,v27_120,INVALID
v27,,v27_121,INVALID
v27,,v27_122,INVALID
v27,,v27_123,INVALID
v27,,v27_124,INVALID
v27,,v27_125,INVALID
v27,,v27_126,INVALID
v27,,v27_127,INVALID
v27,,v27_128,INVALID
v27,,v27_129,INVALID
v27,,v27_130,INVALID
v27,,v27_131,INVALID
v27,,v27_132,INVALID
v27,,v27_133,INVALID
v27,,v27_134,INVALID
v27,,v27_135,INVALID
v27,,v27_136,INVALID
v27,,v27_137,INVALID
v27,,v27_138,INVALID
v27,,v27_139,INVALID
v27,v27_E002,v27_140,NOT_READY
v27,v27_E002,v27_141,NOT_READY
v27,v27_E002,v27_142,NOT_READY
v27,v27_E002,v27_143,NOT_READY
v27,v27_E002,v27_144,NOT_READY
v27,v27_E002,v27_145,NOT_READY
v27,v27_E002,v27_146,NOT_READY
v27,v27_E002,v27_147,NOT_READY
v27,v27_E002,v27_148,NOT_READY
v27,v27_E002,v27_149,NOT_READY
v27,v27_E002,v27_150,NOT_READY
v27,v27_E002,v27_151,NOT_READY
v27,v27_E002,v27_152,NOT_READY
v27,v27_E002,v27_153,NOT_READY
v27,v27_E002,v27_154,NOT_READY
v27,v27_E002,v27_155,NOT_READY
v27,v27_E002,v27_156,NOT_READY
v27,v27_E002,v27_157,NOT_READY
v27,v27_E002,v27_158,NOT_READY
v27,v27_E002,v27_159,NOT_READY
v27,v27_E002,v27_160,NOT_READY
v27,v27_E002,v27_161,NOT_READY
v27,v27_E002,v27_162,NOT_READY
v27,v27_E002,v27_163,READY
v27,v27_E002,v27_164,READY
v27,v27_E002,v27_165,READY
v27,v27_E002,v27_166,READY
v27,v27_E002,v27_167,READY
v27,v27_E002,v27_168,READY
v27,v27_E002,v27_169,READY
v27,v27_E002,v27_170,READY
v27,v27_E002,v27_171,READY
v27,v27_E002,v27_172,READY
v27,v27_E002,v27_173,READY
v27,v27_E002,v27_174,NOT_READY
v27,v27_E002,v27_175,NOT_READY
v27,v27_E002,v27_176,NOT_READY
v27,v27_E002,v27_177,NOT_READY
v27,v27_E002,v27_178,NOT_READY
v27,v27_E002,v27_179,NOT_READY
v27,v27_E002,v27_180,NOT_READY
v27,v27_E002,v27_181,NOT_READY
v27,v27_E002,v27_182,NOT_READY
v27,v27_E002,v27_183,NOT_READY
v27,v27_E002,v27_184,NOT_READY
v27,v27_E002,v27_185,NOT_READY
v27,v27_E002,v27_186,NOT_READY
v27,v27_E002,v27_187,NOT_READY
v27,v27_E002,v27_188,NOT_READY
v27,v27_E002,v27_189,NOT_READY
v27,v27_E002,v27_190,NOT_READY
v27,v27_E002,v27_191,READY
v27,v27_E002,v27_192,READY
v27,v27_E002,v27_193,READY
v27,v27_E002,v27_194,READY
v27,v27_E002,v27_195,READY
v27,v27_E002,v27_196,READY
v27,v27_E002,v27_197,NOT_READY
v27,v27_E002,v27_198,NOT_READY
v27,v27_E002,v27_199,NOT_READY
v27,v27_E002,v27_200,NOT_READY
v27,v27_E002,v27_201,NOT_READY
v27,v27_E002,v27_202,NOT_READY
v27,v27_E002,v27_203,NOT_READY
v27,v27_E002,v27_204,NOT_READY
v27,v27_E002,v27_205,NOT_READY
v27,v27_E002,v27_206,NOT_READY
v27,v27_E002,v27_207,NOT_READY
v27,v27_E002,v27_208,NOT_READY
v27,v27_E002,v27_209,NOT_READY
v27,v27_E002,v27_210,NOT_READY
v27,v27_E002,v27_211,NOT_READY
v27,v27_E002,v27_212,NOT_READY
v27,v27_E002,v27_213,NOT_READY
v27,v27_E002,v27_214,NOT_READY
v27,v27_E002,v27_215,NOT_READY
v27,v27_E002,v27_216,NOT_READY
v27,v27_E002,v27_217,NOT_READY
v27,v27_E002,v27_218,NOT_READY
v27,v27_E002,v27_219,NOT_READY
v27,v27_E002,v27_220,NOT_READY
v27,v27_E002,v27_221,NOT_READY
v27,v27_E002,v27_222,NOT_READY
v27,v27_E002,v27_223,NOT_READY
v27,v27_E002,v27_224,NOT_READY
v27,v27_E002,v27_225,NOT_READY
v27,v27_E002,v27_226,NOT_READY
v27,v27_E002,v27_227,NOT_READY
v27,v27_E002,v27_228,NOT_READY
v27,v27_E002,v27_229,NOT_READY
v27,v27_E002,v27_230,NOT_READY
v27,v27_E002,v27_231,NOT_READY
v27,v27_E002,v27_232,NOT_READY
v27,v27_E002,v27_233,NOT_READY
v27,v27_E002,v27_234,NOT_READY
v27,v27_E002,v27_235,NOT_READY
v27,v27_E002,v27_236,NOT_READY
v27,v27_E002,v27_237,NOT_READY
v27,v27_E002,v27_238,READY
v27,v27_E002,v27_239,NOT_READY
v27,v27_E002,v27_240,NOT_READY
v27,v27_E002,v27_241,NOT_READY
v27,v27_E002,v27_242,NOT_READY
v27,v27_E002,v27_243,NOT_READY
v27,v27_E002,v27_244,NOT_READY
v27,v27_E002,v27_245,NOT_READY
v27,v27_E002,v27_246,NOT_READY
v27,v27_E002,v27_247,NOT_READY
v27,v27_E002,v27_248,NOT_READY
v27,v27_E002,v27_249,NOT_READY
v27,v27_E002,v27_250,NOT_READY
v27,v27_E002,v27_251,NOT_READY
v27,v27_E002,v27_252,NOT_READY
v27,v27_E002,v27_253,NOT_READY
v27,v27_E002,v27_254,NOT_READY
v27,v27_E002,v27_255,NOT_READY
v27,v27_E002,v27_256,NOT_READY
v27,v27_E002,v27_257,NOT_READY
v27,v27_E002,v27_258,NOT_READY
v27,v27_E002,v27_259,NOT_READY
v27,v27_E002,v27_260,NOT_READY
v27,v27_E002,v27_261,NOT_READY
v27,v27_E002,v27_262,NOT_READY
v27,v27_E002,v27_263,NOT_READY
v27,v27_E002,v27_264,NOT_READY
v27,v27_E002,v27_265,NOT_READY
v27,v27_E002,v27_266,NOT_READY
v27,v27_E002,v27_267,NOT_READY
v27,v27_E002,v27_268,NOT_READY
v27,v27_E002,v27_269,NOT_READY
v27,v27_E002,v27_270,NOT_READY
v27,v27_E002,v27_271,NOT_READY
v27,v27_E002,v27_272,NOT_READY
v27,v27_E002,v27_273,NOT_READY
v27,v27_E002,v27_274,NOT_READY
v27,v27_E002,v27_275,NOT_READY
v27,v27_E002,v27_276,NOT_READY
v27,v27_E002,v27_277,NOT_READY
v27,v27_E002,v27_278,NOT_READY
v27,v27_E002,v27_279,NOT_READY
v27,v27_E002,v27_280,NOT_READY
v27,v27_E002,v27_281,NOT_READY
v27,v27_E002,v27_282,NOT_READY
v27,v27_E002,v27_283,NOT_READY
v27,v27_E002,v27_284,NOT_READY
v27,v27_E002,v27_285,NOT_READY
v27,v27_E002,v27_286,NOT_READY
v27,v27_E002,v27_287,NOT_READY
v27,v27_E002,v27_288,NOT_READY
v27,v27_E002,v27_289,NOT_READY
v27,v27_E002,v27_290,NOT_READY
v27,v27_E002,v27_291,NOT_READY
v27,v27_E002,v27_292,NOT_READY
v27,,v27_293,INVALID
v27,,v27_294,INVALID
v27,,v27_295,INVALID
v27,,v27_296,INVALID
v27,,v27_297,INVALID
v27,,v27_298,INVALID
v27,,v27_299,INVALID
v27,,v27_300,INVALID
v27,,v27_301,INVALID
v27,,v27_302,INVALID
v27,,v27_303,INVALID
v27,,v27_304,INVALID
v27,,v27_305,INVALID
v27,,v27_306,INVALID
v27,,v27_307,INVALID
v27,,v27_308,INVALID
v27,,v27_309,INVALID
v27,,v27_310,INVALID
v27,,v27_311,INVALID
v27,,v27_312,INVALID
v27,,v27_313,INVALID
v27,,v27_314,INVALID
v27,,v27_315,INVALID
v27,,v27_316,INVALID
v27,,v27_317,INVALID
v27,,v27_318,INVALID
v27,,v27_319,INVALID
v27,,v27_320,INVALID
v27,,v27_321,INVALID
v27,,v27_322,INVALID
v27,,v27_323,INVALID
v27,,v27_324,INVALID
v27,,v27_325,INVALID
v27,,v27_326,INVALID
v27,,v27_327,INVALID
v27,,v27_328,INVALID
v27,,v27_329,INVALID
v27,,v27_330,INVALID
v27,,v27_331,INVALID
v27,,v27_332,INVALID
v27,,v27_333,INVALID
v27,,v27_334,INVALID
v27,,v27_335,INVALID
v27,,v27_336,INVALID
v27,,v27_337,INVALID
v27,,v27_338,INVALID
v27,,v27_339,INVALID
v27,,v27_340,INVALID
v27,v27_E003,v27_341,NOT_READY
v27,v27_E003,v27_342,NOT_READY
v27,v27_E003,v27_343,NOT_READY
v27,v27_E003,v27_344,NOT_READY
v27,v27_E003,v27_345,NOT_READY
v27,v27_E003,v27_346,NOT_READY
v27,v27_E003,v27_347,NOT_READY
v27,v27_E003,v27_348,NOT_READY
v27,v27_E003,v27_349,NOT_READY
v27,v27_E003,v27_350,NOT_READY
v27,v27_E003,v27_351,NOT_READY
v27,v27_E003,v27_352,NOT_READY
v27,v27_E003,v27_353,NOT_READY
v27,v27_E003,v27_354,NOT_READY
v27,v27_E003,v27_355,NOT_READY
v27,v27_E003,v27_356,NOT_READY
v27,v27_E003,v27_357,NOT_READY
v27,v27_E003,v27_358,NOT_READY
v27,v27_E003,v27_359,READY
v27,v27_E003,v27_360,READY
v27,v27_E003,v27_361,READY
v27,v27_E003,v27_362,READY
v27,v27_E003,v27_363,READY
v27,v27_E003,v27_364,READY
v27,v27_E003,v27_365,NOT_READY
v27,v27_E003,v27_366,READY
v27,v27_E003,v27_367,READY
v27,v27_E003,v27_368,READY
v27,v27_E003,v27_369,READY
v27,v27_E003,v27_370,READY
v27,v27_E003,v27_371,READY
v27,v27_E003,v27_372,READY
v27,v27_E003,v27_373,READY
v27,v27_E003,v27_374,READY
v27,v27_E003,v27_375,READY
v27,v27_E003,v27_376,READY
v27,v27_E003,v27_377,READY
v27,v27_E003,v27_378,READY
v27,v27_E003,v27_379,READY
v27,v27_E003,v27_380,READY
v27,v27_E003,v27_381,READY
v27,v27_E003,v27_382,READY
v27,v27_E003,v27_383,READY
v27,v27_E003,v27_384,READY
v27,v27_E003,v27_385,READY
v27,v27_E003,v27_386,READY
v27,v27_E003,v27_387,READY
v27,v27_E003,v27_388,READY
v27,v27_E003,v27_389,READY
v27,v27_E003,v27_390,READY
v27,v27_E003,v27_391,READY
v27,v27_E003,v27_392,READY
v27,v27_E003,v27_393,READY
v27,v27_E003,v27_394,READY
v27,v27_E003,v27_395,READY
v27,v27_E003,v27_396,READY
v27,v27_E003,v27_397,READY
v27,v27_E003,v27_398,READY
v27,v27_E003,v27_399,READY
v27,v27_E003,v27_400,READY
v27,v27_E003,v27_401,READY
v27,v27_E003,v27_402,READY
v27,v27_E003,v27_403,READY
v27,v27_E003,v27_404,READY
v27,v27_E003,v27_405,READY
v27,v27_E003,v27_406,READY
v27,v27_E003,v27_407,READY
v27,v27_E003,v27_408,READY
v27,v27_E003,v27_409,READY
v27,v27_E003,v27_410,READY
v27,v27_E003,v27_411,READY
v27,v27_E003,v27_412,READY
v27,v27_E003,v27_413,READY
v27,v27_E003,v27_414,READY
v27,v27_E003,v27_415,READY
v27,v27_E003,v27_416,READY
v27,v27_E003,v27_417,READY
v27,v27_E003,v27_418,READY
v27,v27_E003,v27_419,READY
v27,v27_E003,v27_420,READY
v27,v27_E003,v27_421,READY
v27,v27_E003,v27_422,READY
v27,v27_E003,v27_423,READY
v27,v27_E003,v27_424,READY
v27,v27_E003,v27_425,READY
v27,v27_E003,v27_426,READY
v27,v27_E003,v27_427,READY
v27,v27_E003,v27_428,READY
v27,v27_E003,v27_429,READY
v27,v27_E003,v27_430,READY
v27,v27_E003,v27_431,READY
v27,v27_E003,v27_432,READY
v27,v27_E003,v27_433,READY
v27,v27_E003,v27_434,READY
v27,v27_E003,v27_435,READY
v27,v27_E003,v27_436,READY
v27,v27_E003,v27_437,READY
v27,v27_E003,v27_438,READY
v27,v27_E003,v27_439,READY
v27,v27_E003,v27_440,READY
v27,v27_E003,v27_441,READY
v27,v27_E003,v27_442,READY
v27,v27_E003,v27_443,READY
v27,v27_E003,v27_444,READY
v27,v27_E003,v27_445,READY
v27,v27_E003,v27_446,READY
v27,v27_E003,v27_447,READY
v27,v27_E003,v27_448,READY
v27,v27_E003,v27_449,READY
v27,v27_E003,v27_450,READY
v27,v27_E003,v27_451,READY
v27,v27_E003,v27_452,READY
v27,v27_E003,v27_453,READY
v27,v27_E003,v27_454,READY
v27,v27_E003,v27_455,READY
v27,v27_E003,v27_456,READY
v27,v27_E003,v27_457,READY
v27,v27_E003,v27_458,READY
v27,v27_E003,v27_459,READY
v27,v27_E003,v27_460,READY
v27,v27_E003,v27_461,READY
v27,v27_E003,v27_462,READY
v27,v27_E003,v27_463,READY
v27,v27_E003,v27_464,READY
v27,v27_E003,v27_465,READY
v27,v27_E003,v27_466,READY
v27,v27_E003,v27_467,READY
v27,v27_E003,v27_468,READY
v27,v27_E003,v27_469,READY
v27,v27_E003,v27_470,READY
v27,v27_E003,v27_471,READY
v27,v27_E003,v27_472,READY
v27,v27_E003,v27_473,READY
v27,v27_E003,v27_474,READY
v27,v27_E003,v27_475,READY
v27,v27_E003,v27_476,READY
v27,v27_E003,v27_477,READY
v27,v27_E003,v27_478,READY
v27,v27_E003,v27_479,READY
v27,v27_E003,v27_480,READY
v27,v27_E003,v27_481,READY
v27,v27_E003,v27_482,READY
v27,v27_E003,v27_483,READY
v27,v27_E003,v27_484,READY
v27,v27_E003,v27_485,READY
v27,v27_E003,v27_486,READY
v27,v27_E003,v27_487,READY
v27,v27_E003,v27_488,READY
v27,v27_E003,v27_489,READY
v27,v27_E003,v27_490,READY
v27,v27_E003,v27_491,READY
v27,v27_E003,v27_492,READY
v27,v27_E003,v27_493,NOT_READY
v27,v27_E003,v27_494,NOT_READY
v27,v27_E003,v27_495,NOT_READY
v27,v27_E003,v27_496,NOT_READY
v27,v27_E003,v27_497,READY
v27,v27_E003,v27_498,READY
v27,v27_E003,v27_499,READY
v27,v27_E003,v27_500,READY
v27,v27_E003,v27_501,READY
v27,v27_E003,v27_502,READY
v27,v27_E003,v27_503,READY
v27,v27_E003,v27_504,READY
v27,v27_E003,v27_505,READY
v27,v27_E003,v27_506,READY
v27,v27_E003,v27_507,READY
v27,v27_E003,v27_508,READY
v27,v27_E003,v27_509,READY
v27,v27_E003,v27_510,READY
v27,v27_E003,v27_511,READY
v27,v27_E003,v27_512,READY
v27,v27_E003,v27_513,READY
v27,v27_E003,v27_514,READY
v27,v27_E003,v27_515,READY
v27,v27_E003,v27_516,READY
v27,v27_E003,v27_517,READY
v27,v27_E003,v27_518,READY
v27,v27_E003,v27_519,READY
v27,v27_E003,v27_520,READY
v27,v27_E003,v27_521,READY
v27,v27_E003,v27_522,READY
v27,v27_E003,v27_523,READY
v27,v27_E003,v27_524,READY
v27,v27_E003,v27_525,READY
v27,v27_E003,v27_526,READY
v27,v27_E003,v27_527,READY
v27,v27_E003,v27_528,READY
v27,v27_E003,v27_529,READY
v27,v27_E003,v27_530,READY
v27,v27_E003,v27_531,READY
v27,v27_E003,v27_532,READY
v27,v27_E003,v27_533,READY
v27,v27_E003,v27_534,READY
v27,v27_E003,v27_535,READY
v27,v27_E003,v27_536,READY
v27,v27_E003,v27_537,READY
v27,v27_E003,v27_538,READY
v27,v27_E003,v27_539,READY
v27,v27_E003,v27_540,READY
v27,v27_E003,v27_541,READY
v27,v27_E003,v27_542,READY
v27,v27_E003,v27_543,READY
v27,v27_E003,v27_544,READY
v28,v28_E001,v28_001,READY
v28,v28_E001,v28_002,READY
v28,v28_E001,v28_003,READY
v28,v28_E001,v28_004,READY
v28,v28_E001,v28_005,READY
v28,v28_E001,v28_006,READY
v28,v28_E001,v28_007,READY
v28,v28_E001,v28_008,READY
v28,v28_E001,v28_009,READY
v28,v28_E001,v28_010,READY
v28,v28_E001,v28_011,READY
v28,v28_E001,v28_012,READY
v28,v28_E001,v28_013,READY
v28,v28_E001,v28_014,READY
v28,v28_E001,v28_015,READY
v28,v28_E001,v28_016,READY
v28,v28_E001,v28_017,READY
v28,v28_E001,v28_018,READY
v28,v28_E001,v28_019,READY
v28,v28_E001,v28_020,READY
v28,v28_E001,v28_021,READY
v28,v28_E001,v28_022,READY
v28,v28_E001,v28_023,READY
v28,v28_E001,v28_024,READY
v28,v28_E001,v28_025,READY
v28,v28_E001,v28_026,READY
v28,v28_E001,v28_027,READY
v28,v28_E001,v28_028,READY
v28,v28_E001,v28_029,READY
v28,v28_E001,v28_030,READY
v28,v28_E001,v28_031,READY
v28,v28_E001,v28_032,READY
v28,v28_E001,v28_033,READY
v28,v28_E001,v28_034,READY
v28,v28_E001,v28_035,READY
v28,v28_E001,v28_036,NOT_READY
v28,v28_E001,v28_037,NOT_READY
v28,v28_E001,v28_038,NOT_READY
v28,v28_E001,v28_039,NOT_READY
v28,v28_E001,v28_040,NOT_READY
v28,v28_E001,v28_041,NOT_READY
v28,v28_E001,v28_042,NOT_READY
v28,v28_E001,v28_043,NOT_READY
v28,v28_E001,v28_044,NOT_READY
v28,v28_E001,v28_045,NOT_READY
v28,v28_E001,v28_046,NOT_READY
v28,v28_E001,v28_047,NOT_READY
v28,v28_E001,v28_048,NOT_READY
v28,v28_E001,v28_049,NOT_READY
v28,v28_E001,v28_050,NOT_READY
v28,v28_E001,v28_051,NOT_READY
v28,v28_E001,v28_052,NOT_READY
v28,v28_E001,v28_053,NOT_READY
v28,v28_E001,v28_054,NOT_READY
v28,v28_E001,v28_055,NOT_READY
v28,v28_E001,v28_056,NOT_READY
v28,v28_E001,v28_057,NOT_READY
v28,v28_E001,v28_058,NOT_READY
v28,v28_E001,v28_059,NOT_READY
v28,v28_E001,v28_060,NOT_READY
v28,v28_E001,v28_061,NOT_READY
v28,v28_E001,v28_062,NOT_READY
v28,v28_E001,v28_063,NOT_READY
v28,v28_E001,v28_064,NOT_READY
v28,,v28_065,INVALID
v28,,v28_066,INVALID
v28,,v28_067,INVALID
v28,,v28_068,INVALID
v28,,v28_069,INVALID
v28,,v28_070,INVALID
v28,,v28_071,INVALID
v28,,v28_072,INVALID
v28,,v28_073,INVALID
v28,,v28_074,INVALID
v28,,v28_075,INVALID
v28,v28_E002,v28_076,NOT_READY
v28,v28_E002,v28_077,NOT_READY
v28,v28_E002,v28_078,NOT_READY
v28,v28_E002,v28_079,NOT_READY
v28,v28_E002,v28_080,NOT_READY
v28,v28_E002,v28_081,NOT_READY
v28,v28_E002,v28_082,NOT_READY
v28,v28_E002,v28_083,NOT_READY
v28,v28_E002,v28_084,NOT_READY
v28,v28_E002,v28_085,NOT_READY
v28,v28_E002,v28_086,NOT_READY
v28,v28_E002,v28_087,NOT_READY
v28,v28_E002,v28_088,NOT_READY
v28,v28_E002,v28_089,NOT_READY
v28,v28_E002,v28_090,NOT_READY
v28,v28_E002,v28_091,NOT_READY
v28,v28_E002,v28_092,NOT_READY
v28,v28_E002,v28_093,NOT_READY
v28,v28_E002,v28_094,NOT_READY
v28,v28_E002,v28_095,NOT_READY
v28,v28_E002,v28_096,NOT_READY
v28,v28_E002,v28_097,NOT_READY
v28,v28_E002,v28_098,NOT_READY
v28,v28_E002,v28_099,NOT_READY
v28,v28_E002,v28_100,NOT_READY
v28,v28_E002,v28_101,NOT_READY
v28,v28_E002,v28_102,NOT_READY
v28,v28_E002,v28_103,NOT_READY
v28,v28_E002,v28_104,NOT_READY
v28,v28_E002,v28_105,NOT_READY
v28,v28_E002,v28_106,NOT_READY
v28,v28_E002,v28_107,NOT_READY
v28,v28_E002,v28_108,NOT_READY
v28,v28_E002,v28_109,NOT_READY
v28,v28_E002,v28_110,READY
v28,v28_E002,v28_111,READY
v28,v28_E002,v28_112,NOT_READY
v28,v28_E002,v28_113,NOT_READY
v28,v28_E002,v28_114,NOT_READY
v28,v28_E002,v28_115,NOT_READY
v28,v28_E002,v28_116,NOT_READY
v28,v28_E002,v28_117,NOT_READY
v28,v28_E002,v28_118,NOT_READY
v28,v28_E002,v28_119,NOT_READY
v28,v28_E002,v28_120,NOT_READY
v28,v28_E002,v28_121,NOT_READY
v28,v28_E002,v28_122,NOT_READY
v28,v28_E002,v28_123,NOT_READY
v28,v28_E002,v28_124,NOT_READY
v28,v28_E002,v28_125,NOT_READY
v28,v28_E002,v28_126,NOT_READY
v28,v28_E002,v28_127,NOT_READY
v28,v28_E002,v28_128,NOT_READY
v28,v28_E002,v28_129,NOT_READY
v28,v28_E002,v28_130,NOT_READY
v28,v28_E002,v28_131,NOT_READY
v28,v28_E002,v28_132,NOT_READY
v28,v28_E002,v28_133,NOT_READY
v28,v28_E002,v28_134,NOT_READY
v28,v28_E002,v28_135,NOT_READY
v28,v28_E002,v28_136,NOT_READY
v28,v28_E002,v28_137,NOT_READY
v28,v28_E002,v28_138,NOT_READY
v28,v28_E002,v28_139,NOT_READY
v28,v28_E002,v28_140,NOT_READY
v28,v28_E002,v28_141,NOT_READY
v28,v28_E002,v28_142,NOT_READY
v28,v28_E002,v28_143,NOT_READY
v28,v28_E002,v28_144,NOT_READY
v28,v28_E002,v28_145,NOT_READY
v28,v28_E002,v28_146,NOT_READY
v28,v28_E002,v28_147,NOT_READY
v28,v28_E002,v28_148,NOT_READY
v28,v28_E002,v28_149,NOT_READY
v28,v28_E002,v28_150,NOT_READY
v28,v28_E002,v28_151,NOT_READY
v28,v28_E002,v28_152,NOT_READY
v28,v28_E002,v28_153,NOT_READY
v28,v28_E002,v28_154,NOT_READY
v28,v28_E002,v28_155,NOT_READY
v28,v28_E002,v28_156,NOT_READY
v28,v28_E002,v28_157,NOT_READY
v28,,v28_158,INVALID
v28,,v28_159,INVALID
v28,,v28_160,INVALID
v28,,v28_161,INVALID
v28,,v28_162,INVALID
v28,,v28_163,INVALID
v28,,v28_164,INVALID
v28,,v28_165,INVALID
v28,,v28_166,INVALID
v28,,v28_167,INVALID
v28,,v28_168,INVALID
v28,,v28_169,INVALID
v28,,v28_170,INVALID
v28,,v28_171,INVALID
v28,,v28_172,INVALID
v28,,v28_173,INVALID
v28,,v28_174,INVALID
v28,,v28_175,INVALID
v28,,v28_176,INVALID
v28,,v28_177,INVALID
v28,,v28_178,INVALID
v28,,v28_179,INVALID
v28,,v28_180,INVALID
v28,,v28_181,INVALID
v28,,v28_182,INVALID
v28,,v28_183,INVALID
v28,,v28_184,INVALID
v28,,v28_185,INVALID
v28,,v28_186,INVALID
v28,v28_E003,v28_187,NOT_READY
v28,v28_E003,v28_188,NOT_READY
v28,v28_E003,v28_189,NOT_READY
v28,v28_E003,v28_190,NOT_READY
v28,v28_E003,v28_191,NOT_READY
v28,v28_E003,v28_192,NOT_READY
v28,v28_E003,v28_193,NOT_READY
v28,v28_E003,v28_194,NOT_READY
v28,v28_E003,v28_195,NOT_READY
v28,v28_E003,v28_196,NOT_READY
v28,v28_E003,v28_197,NOT_READY
v28,v28_E003,v28_198,NOT_READY
v28,v28_E003,v28_199,NOT_READY
v28,v28_E003,v28_200,NOT_READY
v28,v28_E003,v28_201,NOT_READY
v28,v28_E003,v28_202,NOT_READY
v28,v28_E003,v28_203,NOT_READY
v28,v28_E003,v28_204,READY
v28,v28_E003,v28_205,NOT_READY
v28,v28_E003,v28_206,NOT_READY
v28,v28_E003,v28_207,NOT_READY
v28,v28_E003,v28_208,NOT_READY
v28,v28_E003,v28_209,NOT_READY
v28,v28_E003,v28_210,NOT_READY
v28,v28_E003,v28_211,NOT_READY
v28,v28_E003,v28_212,NOT_READY
v28,v28_E003,v28_213,NOT_READY
v28,v28_E003,v28_214,NOT_READY
v28,v28_E003,v28_215,NOT_READY
v28,v28_E003,v28_216,NOT_READY
v28,v28_E003,v28_217,NOT_READY
v28,v28_E003,v28_218,NOT_READY
v28,v28_E003,v28_219,NOT_READY
v28,v28_E003,v28_220,NOT_READY
v28,v28_E003,v28_221,NOT_READY
v28,v28_E003,v28_222,NOT_READY
v28,v28_E003,v28_223,NOT_READY
v28,v28_E003,v28_224,NOT_READY
v28,v28_E003,v28_225,NOT_READY
v28,v28_E003,v28_226,NOT_READY
v28,v28_E003,v28_227,NOT_READY
v28,v28_E003,v28_228,NOT_READY
v28,v28_E003,v28_229,NOT_READY
v28,v28_E003,v28_230,NOT_READY
v28,v28_E003,v28_231,NOT_READY
v28,v28_E003,v28_232,NOT_READY
v28,v28_E003,v28_233,NOT_READY
v28,v28_E003,v28_234,NOT_READY
v28,v28_E003,v28_235,NOT_READY
v28,v28_E003,v28_236,NOT_READY
v28,v28_E003,v28_237,NOT_READY
v28,v28_E003,v28_238,NOT_READY
v28,v28_E003,v28_239,NOT_READY
v28,v28_E003,v28_240,NOT_READY
v28,v28_E003,v28_241,NOT_READY
v28,v28_E003,v28_242,NOT_READY
v28,v28_E003,v28_243,NOT_READY
v28,v28_E003,v28_244,NOT_READY
v28,v28_E003,v28_245,NOT_READY
v28,v28_E003,v28_246,NOT_READY
v28,v28_E003,v28_247,NOT_READY
v28,v28_E003,v28_248,NOT_READY
v28,v28_E003,v28_249,NOT_READY
v28,v28_E003,v28_250,NOT_READY
v28,v28_E003,v28_251,NOT_READY
v28,v28_E003,v28_252,NOT_READY
v28,v28_E003,v28_253,NOT_READY
v28,v28_E003,v28_254,NOT_READY
v28,v28_E003,v28_255,NOT_READY
v28,,v28_256,INVALID
v28,,v28_257,INVALID
v28,,v28_258,INVALID
v28,,v28_259,INVALID
v28,,v28_260,INVALID
v28,,v28_261,INVALID
v28,,v28_262,INVALID
v28,,v28_263,INVALID
v28,,v28_264,INVALID
v28,,v28_265,INVALID
v28,,v28_266,INVALID
v28,,v28_267,INVALID
v28,,v28_268,INVALID
v28,,v28_269,INVALID
v28,,v28_270,INVALID
v28,,v28_271,INVALID
v28,,v28_272,INVALID
v28,,v28_273,INVALID
v28,,v28_274,INVALID
v28,v28_E004,v28_275,NOT_READY
v28,v28_E004,v28_276,NOT_READY
v28,v28_E004,v28_277,NOT_READY
v28,v28_E004,v28_278,NOT_READY
v28,v28_E004,v28_279,NOT_READY
v28,v28_E004,v28_280,NOT_READY
v28,v28_E004,v28_281,NOT_READY
v28,v28_E004,v28_282,NOT_READY
v28,v28_E004,v28_283,NOT_READY
v28,v28_E004,v28_284,NOT_READY
v28,v28_E004,v28_285,READY
v28,v28_E004,v28_286,READY
v28,v28_E004,v28_287,READY
v28,v28_E004,v28_288,READY
v28,v28_E004,v28_289,READY
v28,v28_E004,v28_290,READY
v28,v28_E004,v28_291,READY
v28,v28_E004,v28_292,READY
v28,v28_E004,v28_293,READY
v28,v28_E004,v28_294,NOT_READY
v28,v28_E004,v28_295,NOT_READY
v28,v28_E004,v28_296,NOT_READY
v28,v28_E004,v28_297,NOT_READY
v28,v28_E004,v28_298,NOT_READY
v28,v28_E004,v28_299,NOT_READY
v28,v28_E004,v28_300,NOT_READY
v28,v28_E004,v28_301,NOT_READY
v28,v28_E004,v28_302,NOT_READY
v28,v28_E004,v28_303,NOT_READY
v28,v28_E004,v28_304,NOT_READY
v28,v28_E004,v28_305,NOT_READY
v28,v28_E004,v28_306,NOT_READY
v28,v28_E004,v28_307,NOT_READY
v28,v28_E004,v28_308,NOT_READY
v28,v28_E004,v28_309,NOT_READY
v28,v28_E004,v28_310,NOT_READY
v28,v28_E004,v28_311,NOT_READY
v28,v28_E004,v28_312,NOT_READY
v28,v28_E004,v28_313,NOT_READY
v28,v28_E004,v28_314,NOT_READY
v28,v28_E004,v28_315,NOT_READY
v28,v28_E004,v28_316,NOT_READY
v28,v28_E004,v28_317,NOT_READY
v28,v28_E004,v28_318,NOT_READY
v28,v28_E004,v28_319,NOT_READY
v28,v28_E004,v28_320,NOT_READY
v28,v28_E004,v28_321,NOT_READY
v28,v28_E004,v28_322,NOT_READY
v28,v28_E004,v28_323,NOT_READY
v28,v28_E004,v28_324,NOT_READY
v28,v28_E004,v28_325,NOT_READY
v28,v28_E004,v28_326,NOT_READY
v28,v28_E004,v28_327,NOT_READY
v28,v28_E004,v28_328,NOT_READY
v28,v28_E004,v28_329,NOT_READY
v28,v28_E004,v28_330,NOT_READY
v28,v28_E004,v28_331,NOT_READY
v28,v28_E004,v28_332,NOT_READY
v28,v28_E004,v28_333,NOT_READY
v28,v28_E004,v28_334,NOT_READY
v28,v28_E004,v28_335,NOT_READY
v28,v28_E004,v28_336,NOT_READY
v28,v28_E004,v28_337,NOT_READY
v28,v28_E004,v28_338,NOT_READY
v28,v28_E004,v28_339,NOT_READY
v28,,v28_340,INVALID
v28,,v28_341,INVALID
v28,,v28_342,INVALID
v28,,v28_343,INVALID
v28,,v28_344,INVALID
v28,,v28_345,INVALID
v28,,v28_346,INVALID
v28,,v28_347,INVALID
v28,,v28_348,INVALID
v28,,v28_349,INVALID
v28,,v28_350,INVALID
v28,,v28_351,INVALID
v28,,v28_352,INVALID
v28,,v28_353,INVALID
v28,,v28_354,INVALID
v28,,v28_355,INVALID
v28,,v28_356,INVALID
v28,,v28_357,INVALID
v28,,v28_358,INVALID
v28,,v28_359,INVALID
v28,,v28_360,INVALID
v28,,v28_361,INVALID
v28,,v28_362,INVALID
v28,,v28_363,INVALID
v28,v28_E005,v28_364,NOT_READY
v28,v28_E005,v28_365,NOT_READY
v28,v28_E005,v28_366,NOT_READY
v28,v28_E005,v28_367,NOT_READY
v28,v28_E005,v28_368,NOT_READY
v28,v28_E005,v28_369,NOT_READY
v28,v28_E005,v28_370,NOT_READY
v28,v28_E005,v28_371,NOT_READY
v28,v28_E005,v28_372,NOT_READY
v28,v28_E005,v28_373,NOT_READY
v28,v28_E005,v28_374,NOT_READY
v28,v28_E005,v28_375,NOT_READY
v28,v28_E005,v28_376,NOT_READY
v28,v28_E005,v28_377,NOT_READY
v28,v28_E005,v28_378,NOT_READY
v28,v28_E005,v28_379,NOT_READY
v28,v28_E005,v28_380,NOT_READY
v28,v28_E005,v28_381,READY
v28,v28_E005,v28_382,NOT_READY
v28,v28_E005,v28_383,NOT_READY
v28,v28_E005,v28_384,NOT_READY
v28,v28_E005,v28_385,NOT_READY
v28,v28_E005,v28_386,NOT_READY
v28,v28_E005,v28_387,NOT_READY
v28,v28_E005,v28_388,NOT_READY
v28,v28_E005,v28_389,NOT_READY
v28,v28_E005,v28_390,NOT_READY
v28,v28_E005,v28_391,NOT_READY
v28,v28_E005,v28_392,NOT_READY
v28,v28_E005,v28_393,NOT_READY
v28,v28_E005,v28_394,NOT_READY
v28,v28_E005,v28_395,NOT_READY
v28,v28_E005,v28_396,NOT_READY
v28,v28_E005,v28_397,NOT_READY
v28,v28_E005,v28_398,NOT_READY
v28,v28_E005,v28_399,NOT_READY
v28,v28_E005,v28_400,NOT_READY
v28,v28_E005,v28_401,NOT_READY
v28,v28_E005,v28_402,NOT_READY
v28,v28_E005,v28_403,NOT_READY
v28,v28_E005,v28_404,NOT_READY
v28,v28_E005,v28_405,NOT_READY
v28,v28_E005,v28_406,NOT_READY
v28,v28_E005,v28_407,NOT_READY
v28,v28_E005,v28_408,NOT_READY
v28,v28_E005,v28_409,NOT_READY
v28,v28_E005,v28_410,NOT_READY
v28,v28_E005,v28_411,NOT_READY
v28,v28_E005,v28_412,NOT_READY
v28,v28_E005,v28_413,NOT_READY
v28,v28_E005,v28_414,NOT_READY
v28,v28_E005,v28_415,NOT_READY
v28,v28_E005,v28_416,NOT_READY
v28,v28_E005,v28_417,NOT_READY
v28,v28_E005,v28_418,NOT_READY
v28,v28_E005,v28_419,NOT_READY
v28,v28_E005,v28_420,NOT_READY
v28,v28_E005,v28_421,NOT_READY
v28,v28_E005,v28_422,NOT_READY
v28,v28_E005,v28_423,NOT_READY
v28,v28_E005,v28_424,NOT_READY
v28,v28_E005,v28_425,NOT_READY
v28,v28_E005,v28_426,NOT_READY
v28,v28_E005,v28_427,NOT_READY
v28,v28_E005,v28_428,NOT_READY
v28,v28_E005,v28_429,NOT_READY
v28,v28_E005,v28_430,NOT_READY
v28,v28_E005,v28_431,NOT_READY
v28,v28_E005,v28_432,NOT_READY
v28,v28_E005,v28_433,NOT_READY
v28,,v28_434,INVALID
v28,,v28_435,INVALID
v28,,v28_436,INVALID
v28,,v28_437,INVALID
v28,,v28_438,INVALID
v28,,v28_439,INVALID
v28,,v28_440,INVALID
v28,,v28_441,INVALID
v28,,v28_442,INVALID
v28,,v28_443,INVALID
v28,,v28_444,INVALID
v28,,v28_445,INVALID
v28,,v28_446,INVALID
v28,,v28_447,INVALID
v28,v28_E006,v28_448,NOT_READY
v28,v28_E006,v28_449,NOT_READY
v28,v28_E006,v28_450,READY
v28,v28_E006,v28_451,READY
v28,v28_E006,v28_452,READY
v28,v28_E006,v28_453,READY
v28,v28_E006,v28_454,READY
v28,v28_E006,v28_455,READY
v28,v28_E006,v28_456,READY
v28,v28_E006,v28_457,READY
v28,v28_E006,v28_458,READY
v28,v28_E006,v28_459,READY
v28,v28_E006,v28_460,READY
v28,v28_E006,v28_461,READY
v28,v28_E006,v28_462,READY
v28,v28_E006,v28_463,READY
v28,v28_E006,v28_464,READY
v28,v28_E006,v28_465,READY
v28,v28_E006,v28_466,NOT_READY
v28,v28_E006,v28_467,NOT_READY
v28,v28_E006,v28_468,NOT_READY
v28,v28_E006,v28_469,NOT_READY
v28,v28_E006,v28_470,NOT_READY
v28,v28_E006,v28_471,NOT_READY
v28,v28_E006,v28_472,NOT_READY
v28,v28_E006,v28_473,NOT_READY
v28,v28_E006,v28_474,NOT_READY
v28,v28_E006,v28_475,NOT_READY
v28,v28_E006,v28_476,NOT_READY
v28,v28_E006,v28_477,NOT_READY
v28,v28_E006,v28_478,NOT_READY
v28,v28_E006,v28_479,NOT_READY
v28,v28_E006,v28_480,NOT_READY
v28,v28_E006,v28_481,NOT_READY
v28,v28_E006,v28_482,NOT_READY
v28,v28_E006,v28_483,NOT_READY
v28,v28_E006,v28_484,NOT_READY
v28,v28_E006,v28_485,NOT_READY
v28,v28_E006,v28_486,NOT_READY
v28,v28_E006,v28_487,NOT_READY
v28,v28_E006,v28_488,NOT_READY
v28,v28_E006,v28_489,NOT_READY
v28,v28_E006,v28_490,NOT_READY
v28,v28_E006,v28_491,NOT_READY
v28,v28_E006,v28_492,NOT_READY
v28,v28_E006,v28_493,NOT_READY
v28,v28_E006,v28_494,NOT_READY
v28,v28_E006,v28_495,NOT_READY
v28,v28_E006,v28_496,NOT_READY
v28,v28_E006,v28_497,NOT_READY
v28,v28_E006,v28_498,NOT_READY
v28,v28_E006,v28_499,NOT_READY
v28,v28_E006,v28_500,NOT_READY
v28,v28_E006,v28_501,NOT_READY
v28,v28_E006,v28_502,NOT_READY
v28,v28_E006,v28_503,NOT_READY
v28,v28_E006,v28_504,NOT_READY
v28,v28_E006,v28_505,NOT_READY
v28,v28_E006,v28_506,NOT_READY
v28,v28_E006,v28_507,NOT_READY
v28,v28_E006,v28_508,NOT_READY
v28,v28_E006,v28_509,NOT_READY
v28,v28_E006,v28_510,NOT_READY
v28,v28_E006,v28_511,NOT_READY
v28,v28_E006,v28_512,NOT_READY
v28,,v28_513,INVALID
v28,,v28_514,INVALID
v28,,v28_515,INVALID
v28,,v28_516,INVALID
v28,,v28_517,INVALID
v28,,v28_518,INVALID
v28,,v28_519,INVALID
v28,,v28_520,INVALID
v28,,v28_521,INVALID
v28,,v28_522,INVALID
v28,,v28_523,INVALID
v28,,v28_524,INVALID
v28,,v28_525,INVALID
v28,,v28_526,INVALID
v28,,v28_527,INVALID
v28,,v28_528,INVALID
v28,,v28_529,INVALID
v28,,v28_530,INVALID
v28,,v28_531,INVALID
v28,v28_E007,v28_532,NOT_READY
v28,v28_E007,v28_533,NOT_READY
v28,v28_E007,v28_534,NOT_READY
v28,v28_E007,v28_535,NOT_READY
v28,v28_E007,v28_536,NOT_READY
v28,v28_E007,v28_537,NOT_READY
v28,v28_E007,v28_538,NOT_READY
v28,v28_E007,v28_539,NOT_READY
v28,v28_E007,v28_540,NOT_READY
v28,v28_E007,v28_541,NOT_READY
v28,v28_E007,v28_542,NOT_READY
v28,v28_E007,v28_543,NOT_READY
v28,v28_E007,v28_544,NOT_READY
v28,v28_E007,v28_545,NOT_READY
v28,v28_E007,v28_546,NOT_READY
v28,v28_E007,v28_547,NOT_READY
v28,v28_E007,v28_548,NOT_READY
v28,v28_E007,v28_549,NOT_READY
v28,v28_E007,v28_550,NOT_READY
v28,v28_E007,v28_551,NOT_READY
v28,v28_E007,v28_552,NOT_READY
v28,v28_E007,v28_553,NOT_READY
v28,v28_E007,v28_554,NOT_READY
v28,v28_E007,v28_555,NOT_READY
v28,v28_E007,v28_556,NOT_READY
v28,v28_E007,v28_557,NOT_READY
v28,v28_E007,v28_558,NOT_READY
v28,v28_E007,v28_559,NOT_READY
v28,v28_E007,v28_560,NOT_READY
v28,v28_E007,v28_561,NOT_READY
v28,v28_E007,v28_562,NOT_READY
v28,v28_E007,v28_563,NOT_READY
v28,v28_E007,v28_564,NOT_READY
v28,v28_E007,v28_565,NOT_READY
v28,v28_E007,v28_566,NOT_READY
v28,v28_E007,v28_567,NOT_READY
v28,v28_E007,v28_568,NOT_READY
v28,v28_E007,v28_569,NOT_READY
v28,v28_E007,v28_570,NOT_READY
v28,v28_E007,v28_571,NOT_READY
v28,v28_E007,v28_572,NOT_READY
v28,v28_E007,v28_573,NOT_READY
v28,v28_E007,v28_574,NOT_READY
v28,v28_E007,v28_575,NOT_READY
v28,v28_E007,v28_576,NOT_READY
v28,v28_E007,v28_577,NOT_READY
v28,v28_E007,v28_578,NOT_READY
v28,v28_E007,v28_579,NOT_READY
v28,v28_E007,v28_580,NOT_READY
v28,v28_E007,v28_581,NOT_READY
v28,v28_E007,v28_582,NOT_READY
v28,v28_E007,v28_583,NOT_READY
v28,v28_E007,v28_584,NOT_READY
v28,v28_E007,v28_585,NOT_READY
v28,v28_E007,v28_586,NOT_READY
v28,v28_E007,v28_587,NOT_READY
v28,v28_E007,v28_588,NOT_READY
v28,v28_E007,v28_589,NOT_READY
v28,v28_E007,v28_590,NOT_READY
v28,v28_E007,v28_591,NOT_READY
v28,v28_E007,v28_592,NOT_READY
v28,v28_E007,v28_593,NOT_READY
v28,v28_E007,v28_594,NOT_READY
v28,v28_E007,v28_595,NOT_READY
v28,v28_E007,v28_596,NOT_READY
v28,v28_E007,v28_597,NOT_READY
v28,v28_E007,v28_598,NOT_READY
v28,v28_E007,v28_599,NOT_READY
v28,,v28_600,INVALID
v28,,v28_601,INVALID
v28,,v28_602,INVALID
v28,,v28_603,INVALID
v28,,v28_604,INVALID
v28,,v28_605,INVALID
v28,,v28_606,INVALID
v28,,v28_607,INVALID
v28,,v28_608,INVALID
v28,,v28_609,INVALID
v28,,v28_610,INVALID
v28,,v28_611,INVALID
v28,,v28_612,INVALID
v28,,v28_613,INVALID
v28,,v28_614,INVALID
v28,,v28_615,INVALID
v28,,v28_616,INVALID
v28,,v28_617,INVALID
v28,,v28_618,INVALID
v28,,v28_619,INVALID
v28,,v28_620,INVALID
v28,,v28_621,INVALID
v28,,v28_622,INVALID
v28,,v28_623,INVALID
v28,v28_E008,v28_624,NOT_READY
v28,v28_E008,v28_625,NOT_READY
v28,v28_E008,v28_626,READY
v28,v28_E008,v28_627,READY
v28,v28_E008,v28_628,READY
v28,v28_E008,v28_629,READY
v28,v28_E008,v28_630,NOT_READY
v28,v28_E008,v28_631,NOT_READY
v28,v28_E008,v28_632,NOT_READY
v28,v28_E008,v28_633,NOT_READY
v28,v28_E008,v28_634,NOT_READY
v28,v28_E008,v28_635,NOT_READY
v28,v28_E008,v28_636,NOT_READY
v28,v28_E008,v28_637,NOT_READY
v28,v28_E008,v28_638,NOT_READY
v28,v28_E008,v28_639,NOT_READY
v28,v28_E008,v28_640,NOT_READY
v28,v28_E008,v28_641,NOT_READY
v28,v28_E008,v28_642,NOT_READY
v28,v28_E008,v28_643,NOT_READY
v28,v28_E008,v28_644,NOT_READY
v28,v28_E008,v28_645,NOT_READY
v28,v28_E008,v28_646,NOT_READY
v28,v28_E008,v28_647,NOT_READY
v28,v28_E008,v28_648,NOT_READY
v28,v28_E008,v28_649,NOT_READY
v28,v28_E008,v28_650,NOT_READY
v28,v28_E008,v28_651,NOT_READY
v28,v28_E008,v28_652,NOT_READY
v28,v28_E008,v28_653,NOT_READY
v28,v28_E008,v28_654,NOT_READY
v28,v28_E008,v28_655,NOT_READY
v28,v28_E008,v28_656,NOT_READY
v28,v28_E008,v28_657,NOT_READY
v28,v28_E008,v28_658,NOT_READY
v28,v28_E008,v28_659,NOT_READY
v28,v28_E008,v28_660,NOT_READY
v28,v28_E008,v28_661,NOT_READY
v28,v28_E008,v28_662,NOT_READY
v28,v28_E008,v28_663,NOT_READY
v28,v28_E008,v28_664,NOT_READY
v28,v28_E008,v28_665,NOT_READY
v28,v28_E008,v28_666,NOT_READY
v28,v28_E008,v28_667,NOT_READY
v28,v28_E008,v28_668,NOT_READY
v28,v28_E008,v28_669,NOT_READY
v28,v28_E008,v28_670,NOT_READY
v28,v28_E008,v28_671,NOT_READY
v28,v28_E008,v28_672,NOT_READY
v28,v28_E008,v28_673,NOT_READY
v28,v28_E008,v28_674,NOT_READY
v28,v28_E008,v28_675,NOT_READY
v28,v28_E008,v28_676,NOT_READY
v28,v28_E008,v28_677,NOT_READY
v28,,v28_678,INVALID
v28,,v28_679,INVALID
v28,,v28_680,INVALID
v28,,v28_681,INVALID
v28,,v28_682,INVALID
v28,,v28_683,INVALID
v28,,v28_684,INVALID
v28,,v28_685,INVALID
v28,,v28_686,INVALID
v28,,v28_687,INVALID
v28,,v28_688,INVALID
v28,,v28_689,INVALID
v28,,v28_690,INVALID
v28,,v28_691,INVALID
v28,,v28_692,INVALID
v28,,v28_693,INVALID
v28,,v28_694,INVALID
v28,,v28_695,INVALID
v28,,v28_696,INVALID
v28,,v28_697,INVALID
v28,,v28_698,INVALID
v28,,v28_699,INVALID
v28,,v28_700,INVALID
v28,,v28_701,INVALID
v28,,v28_702,INVALID
v28,v28_E009,v28_703,NOT_READY
v28,v28_E009,v28_704,NOT_READY
v28,v28_E009,v28_705,NOT_READY
v28,v28_E009,v28_706,NOT_READY
v28,v28_E009,v28_707,NOT_READY
v28,v28_E009,v28_708,NOT_READY
v28,v28_E009,v28_709,NOT_READY
v28,v28_E009,v28_710,READY
v28,v28_E009,v28_711,READY
v28,v28_E009,v28_712,READY
v28,v28_E009,v28_713,READY
v28,v28_E009,v28_714,READY
v28,v28_E009,v28_715,NOT_READY
v28,v28_E009,v28_716,NOT_READY
v28,v28_E009,v28_717,NOT_READY
v28,v28_E009,v28_718,NOT_READY
v28,v28_E009,v28_719,NOT_READY
v28,v28_E009,v28_720,NOT_READY
v28,v28_E009,v28_721,NOT_READY
v28,v28_E009,v28_722,NOT_READY
v28,v28_E009,v28_723,NOT_READY
v28,v28_E009,v28_724,NOT_READY
v28,v28_E009,v28_725,NOT_READY
v28,v28_E009,v28_726,NOT_READY
v28,v28_E009,v28_727,NOT_READY
v28,v28_E009,v28_728,NOT_READY
v28,v28_E009,v28_729,NOT_READY
v28,v28_E009,v28_730,NOT_READY
v28,v28_E009,v28_731,NOT_READY
v28,v28_E009,v28_732,NOT_READY
v28,v28_E009,v28_733,NOT_READY
v28,v28_E009,v28_734,NOT_READY
v28,v28_E009,v28_735,NOT_READY
v28,v28_E009,v28_736,NOT_READY
v28,v28_E009,v28_737,NOT_READY
v28,v28_E009,v28_738,NOT_READY
v28,v28_E009,v28_739,NOT_READY
v28,v28_E009,v28_740,NOT_READY
v28,v28_E009,v28_741,NOT_READY
v28,v28_E009,v28_742,NOT_READY
v28,v28_E009,v28_743,NOT_READY
v28,v28_E009,v28_744,NOT_READY
v28,v28_E009,v28_745,NOT_READY
v28,v28_E009,v28_746,NOT_READY
v28,v28_E009,v28_747,NOT_READY
v28,v28_E009,v28_748,NOT_READY
v28,v28_E009,v28_749,NOT_READY
v28,v28_E009,v28_750,NOT_READY
v28,v28_E009,v28_751,NOT_READY
v28,v28_E009,v28_752,NOT_READY
v28,v28_E009,v28_753,NOT_READY
v28,v28_E009,v28_754,NOT_READY
v28,v28_E009,v28_755,NOT_READY
v28,v28_E009,v28_756,NOT_READY
v28,v28_E009,v28_757,NOT_READY
v28,v28_E009,v28_758,NOT_READY
v28,v28_E009,v28_759,NOT_READY
v28,v28_E009,v28_760,NOT_READY
v28,v28_E009,v28_761,NOT_READY
v28,v28_E009,v28_762,NOT_READY
v28,v28_E009,v28_763,NOT_READY
v28,v28_E009,v28_764,NOT_READY
v28,v28_E009,v28_765,NOT_READY
v28,v28_E009,v28_766,NOT_READY
v28,v28_E009,v28_767,NOT_READY
v28,v28_E009,v28_768,NOT_READY
v28,v28_E009,v28_769,NOT_READY
v28,v28_E009,v28_770,NOT_READY
v28,v28_E009,v28_771,NOT_READY
v28,v28_E009,v28_772,NOT_READY
v28,,v28_773,INVALID
v28,,v28_774,INVALID
v28,,v28_775,INVALID
v28,,v28_776,INVALID
v28,,v28_777,INVALID
v28,,v28_778,INVALID
v28,,v28_779,INVALID
v28,,v28_780,INVALID
v28,,v28_781,INVALID
v28,,v28_782,INVALID
v28,,v28_783,INVALID
v28,,v28_784,INVALID
v28,,v28_785,INVALID
v28,,v28_786,INVALID
v28,,v28_787,INVALID
v28,,v28_788,INVALID
v28,,v28_789,INVALID
v28,,v28_790,INVALID
v28,,v28_791,INVALID
v28,,v28_792,INVALID
v28,,v28_793,INVALID
v28,,v28_794,INVALID
v28,v28_E010,v28_795,NOT_READY
v28,v28_E010,v28_796,NOT_READY
v28,v28_E010,v28_797,READY
v28,v28_E010,v28_798,READY
v28,v28_E010,v28_799,READY
v28,v28_E010,v28_800,READY
v28,v28_E010,v28_801,READY
v28,v28_E010,v28_802,READY
v28,v28_E010,v28_803,NOT_READY
v28,v28_E010,v28_804,NOT_READY
v28,v28_E010,v28_805,NOT_READY
v28,v28_E010,v28_806,NOT_READY
v28,v28_E010,v28_807,NOT_READY
v28,v28_E010,v28_808,NOT_READY
v28,v28_E010,v28_809,NOT_READY
v28,v28_E010,v28_810,NOT_READY
v28,v28_E010,v28_811,NOT_READY
v28,v28_E010,v28_812,NOT_READY
v28,v28_E010,v28_813,NOT_READY
v28,v28_E010,v28_814,NOT_READY
v28,v28_E010,v28_815,NOT_READY
v28,v28_E010,v28_816,NOT_READY
v28,v28_E010,v28_817,NOT_READY
v28,v28_E010,v28_818,NOT_READY
v28,v28_E010,v28_819,NOT_READY
v28,v28_E010,v28_820,NOT_READY
v28,v28_E010,v28_821,NOT_READY
v28,v28_E010,v28_822,NOT_READY
v28,v28_E010,v28_823,NOT_READY
v28,v28_E010,v28_824,NOT_READY
v28,v28_E010,v28_825,NOT_READY
v28,v28_E010,v28_826,NOT_READY
v28,v28_E010,v28_827,NOT_READY
v28,v28_E010,v28_828,NOT_READY
v28,v28_E010,v28_829,NOT_READY
v28,v28_E010,v28_830,NOT_READY
v28,v28_E010,v28_831,NOT_READY
v28,v28_E010,v28_832,NOT_READY
v28,v28_E010,v28_833,NOT_READY
v28,v28_E010,v28_834,NOT_READY
v28,v28_E010,v28_835,NOT_READY
v28,v28_E010,v28_836,NOT_READY
v28,v28_E010,v28_837,NOT_READY
v28,v28_E010,v28_838,NOT_READY
v28,v28_E010,v28_839,NOT_READY
v28,v28_E010,v28_840,NOT_READY
v28,v28_E010,v28_841,NOT_READY
v28,v28_E010,v28_842,NOT_READY
v28,v28_E010,v28_843,NOT_READY
v28,v28_E010,v28_844,NOT_READY
v28,v28_E010,v28_845,NOT_READY
v28,v28_E010,v28_846,NOT_READY
v28,v28_E010,v28_847,NOT_READY
v28,v28_E010,v28_848,NOT_READY
v28,v28_E010,v28_849,NOT_READY
v28,v28_E010,v28_850,NOT_READY
v28,v28_E010,v28_851,NOT_READY
v28,,v28_852,INVALID
v28,,v28_853,INVALID
v28,,v28_854,INVALID
v28,,v28_855,INVALID
v28,,v28_856,INVALID
v28,,v28_857,INVALID
v28,,v28_858,INVALID
v28,,v28_859,INVALID
v28,,v28_860,INVALID
v28,,v28_861,INVALID
v28,,v28_862,INVALID
v28,,v28_863,INVALID
v28,,v28_864,INVALID
v28,,v28_865,INVALID
v28,,v28_866,INVALID
v28,,v28_867,INVALID
v28,,v28_868,INVALID
v28,,v28_869,INVALID
v28,,v28_870,INVALID
v28,,v28_871,INVALID
v28,,v28_872,INVALID
v28,,v28_873,INVALID
v28,v28_E011,v28_874,NOT_READY
v28,v28_E011,v28_875,NOT_READY
v28,v28_E011,v28_876,NOT_READY
v28,v28_E011,v28_877,NOT_READY
v28,v28_E011,v28_878,NOT_READY
v28,v28_E011,v28_879,NOT_READY
v28,v28_E011,v28_880,NOT_READY
v28,v28_E011,v28_881,READY
v28,v28_E011,v28_882,READY
v28,v28_E011,v28_883,READY
v28,v28_E011,v28_884,READY
v28,v28_E011,v28_885,READY
v28,v28_E011,v28_886,READY
v28,v28_E011,v28_887,READY
v28,v28_E011,v28_888,READY
v28,v28_E011,v28_889,READY
v28,v28_E011,v28_890,NOT_READY
v28,v28_E011,v28_891,NOT_READY
v28,v28_E011,v28_892,NOT_READY
v28,v28_E011,v28_893,NOT_READY
v28,v28_E011,v28_894,NOT_READY
v28,v28_E011,v28_895,NOT_READY
v28,v28_E011,v28_896,NOT_READY
v28,v28_E011,v28_897,NOT_READY
v28,v28_E011,v28_898,NOT_READY
v28,v28_E011,v28_899,NOT_READY
v28,v28_E011,v28_900,NOT_READY
v28,v28_E011,v28_901,NOT_READY
v28,v28_E011,v28_902,NOT_READY
v28,v28_E011,v28_903,NOT_READY
v28,v28_E011,v28_904,NOT_READY
v28,v28_E011,v28_905,NOT_READY
v28,v28_E011,v28_906,NOT_READY
v28,v28_E011,v28_907,NOT_READY
v28,v28_E011,v28_908,NOT_READY
v28,v28_E011,v28_909,NOT_READY
v28,v28_E011,v28_910,NOT_READY
v28,v28_E011,v28_911,NOT_READY
v28,v28_E011,v28_912,NOT_READY
v28,v28_E011,v28_913,NOT_READY
v28,v28_E011,v28_914,NOT_READY
v28,v28_E011,v28_915,NOT_READY
v28,v28_E011,v28_916,NOT_READY
v28,v28_E011,v28_917,NOT_READY
v28,v28_E011,v28_918,NOT_READY
v28,v28_E011,v28_919,NOT_READY
v28,v28_E011,v28_920,NOT_READY
v28,v28_E011,v28_921,NOT_READY
v28,v28_E011,v28_922,NOT_READY
v28,v28_E011,v28_923,NOT_READY
v28,v28_E011,v28_924,NOT_READY
v28,v28_E011,v28_925,NOT_READY
v28,v28_E011,v28_926,NOT_READY
v28,v28_E011,v28_927,NOT_READY
v28,v28_E011,v28_928,NOT_READY
v28,v28_E011,v28_929,NOT_READY
v28,v28_E011,v28_930,NOT_READY
v28,v28_E011,v28_931,NOT_READY
v28,v28_E011,v28_932,NOT_READY
v28,v28_E011,v28_933,NOT_READY
v28,v28_E011,v28_934,NOT_READY
v28,v28_E011,v28_935,NOT_READY
v28,v28_E011,v28_936,NOT_READY
v28,v28_E011,v28_937,NOT_READY
v28,v28_E011,v28_938,NOT_READY
v28,v28_E011,v28_939,NOT_READY
v28,v28_E011,v28_940,NOT_READY
v28,v28_E011,v28_941,NOT_READY
v28,v28_E011,v28_942,NOT_READY
v28,v28_E011,v28_943,NOT_READY
v28,v28_E011,v28_944,NOT_READY
v28,v28_E011,v28_945,NOT_READY
v28,v28_E011,v28_946,NOT_READY
v28,v28_E011,v28_947,NOT_READY
v28,v28_E011,v28_948,NOT_READY
v28,v28_E011,v28_949,NOT_READY
v28,,v28_950,INVALID
v28,,v28_951,INVALID
v28,,v28_952,INVALID
v28,,v28_953,INVALID
v28,,v28_954,INVALID
v28,,v28_955,INVALID
v28,,v28_956,INVALID
v28,,v28_957,INVALID
v28,,v28_958,INVALID
v28,,v28_959,INVALID
v28,,v28_960,INVALID
v28,,v28_961,INVALID
v28,,v28_962,INVALID
v28,,v28_963,INVALID
v28,,v28_964,INVALID
v28,,v28_965,INVALID
v28,,v28_966,INVALID
v28,,v28_967,INVALID
v28,,v28_968,INVALID
v28,,v28_969,INVALID
v28,v28_E012,v28_970,READY
v28,v28_E012,v28_971,READY
v28,v28_E012,v28_972,READY
v28,v28_E012,v28_973,READY
v28,v28_E012,v28_974,READY
v28,v28_E012,v28_975,READY
v28,v28_E012,v28_976,READY
v28,v28_E012,v28_977,READY
v28,v28_E012,v28_978,READY
v28,v28_E012,v28_979,READY
v28,v28_E012,v28_980,NOT_READY
v28,v28_E012,v28_981,NOT_READY
v28,v28_E012,v28_982,NOT_READY
v28,v28_E012,v28_983,NOT_READY
v28,v28_E012,v28_984,NOT_READY
v28,v28_E012,v28_985,NOT_READY
v28,v28_E012,v28_986,NOT_READY
v28,v28_E012,v28_987,NOT_READY
v28,v28_E012,v28_988,NOT_READY
v28,v28_E012,v28_989,NOT_READY
v28,v28_E012,v28_990,NOT_READY
v28,v28_E012,v28_991,NOT_READY
v28,v28_E012,v28_992,NOT_READY
v28,v28_E012,v28_993,NOT_READY
v28,v28_E012,v28_994,NOT_READY
v28,v28_E012,v28_995,NOT_READY
v28,v28_E012,v28_996,NOT_READY
v28,v28_E012,v28_997,NOT_READY
v28,v28_E012,v28_998,NOT_READY
v28,v28_E012,v28_999,NOT_READY
v28,v28_E012,v28_1000,NOT_READY
v28,v28_E012,v28_1001,NOT_READY
v28,v28_E012,v28_1002,NOT_READY
v28,v28_E012,v28_1003,NOT_READY
v28,v28_E012,v28_1004,NOT_READY
v28,v28_E012,v28_1005,NOT_READY
v28,v28_E012,v28_1006,NOT_READY
v28,v28_E012,v28_1007,NOT_READY
v28,v28_E012,v28_1008,NOT_READY
v28,v28_E012,v28_1009,NOT_READY
v28,v28_E012,v28_1010,NOT_READY
v28,v28_E012,v28_1011,NOT_READY
v28,v28_E012,v28_1012,NOT_READY
v28,v28_E012,v28_1013,NOT_READY
v28,v28_E012,v28_1014,NOT_READY
v28,v28_E012,v28_1015,NOT_READY
v28,v28_E012,v28_1016,NOT_READY
v28,v28_E012,v28_1017,NOT_READY
v28,v28_E012,v28_1018,NOT_READY
v28,v28_E012,v28_1019,NOT_READY
v28,v28_E012,v28_1020,NOT_READY
v28,v28_E012,v28_1021,NOT_READY
v28,v28_E012,v28_1022,NOT_READY
v28,v28_E012,v28_1023,NOT_READY
v28,v28_E012,v28_1024,NOT_READY
v28,v28_E012,v28_1025,NOT_READY
v28,v28_E012,v28_1026,NOT_READY
v28,v28_E012,v28_1027,NOT_READY
v28,v28_E012,v28_1028,NOT_READY
v28,v28_E012,v28_1029,NOT_READY
v28,v28_E012,v28_1030,NOT_READY
v28,v28_E012,v28_1031,NOT_READY
v28,v28_E012,v28_1032,NOT_READY
v28,v28_E012,v28_1033,NOT_READY
v28,,v28_1034,INVALID
v28,,v28_1035,INVALID
v28,,v28_1036,INVALID
v28,,v28_1037,INVALID
v28,,v28_1038,INVALID
v28,,v28_1039,INVALID
v28,,v28_1040,INVALID
v28,,v28_1041,INVALID
v28,,v28_1042,INVALID
v28,,v28_1043,INVALID
v28,,v28_1044,INVALID
v28,,v28_1045,INVALID
v28,,v28_1046,INVALID
v28,,v28_1047,INVALID
v28,,v28_1048,INVALID
v28,,v28_1049,INVALID
v28,v28_E013,v28_1050,NOT_READY
v28,v28_E013,v28_1051,NOT_READY
v28,v28_E013,v28_1052,NOT_READY
v28,v28_E013,v28_1053,READY
v28,v28_E013,v28_1054,READY
v28,v28_E013,v28_1055,READY
v28,v28_E013,v28_1056,READY
v28,v28_E013,v28_1057,READY
v28,v28_E013,v28_1058,READY
v28,v28_E013,v28_1059,READY
v28,v28_E013,v28_1060,NOT_READY
v28,v28_E013,v28_1061,NOT_READY
v28,v28_E013,v28_1062,NOT_READY
v28,v28_E013,v28_1063,NOT_READY
v28,v28_E013,v28_1064,NOT_READY
v28,v28_E013,v28_1065,NOT_READY
v28,v28_E013,v28_1066,NOT_READY
v28,v28_E013,v28_1067,NOT_READY
v28,v28_E013,v28_1068,NOT_READY
v28,v28_E013,v28_1069,NOT_READY
v28,v28_E013,v28_1070,NOT_READY
v28,v28_E013,v28_1071,NOT_READY
v28,v28_E013,v28_1072,NOT_READY
v28,v28_E013,v28_1073,NOT_READY
v28,v28_E013,v28_1074,NOT_READY
v28,v28_E013,v28_1075,NOT_READY
v28,v28_E013,v28_1076,NOT_READY
v28,v28_E013,v28_1077,NOT_READY
v28,v28_E013,v28_1078,NOT_READY
v28,v28_E013,v28_1079,NOT_READY
v28,v28_E013,v28_1080,NOT_READY
v28,v28_E013,v28_1081,NOT_READY
v28,v28_E013,v28_1082,NOT_READY
v28,v28_E013,v28_1083,NOT_READY
v28,v28_E013,v28_1084,NOT_READY
v28,v28_E013,v28_1085,NOT_READY
v28,v28_E013,v28_1086,NOT_READY
v28,v28_E013,v28_1087,NOT_READY
v28,v28_E013,v28_1088,NOT_READY
v28,v28_E013,v28_1089,NOT_READY
v28,v28_E013,v28_1090,NOT_READY
v28,v28_E013,v28_1091,NOT_READY
v28,v28_E013,v28_1092,NOT_READY
v28,v28_E013,v28_1093,NOT_READY
v28,v28_E013,v28_1094,NOT_READY
v28,v28_E013,v28_1095,NOT_READY
v28,v28_E013,v28_1096,NOT_READY
v28,v28_E013,v28_1097,NOT_READY
v28,v28_E013,v28_1098,NOT_READY
v28,v28_E013,v28_1099,NOT_READY
v28,v28_E013,v28_1100,NOT_READY
v28,v28_E013,v28_1101,NOT_READY
v28,v28_E013,v28_1102,NOT_READY
v28,v28_E013,v28_1103,NOT_READY
v28,v28_E013,v28_1104,NOT_READY
v28,v28_E013,v28_1105,NOT_READY
v28,v28_E013,v28_1106,NOT_READY
v28,v28_E013,v28_1107,NOT_READY
v28,v28_E013,v28_1108,NOT_READY
v28,v28_E013,v28_1109,NOT_READY
v28,v28_E013,v28_1110,NOT_READY
v28,,v28_1111,INVALID
v28,,v28_1112,INVALID
v28,,v28_1113,INVALID
v28,,v28_1114,INVALID
v28,,v28_1115,INVALID
v28,,v28_1116,INVALID
v28,,v28_1117,INVALID
v28,,v28_1118,INVALID
v28,,v28_1119,INVALID
v28,,v28_1120,INVALID
v28,,v28_1121,INVALID
v28,,v28_1122,INVALID
v28,,v28_1123,INVALID
v28,,v28_1124,INVALID
v28,,v28_1125,INVALID
v28,,v28_1126,INVALID
v28,,v28_1127,INVALID
v28,,v28_1128,INVALID
v28,,v28_1129,INVALID
v28,,v28_1130,INVALID
v28,v28_E014,v28_1131,NOT_READY
v28,v28_E014,v28_1132,NOT_READY
v28,v28_E014,v28_1133,NOT_READY
v28,v28_E014,v28_1134,READY
v28,v28_E014,v28_1135,READY
v28,v28_E014,v28_1136,READY
v28,v28_E014,v28_1137,READY
v28,v28_E014,v28_1138,READY
v28,v28_E014,v28_1139,NOT_READY
v28,v28_E014,v28_1140,NOT_READY
v28,v28_E014,v28_1141,NOT_READY
v28,v28_E014,v28_1142,READY
v28,v28_E014,v28_1143,READY
v28,v28_E014,v28_1144,NOT_READY
v28,v28_E014,v28_1145,NOT_READY
v28,v28_E014,v28_1146,NOT_READY
v28,v28_E014,v28_1147,NOT_READY
v28,v28_E014,v28_1148,NOT_READY
v28,v28_E014,v28_1149,NOT_READY
v28,v28_E014,v28_1150,NOT_READY
v28,v28_E014,v28_1151,NOT_READY
v28,v28_E014,v28_1152,NOT_READY
v28,v28_E014,v28_1153,NOT_READY
v28,v28_E014,v28_1154,NOT_READY
v28,v28_E014,v28_1155,NOT_READY
v28,v28_E014,v28_1156,NOT_READY
v28,v28_E014,v28_1157,NOT_READY
v28,v28_E014,v28_1158,NOT_READY
v28,v28_E014,v28_1159,NOT_READY
v28,v28_E014,v28_1160,NOT_READY
v28,v28_E014,v28_1161,NOT_READY
v28,v28_E014,v28_1162,NOT_READY
v28,v28_E014,v28_1163,NOT_READY
v28,v28_E014,v28_1164,NOT_READY
v28,v28_E014,v28_1165,NOT_READY
v28,v28_E014,v28_1166,NOT_READY
v28,v28_E014,v28_1167,NOT_READY
v28,v28_E014,v28_1168,NOT_READY
v28,v28_E014,v28_1169,NOT_READY
v28,v28_E014,v28_1170,NOT_READY
v28,v28_E014,v28_1171,NOT_READY
v28,v28_E014,v28_1172,NOT_READY
v28,v28_E014,v28_1173,NOT_READY
v28,v28_E014,v28_1174,NOT_READY
v28,v28_E014,v28_1175,NOT_READY
v28,v28_E014,v28_1176,NOT_READY
v28,v28_E014,v28_1177,NOT_READY
v28,v28_E014,v28_1178,NOT_READY
v28,v28_E014,v28_1179,NOT_READY
v28,v28_E014,v28_1180,NOT_READY
v28,v28_E014,v28_1181,NOT_READY
v28,v28_E014,v28_1182,NOT_READY
v28,v28_E014,v28_1183,NOT_READY
v28,v28_E014,v28_1184,NOT_READY
v28,v28_E014,v28_1185,NOT_READY
v28,v28_E014,v28_1186,NOT_READY
v28,v28_E014,v28_1187,NOT_READY
v28,v28_E014,v28_1188,NOT_READY
v28,v28_E014,v28_1189,NOT_READY
v28,v28_E014,v28_1190,NOT_READY
v28,v28_E014,v28_1191,NOT_READY
v28,v28_E014,v28_1192,NOT_READY
v28,v28_E014,v28_1193,NOT_READY
v28,v28_E014,v28_1194,NOT_READY
v28,v28_E014,v28_1195,NOT_READY
v28,v28_E014,v28_1196,NOT_READY
v28,v28_E014,v28_1197,NOT_READY
v28,v28_E014,v28_1198,NOT_READY
v28,v28_E014,v28_1199,NOT_READY
v28,,v28_1200,INVALID
v28,v28_E015,v28_1201,NOT_READY
v28,v28_E015,v28_1202,NOT_READY
v28,v28_E015,v28_1203,NOT_READY
v28,v28_E015,v28_1204,NOT_READY
v28,v28_E015,v28_1205,NOT_READY
v28,v28_E015,v28_1206,NOT_READY
v28,,v28_1207,INVALID
v28,,v28_1208,INVALID
v28,,v28_1209,INVALID
v28,,v28_1210,INVALID
v28,,v28_1211,INVALID
v28,,v28_1212,INVALID
v28,,v28_1213,INVALID
v28,,v28_1214,INVALID
v28,,v28_1215,INVALID
v28,,v28_1216,INVALID
v28,,v28_1217,INVALID
v28,,v28_1218,INVALID
v28,,v28_1219,INVALID
v28,,v28_1220,INVALID
v28,,v28_1221,INVALID
v28,,v28_1222,INVALID
v28,v28_E016,v28_1223,NOT_READY
v28,v28_E016,v28_1224,NOT_READY
v28,v28_E016,v28_1225,NOT_READY
v28,v28_E016,v28_1226,NOT_READY
v28,v28_E016,v28_1227,NOT_READY
v28,v28_E016,v28_1228,NOT_READY
v28,v28_E016,v28_1229,NOT_READY
v28,v28_E016,v28_1230,NOT_READY
v28,v28_E016,v28_1231,NOT_READY
v28,v28_E016,v28_1232,NOT_READY
v28,v28_E016,v28_1233,NOT_READY
v28,v28_E016,v28_1234,NOT_READY
v28,v28_E016,v28_1235,NOT_READY
v28,v28_E016,v28_1236,NOT_READY
v28,v28_E016,v28_1237,NOT_READY
v28,v28_E016,v28_1238,NOT_READY
v28,v28_E016,v28_1239,NOT_READY
v28,v28_E016,v28_1240,NOT_READY
v28,v28_E016,v28_1241,NOT_READY
v28,v28_E016,v28_1242,NOT_READY
v28,v28_E016,v28_1243,NOT_READY
v28,v28_E016,v28_1244,READY
v28,v28_E016,v28_1245,READY
v28,v28_E016,v28_1246,READY
v28,v28_E016,v28_1247,READY
v28,v28_E016,v28_1248,READY
v28,v28_E016,v28_1249,NOT_READY
v28,v28_E016,v28_1250,NOT_READY
v28,v28_E016,v28_1251,NOT_READY
v28,v28_E016,v28_1252,NOT_READY
v28,v28_E016,v28_1253,NOT_READY
v28,v28_E016,v28_1254,NOT_READY
v28,v28_E016,v28_1255,NOT_READY
v28,v28_E016,v28_1256,NOT_READY
v28,v28_E016,v28_1257,NOT_READY
v28,v28_E016,v28_1258,NOT_READY
v28,v28_E016,v28_1259,NOT_READY
v28,v28_E016,v28_1260,NOT_READY
v28,v28_E016,v28_1261,NOT_READY
v28,v28_E016,v28_1262,NOT_READY
v28,v28_E016,v28_1263,NOT_READY
v28,v28_E016,v28_1264,NOT_READY
v28,v28_E016,v28_1265,NOT_READY
v28,v28_E016,v28_1266,NOT_READY
v28,v28_E016,v28_1267,NOT_READY
v28,v28_E016,v28_1268,NOT_READY
v28,v28_E016,v28_1269,NOT_READY
v28,v28_E016,v28_1270,NOT_READY
v28,v28_E016,v28_1271,NOT_READY
v28,v28_E016,v28_1272,NOT_READY
v28,v28_E016,v28_1273,NOT_READY
v28,v28_E016,v28_1274,NOT_READY
v28,v28_E016,v28_1275,NOT_READY
v28,v28_E016,v28_1276,NOT_READY
v28,v28_E016,v28_1277,NOT_READY
v28,v28_E016,v28_1278,NOT_READY
v28,v28_E016,v28_1279,NOT_READY
v28,v28_E016,v28_1280,NOT_READY
v28,v28_E016,v28_1281,NOT_READY
v28,v28_E016,v28_1282,NOT_READY
v28,v28_E016,v28_1283,NOT_READY
v28,v28_E016,v28_1284,NOT_READY
v28,v28_E016,v28_1285,NOT_READY
v28,v28_E016,v28_1286,NOT_READY
v28,v28_E016,v28_1287,NOT_READY
v28,v28_E016,v28_1288,NOT_READY
v28,v28_E016,v28_1289,NOT_READY
v28,v28_E016,v28_1290,NOT_READY
v28,v28_E016,v28_1291,NOT_READY
v28,v28_E016,v28_1292,NOT_READY
v28,v28_E016,v28_1293,NOT_READY
v28,v28_E016,v28_1294,NOT_READY
v28,v28_E016,v28_1295,NOT_READY
v28,v28_E016,v28_1296,NOT_READY
v28,v28_E016,v28_1297,NOT_READY
v28,v28_E016,v28_1298,NOT_READY
v28,v28_E016,v28_1299,NOT_READY
v28,v28_E016,v28_1300,NOT_READY
v28,v28_E016,v28_1301,NOT_READY
v28,v28_E016,v28_1302,NOT_READY
v28,v28_E016,v28_1303,NOT_READY
v28,v28_E016,v28_1304,NOT_READY
v28,v28_E016,v28_1305,NOT_READY
v28,v28_E016,v28_1306,NOT_READY
v28,v28_E016,v28_1307,NOT_READY
v28,v28_E016,v28_1308,NOT_READY
v28,,v28_1309,INVALID
v28,,v28_1310,INVALID
v28,,v28_1311,INVALID
v28,,v28_1312,INVALID
v28,,v28_1313,INVALID
v28,,v28_1314,INVALID
